HORODATE;P_t_W_fixe;P_t_W_suiveur
01/01/2024 00:00:00;0.0;0.0
01/01/2024 00:30:00;0.0;0.0
01/01/2024 01:00:00;0.0;0.0
01/01/2024 01:30:00;0.0;0.0
01/01/2024 02:00:00;0.0;0.0
01/01/2024 02:30:00;0.0;0.0
01/01/2024 03:00:00;0.0;0.0
01/01/2024 03:30:00;0.0;0.0
01/01/2024 04:00:00;0.0;0.0
01/01/2024 04:30:00;0.0;0.0
01/01/2024 05:00:00;0.0;0.0
01/01/2024 05:30:00;0.0;0.0
01/01/2024 06:00:00;0.0;0.0
01/01/2024 06:30:00;0.0;0.0
01/01/2024 07:00:00;0.0;0.0
01/01/2024 07:30:00;0.0;0.0
01/01/2024 08:00:00;3740.1873109036806;7104.070634485748
01/01/2024 08:30:00;5361.670351159334;8546.205932866134
01/01/2024 09:00:00;6983.153391414987;9988.341231246519
01/01/2024 09:30:00;10057.399103273372;12966.669025719682
01/01/2024 10:00:00;13131.644815131756;15944.996820192846
01/01/2024 10:30:00;17443.937244536774;20197.938698384856
01/01/2024 11:00:00;21756.229673941787;24450.880576576863
01/01/2024 11:30:00;15345.825221850862;17195.786751680003
01/01/2024 12:00:00;8935.420769759938;9940.692926783142
01/01/2024 12:30:00;5492.130988306589;6122.963249301848
01/01/2024 13:00:00;2048.84120685324;2305.2335718205527
01/01/2024 13:30:00;1790.1919166847113;2042.3608790969781
01/01/2024 14:00:00;1531.5426265161825;1779.4881863734033
01/01/2024 14:30:00;1191.6765340860325;1422.6083488975062
01/01/2024 15:00:00;851.8104416558822;1065.7285114216088
01/01/2024 15:30:00;936.7627025161115;1243.3268091587893
01/01/2024 16:00:00;0.0;0.0
01/01/2024 16:30:00;0.0;0.0
01/01/2024 17:00:00;0.0;0.0
01/01/2024 17:30:00;0.0;0.0
01/01/2024 18:00:00;0.0;0.0
01/01/2024 18:30:00;0.0;0.0
01/01/2024 19:00:00;0.0;0.0
01/01/2024 19:30:00;0.0;0.0
01/01/2024 20:00:00;0.0;0.0
01/01/2024 20:30:00;0.0;0.0
01/01/2024 21:00:00;0.0;0.0
01/01/2024 21:30:00;0.0;0.0
01/01/2024 22:00:00;0.0;0.0
01/01/2024 22:30:00;0.0;0.0
01/01/2024 23:00:00;0.0;0.0
01/01/2024 23:30:00;0.0;0.0
02/01/2024 00:00:00;0.0;0.0
02/01/2024 00:30:00;0.0;0.0
02/01/2024 01:00:00;0.0;0.0
02/01/2024 01:30:00;0.0;0.0
02/01/2024 02:00:00;0.0;0.0
02/01/2024 02:30:00;0.0;0.0
02/01/2024 03:00:00;0.0;0.0
02/01/2024 03:30:00;0.0;0.0
02/01/2024 04:00:00;0.0;0.0
02/01/2024 04:30:00;0.0;0.0
02/01/2024 05:00:00;0.0;0.0
02/01/2024 05:30:00;0.0;0.0
02/01/2024 06:00:00;0.0;0.0
02/01/2024 06:30:00;0.0;0.0
02/01/2024 07:00:00;0.0;0.0
02/01/2024 07:30:00;0.0;0.0
02/01/2024 08:00:00;3740.1873109036806;7104.070634485748
02/01/2024 08:30:00;5361.670351159334;8546.205932866134
02/01/2024 09:00:00;6983.153391414987;9988.341231246519
02/01/2024 09:30:00;10057.399103273372;12966.669025719682
02/01/2024 10:00:00;13131.644815131756;15944.996820192846
02/01/2024 10:30:00;17443.937244536774;20197.938698384856
02/01/2024 11:00:00;21756.229673941787;24450.880576576863
02/01/2024 11:30:00;15345.825221850862;17195.786751680003
02/01/2024 12:00:00;8935.420769759938;9940.692926783142
02/01/2024 12:30:00;5492.130988306589;6122.963249301848
02/01/2024 13:00:00;2048.84120685324;2305.2335718205527
02/01/2024 13:30:00;1790.1919166847113;2042.3608790969781
02/01/2024 14:00:00;1531.5426265161825;1779.4881863734033
02/01/2024 14:30:00;1191.6765340860325;1422.6083488975062
02/01/2024 15:00:00;851.8104416558822;1065.7285114216088
02/01/2024 15:30:00;876.6010091031507;1129.2530591852305
02/01/2024 16:00:00;0.0;0.0
02/01/2024 16:30:00;0.0;0.0
02/01/2024 17:00:00;0.0;0.0
02/01/2024 17:30:00;0.0;0.0
02/01/2024 18:00:00;0.0;0.0
02/01/2024 18:30:00;0.0;0.0
02/01/2024 19:00:00;0.0;0.0
02/01/2024 19:30:00;0.0;0.0
02/01/2024 20:00:00;0.0;0.0
02/01/2024 20:30:00;0.0;0.0
02/01/2024 21:00:00;0.0;0.0
02/01/2024 21:30:00;0.0;0.0
02/01/2024 22:00:00;0.0;0.0
02/01/2024 22:30:00;0.0;0.0
02/01/2024 23:00:00;0.0;0.0
02/01/2024 23:30:00;0.0;0.0
03/01/2024 00:00:00;0.0;0.0
03/01/2024 00:30:00;0.0;0.0
03/01/2024 01:00:00;0.0;0.0
03/01/2024 01:30:00;0.0;0.0
03/01/2024 02:00:00;0.0;0.0
03/01/2024 02:30:00;0.0;0.0
03/01/2024 03:00:00;0.0;0.0
03/01/2024 03:30:00;0.0;0.0
03/01/2024 04:00:00;0.0;0.0
03/01/2024 04:30:00;0.0;0.0
03/01/2024 05:00:00;0.0;0.0
03/01/2024 05:30:00;0.0;0.0
03/01/2024 06:00:00;0.0;0.0
03/01/2024 06:30:00;0.0;0.0
03/01/2024 07:00:00;0.0;0.0
03/01/2024 07:30:00;0.0;0.0
03/01/2024 08:00:00;1694.6897348630112;3225.5631353847457
03/01/2024 08:30:00;3152.110888478499;4911.99444482689
03/01/2024 09:00:00;4609.532042093986;6598.425754269034
03/01/2024 09:30:00;13019.243383572893;16311.172575260085
03/01/2024 10:00:00;21428.954725051804;26023.91939625114
03/01/2024 10:30:00;23558.93424357636;27442.068686107414
03/01/2024 11:00:00;25688.913762100918;28860.217975963686
03/01/2024 11:30:00;24753.74297583296;27668.74322024807
03/01/2024 12:00:00;23818.572189565002;26477.268464532455
03/01/2024 12:30:00;21754.306274201554;24304.838828281827
03/01/2024 13:00:00;19690.040358838105;22132.4091920312
03/01/2024 13:30:00;16136.333518680152;18365.41776317661
03/01/2024 14:00:00;12582.626678522201;14598.426334322021
03/01/2024 14:30:00;8560.771357288479;10131.71555694572
03/01/2024 15:00:00;4538.916036054754;5665.004779569423
03/01/2024 15:30:00;4411.029496875172;5509.088815424674
03/01/2024 16:00:00;0.0;0.0
03/01/2024 16:30:00;0.0;0.0
03/01/2024 17:00:00;0.0;0.0
03/01/2024 17:30:00;0.0;0.0
03/01/2024 18:00:00;0.0;0.0
03/01/2024 18:30:00;0.0;0.0
03/01/2024 19:00:00;0.0;0.0
03/01/2024 19:30:00;0.0;0.0
03/01/2024 20:00:00;0.0;0.0
03/01/2024 20:30:00;0.0;0.0
03/01/2024 21:00:00;0.0;0.0
03/01/2024 21:30:00;0.0;0.0
03/01/2024 22:00:00;0.0;0.0
03/01/2024 22:30:00;0.0;0.0
03/01/2024 23:00:00;0.0;0.0
03/01/2024 23:30:00;0.0;0.0
04/01/2024 00:00:00;0.0;0.0
04/01/2024 00:30:00;0.0;0.0
04/01/2024 01:00:00;0.0;0.0
04/01/2024 01:30:00;0.0;0.0
04/01/2024 02:00:00;0.0;0.0
04/01/2024 02:30:00;0.0;0.0
04/01/2024 03:00:00;0.0;0.0
04/01/2024 03:30:00;0.0;0.0
04/01/2024 04:00:00;0.0;0.0
04/01/2024 04:30:00;0.0;0.0
04/01/2024 05:00:00;0.0;0.0
04/01/2024 05:30:00;0.0;0.0
04/01/2024 06:00:00;0.0;0.0
04/01/2024 06:30:00;0.0;0.0
04/01/2024 07:00:00;0.0;0.0
04/01/2024 07:30:00;0.0;0.0
04/01/2024 08:00:00;190.77370394897594;363.86199864796595
04/01/2024 08:30:00;545.574508156667;826.8697933184068
04/01/2024 09:00:00;900.375312364358;1289.8775879888476
04/01/2024 09:30:00;1253.3118251797252;1620.377072061854
04/01/2024 10:00:00;1606.2483379950925;1950.8765561348605
04/01/2024 10:30:00;1863.592203501003;2166.262825613043
04/01/2024 11:00:00;2120.936069006914;2381.6490950912253
04/01/2024 11:30:00;1994.3845556365707;2228.0774033892203
04/01/2024 12:00:00;1867.833042266228;2074.505711687215
04/01/2024 12:30:00;1544.8585040205567;1723.30683906858
04/01/2024 13:00:00;1221.8839657748854;1372.107966449945
04/01/2024 13:30:00;934.4852718861233;1060.8806478145016
04/01/2024 14:00:00;647.0865779973612;749.6533291790587
04/01/2024 14:30:00;443.77166222863514;524.5206643077319
04/01/2024 15:00:00;240.45674645990908;299.3879994364049
04/01/2024 15:30:00;263.9711141365821;349.03944819638633
04/01/2024 16:00:00;0.0;0.0
04/01/2024 16:30:00;0.0;0.0
04/01/2024 17:00:00;0.0;0.0
04/01/2024 17:30:00;0.0;0.0
04/01/2024 18:00:00;0.0;0.0
04/01/2024 18:30:00;0.0;0.0
04/01/2024 19:00:00;0.0;0.0
04/01/2024 19:30:00;0.0;0.0
04/01/2024 20:00:00;0.0;0.0
04/01/2024 20:30:00;0.0;0.0
04/01/2024 21:00:00;0.0;0.0
04/01/2024 21:30:00;0.0;0.0
04/01/2024 22:00:00;0.0;0.0
04/01/2024 22:30:00;0.0;0.0
04/01/2024 23:00:00;0.0;0.0
04/01/2024 23:30:00;0.0;0.0
05/01/2024 00:00:00;0.0;0.0
05/01/2024 00:30:00;0.0;0.0
05/01/2024 01:00:00;0.0;0.0
05/01/2024 01:30:00;0.0;0.0
05/01/2024 02:00:00;0.0;0.0
05/01/2024 02:30:00;0.0;0.0
05/01/2024 03:00:00;0.0;0.0
05/01/2024 03:30:00;0.0;0.0
05/01/2024 04:00:00;0.0;0.0
05/01/2024 04:30:00;0.0;0.0
05/01/2024 05:00:00;0.0;0.0
05/01/2024 05:30:00;0.0;0.0
05/01/2024 06:00:00;0.0;0.0
05/01/2024 06:30:00;0.0;0.0
05/01/2024 07:00:00;0.0;0.0
05/01/2024 07:30:00;0.0;0.0
05/01/2024 08:00:00;1039.9452474667921;1987.537257275772
05/01/2024 08:30:00;4306.821928045272;6422.796897610621
05/01/2024 09:00:00;7573.698608623752;10858.056537945471
05/01/2024 09:30:00;4957.4065528988185;6850.7925365761175
05/01/2024 10:00:00;2341.1144971738845;2843.5285352067644
05/01/2024 10:30:00;2629.4231772689914;3059.1900335671635
05/01/2024 11:00:00;2917.7318573640987;3274.8515319275616
05/01/2024 11:30:00;4555.692592344829;5073.8982656471535
05/01/2024 12:00:00;6193.653327325559;6872.944999366746
05/01/2024 12:30:00;5884.38734086267;6563.42890183115
05/01/2024 13:00:00;5575.12135439978;6253.912804295554
05/01/2024 13:30:00;3593.630596755311;4059.3337427778774
05/01/2024 14:00:00;1612.1398391108419;1864.754681260201
05/01/2024 14:30:00;2801.322171879857;3410.1637507179316
05/01/2024 15:00:00;3990.5045046488726;4955.572820175662
05/01/2024 15:30:00;3907.855523801166;4876.2961139417
05/01/2024 16:00:00;0.0;0.0
05/01/2024 16:30:00;0.0;0.0
05/01/2024 17:00:00;0.0;0.0
05/01/2024 17:30:00;0.0;0.0
05/01/2024 18:00:00;0.0;0.0
05/01/2024 18:30:00;0.0;0.0
05/01/2024 19:00:00;0.0;0.0
05/01/2024 19:30:00;0.0;0.0
05/01/2024 20:00:00;0.0;0.0
05/01/2024 20:30:00;0.0;0.0
05/01/2024 21:00:00;0.0;0.0
05/01/2024 21:30:00;0.0;0.0
05/01/2024 22:00:00;0.0;0.0
05/01/2024 22:30:00;0.0;0.0
05/01/2024 23:00:00;0.0;0.0
05/01/2024 23:30:00;0.0;0.0
06/01/2024 00:00:00;0.0;0.0
06/01/2024 00:30:00;0.0;0.0
06/01/2024 01:00:00;0.0;0.0
06/01/2024 01:30:00;0.0;0.0
06/01/2024 02:00:00;0.0;0.0
06/01/2024 02:30:00;0.0;0.0
06/01/2024 03:00:00;0.0;0.0
06/01/2024 03:30:00;0.0;0.0
06/01/2024 04:00:00;0.0;0.0
06/01/2024 04:30:00;0.0;0.0
06/01/2024 05:00:00;0.0;0.0
06/01/2024 05:30:00;0.0;0.0
06/01/2024 06:00:00;0.0;0.0
06/01/2024 06:30:00;0.0;0.0
06/01/2024 07:00:00;0.0;0.0
06/01/2024 07:30:00;0.0;0.0
06/01/2024 08:00:00;1180.439155826832;2260.1648082209417
06/01/2024 08:30:00;2571.3787833516967;3971.757234179119
06/01/2024 09:00:00;3962.318410876562;5683.349660137296
06/01/2024 09:30:00;3278.69947552004;4417.661108443844
06/01/2024 10:00:00;2595.0805401635175;3151.9725567503897
06/01/2024 10:30:00;8133.092640428502;9243.301978125859
06/01/2024 11:00:00;13671.104740693485;15334.631399501328
06/01/2024 11:30:00;9978.26153712185;11151.364462817932
06/01/2024 12:00:00;6285.41833355022;6968.097526134537
06/01/2024 12:30:00;5957.835281124368;6638.281426924785
06/01/2024 13:00:00;5630.252228698514;6308.465327715035
06/01/2024 13:30:00;4540.301574028327;5146.3574019806265
06/01/2024 14:00:00;3450.3509193581413;3984.2494762462193
06/01/2024 14:30:00;1920.7190269449693;2234.329783206572
06/01/2024 15:00:00;391.08713453179695;484.4100901669245
06/01/2024 15:30:00;531.5625425948895;761.6189869846291
06/01/2024 16:00:00;0.0;0.0
06/01/2024 16:30:00;0.0;0.0
06/01/2024 17:00:00;0.0;0.0
06/01/2024 17:30:00;0.0;0.0
06/01/2024 18:00:00;0.0;0.0
06/01/2024 18:30:00;0.0;0.0
06/01/2024 19:00:00;0.0;0.0
06/01/2024 19:30:00;0.0;0.0
06/01/2024 20:00:00;0.0;0.0
06/01/2024 20:30:00;0.0;0.0
06/01/2024 21:00:00;0.0;0.0
06/01/2024 21:30:00;0.0;0.0
06/01/2024 22:00:00;0.0;0.0
06/01/2024 22:30:00;0.0;0.0
06/01/2024 23:00:00;0.0;0.0
06/01/2024 23:30:00;0.0;0.0
07/01/2024 00:00:00;0.0;0.0
07/01/2024 00:30:00;0.0;0.0
07/01/2024 01:00:00;0.0;0.0
07/01/2024 01:30:00;0.0;0.0
07/01/2024 02:00:00;0.0;0.0
07/01/2024 02:30:00;0.0;0.0
07/01/2024 03:00:00;0.0;0.0
07/01/2024 03:30:00;0.0;0.0
07/01/2024 04:00:00;0.0;0.0
07/01/2024 04:30:00;0.0;0.0
07/01/2024 05:00:00;0.0;0.0
07/01/2024 05:30:00;0.0;0.0
07/01/2024 06:00:00;0.0;0.0
07/01/2024 06:30:00;0.0;0.0
07/01/2024 07:00:00;0.0;0.0
07/01/2024 07:30:00;0.0;0.0
07/01/2024 08:00:00;5167.251008676942;9909.512581968886
07/01/2024 08:30:00;9311.145557728914;14608.55535438754
07/01/2024 09:00:00;13455.040106780887;19307.598126806195
07/01/2024 09:30:00;16316.607014878009;21299.278566480338
07/01/2024 10:00:00;19178.173922975133;23290.95900615448
07/01/2024 10:30:00;21307.71702141886;24781.985198381954
07/01/2024 11:00:00;23437.260119862585;26273.011390609423
07/01/2024 11:30:00;24119.25766918299;26869.730619093276
07/01/2024 12:00:00;24801.255218503393;27466.449847577132
07/01/2024 12:30:00;22468.72056038057;25001.111672717765
07/01/2024 13:00:00;20136.185902257756;22535.773497858398
07/01/2024 13:30:00;16047.512094398176;18160.77755327338
07/01/2024 14:00:00;11958.8382865386;13785.781608688361
07/01/2024 14:30:00;8276.775572671679;9730.557607785297
07/01/2024 15:00:00;4594.712858804757;5675.33360688223
07/01/2024 15:30:00;4523.825771553129;5631.828458224089
07/01/2024 16:00:00;0.0;0.0
07/01/2024 16:30:00;0.0;0.0
07/01/2024 17:00:00;0.0;0.0
07/01/2024 17:30:00;0.0;0.0
07/01/2024 18:00:00;0.0;0.0
07/01/2024 18:30:00;0.0;0.0
07/01/2024 19:00:00;0.0;0.0
07/01/2024 19:30:00;0.0;0.0
07/01/2024 20:00:00;0.0;0.0
07/01/2024 20:30:00;0.0;0.0
07/01/2024 21:00:00;0.0;0.0
07/01/2024 21:30:00;0.0;0.0
07/01/2024 22:00:00;0.0;0.0
07/01/2024 22:30:00;0.0;0.0
07/01/2024 23:00:00;0.0;0.0
07/01/2024 23:30:00;0.0;0.0
08/01/2024 00:00:00;0.0;0.0
08/01/2024 00:30:00;0.0;0.0
08/01/2024 01:00:00;0.0;0.0
08/01/2024 01:30:00;0.0;0.0
08/01/2024 02:00:00;0.0;0.0
08/01/2024 02:30:00;0.0;0.0
08/01/2024 03:00:00;0.0;0.0
08/01/2024 03:30:00;0.0;0.0
08/01/2024 04:00:00;0.0;0.0
08/01/2024 04:30:00;0.0;0.0
08/01/2024 05:00:00;0.0;0.0
08/01/2024 05:30:00;0.0;0.0
08/01/2024 06:00:00;0.0;0.0
08/01/2024 06:30:00;0.0;0.0
08/01/2024 07:00:00;0.0;0.0
08/01/2024 07:30:00;0.0;0.0
08/01/2024 08:00:00;2184.5518922494075;4196.158552505428
08/01/2024 08:30:00;2345.1833987260516;3896.742260978908
08/01/2024 09:00:00;2505.8149052026956;3597.325969452387
08/01/2024 09:30:00;3036.106589682632;3963.877915886829
08/01/2024 10:00:00;3566.398274162569;4330.429862321272
08/01/2024 10:30:00;3112.1947995991663;3654.0601760971354
08/01/2024 11:00:00;2657.991325035764;2977.690489873
08/01/2024 11:30:00;2058.7455343417105;2296.111180977522
08/01/2024 12:00:00;1459.4997436476574;1614.5318720820442
08/01/2024 12:30:00;1582.7758208304772;1760.764987983619
08/01/2024 13:00:00;1706.051898013297;1906.9981038851938
08/01/2024 13:30:00;1821.7493402608682;2068.1845356179347
08/01/2024 14:00:00;1937.4467825084396;2229.3709673506746
08/01/2024 14:30:00;1342.5109354948493;1575.0982460261614
08/01/2024 15:00:00;747.5750884812592;920.8255247016484
08/01/2024 15:30:00;879.5616354363401;1189.963838808642
08/01/2024 16:00:00;0.0;0.0
08/01/2024 16:30:00;0.0;0.0
08/01/2024 17:00:00;0.0;0.0
08/01/2024 17:30:00;0.0;0.0
08/01/2024 18:00:00;0.0;0.0
08/01/2024 18:30:00;0.0;0.0
08/01/2024 19:00:00;0.0;0.0
08/01/2024 19:30:00;0.0;0.0
08/01/2024 20:00:00;0.0;0.0
08/01/2024 20:30:00;0.0;0.0
08/01/2024 21:00:00;0.0;0.0
08/01/2024 21:30:00;0.0;0.0
08/01/2024 22:00:00;0.0;0.0
08/01/2024 22:30:00;0.0;0.0
08/01/2024 23:00:00;0.0;0.0
08/01/2024 23:30:00;0.0;0.0
09/01/2024 00:00:00;0.0;0.0
09/01/2024 00:30:00;0.0;0.0
09/01/2024 01:00:00;0.0;0.0
09/01/2024 01:30:00;0.0;0.0
09/01/2024 02:00:00;0.0;0.0
09/01/2024 02:30:00;0.0;0.0
09/01/2024 03:00:00;0.0;0.0
09/01/2024 03:30:00;0.0;0.0
09/01/2024 04:00:00;0.0;0.0
09/01/2024 04:30:00;0.0;0.0
09/01/2024 05:00:00;0.0;0.0
09/01/2024 05:30:00;0.0;0.0
09/01/2024 06:00:00;0.0;0.0
09/01/2024 06:30:00;0.0;0.0
09/01/2024 07:00:00;0.0;0.0
09/01/2024 07:30:00;0.0;0.0
09/01/2024 08:00:00;5235.117684954011;10071.528204339435
09/01/2024 08:30:00;8934.326219755802;14106.602924073148
09/01/2024 09:00:00;12633.534754557593;18141.677643806863
09/01/2024 09:30:00;10317.182033251354;13927.14208256631
09/01/2024 10:00:00;8000.829311945116;9712.606521325757
09/01/2024 10:30:00;14574.347705756105;16692.526430102655
09/01/2024 11:00:00;21147.866099567094;23672.446338879552
09/01/2024 11:30:00;18033.19881821473;20078.587422857003
09/01/2024 12:00:00;14918.531536862363;16484.728506834446
09/01/2024 12:30:00;13462.344166545341;14943.59270956525
09/01/2024 13:00:00;12006.156796228319;13402.45691229605
09/01/2024 13:30:00;6948.243232066936;7786.816780171743
09/01/2024 14:00:00;1890.3296679055513;2171.1766480474353
09/01/2024 14:30:00;1058.0861039723611;1224.269241479505
09/01/2024 15:00:00;225.84254003917115;277.3618349115747
09/01/2024 15:30:00;254.05562641774293;336.3506355746824
09/01/2024 16:00:00;0.0;0.0
09/01/2024 16:30:00;0.0;0.0
09/01/2024 17:00:00;0.0;0.0
09/01/2024 17:30:00;0.0;0.0
09/01/2024 18:00:00;0.0;0.0
09/01/2024 18:30:00;0.0;0.0
09/01/2024 19:00:00;0.0;0.0
09/01/2024 19:30:00;0.0;0.0
09/01/2024 20:00:00;0.0;0.0
09/01/2024 20:30:00;0.0;0.0
09/01/2024 21:00:00;0.0;0.0
09/01/2024 21:30:00;0.0;0.0
09/01/2024 22:00:00;0.0;0.0
09/01/2024 22:30:00;0.0;0.0
09/01/2024 23:00:00;0.0;0.0
09/01/2024 23:30:00;0.0;0.0
10/01/2024 00:00:00;0.0;0.0
10/01/2024 00:30:00;0.0;0.0
10/01/2024 01:00:00;0.0;0.0
10/01/2024 01:30:00;0.0;0.0
10/01/2024 02:00:00;0.0;0.0
10/01/2024 02:30:00;0.0;0.0
10/01/2024 03:00:00;0.0;0.0
10/01/2024 03:30:00;0.0;0.0
10/01/2024 04:00:00;0.0;0.0
10/01/2024 04:30:00;0.0;0.0
10/01/2024 05:00:00;0.0;0.0
10/01/2024 05:30:00;0.0;0.0
10/01/2024 06:00:00;0.0;0.0
10/01/2024 06:30:00;0.0;0.0
10/01/2024 07:00:00;0.0;0.0
10/01/2024 07:30:00;0.0;0.0
10/01/2024 08:00:00;1185.0874769106124;2282.9810574572384
10/01/2024 08:30:00;1670.064769615197;2689.002952710144
10/01/2024 09:00:00;2155.042062319782;3095.02484796305
10/01/2024 09:30:00;5584.189042133794;7016.5105123988205
10/01/2024 10:00:00;9013.336021947807;10937.996176834591
10/01/2024 10:30:00;16272.419702193309;18628.419082807715
10/01/2024 11:00:00;23531.503382438812;26318.841988780834
10/01/2024 11:30:00;23679.826705325228;26308.46745331548
10/01/2024 12:00:00;23828.15002821164;26298.092917850125
10/01/2024 12:30:00;19931.414994039238;22086.922700210653
10/01/2024 13:00:00;16034.679959866837;17875.75248257118
10/01/2024 13:30:00;11715.853041896755;13177.13888282353
10/01/2024 14:00:00;7397.026123926672;8478.525283075882
10/01/2024 14:30:00;6330.091004721765;7461.672879019188
10/01/2024 15:00:00;5263.155885516858;6444.820474962494
10/01/2024 15:30:00;5132.401919820478;6301.649523204136
10/01/2024 16:00:00;0.0;0.0
10/01/2024 16:30:00;0.0;0.0
10/01/2024 17:00:00;0.0;0.0
10/01/2024 17:30:00;0.0;0.0
10/01/2024 18:00:00;0.0;0.0
10/01/2024 18:30:00;0.0;0.0
10/01/2024 19:00:00;0.0;0.0
10/01/2024 19:30:00;0.0;0.0
10/01/2024 20:00:00;0.0;0.0
10/01/2024 20:30:00;0.0;0.0
10/01/2024 21:00:00;0.0;0.0
10/01/2024 21:30:00;0.0;0.0
10/01/2024 22:00:00;0.0;0.0
10/01/2024 22:30:00;0.0;0.0
10/01/2024 23:00:00;0.0;0.0
10/01/2024 23:30:00;0.0;0.0
11/01/2024 00:00:00;0.0;0.0
11/01/2024 00:30:00;0.0;0.0
11/01/2024 01:00:00;0.0;0.0
11/01/2024 01:30:00;0.0;0.0
11/01/2024 02:00:00;0.0;0.0
11/01/2024 02:30:00;0.0;0.0
11/01/2024 03:00:00;0.0;0.0
11/01/2024 03:30:00;0.0;0.0
11/01/2024 04:00:00;0.0;0.0
11/01/2024 04:30:00;0.0;0.0
11/01/2024 05:00:00;0.0;0.0
11/01/2024 05:30:00;0.0;0.0
11/01/2024 06:00:00;0.0;0.0
11/01/2024 06:30:00;0.0;0.0
11/01/2024 07:00:00;0.0;0.0
11/01/2024 07:30:00;0.0;0.0
11/01/2024 08:00:00;817.5210518399319;1577.0081151783168
11/01/2024 08:30:00;1449.6876011670388;2283.6500768476562
11/01/2024 09:00:00;2081.854150494146;2990.292038516996
11/01/2024 09:30:00;1804.2520569654516;2421.0476953546868
11/01/2024 10:00:00;1526.6499634367576;1851.8033521923771
11/01/2024 10:30:00;1755.4018838799836;2034.506354630812
11/01/2024 11:00:00;1984.15380432321;2217.209357069247
11/01/2024 11:30:00;3468.1941400283445;3837.8875770132177
11/01/2024 12:00:00;4952.234475733479;5458.5657969571885
11/01/2024 12:30:00;6646.397191201569;7371.834067495007
11/01/2024 13:00:00;8340.55990666966;9285.102338032824
11/01/2024 13:30:00;4767.7561355097;5326.058003904432
11/01/2024 14:00:00;1194.9523643497384;1367.0136697760386
11/01/2024 14:30:00;1336.1768225555472;1585.238127485483
11/01/2024 15:00:00;1477.401280761356;1803.4625851949277
11/01/2024 15:30:00;738.700640380678;901.7312925974638
11/01/2024 16:00:00;0.0;0.0
11/01/2024 16:30:00;105.74909223713291;204.21973696499816
11/01/2024 17:00:00;0.0;0.0
11/01/2024 17:30:00;0.0;0.0
11/01/2024 18:00:00;0.0;0.0
11/01/2024 18:30:00;0.0;0.0
11/01/2024 19:00:00;0.0;0.0
11/01/2024 19:30:00;0.0;0.0
11/01/2024 20:00:00;0.0;0.0
11/01/2024 20:30:00;0.0;0.0
11/01/2024 21:00:00;0.0;0.0
11/01/2024 21:30:00;0.0;0.0
11/01/2024 22:00:00;0.0;0.0
11/01/2024 22:30:00;0.0;0.0
11/01/2024 23:00:00;0.0;0.0
11/01/2024 23:30:00;0.0;0.0
12/01/2024 00:00:00;0.0;0.0
12/01/2024 00:30:00;0.0;0.0
12/01/2024 01:00:00;0.0;0.0
12/01/2024 01:30:00;0.0;0.0
12/01/2024 02:00:00;0.0;0.0
12/01/2024 02:30:00;0.0;0.0
12/01/2024 03:00:00;0.0;0.0
12/01/2024 03:30:00;0.0;0.0
12/01/2024 04:00:00;0.0;0.0
12/01/2024 04:30:00;0.0;0.0
12/01/2024 05:00:00;0.0;0.0
12/01/2024 05:30:00;0.0;0.0
12/01/2024 06:00:00;0.0;0.0
12/01/2024 06:30:00;0.0;0.0
12/01/2024 07:00:00;0.0;0.0
12/01/2024 07:30:00;0.0;0.0
12/01/2024 08:00:00;3383.9709515882532;6535.031582879941
12/01/2024 08:30:00;4942.4381219559755;7936.674476085035
12/01/2024 09:00:00;6500.905292323698;9338.31736929013
12/01/2024 09:30:00;9832.341689788002;12649.25791225774
12/01/2024 10:00:00;13163.778087252307;15960.198455225354
12/01/2024 10:30:00;8800.523661122765;10457.129309998898
12/01/2024 11:00:00;4437.269234993224;4954.0601647724425
12/01/2024 11:30:00;8456.606033022557;9343.978045202708
12/01/2024 12:00:00;12475.94283105189;13733.895925632978
12/01/2024 12:30:00;10397.677086697006;11490.77499641936
12/01/2024 13:00:00;8319.411342342119;9247.654067205747
12/01/2024 13:30:00;4868.8225882265715;5433.376475049217
12/01/2024 14:00:00;1418.2338341110253;1619.0988828926868
12/01/2024 14:30:00;861.1800055970326;994.5921996045818
12/01/2024 15:00:00;304.1261770830398;370.08551631647657
12/01/2024 15:30:00;152.0630885415199;185.04275815823829
12/01/2024 16:00:00;0.0;0.0
12/01/2024 16:30:00;51.61373711874955;99.78242092945683
12/01/2024 17:00:00;0.0;0.0
12/01/2024 17:30:00;0.0;0.0
12/01/2024 18:00:00;0.0;0.0
12/01/2024 18:30:00;0.0;0.0
12/01/2024 19:00:00;0.0;0.0
12/01/2024 19:30:00;0.0;0.0
12/01/2024 20:00:00;0.0;0.0
12/01/2024 20:30:00;0.0;0.0
12/01/2024 21:00:00;0.0;0.0
12/01/2024 21:30:00;0.0;0.0
12/01/2024 22:00:00;0.0;0.0
12/01/2024 22:30:00;0.0;0.0
12/01/2024 23:00:00;0.0;0.0
12/01/2024 23:30:00;0.0;0.0
13/01/2024 00:00:00;0.0;0.0
13/01/2024 00:30:00;0.0;0.0
13/01/2024 01:00:00;0.0;0.0
13/01/2024 01:30:00;0.0;0.0
13/01/2024 02:00:00;0.0;0.0
13/01/2024 02:30:00;0.0;0.0
13/01/2024 03:00:00;0.0;0.0
13/01/2024 03:30:00;0.0;0.0
13/01/2024 04:00:00;0.0;0.0
13/01/2024 04:30:00;0.0;0.0
13/01/2024 05:00:00;0.0;0.0
13/01/2024 05:30:00;0.0;0.0
13/01/2024 06:00:00;0.0;0.0
13/01/2024 06:30:00;0.0;0.0
13/01/2024 07:00:00;0.0;0.0
13/01/2024 07:30:00;0.0;0.0
13/01/2024 08:00:00;1651.6395877999855;3193.0374697426187
13/01/2024 08:30:00;7544.779524300391;11246.34199834602
13/01/2024 09:00:00;13437.919460800798;19299.646526949422
13/01/2024 09:30:00;14023.624077612316;18501.225840375475
13/01/2024 10:00:00;14609.328694423832;17702.80515380153
13/01/2024 10:30:00;15189.273917492446;17644.825351032116
13/01/2024 11:00:00;15769.21914056106;17586.845548262707
13/01/2024 11:30:00;11363.14927790579;12617.501452628823
13/01/2024 12:00:00;6957.079415250523;7648.157356994941
13/01/2024 12:30:00;3958.418191902257;4356.70080726344
13/01/2024 13:00:00;959.7569685539916;1065.2442575319383
13/01/2024 13:30:00;1660.4707117964363;1877.4697131661198
13/01/2024 14:00:00;2361.184455038881;2689.695168800302
13/01/2024 14:30:00;1237.7910229991062;1414.22290458808
13/01/2024 15:00:00;114.3975909593315;138.75064037585815
13/01/2024 15:30:00;57.19879547966575;69.37532018792908
13/01/2024 16:00:00;0.0;0.0
13/01/2024 16:30:00;29.244396220799164;56.597694329009016
13/01/2024 17:00:00;0.0;0.0
13/01/2024 17:30:00;0.0;0.0
13/01/2024 18:00:00;0.0;0.0
13/01/2024 18:30:00;0.0;0.0
13/01/2024 19:00:00;0.0;0.0
13/01/2024 19:30:00;0.0;0.0
13/01/2024 20:00:00;0.0;0.0
13/01/2024 20:30:00;0.0;0.0
13/01/2024 21:00:00;0.0;0.0
13/01/2024 21:30:00;0.0;0.0
13/01/2024 22:00:00;0.0;0.0
13/01/2024 22:30:00;0.0;0.0
13/01/2024 23:00:00;0.0;0.0
13/01/2024 23:30:00;0.0;0.0
14/01/2024 00:00:00;0.0;0.0
14/01/2024 00:30:00;0.0;0.0
14/01/2024 01:00:00;0.0;0.0
14/01/2024 01:30:00;0.0;0.0
14/01/2024 02:00:00;0.0;0.0
14/01/2024 02:30:00;0.0;0.0
14/01/2024 03:00:00;0.0;0.0
14/01/2024 03:30:00;0.0;0.0
14/01/2024 04:00:00;0.0;0.0
14/01/2024 04:30:00;0.0;0.0
14/01/2024 05:00:00;0.0;0.0
14/01/2024 05:30:00;0.0;0.0
14/01/2024 06:00:00;0.0;0.0
14/01/2024 06:30:00;0.0;0.0
14/01/2024 07:00:00;0.0;0.0
14/01/2024 07:30:00;0.0;0.0
14/01/2024 08:00:00;935.8206790655732;1811.1262185282885
14/01/2024 08:30:00;1888.6232749485114;2946.006106513215
14/01/2024 09:00:00;2841.425870831449;4080.885994498141
14/01/2024 09:30:00;4053.3553254972308;5228.378638973462
14/01/2024 10:00:00;5265.284780163013;6375.871283448783
14/01/2024 10:30:00;5422.720626849062;6296.3305338984965
14/01/2024 11:00:00;5580.156473535111;6216.78978434821
14/01/2024 11:30:00;4337.029395027728;4806.561947932911
14/01/2024 12:00:00;3093.9023165203444;3396.3341115176113
14/01/2024 12:30:00;4707.544156236656;5200.566651367654
14/01/2024 13:00:00;6321.1859959529675;7004.799191217697
14/01/2024 13:30:00;4413.411236540502;4926.404666623075
14/01/2024 14:00:00;2505.636477128035;2848.0101420284554
14/01/2024 14:30:00;1530.438548045677;1759.6225063843704
14/01/2024 15:00:00;555.2406189633189;671.2348707402857
14/01/2024 15:30:00;277.62030948165943;335.61743537014286
14/01/2024 16:00:00;0.0;0.0
14/01/2024 16:30:00;19.935174787553187;38.60541645097932
14/01/2024 17:00:00;0.0;0.0
14/01/2024 17:30:00;0.0;0.0
14/01/2024 18:00:00;0.0;0.0
14/01/2024 18:30:00;0.0;0.0
14/01/2024 19:00:00;0.0;0.0
14/01/2024 19:30:00;0.0;0.0
14/01/2024 20:00:00;0.0;0.0
14/01/2024 20:30:00;0.0;0.0
14/01/2024 21:00:00;0.0;0.0
14/01/2024 21:30:00;0.0;0.0
14/01/2024 22:00:00;0.0;0.0
14/01/2024 22:30:00;0.0;0.0
14/01/2024 23:00:00;0.0;0.0
14/01/2024 23:30:00;0.0;0.0
15/01/2024 00:00:00;0.0;0.0
15/01/2024 00:30:00;0.0;0.0
15/01/2024 01:00:00;0.0;0.0
15/01/2024 01:30:00;0.0;0.0
15/01/2024 02:00:00;0.0;0.0
15/01/2024 02:30:00;0.0;0.0
15/01/2024 03:00:00;0.0;0.0
15/01/2024 03:30:00;0.0;0.0
15/01/2024 04:00:00;0.0;0.0
15/01/2024 04:30:00;0.0;0.0
15/01/2024 05:00:00;0.0;0.0
15/01/2024 05:30:00;0.0;0.0
15/01/2024 06:00:00;0.0;0.0
15/01/2024 06:30:00;0.0;0.0
15/01/2024 07:00:00;0.0;0.0
15/01/2024 07:30:00;0.0;0.0
15/01/2024 08:00:00;637.925593201702;1235.3733264313382
15/01/2024 08:30:00;905.4865891709034;1460.0573923668155
15/01/2024 09:00:00;1173.0475851401047;1684.7414583022926
15/01/2024 09:30:00;1392.5983528235092;1817.7294062008204
15/01/2024 10:00:00;1612.1491205069142;1950.7173540993483
15/01/2024 10:30:00;2114.269273134175;2431.234981662768
15/01/2024 11:00:00;2616.389425761435;2911.752609226188
15/01/2024 11:30:00;2571.8104319653066;2840.904005126454
15/01/2024 12:00:00;2527.2314381691785;2770.0554010267206
15/01/2024 12:30:00;11443.209255242193;12647.61806766048
15/01/2024 13:00:00;20359.187072315206;22525.18073429424
15/01/2024 13:30:00;11747.75523052764;13040.939849840359
15/01/2024 14:00:00;3136.323388740074;3556.6989653864775
15/01/2024 14:30:00;2635.1369251601327;3063.734467340074
15/01/2024 15:00:00;2133.9504615801916;2570.76996929367
15/01/2024 15:30:00;1066.9752307900958;1285.384984646835
15/01/2024 16:00:00;0.0;0.0
15/01/2024 16:30:00;63.707022474663844;123.4765230779161
15/01/2024 17:00:00;0.0;0.0
15/01/2024 17:30:00;0.0;0.0
15/01/2024 18:00:00;0.0;0.0
15/01/2024 18:30:00;0.0;0.0
15/01/2024 19:00:00;0.0;0.0
15/01/2024 19:30:00;0.0;0.0
15/01/2024 20:00:00;0.0;0.0
15/01/2024 20:30:00;0.0;0.0
15/01/2024 21:00:00;0.0;0.0
15/01/2024 21:30:00;0.0;0.0
15/01/2024 22:00:00;0.0;0.0
15/01/2024 22:30:00;0.0;0.0
15/01/2024 23:00:00;0.0;0.0
15/01/2024 23:30:00;0.0;0.0
16/01/2024 00:00:00;0.0;0.0
16/01/2024 00:30:00;0.0;0.0
16/01/2024 01:00:00;0.0;0.0
16/01/2024 01:30:00;0.0;0.0
16/01/2024 02:00:00;0.0;0.0
16/01/2024 02:30:00;0.0;0.0
16/01/2024 03:00:00;0.0;0.0
16/01/2024 03:30:00;0.0;0.0
16/01/2024 04:00:00;0.0;0.0
16/01/2024 04:30:00;0.0;0.0
16/01/2024 05:00:00;0.0;0.0
16/01/2024 05:30:00;0.0;0.0
16/01/2024 06:00:00;0.0;0.0
16/01/2024 06:30:00;0.0;0.0
16/01/2024 07:00:00;0.0;0.0
16/01/2024 07:30:00;0.0;0.0
16/01/2024 08:00:00;2038.624719189243;3951.248738493315
16/01/2024 08:30:00;2147.605840004902;3595.8391342988816
16/01/2024 09:00:00;2256.586960820561;3240.429530104448
16/01/2024 09:30:00;2399.5999974947445;3157.644186056064
16/01/2024 10:00:00;2542.6130341689272;3074.8588420076794
16/01/2024 10:30:00;3568.399119873612;4090.666551586753
16/01/2024 11:00:00;4594.185205578297;5106.474261165827
16/01/2024 11:30:00;5814.009459970846;6402.212024779655
16/01/2024 12:00:00;7033.833714363395;7697.949788393483
16/01/2024 12:30:00;6429.725814619394;7066.301021949019
16/01/2024 13:00:00;5825.6179148753945;6434.652255504556
16/01/2024 13:30:00;4638.333220419821;5169.394341405448
16/01/2024 14:00:00;3451.0485259642483;3904.1364273063414
16/01/2024 14:30:00;2800.004559843375;3242.0347870992587
16/01/2024 15:00:00;2148.9605937225006;2579.9331468921764
16/01/2024 15:30:00;1074.4802968612503;1289.9665734460882
16/01/2024 16:00:00;0.0;0.0
16/01/2024 16:30:00;199.22621818900026;386.29282303022444
16/01/2024 17:00:00;0.0;0.0
16/01/2024 17:30:00;0.0;0.0
16/01/2024 18:00:00;0.0;0.0
16/01/2024 18:30:00;0.0;0.0
16/01/2024 19:00:00;0.0;0.0
16/01/2024 19:30:00;0.0;0.0
16/01/2024 20:00:00;0.0;0.0
16/01/2024 20:30:00;0.0;0.0
16/01/2024 21:00:00;0.0;0.0
16/01/2024 21:30:00;0.0;0.0
16/01/2024 22:00:00;0.0;0.0
16/01/2024 22:30:00;0.0;0.0
16/01/2024 23:00:00;0.0;0.0
16/01/2024 23:30:00;0.0;0.0
17/01/2024 00:00:00;0.0;0.0
17/01/2024 00:30:00;0.0;0.0
17/01/2024 01:00:00;0.0;0.0
17/01/2024 01:30:00;0.0;0.0
17/01/2024 02:00:00;0.0;0.0
17/01/2024 02:30:00;0.0;0.0
17/01/2024 03:00:00;0.0;0.0
17/01/2024 03:30:00;0.0;0.0
17/01/2024 04:00:00;0.0;0.0
17/01/2024 04:30:00;0.0;0.0
17/01/2024 05:00:00;0.0;0.0
17/01/2024 05:30:00;0.0;0.0
17/01/2024 06:00:00;0.0;0.0
17/01/2024 06:30:00;0.0;0.0
17/01/2024 07:00:00;0.0;0.0
17/01/2024 07:30:00;0.0;0.0
17/01/2024 08:00:00;6375.238982048008;12361.370336967182
17/01/2024 08:30:00;5550.467794336058;9573.512776511745
17/01/2024 09:00:00;4725.696606624109;6785.655216056306
17/01/2024 09:30:00;5188.2021113735545;6807.365899254545
17/01/2024 10:00:00;5650.707616122999;6829.076582452783
17/01/2024 10:30:00;3883.414429973778;4589.121764587197
17/01/2024 11:00:00;2116.1212438245575;2349.166946721611
17/01/2024 11:30:00;5319.914388790609;5831.752303842089
17/01/2024 12:00:00;8523.70753375666;9314.337660962567
17/01/2024 12:30:00;5286.453111716536;5786.89454453175
17/01/2024 13:00:00;2049.1986896764115;2259.4514281009347
17/01/2024 13:30:00;1396.0588963603175;1548.9881851475843
17/01/2024 14:00:00;742.9191030442228;838.5249421942342
17/01/2024 14:30:00;603.5156368446836;696.8398976578683
17/01/2024 15:00:00;464.11217064514454;555.1548531215022
17/01/2024 15:30:00;232.05608532257227;277.5774265607511
17/01/2024 16:00:00;0.0;0.0
17/01/2024 16:30:00;74.85511888362969;145.22548380488212
17/01/2024 17:00:00;0.0;0.0
17/01/2024 17:30:00;0.0;0.0
17/01/2024 18:00:00;0.0;0.0
17/01/2024 18:30:00;0.0;0.0
17/01/2024 19:00:00;0.0;0.0
17/01/2024 19:30:00;0.0;0.0
17/01/2024 20:00:00;0.0;0.0
17/01/2024 20:30:00;0.0;0.0
17/01/2024 21:00:00;0.0;0.0
17/01/2024 21:30:00;0.0;0.0
17/01/2024 22:00:00;0.0;0.0
17/01/2024 22:30:00;0.0;0.0
17/01/2024 23:00:00;0.0;0.0
17/01/2024 23:30:00;0.0;0.0
18/01/2024 00:00:00;0.0;0.0
18/01/2024 00:30:00;0.0;0.0
18/01/2024 01:00:00;0.0;0.0
18/01/2024 01:30:00;0.0;0.0
18/01/2024 02:00:00;0.0;0.0
18/01/2024 02:30:00;0.0;0.0
18/01/2024 03:00:00;0.0;0.0
18/01/2024 03:30:00;0.0;0.0
18/01/2024 04:00:00;0.0;0.0
18/01/2024 04:30:00;0.0;0.0
18/01/2024 05:00:00;0.0;0.0
18/01/2024 05:30:00;0.0;0.0
18/01/2024 06:00:00;0.0;0.0
18/01/2024 06:30:00;0.0;0.0
18/01/2024 07:00:00;0.0;0.0
18/01/2024 07:30:00;0.0;0.0
18/01/2024 08:00:00;2395.36380427615;4647.215481756228
18/01/2024 08:30:00;3920.2712648042066;6232.071950266704
18/01/2024 09:00:00;5445.178725332264;7816.92841877718
18/01/2024 09:30:00;6336.113516189322;8272.65305401043
18/01/2024 10:00:00;7227.04830704638;8728.37768924368
18/01/2024 10:30:00;5284.692719123082;6216.946401217624
18/01/2024 11:00:00;3342.337131199785;3705.5151131915673
18/01/2024 11:30:00;3212.8646263918304;3534.6319165587397
18/01/2024 12:00:00;3083.392121583876;3363.7487199259126
18/01/2024 12:30:00;2910.6650847319725;3188.655407557965
18/01/2024 13:00:00;2737.9380478800686;3013.5620951900178
18/01/2024 13:30:00;3518.779793111112;3927.8706014809745
18/01/2024 14:00:00;4299.621538342156;4842.179107771932
18/01/2024 14:30:00;3072.3643760234463;3520.598568131863
18/01/2024 15:00:00;1845.107213704737;2199.0180284917938
18/01/2024 15:30:00;922.5536068523685;1099.5090142458969
18/01/2024 16:00:00;0.0;0.0
18/01/2024 16:30:00;15.98448765221284;31.01654878538414
18/01/2024 17:00:00;0.0;0.0
18/01/2024 17:30:00;0.0;0.0
18/01/2024 18:00:00;0.0;0.0
18/01/2024 18:30:00;0.0;0.0
18/01/2024 19:00:00;0.0;0.0
18/01/2024 19:30:00;0.0;0.0
18/01/2024 20:00:00;0.0;0.0
18/01/2024 20:30:00;0.0;0.0
18/01/2024 21:00:00;0.0;0.0
18/01/2024 21:30:00;0.0;0.0
18/01/2024 22:00:00;0.0;0.0
18/01/2024 22:30:00;0.0;0.0
18/01/2024 23:00:00;0.0;0.0
18/01/2024 23:30:00;0.0;0.0
19/01/2024 00:00:00;0.0;0.0
19/01/2024 00:30:00;0.0;0.0
19/01/2024 01:00:00;0.0;0.0
19/01/2024 01:30:00;0.0;0.0
19/01/2024 02:00:00;0.0;0.0
19/01/2024 02:30:00;0.0;0.0
19/01/2024 03:00:00;0.0;0.0
19/01/2024 03:30:00;0.0;0.0
19/01/2024 04:00:00;0.0;0.0
19/01/2024 04:30:00;0.0;0.0
19/01/2024 05:00:00;0.0;0.0
19/01/2024 05:30:00;0.0;0.0
19/01/2024 06:00:00;0.0;0.0
19/01/2024 06:30:00;0.0;0.0
19/01/2024 07:00:00;0.0;0.0
19/01/2024 07:30:00;0.0;0.0
19/01/2024 08:00:00;511.5036048708109;992.5295611322924
19/01/2024 08:30:00;1689.2869405898377;2553.71322753788
19/01/2024 09:00:00;2867.0702763088643;4114.896893943467
19/01/2024 09:30:00;4012.073050449025;5169.002167409908
19/01/2024 10:00:00;5157.075824589185;6223.107440876348
19/01/2024 10:30:00;3863.431415626471;4534.179352991385
19/01/2024 11:00:00;2569.7870066637574;2845.251265106421
19/01/2024 11:30:00;10507.137919002438;11466.559746926245
19/01/2024 12:00:00;18444.48883134112;20087.868228746072
19/01/2024 12:30:00;12697.05537804478;13861.49603393707
19/01/2024 13:00:00;6949.621924748439;7635.12383912807
19/01/2024 13:30:00;4271.419119712448;4712.757285696091
19/01/2024 14:00:00;1593.216314676458;1790.3907322641098
19/01/2024 14:30:00;1730.9010150390225;2004.6535966349304
19/01/2024 15:00:00;1868.5857154015869;2218.916461005751
19/01/2024 15:30:00;934.2928577007934;1109.4582305028755
19/01/2024 16:00:00;0.0;0.0
19/01/2024 16:30:00;60.30195483152704;117.02528112114341
19/01/2024 17:00:00;0.0;0.0
19/01/2024 17:30:00;0.0;0.0
19/01/2024 18:00:00;0.0;0.0
19/01/2024 18:30:00;0.0;0.0
19/01/2024 19:00:00;0.0;0.0
19/01/2024 19:30:00;0.0;0.0
19/01/2024 20:00:00;0.0;0.0
19/01/2024 20:30:00;0.0;0.0
19/01/2024 21:00:00;0.0;0.0
19/01/2024 21:30:00;0.0;0.0
19/01/2024 22:00:00;0.0;0.0
19/01/2024 22:30:00;0.0;0.0
19/01/2024 23:00:00;0.0;0.0
19/01/2024 23:30:00;0.0;0.0
20/01/2024 00:00:00;0.0;0.0
20/01/2024 00:30:00;0.0;0.0
20/01/2024 01:00:00;0.0;0.0
20/01/2024 01:30:00;0.0;0.0
20/01/2024 02:00:00;0.0;0.0
20/01/2024 02:30:00;0.0;0.0
20/01/2024 03:00:00;0.0;0.0
20/01/2024 03:30:00;0.0;0.0
20/01/2024 04:00:00;0.0;0.0
20/01/2024 04:30:00;0.0;0.0
20/01/2024 05:00:00;0.0;0.0
20/01/2024 05:30:00;0.0;0.0
20/01/2024 06:00:00;0.0;0.0
20/01/2024 06:30:00;0.0;0.0
20/01/2024 07:00:00;0.0;0.0
20/01/2024 07:30:00;0.0;0.0
20/01/2024 08:00:00;1929.6625546088653;3744.808995876589
20/01/2024 08:30:00;2869.543903633543;4605.43995489707
20/01/2024 09:00:00;3809.4252526582204;5466.07091391755
20/01/2024 09:30:00;4305.087278538416;5627.13357692231
20/01/2024 10:00:00;4800.749304418612;5788.196239927069
20/01/2024 10:30:00;5353.845537183461;6159.497510101715
20/01/2024 11:00:00;5906.941769948309;6530.798780276361
20/01/2024 11:30:00;8469.043113478136;9262.34793761884
20/01/2024 12:00:00;11031.144457007958;11993.897094961321
20/01/2024 12:30:00;11019.274326656287;12032.403117711652
20/01/2024 13:00:00;11007.404196304615;12070.909140461981
20/01/2024 13:30:00;11974.721251518737;13291.682887442335
20/01/2024 14:00:00;12942.03830673286;14512.456634422686
20/01/2024 14:30:00;9788.728187398097;11182.455962442054
20/01/2024 15:00:00;6635.418068063335;7852.455290461422
20/01/2024 15:30:00;3317.7090340316677;3926.227645230711
20/01/2024 16:00:00;0.0;0.0
20/01/2024 16:30:00;126.95246874157752;246.40058429735026
20/01/2024 17:00:00;0.0;0.0
20/01/2024 17:30:00;0.0;0.0
20/01/2024 18:00:00;0.0;0.0
20/01/2024 18:30:00;0.0;0.0
20/01/2024 19:00:00;0.0;0.0
20/01/2024 19:30:00;0.0;0.0
20/01/2024 20:00:00;0.0;0.0
20/01/2024 20:30:00;0.0;0.0
20/01/2024 21:00:00;0.0;0.0
20/01/2024 21:30:00;0.0;0.0
20/01/2024 22:00:00;0.0;0.0
20/01/2024 22:30:00;0.0;0.0
20/01/2024 23:00:00;0.0;0.0
20/01/2024 23:30:00;0.0;0.0
21/01/2024 00:00:00;0.0;0.0
21/01/2024 00:30:00;0.0;0.0
21/01/2024 01:00:00;0.0;0.0
21/01/2024 01:30:00;0.0;0.0
21/01/2024 02:00:00;0.0;0.0
21/01/2024 02:30:00;0.0;0.0
21/01/2024 03:00:00;0.0;0.0
21/01/2024 03:30:00;0.0;0.0
21/01/2024 04:00:00;0.0;0.0
21/01/2024 04:30:00;0.0;0.0
21/01/2024 05:00:00;0.0;0.0
21/01/2024 05:30:00;0.0;0.0
21/01/2024 06:00:00;0.0;0.0
21/01/2024 06:30:00;0.0;0.0
21/01/2024 07:00:00;0.0;0.0
21/01/2024 07:30:00;0.0;0.0
21/01/2024 08:00:00;4062.4789997304806;7884.818697515208
21/01/2024 08:30:00;7777.703666330434;12183.653953581148
21/01/2024 09:00:00;11492.928332930389;16482.489209647087
21/01/2024 09:30:00;11692.043521805843;15403.635922936955
21/01/2024 10:00:00;11891.158710681295;14324.782636226822
21/01/2024 10:30:00;9834.017726499822;11455.115382331907
21/01/2024 11:00:00;7776.87674231835;8585.448128436989
21/01/2024 11:30:00;7985.924865453833;8740.019754686495
21/01/2024 12:00:00;8194.972988589318;8894.591380935999
21/01/2024 12:30:00;5921.43452334539;6443.60864991686
21/01/2024 13:00:00;3647.896058101461;3992.625918897719
21/01/2024 13:30:00;2224.2960742210375;2444.234727974309
21/01/2024 14:00:00;800.6960903406133;895.8435370508981
21/01/2024 14:30:00;1014.5182490891749;1172.3151621217476
21/01/2024 15:00:00;1228.3404078377364;1448.7867871925969
21/01/2024 15:30:00;614.1702039188682;724.3933935962984
21/01/2024 16:00:00;0.0;0.0
21/01/2024 16:30:00;9.585385906452439;18.602156774043525
21/01/2024 17:00:00;0.0;0.0
21/01/2024 17:30:00;0.0;0.0
21/01/2024 18:00:00;0.0;0.0
21/01/2024 18:30:00;0.0;0.0
21/01/2024 19:00:00;0.0;0.0
21/01/2024 19:30:00;0.0;0.0
21/01/2024 20:00:00;0.0;0.0
21/01/2024 20:30:00;0.0;0.0
21/01/2024 21:00:00;0.0;0.0
21/01/2024 21:30:00;0.0;0.0
21/01/2024 22:00:00;0.0;0.0
21/01/2024 22:30:00;0.0;0.0
21/01/2024 23:00:00;0.0;0.0
21/01/2024 23:30:00;0.0;0.0
22/01/2024 00:00:00;0.0;0.0
22/01/2024 00:30:00;0.0;0.0
22/01/2024 01:00:00;0.0;0.0
22/01/2024 01:30:00;0.0;0.0
22/01/2024 02:00:00;0.0;0.0
22/01/2024 02:30:00;0.0;0.0
22/01/2024 03:00:00;0.0;0.0
22/01/2024 03:30:00;0.0;0.0
22/01/2024 04:00:00;0.0;0.0
22/01/2024 04:30:00;0.0;0.0
22/01/2024 05:00:00;0.0;0.0
22/01/2024 05:30:00;0.0;0.0
22/01/2024 06:00:00;0.0;0.0
22/01/2024 06:30:00;0.0;0.0
22/01/2024 07:00:00;0.0;0.0
22/01/2024 07:30:00;0.0;0.0
22/01/2024 08:00:00;306.73234900647805;595.2690167693928
22/01/2024 08:30:00;1041.6241634729397;1571.0035782370464
22/01/2024 09:00:00;1776.5159779394014;2546.7381397047
22/01/2024 09:30:00;1864.2229731922782;2447.7796880228275
22/01/2024 10:00:00;1951.929968445155;2348.8212363409552
22/01/2024 10:30:00;2536.0981654396064;2894.1571608531935
22/01/2024 11:00:00;3120.2663624340585;3439.493085365432
22/01/2024 11:30:00;2777.453779847175;3038.5756271611313
22/01/2024 12:00:00;2434.6411972602923;2637.65816895683
22/01/2024 12:30:00;2094.321224700818;2276.8588119333854
22/01/2024 13:00:00;1754.0012521413444;1916.0594549099405
22/01/2024 13:30:00;1403.6277559961866;1545.910904112765
22/01/2024 14:00:00;1053.2542598510286;1175.7623533155893
22/01/2024 14:30:00;870.6711657940682;992.2612743383545
22/01/2024 15:00:00;688.0880717371077;808.7601953611195
22/01/2024 15:30:00;344.04403586855386;404.38009768055974
22/01/2024 16:00:00;0.0;0.0
22/01/2024 16:30:00;42.02639313876059;81.55066810773977
22/01/2024 17:00:00;0.0;0.0
22/01/2024 17:30:00;0.0;0.0
22/01/2024 18:00:00;0.0;0.0
22/01/2024 18:30:00;0.0;0.0
22/01/2024 19:00:00;0.0;0.0
22/01/2024 19:30:00;0.0;0.0
22/01/2024 20:00:00;0.0;0.0
22/01/2024 20:30:00;0.0;0.0
22/01/2024 21:00:00;0.0;0.0
22/01/2024 21:30:00;0.0;0.0
22/01/2024 22:00:00;0.0;0.0
22/01/2024 22:30:00;0.0;0.0
22/01/2024 23:00:00;0.0;0.0
22/01/2024 23:30:00;0.0;0.0
23/01/2024 00:00:00;0.0;0.0
23/01/2024 00:30:00;0.0;0.0
23/01/2024 01:00:00;0.0;0.0
23/01/2024 01:30:00;0.0;0.0
23/01/2024 02:00:00;0.0;0.0
23/01/2024 02:30:00;0.0;0.0
23/01/2024 03:00:00;0.0;0.0
23/01/2024 03:30:00;0.0;0.0
23/01/2024 04:00:00;0.0;0.0
23/01/2024 04:30:00;0.0;0.0
23/01/2024 05:00:00;0.0;0.0
23/01/2024 05:30:00;0.0;0.0
23/01/2024 06:00:00;0.0;0.0
23/01/2024 06:30:00;0.0;0.0
23/01/2024 07:00:00;0.0;0.0
23/01/2024 07:30:00;0.0;0.0
23/01/2024 08:00:00;1344.8445804403389;2609.6213794476726
23/01/2024 08:30:00;3448.3268400499664;5281.61506136812
23/01/2024 09:00:00;5551.809099659594;7953.60874328857
23/01/2024 09:30:00;7194.509656879275;9288.312321636784
23/01/2024 10:00:00;8837.210214098957;10623.015899985001
23/01/2024 10:30:00;6801.729975746681;7934.272495852038
23/01/2024 11:00:00;4766.249737394404;5245.529091719077
23/01/2024 11:30:00;7073.356611465407;7696.048602682292
23/01/2024 12:00:00;9380.46348553641;10146.568113645506
23/01/2024 12:30:00;5684.312443609949;6157.033676049071
23/01/2024 13:00:00;1988.16140168349;2167.4992384526345
23/01/2024 13:30:00;2117.4297439715288;2334.8060460152324
23/01/2024 14:00:00;2246.6980862595674;2502.1128535778303
23/01/2024 14:30:00;1923.6923312662614;2188.480127748986
23/01/2024 15:00:00;1600.686576272955;1874.8474019201417
23/01/2024 15:30:00;800.3432881364776;937.4237009600708
23/01/2024 16:00:00;0.0;0.0
23/01/2024 16:30:00;33.032645636289544;64.0768448928867
23/01/2024 17:00:00;0.0;0.0
23/01/2024 17:30:00;0.0;0.0
23/01/2024 18:00:00;0.0;0.0
23/01/2024 18:30:00;0.0;0.0
23/01/2024 19:00:00;0.0;0.0
23/01/2024 19:30:00;0.0;0.0
23/01/2024 20:00:00;0.0;0.0
23/01/2024 20:30:00;0.0;0.0
23/01/2024 21:00:00;0.0;0.0
23/01/2024 21:30:00;0.0;0.0
23/01/2024 22:00:00;0.0;0.0
23/01/2024 22:30:00;0.0;0.0
23/01/2024 23:00:00;0.0;0.0
23/01/2024 23:30:00;0.0;0.0
24/01/2024 00:00:00;0.0;0.0
24/01/2024 00:30:00;0.0;0.0
24/01/2024 01:00:00;0.0;0.0
24/01/2024 01:30:00;0.0;0.0
24/01/2024 02:00:00;0.0;0.0
24/01/2024 02:30:00;0.0;0.0
24/01/2024 03:00:00;0.0;0.0
24/01/2024 03:30:00;0.0;0.0
24/01/2024 04:00:00;0.0;0.0
24/01/2024 04:30:00;0.0;0.0
24/01/2024 05:00:00;0.0;0.0
24/01/2024 05:30:00;0.0;0.0
24/01/2024 06:00:00;0.0;0.0
24/01/2024 06:30:00;0.0;0.0
24/01/2024 07:00:00;0.0;0.0
24/01/2024 07:30:00;0.0;0.0
24/01/2024 08:00:00;1057.0446603612654;2050.4590365723743
24/01/2024 08:30:00;898.1936699438625;1554.535173396219
24/01/2024 09:00:00;739.3426795264594;1058.6113102200634
24/01/2024 09:30:00;1306.5446862911963;1654.324177909911
24/01/2024 10:00:00;1873.7466930559333;2250.0370455997586
24/01/2024 10:30:00;2275.8354664117214;2596.1630463696424
24/01/2024 11:00:00;2677.92423976751;2942.289047139526
24/01/2024 11:30:00;2667.4645497955926;2905.931332271107
24/01/2024 12:00:00;2657.0048598236754;2869.573617402688
24/01/2024 12:30:00;2324.7029479888483;2518.5728270928703
24/01/2024 13:00:00;1992.401036154021;2167.5720367830527
24/01/2024 13:30:00;1765.068633237411;1938.0510403383328
24/01/2024 14:00:00;1537.7362303208008;1708.5300438936129
24/01/2024 14:30:00;1144.7686885132891;1293.018574156839
24/01/2024 15:00:00;751.8011467057775;877.5071044200649
24/01/2024 15:30:00;375.9005733528887;438.75355221003247
24/01/2024 16:00:00;0.0;0.0
24/01/2024 16:30:00;33.42203427382;64.80705116606912
24/01/2024 17:00:00;0.0;0.0
24/01/2024 17:30:00;0.0;0.0
24/01/2024 18:00:00;0.0;0.0
24/01/2024 18:30:00;0.0;0.0
24/01/2024 19:00:00;0.0;0.0
24/01/2024 19:30:00;0.0;0.0
24/01/2024 20:00:00;0.0;0.0
24/01/2024 20:30:00;0.0;0.0
24/01/2024 21:00:00;0.0;0.0
24/01/2024 21:30:00;0.0;0.0
24/01/2024 22:00:00;0.0;0.0
24/01/2024 22:30:00;0.0;0.0
24/01/2024 23:00:00;0.0;0.0
24/01/2024 23:30:00;0.0;0.0
25/01/2024 00:00:00;0.0;0.0
25/01/2024 00:30:00;0.0;0.0
25/01/2024 01:00:00;0.0;0.0
25/01/2024 01:30:00;0.0;0.0
25/01/2024 02:00:00;0.0;0.0
25/01/2024 02:30:00;0.0;0.0
25/01/2024 03:00:00;0.0;0.0
25/01/2024 03:30:00;0.0;0.0
25/01/2024 04:00:00;0.0;0.0
25/01/2024 04:30:00;0.0;0.0
25/01/2024 05:00:00;0.0;0.0
25/01/2024 05:30:00;0.0;0.0
25/01/2024 06:00:00;0.0;0.0
25/01/2024 06:30:00;0.0;0.0
25/01/2024 07:00:00;0.0;0.0
25/01/2024 07:30:00;0.0;0.0
25/01/2024 08:00:00;1069.50509676224;2073.8256373142117
25/01/2024 08:30:00;1471.2728326313577;2376.7766042947646
25/01/2024 09:00:00;1873.0405685004753;2679.7275712753176
25/01/2024 09:30:00;1902.0389263774969;2497.8508314973947
25/01/2024 10:00:00;1931.0372842545182;2315.974091719472
25/01/2024 10:30:00;1944.9727950177898;2232.385447987841
25/01/2024 11:00:00;1958.9083057810615;2148.7968042562097
25/01/2024 11:30:00;1866.836649521995;2031.3000153169535
25/01/2024 12:00:00;1774.7649932629286;1913.8032263776968
25/01/2024 12:30:00;1741.1576621538206;1883.7991173250068
25/01/2024 13:00:00;1707.5503310447125;1853.7950082723166
25/01/2024 13:30:00;1497.9945006853882;1640.979897134598
25/01/2024 14:00:00;1288.438670326064;1428.1647859968793
25/01/2024 14:30:00;1123.5453226169623;1271.5214963728097
25/01/2024 15:00:00;958.6519749078607;1114.8782067487398
25/01/2024 15:30:00;479.32598745393034;557.4391033743699
25/01/2024 16:00:00;0.0;0.0
25/01/2024 16:30:00;66.51265734403422;128.86858299718787
25/01/2024 17:00:00;0.0;0.0
25/01/2024 17:30:00;0.0;0.0
25/01/2024 18:00:00;0.0;0.0
25/01/2024 18:30:00;0.0;0.0
25/01/2024 19:00:00;0.0;0.0
25/01/2024 19:30:00;0.0;0.0
25/01/2024 20:00:00;0.0;0.0
25/01/2024 20:30:00;0.0;0.0
25/01/2024 21:00:00;0.0;0.0
25/01/2024 21:30:00;0.0;0.0
25/01/2024 22:00:00;0.0;0.0
25/01/2024 22:30:00;0.0;0.0
25/01/2024 23:00:00;0.0;0.0
25/01/2024 23:30:00;0.0;0.0
26/01/2024 00:00:00;0.0;0.0
26/01/2024 00:30:00;0.0;0.0
26/01/2024 01:00:00;0.0;0.0
26/01/2024 01:30:00;0.0;0.0
26/01/2024 02:00:00;0.0;0.0
26/01/2024 02:30:00;0.0;0.0
26/01/2024 03:00:00;0.0;0.0
26/01/2024 03:30:00;0.0;0.0
26/01/2024 04:00:00;0.0;0.0
26/01/2024 04:30:00;0.0;0.0
26/01/2024 05:00:00;0.0;0.0
26/01/2024 05:30:00;0.0;0.0
26/01/2024 06:00:00;0.0;0.0
26/01/2024 06:30:00;0.0;0.0
26/01/2024 07:00:00;0.0;0.0
26/01/2024 07:30:00;0.0;0.0
26/01/2024 08:00:00;2128.405035009095;4123.794655910012
26/01/2024 08:30:00;1723.9878934164465;3004.9559330213256
26/01/2024 09:00:00;1319.5707518237975;1886.117210132639
26/01/2024 09:30:00;1792.2159850574442;2299.6009632907208
26/01/2024 10:00:00;2264.861218291091;2713.0847164488027
26/01/2024 10:30:00;2626.355103411746;2993.0163664697084
26/01/2024 11:00:00;2987.848988532401;3272.948016490614
26/01/2024 11:30:00;2857.8090123897987;3104.8522929534997
26/01/2024 12:00:00;2727.769036247197;2936.7565694163854
26/01/2024 12:30:00;2523.716599232349;2724.9066052093835
26/01/2024 13:00:00;2319.664162217501;2513.0566410023816
26/01/2024 13:30:00;1869.1789923261476;2040.8757957754333
26/01/2024 14:00:00;1418.6938224347944;1568.6949505484847
26/01/2024 14:30:00;1229.250084029439;1386.7846272256468
26/01/2024 15:00:00;1039.8063456240839;1204.8743039028088
26/01/2024 15:30:00;519.9031728120419;602.4371519514044
26/01/2024 16:00:00;0.0;0.0
26/01/2024 16:30:00;176.47341412925772;341.7057530444812
26/01/2024 17:00:00;0.0;0.0
26/01/2024 17:30:00;0.0;0.0
26/01/2024 18:00:00;0.0;0.0
26/01/2024 18:30:00;0.0;0.0
26/01/2024 19:00:00;0.0;0.0
26/01/2024 19:30:00;0.0;0.0
26/01/2024 20:00:00;0.0;0.0
26/01/2024 20:30:00;0.0;0.0
26/01/2024 21:00:00;0.0;0.0
26/01/2024 21:30:00;0.0;0.0
26/01/2024 22:00:00;0.0;0.0
26/01/2024 22:30:00;0.0;0.0
26/01/2024 23:00:00;0.0;0.0
26/01/2024 23:30:00;0.0;0.0
27/01/2024 00:00:00;0.0;0.0
27/01/2024 00:30:00;0.0;0.0
27/01/2024 01:00:00;0.0;0.0
27/01/2024 01:30:00;0.0;0.0
27/01/2024 02:00:00;0.0;0.0
27/01/2024 02:30:00;0.0;0.0
27/01/2024 03:00:00;0.0;0.0
27/01/2024 03:30:00;0.0;0.0
27/01/2024 04:00:00;0.0;0.0
27/01/2024 04:30:00;0.0;0.0
27/01/2024 05:00:00;0.0;0.0
27/01/2024 05:30:00;0.0;0.0
27/01/2024 06:00:00;0.0;0.0
27/01/2024 06:30:00;0.0;0.0
27/01/2024 07:00:00;0.0;0.0
27/01/2024 07:30:00;0.0;0.0
27/01/2024 08:00:00;5647.149252136247;10934.584097423398
27/01/2024 08:30:00;3541.808464700614;6493.039715440959
27/01/2024 09:00:00;1436.4676772649811;2051.49533345852
27/01/2024 09:30:00;3107.65524838917;3884.2389823752237
27/01/2024 10:00:00;4778.842819513358;5716.982631291928
27/01/2024 10:30:00;5138.45576269764;5865.614306342971
27/01/2024 11:00:00;5498.068705881922;6014.245981394015
27/01/2024 11:30:00;3900.5790993740898;4244.831917321367
27/01/2024 12:00:00;2303.089492866258;2475.4178532487194
27/01/2024 12:30:00;4378.609947671534;4727.5338308542905
27/01/2024 13:00:00;6454.1304024768115;6979.6498084598625
27/01/2024 13:30:00;4090.6333727863584;4442.277748567283
27/01/2024 14:00:00;1727.1363430959052;1904.9056886747042
27/01/2024 14:30:00;1923.2334472692407;2175.8655294632517
27/01/2024 15:00:00;2119.3305514425765;2446.825370251799
27/01/2024 15:30:00;1059.6652757212883;1223.4126851258995
27/01/2024 16:00:00;0.0;0.0
27/01/2024 16:30:00;41.501680256496414;80.2769481494503
27/01/2024 17:00:00;0.0;0.0
27/01/2024 17:30:00;0.0;0.0
27/01/2024 18:00:00;0.0;0.0
27/01/2024 18:30:00;0.0;0.0
27/01/2024 19:00:00;0.0;0.0
27/01/2024 19:30:00;0.0;0.0
27/01/2024 20:00:00;0.0;0.0
27/01/2024 20:30:00;0.0;0.0
27/01/2024 21:00:00;0.0;0.0
27/01/2024 21:30:00;0.0;0.0
27/01/2024 22:00:00;0.0;0.0
27/01/2024 22:30:00;0.0;0.0
27/01/2024 23:00:00;0.0;0.0
27/01/2024 23:30:00;0.0;0.0
28/01/2024 00:00:00;0.0;0.0
28/01/2024 00:30:00;0.0;0.0
28/01/2024 01:00:00;0.0;0.0
28/01/2024 01:30:00;0.0;0.0
28/01/2024 02:00:00;0.0;0.0
28/01/2024 02:30:00;0.0;0.0
28/01/2024 03:00:00;0.0;0.0
28/01/2024 03:30:00;0.0;0.0
28/01/2024 04:00:00;0.0;0.0
28/01/2024 04:30:00;0.0;0.0
28/01/2024 05:00:00;0.0;0.0
28/01/2024 05:30:00;0.0;0.0
28/01/2024 06:00:00;0.0;0.0
28/01/2024 06:30:00;0.0;0.0
28/01/2024 07:00:00;0.0;0.0
28/01/2024 07:30:00;0.0;0.0
28/01/2024 08:00:00;1328.0537682078852;2568.86234078241
28/01/2024 08:30:00;1828.274222013612;2945.5404215541153
28/01/2024 09:00:00;2328.4946758193387;3322.2185023258207
28/01/2024 09:30:00;2216.6893939010974;2918.409037603503
28/01/2024 10:00:00;2104.8841119828567;2514.599572881185
28/01/2024 10:30:00;2233.1240137732343;2546.933263235288
28/01/2024 11:00:00;2361.3639155636124;2579.26695358939
28/01/2024 11:30:00;2534.1392040719256;2741.9490109401136
28/01/2024 12:00:00;2706.914492580239;2904.631068290836
28/01/2024 12:30:00;2314.372122626439;2489.638818387808
28/01/2024 13:00:00;1921.8297526726385;2074.64656848478
28/01/2024 13:30:00;1546.2790535046597;1681.34145728081
28/01/2024 14:00:00;1170.728354336681;1288.0363460768394
28/01/2024 14:30:00;935.7274645028089;1046.9837012108505
28/01/2024 15:00:00;700.7265746689368;805.9310563448616
28/01/2024 15:30:00;350.3632873344684;402.9655281724308
28/01/2024 16:00:00;0.0;0.0
28/01/2024 16:30:00;42.37407017489493;81.90548594342516
28/01/2024 17:00:00;0.0;0.0
28/01/2024 17:30:00;0.0;0.0
28/01/2024 18:00:00;0.0;0.0
28/01/2024 18:30:00;0.0;0.0
28/01/2024 19:00:00;0.0;0.0
28/01/2024 19:30:00;0.0;0.0
28/01/2024 20:00:00;0.0;0.0
28/01/2024 20:30:00;0.0;0.0
28/01/2024 21:00:00;0.0;0.0
28/01/2024 21:30:00;0.0;0.0
28/01/2024 22:00:00;0.0;0.0
28/01/2024 22:30:00;0.0;0.0
28/01/2024 23:00:00;0.0;0.0
28/01/2024 23:30:00;0.0;0.0
29/01/2024 00:00:00;0.0;0.0
29/01/2024 00:30:00;0.0;0.0
29/01/2024 01:00:00;0.0;0.0
29/01/2024 01:30:00;0.0;0.0
29/01/2024 02:00:00;0.0;0.0
29/01/2024 02:30:00;0.0;0.0
29/01/2024 03:00:00;0.0;0.0
29/01/2024 03:30:00;0.0;0.0
29/01/2024 04:00:00;0.0;0.0
29/01/2024 04:30:00;0.0;0.0
29/01/2024 05:00:00;0.0;0.0
29/01/2024 05:30:00;0.0;0.0
29/01/2024 06:00:00;0.0;0.0
29/01/2024 06:30:00;0.0;0.0
29/01/2024 07:00:00;0.0;0.0
29/01/2024 07:30:00;0.0;0.0
29/01/2024 08:00:00;1355.9702455966378;2620.975550189605
29/01/2024 08:30:00;2961.8183626478344;4565.453376615953
29/01/2024 09:00:00;4567.666479699031;6509.9312030423
29/01/2024 09:30:00;9748.384765159211;12159.26842251558
29/01/2024 10:00:00;14929.103050619391;17808.605641988863
29/01/2024 10:30:00;20503.272579337132;23124.401089744613
29/01/2024 11:00:00;26077.44210805487;28440.19653750037
29/01/2024 11:30:00;17545.028643972844;19047.226209490273
29/01/2024 12:00:00;9012.615179890816;9654.255881480181
29/01/2024 12:30:00;14109.960184162383;15175.489972503012
29/01/2024 13:00:00;19207.305188433947;20696.724063525842
29/01/2024 13:30:00;17382.753347870257;18885.17810747718
29/01/2024 14:00:00;15558.201507306567;17073.632151428512
29/01/2024 14:30:00;9568.522308151665;10587.08231769386
29/01/2024 15:00:00;3578.843108996768;4100.532483959205
29/01/2024 15:30:00;1789.421554498384;2050.2662419796025
29/01/2024 16:00:00;0.0;0.0
29/01/2024 16:30:00;0.0;0.0
29/01/2024 17:00:00;0.0;0.0
29/01/2024 17:30:00;0.0;0.0
29/01/2024 18:00:00;0.0;0.0
29/01/2024 18:30:00;0.0;0.0
29/01/2024 19:00:00;0.0;0.0
29/01/2024 19:30:00;0.0;0.0
29/01/2024 20:00:00;0.0;0.0
29/01/2024 20:30:00;0.0;0.0
29/01/2024 21:00:00;0.0;0.0
29/01/2024 21:30:00;0.0;0.0
29/01/2024 22:00:00;0.0;0.0
29/01/2024 22:30:00;0.0;0.0
29/01/2024 23:00:00;0.0;0.0
29/01/2024 23:30:00;0.0;0.0
30/01/2024 00:00:00;0.0;0.0
30/01/2024 00:30:00;0.0;0.0
30/01/2024 01:00:00;0.0;0.0
30/01/2024 01:30:00;0.0;0.0
30/01/2024 02:00:00;0.0;0.0
30/01/2024 02:30:00;0.0;0.0
30/01/2024 03:00:00;0.0;0.0
30/01/2024 03:30:00;0.0;0.0
30/01/2024 04:00:00;0.0;0.0
30/01/2024 04:30:00;0.0;0.0
30/01/2024 05:00:00;0.0;0.0
30/01/2024 05:30:00;0.0;0.0
30/01/2024 06:00:00;0.0;0.0
30/01/2024 06:30:00;0.0;0.0
30/01/2024 07:00:00;0.0;0.0
30/01/2024 07:30:00;3294.209701416705;6363.565141491414
30/01/2024 08:00:00;6588.41940283341;12727.130282982827
30/01/2024 08:30:00;7890.87938427046;12907.53831068842
30/01/2024 09:00:00;9193.339365707508;13087.946338394013
30/01/2024 09:30:00;10815.576311675966;13951.78913295944
30/01/2024 10:00:00;12437.813257644424;14815.631927524868
30/01/2024 10:30:00;15227.877960958751;17217.809098693935
30/01/2024 11:00:00;18017.942664273083;19619.986269863006
30/01/2024 11:30:00;14075.426588800612;15227.820273558506
30/01/2024 12:00:00;10132.91051332814;10835.654277254005
30/01/2024 12:30:00;12000.40249094664;12875.784340099946
30/01/2024 13:00:00;13867.894468565142;14915.91440294589
30/01/2024 13:30:00;9158.29581347096;9892.45856571625
30/01/2024 14:00:00;4448.697158376782;4869.002728486612
30/01/2024 14:30:00;6715.711013816222;7560.926391227904
30/01/2024 15:00:00;8982.724869255662;10252.850053969196
30/01/2024 15:30:00;4491.362434627831;5126.425026984598
30/01/2024 16:00:00;0.0;0.0
30/01/2024 16:30:00;0.0;0.0
30/01/2024 17:00:00;0.0;0.0
30/01/2024 17:30:00;0.0;0.0
30/01/2024 18:00:00;0.0;0.0
30/01/2024 18:30:00;0.0;0.0
30/01/2024 19:00:00;0.0;0.0
30/01/2024 19:30:00;0.0;0.0
30/01/2024 20:00:00;0.0;0.0
30/01/2024 20:30:00;0.0;0.0
30/01/2024 21:00:00;0.0;0.0
30/01/2024 21:30:00;0.0;0.0
30/01/2024 22:00:00;0.0;0.0
30/01/2024 22:30:00;0.0;0.0
30/01/2024 23:00:00;0.0;0.0
30/01/2024 23:30:00;0.0;0.0
31/01/2024 00:00:00;0.0;0.0
31/01/2024 00:30:00;0.0;0.0
31/01/2024 01:00:00;0.0;0.0
31/01/2024 01:30:00;0.0;0.0
31/01/2024 02:00:00;0.0;0.0
31/01/2024 02:30:00;0.0;0.0
31/01/2024 03:00:00;0.0;0.0
31/01/2024 03:30:00;0.0;0.0
31/01/2024 04:00:00;0.0;0.0
31/01/2024 04:30:00;0.0;0.0
31/01/2024 05:00:00;0.0;0.0
31/01/2024 05:30:00;0.0;0.0
31/01/2024 06:00:00;0.0;0.0
31/01/2024 06:30:00;0.0;0.0
31/01/2024 07:00:00;0.0;0.0
31/01/2024 07:30:00;776.8564367136079;1499.6456335918529
31/01/2024 08:00:00;1553.7128734272158;2999.2912671837057
31/01/2024 08:30:00;2557.5147533036925;4031.2017616701064
31/01/2024 09:00:00;3561.316633180169;5063.112256156507
31/01/2024 09:30:00;10093.436824833276;12417.915185958735
31/01/2024 10:00:00;16625.557016486382;19772.718115760963
31/01/2024 10:30:00;22427.099408366717;25230.814203113972
31/01/2024 11:00:00;28228.641800247056;30688.91029046698
31/01/2024 11:30:00;20469.486734642738;22128.277690773124
31/01/2024 12:00:00;12710.331669038424;13567.645091079263
31/01/2024 12:30:00;9619.160736438116;10287.836245274033
31/01/2024 13:00:00;6527.989803837809;7008.027399468803
31/01/2024 13:30:00;6586.627156413069;7130.887642061958
31/01/2024 14:00:00;6645.26450898833;7253.747884655111
31/01/2024 14:30:00;3645.7478230019383;3994.219888605214
31/01/2024 15:00:00;646.2311370155475;734.6918925553161
31/01/2024 15:30:00;329.7936341412896;375.8637796788646
31/01/2024 16:00:00;13.356131267031714;17.03566680241319
31/01/2024 16:30:00;12.910926891463989;16.46781124233275
31/01/2024 17:00:00;0.0;0.0
31/01/2024 17:30:00;0.0;0.0
31/01/2024 18:00:00;0.0;0.0
31/01/2024 18:30:00;0.0;0.0
31/01/2024 19:00:00;0.0;0.0
31/01/2024 19:30:00;0.0;0.0
31/01/2024 20:00:00;0.0;0.0
31/01/2024 20:30:00;0.0;0.0
31/01/2024 21:00:00;0.0;0.0
31/01/2024 21:30:00;0.0;0.0
31/01/2024 22:00:00;0.0;0.0
31/01/2024 22:30:00;0.0;0.0
31/01/2024 23:00:00;0.0;0.0
31/01/2024 23:30:00;0.0;0.0
01/02/2024 00:00:00;0.0;0.0
01/02/2024 00:30:00;0.0;0.0
01/02/2024 01:00:00;0.0;0.0
01/02/2024 01:30:00;0.0;0.0
01/02/2024 02:00:00;0.0;0.0
01/02/2024 02:30:00;0.0;0.0
01/02/2024 03:00:00;0.0;0.0
01/02/2024 03:30:00;0.0;0.0
01/02/2024 04:00:00;0.0;0.0
01/02/2024 04:30:00;0.0;0.0
01/02/2024 05:00:00;0.0;0.0
01/02/2024 05:30:00;0.0;0.0
01/02/2024 06:00:00;0.0;0.0
01/02/2024 06:30:00;0.0;0.0
01/02/2024 07:00:00;0.0;0.0
01/02/2024 07:30:00;1036.246607722162;1998.5269689136223
01/02/2024 08:00:00;2072.493215444324;3997.0539378272447
01/02/2024 08:30:00;2474.722789465931;4041.0351287190915
01/02/2024 09:00:00;2876.952363487538;4085.0163196109374
01/02/2024 09:30:00;6227.426266076049;7728.466390966463
01/02/2024 10:00:00;9577.90016866456;11371.916462321988
01/02/2024 10:30:00;6038.4204633756335;7042.162520143122
01/02/2024 11:00:00;2498.940758086706;2712.408577964255
01/02/2024 11:30:00;3263.6437927140832;3502.4121493252956
01/02/2024 12:00:00;4028.34682734146;4292.4157206863365
01/02/2024 12:30:00;3467.2682721928472;3703.209641307104
01/02/2024 13:00:00;2906.189717044234;3114.0035619278715
01/02/2024 13:30:00;1787.041179516947;1920.5584895149045
01/02/2024 14:00:00;667.8926419896604;727.1134171019374
01/02/2024 14:30:00;2011.7947668348959;2263.500634957794
01/02/2024 15:00:00;3355.6968916801316;3799.8878528136506
01/02/2024 15:30:00;1684.549539893466;1908.4286883666155
01/02/2024 16:00:00;13.402188106800942;16.969523919580425
01/02/2024 16:30:00;12.95544850324091;16.403873122261075
01/02/2024 17:00:00;0.0;0.0
01/02/2024 17:30:00;0.0;0.0
01/02/2024 18:00:00;0.0;0.0
01/02/2024 18:30:00;0.0;0.0
01/02/2024 19:00:00;0.0;0.0
01/02/2024 19:30:00;0.0;0.0
01/02/2024 20:00:00;0.0;0.0
01/02/2024 20:30:00;0.0;0.0
01/02/2024 21:00:00;0.0;0.0
01/02/2024 21:30:00;0.0;0.0
01/02/2024 22:00:00;0.0;0.0
01/02/2024 22:30:00;0.0;0.0
01/02/2024 23:00:00;0.0;0.0
01/02/2024 23:30:00;0.0;0.0
02/02/2024 00:00:00;0.0;0.0
02/02/2024 00:30:00;0.0;0.0
02/02/2024 01:00:00;0.0;0.0
02/02/2024 01:30:00;0.0;0.0
02/02/2024 02:00:00;0.0;0.0
02/02/2024 02:30:00;0.0;0.0
02/02/2024 03:00:00;0.0;0.0
02/02/2024 03:30:00;0.0;0.0
02/02/2024 04:00:00;0.0;0.0
02/02/2024 04:30:00;0.0;0.0
02/02/2024 05:00:00;0.0;0.0
02/02/2024 05:30:00;0.0;0.0
02/02/2024 06:00:00;0.0;0.0
02/02/2024 06:30:00;0.0;0.0
02/02/2024 07:00:00;0.0;0.0
02/02/2024 07:30:00;282.9877981884043;545.3842822305966
02/02/2024 08:00:00;565.9755963768087;1090.7685644611931
02/02/2024 08:30:00;1768.6016333747334;2651.654683516017
02/02/2024 09:00:00;2971.2276703726584;4212.540802570841
02/02/2024 09:30:00;2462.015285682362;3263.6197025138617
02/02/2024 10:00:00;1952.8029009920665;2314.6986024568823
02/02/2024 10:30:00;2075.386092122367;2348.1876989273474
02/02/2024 11:00:00;2197.9692832526666;2381.6767953978124
02/02/2024 11:30:00;2527.076435673461;2709.748948438358
02/02/2024 12:00:00;2856.1835880942563;3037.8211014789035
02/02/2024 12:30:00;2516.4968872238924;2682.8490068210167
02/02/2024 13:00:00;2176.8101863535285;2327.87691216313
02/02/2024 13:30:00;1783.668575596462;1918.8293516712995
02/02/2024 14:00:00;1390.5269648393953;1509.7817911794689
02/02/2024 14:30:00;1121.4361389299515;1235.56797520402
02/02/2024 15:00:00;852.3453130205073;961.3541592285713
02/02/2024 15:30:00;446.3445634178458;506.0412082239115
02/02/2024 16:00:00;40.343813815184284;50.7282572192516
02/02/2024 16:30:00;38.999020021344805;49.03731531194322
02/02/2024 17:00:00;0.0;0.0
02/02/2024 17:30:00;0.0;0.0
02/02/2024 18:00:00;0.0;0.0
02/02/2024 18:30:00;0.0;0.0
02/02/2024 19:00:00;0.0;0.0
02/02/2024 19:30:00;0.0;0.0
02/02/2024 20:00:00;0.0;0.0
02/02/2024 20:30:00;0.0;0.0
02/02/2024 21:00:00;0.0;0.0
02/02/2024 21:30:00;0.0;0.0
02/02/2024 22:00:00;0.0;0.0
02/02/2024 22:30:00;0.0;0.0
02/02/2024 23:00:00;0.0;0.0
02/02/2024 23:30:00;0.0;0.0
03/02/2024 00:00:00;0.0;0.0
03/02/2024 00:30:00;0.0;0.0
03/02/2024 01:00:00;0.0;0.0
03/02/2024 01:30:00;0.0;0.0
03/02/2024 02:00:00;0.0;0.0
03/02/2024 02:30:00;0.0;0.0
03/02/2024 03:00:00;0.0;0.0
03/02/2024 03:30:00;0.0;0.0
03/02/2024 04:00:00;0.0;0.0
03/02/2024 04:30:00;0.0;0.0
03/02/2024 05:00:00;0.0;0.0
03/02/2024 05:30:00;0.0;0.0
03/02/2024 06:00:00;0.0;0.0
03/02/2024 06:30:00;0.0;0.0
03/02/2024 07:00:00;0.0;0.0
03/02/2024 07:30:00;968.8929964863668;1865.1542152379393
03/02/2024 08:00:00;1937.7859929727335;3730.3084304758786
03/02/2024 08:30:00;3625.5035275783243;5625.86396909267
03/02/2024 09:00:00;5313.221062183915;7521.419507709461
03/02/2024 09:30:00;3816.198367068371;5132.8148129259625
03/02/2024 10:00:00;2319.175671952828;2744.210118142463
03/02/2024 10:30:00;10790.43570539791;11790.419733669969
03/02/2024 11:00:00;19261.69573884299;20836.629349197476
03/02/2024 11:30:00;10563.881787168331;11408.862249361982
03/02/2024 12:00:00;1866.0678354936715;1981.0951495264887
03/02/2024 12:30:00;1728.895970267411;1839.9765906123434
03/02/2024 13:00:00;1591.7241050411508;1698.8580316981981
03/02/2024 13:30:00;1518.5305543281352;1631.9658219734843
03/02/2024 14:00:00;1445.3370036151196;1565.0736122487704
03/02/2024 14:30:00;1426.5605687010568;1573.770499267987
03/02/2024 15:00:00;1407.784133786994;1582.4673862872035
03/02/2024 15:30:00;751.0455714321828;850.1376200546182
03/02/2024 16:00:00;94.3070090773717;117.80785382203281
03/02/2024 16:30:00;91.49030552834995;114.98512302451135
03/02/2024 17:00:00;0.0;0.0
03/02/2024 17:30:00;0.0;0.0
03/02/2024 18:00:00;0.0;0.0
03/02/2024 18:30:00;0.0;0.0
03/02/2024 19:00:00;0.0;0.0
03/02/2024 19:30:00;0.0;0.0
03/02/2024 20:00:00;0.0;0.0
03/02/2024 20:30:00;0.0;0.0
03/02/2024 21:00:00;0.0;0.0
03/02/2024 21:30:00;0.0;0.0
03/02/2024 22:00:00;0.0;0.0
03/02/2024 22:30:00;0.0;0.0
03/02/2024 23:00:00;0.0;0.0
03/02/2024 23:30:00;0.0;0.0
04/02/2024 00:00:00;0.0;0.0
04/02/2024 00:30:00;0.0;0.0
04/02/2024 01:00:00;0.0;0.0
04/02/2024 01:30:00;0.0;0.0
04/02/2024 02:00:00;0.0;0.0
04/02/2024 02:30:00;0.0;0.0
04/02/2024 03:00:00;0.0;0.0
04/02/2024 03:30:00;0.0;0.0
04/02/2024 04:00:00;0.0;0.0
04/02/2024 04:30:00;0.0;0.0
04/02/2024 05:00:00;0.0;0.0
04/02/2024 05:30:00;0.0;0.0
04/02/2024 06:00:00;0.0;0.0
04/02/2024 06:30:00;0.0;0.0
04/02/2024 07:00:00;9.805902606719421;33.12592989638902
04/02/2024 07:30:00;1257.5120844607773;2425.1178069408347
04/02/2024 08:00:00;2505.2182663148346;4817.109683985281
04/02/2024 08:30:00;4318.465726409219;6741.4602505954945
04/02/2024 09:00:00;6131.7131865036035;8665.810817205707
04/02/2024 09:30:00;4563.111872579508;6101.266020299995
04/02/2024 10:00:00;2994.5105586554114;3536.7212233942823
04/02/2024 10:30:00;2722.4614619758877;3091.4141133792505
04/02/2024 11:00:00;2450.4123652963635;2646.107003364218
04/02/2024 11:30:00;3063.4189420083644;3270.9995199023238
04/02/2024 12:00:00;3676.4255187203657;3895.89203644043
04/02/2024 12:30:00;8586.080834530474;9135.873386866948
04/02/2024 13:00:00;13495.73615034058;14375.854737293468
04/02/2024 13:30:00;7872.8211928951705;8403.343629783194
04/02/2024 14:00:00;2249.9062354497614;2430.832522272922
04/02/2024 14:30:00;1512.563061549915;1649.6027124058937
04/02/2024 15:00:00;775.2198876500682;868.3729025388656
04/02/2024 15:30:00;407.91245200936686;459.381983976118
04/02/2024 16:00:00;40.60501636866536;50.39106541337051
04/02/2024 16:30:00;39.57863730981841;49.81552840412818
04/02/2024 17:00:00;0.0;0.0
04/02/2024 17:30:00;0.0;0.0
04/02/2024 18:00:00;0.0;0.0
04/02/2024 18:30:00;0.0;0.0
04/02/2024 19:00:00;0.0;0.0
04/02/2024 19:30:00;0.0;0.0
04/02/2024 20:00:00;0.0;0.0
04/02/2024 20:30:00;0.0;0.0
04/02/2024 21:00:00;0.0;0.0
04/02/2024 21:30:00;0.0;0.0
04/02/2024 22:00:00;0.0;0.0
04/02/2024 22:30:00;0.0;0.0
04/02/2024 23:00:00;0.0;0.0
04/02/2024 23:30:00;0.0;0.0
05/02/2024 00:00:00;0.0;0.0
05/02/2024 00:30:00;0.0;0.0
05/02/2024 01:00:00;0.0;0.0
05/02/2024 01:30:00;0.0;0.0
05/02/2024 02:00:00;0.0;0.0
05/02/2024 02:30:00;0.0;0.0
05/02/2024 03:00:00;0.0;0.0
05/02/2024 03:30:00;0.0;0.0
05/02/2024 04:00:00;0.0;0.0
05/02/2024 04:30:00;0.0;0.0
05/02/2024 05:00:00;0.0;0.0
05/02/2024 05:30:00;0.0;0.0
05/02/2024 06:00:00;0.0;0.0
05/02/2024 06:30:00;0.0;0.0
05/02/2024 07:00:00;9.813644603256847;33.12495513610067
05/02/2024 07:30:00;418.2389029079958;810.415384875102
05/02/2024 08:00:00;826.6641612127347;1587.7058146141032
05/02/2024 08:30:00;1769.6124227162686;2707.698713780865
05/02/2024 09:00:00;2712.560684219802;3827.691612947627
05/02/2024 09:30:00;2169.2722322399063;2872.3457848389053
05/02/2024 10:00:00;1625.9837802600105;1916.999956730184
05/02/2024 10:30:00;1748.8533744378537;1967.2794446789105
05/02/2024 11:00:00;1871.7229686156968;2017.558932627637
05/02/2024 11:30:00;2122.07187609399;2263.4220492851464
05/02/2024 12:00:00;2372.4207835722823;2509.2851659426556
05/02/2024 12:30:00;2354.954905293904;2497.077499913887
05/02/2024 13:00:00;2337.4890270155265;2484.869833885119
05/02/2024 13:30:00;1998.1540737711537;2136.4553532194054
05/02/2024 14:00:00;1658.8191205267808;1788.0408725536922
05/02/2024 14:30:00;1187.2559570251744;1293.4601078056903
05/02/2024 15:00:00;715.6927935235678;798.8793430576882
05/02/2024 15:30:00;418.8502113712627;474.6466420458463
05/02/2024 16:00:00;122.00762921895749;150.41394103400438
05/02/2024 16:30:00;117.94070824499224;145.40014299953756
05/02/2024 17:00:00;0.0;0.0
05/02/2024 17:30:00;0.0;0.0
05/02/2024 18:00:00;0.0;0.0
05/02/2024 18:30:00;0.0;0.0
05/02/2024 19:00:00;0.0;0.0
05/02/2024 19:30:00;0.0;0.0
05/02/2024 20:00:00;0.0;0.0
05/02/2024 20:30:00;0.0;0.0
05/02/2024 21:00:00;0.0;0.0
05/02/2024 21:30:00;0.0;0.0
05/02/2024 22:00:00;0.0;0.0
05/02/2024 22:30:00;0.0;0.0
05/02/2024 23:00:00;0.0;0.0
05/02/2024 23:30:00;0.0;0.0
06/02/2024 00:00:00;0.0;0.0
06/02/2024 00:30:00;0.0;0.0
06/02/2024 01:00:00;0.0;0.0
06/02/2024 01:30:00;0.0;0.0
06/02/2024 02:00:00;0.0;0.0
06/02/2024 02:30:00;0.0;0.0
06/02/2024 03:00:00;0.0;0.0
06/02/2024 03:30:00;0.0;0.0
06/02/2024 04:00:00;0.0;0.0
06/02/2024 04:30:00;0.0;0.0
06/02/2024 05:00:00;0.0;0.0
06/02/2024 05:30:00;0.0;0.0
06/02/2024 06:00:00;0.0;0.0
06/02/2024 06:30:00;0.0;0.0
06/02/2024 07:00:00;0.0;0.0
06/02/2024 07:30:00;504.50840424709105;967.6459114203841
06/02/2024 08:00:00;1009.0168084941821;1935.2918228407682
06/02/2024 08:30:00;1044.462949944027;1728.112679623992
06/02/2024 09:00:00;1079.9090913938721;1520.9335364072163
06/02/2024 09:30:00;1607.0459385439801;2016.015193607261
06/02/2024 10:00:00;2134.182785694088;2511.0968508073056
06/02/2024 10:30:00;2772.8834340326534;3091.02032996262
06/02/2024 11:00:00;3411.584082371219;3670.9438091179345
06/02/2024 11:30:00;3863.44028633705;4113.134203369979
06/02/2024 12:00:00;4315.296490302881;4555.324597622024
06/02/2024 12:30:00;3284.2775399885822;3472.898460011624
06/02/2024 13:00:00;2253.2585896742844;2390.472322401224
06/02/2024 13:30:00;2126.6488960996944;2270.6527006721126
06/02/2024 14:00:00;2000.0392025251049;2150.833078943001
06/02/2024 14:30:00;2292.240344936108;2512.7388499469484
06/02/2024 15:00:00;2584.4414873471123;2874.6446209508954
06/02/2024 15:30:00;1353.39297859946;1512.2391356699948
06/02/2024 16:00:00;122.34446985180777;149.8336503890944
06/02/2024 16:30:00;121.21491645378644;154.76323570597526
06/02/2024 17:00:00;0.0;0.0
06/02/2024 17:30:00;0.0;0.0
06/02/2024 18:00:00;0.0;0.0
06/02/2024 18:30:00;0.0;0.0
06/02/2024 19:00:00;0.0;0.0
06/02/2024 19:30:00;0.0;0.0
06/02/2024 20:00:00;0.0;0.0
06/02/2024 20:30:00;0.0;0.0
06/02/2024 21:00:00;0.0;0.0
06/02/2024 21:30:00;0.0;0.0
06/02/2024 22:00:00;0.0;0.0
06/02/2024 22:30:00;0.0;0.0
06/02/2024 23:00:00;0.0;0.0
06/02/2024 23:30:00;0.0;0.0
07/02/2024 00:00:00;0.0;0.0
07/02/2024 00:30:00;0.0;0.0
07/02/2024 01:00:00;0.0;0.0
07/02/2024 01:30:00;0.0;0.0
07/02/2024 02:00:00;0.0;0.0
07/02/2024 02:30:00;0.0;0.0
07/02/2024 03:00:00;0.0;0.0
07/02/2024 03:30:00;0.0;0.0
07/02/2024 04:00:00;0.0;0.0
07/02/2024 04:30:00;0.0;0.0
07/02/2024 05:00:00;0.0;0.0
07/02/2024 05:30:00;0.0;0.0
07/02/2024 06:00:00;0.0;0.0
07/02/2024 06:30:00;0.0;0.0
07/02/2024 07:00:00;88.45786791116818;297.7212098955206
07/02/2024 07:30:00;3931.4018789035877;7592.690018791879
07/02/2024 08:00:00;7774.345889896006;14887.658827688238
07/02/2024 08:30:00;12347.954088983553;19338.590236450404
07/02/2024 09:00:00;16921.562288071098;23789.521645212575
07/02/2024 09:30:00;20591.168961560903;26143.74768421375
07/02/2024 10:00:00;24260.77563505071;28497.97372321493
07/02/2024 10:30:00;27864.646704360777;31147.188417478093
07/02/2024 11:00:00;31468.517773670847;33796.40311174126
07/02/2024 11:30:00;31446.27347682446;33451.79874818389
07/02/2024 12:00:00;31424.02917997807;33107.19438462651
07/02/2024 12:30:00;29376.00213398338;31020.32688686163
07/02/2024 13:00:00;27327.975087988696;28933.459389096748
07/02/2024 13:30:00;22869.593214761207;24343.276516254093
07/02/2024 14:00:00;18411.211341533723;19753.09364341144
07/02/2024 14:30:00;13963.244109423504;15149.734971599422
07/02/2024 15:00:00;9515.276877313283;10546.3762997874
07/02/2024 15:30:00;4922.079270230155;5473.1902270829205
07/02/2024 16:00:00;328.8816631470259;400.00415437844055
07/02/2024 16:30:00;321.2005698630147;397.69743232937606
07/02/2024 17:00:00;0.0;0.0
07/02/2024 17:30:00;0.0;0.0
07/02/2024 18:00:00;0.0;0.0
07/02/2024 18:30:00;0.0;0.0
07/02/2024 19:00:00;0.0;0.0
07/02/2024 19:30:00;0.0;0.0
07/02/2024 20:00:00;0.0;0.0
07/02/2024 20:30:00;0.0;0.0
07/02/2024 21:00:00;0.0;0.0
07/02/2024 21:30:00;0.0;0.0
07/02/2024 22:00:00;0.0;0.0
07/02/2024 22:30:00;0.0;0.0
07/02/2024 23:00:00;0.0;0.0
07/02/2024 23:30:00;0.0;0.0
08/02/2024 00:00:00;0.0;0.0
08/02/2024 00:30:00;0.0;0.0
08/02/2024 01:00:00;0.0;0.0
08/02/2024 01:30:00;0.0;0.0
08/02/2024 02:00:00;0.0;0.0
08/02/2024 02:30:00;0.0;0.0
08/02/2024 03:00:00;0.0;0.0
08/02/2024 03:30:00;0.0;0.0
08/02/2024 04:00:00;0.0;0.0
08/02/2024 04:30:00;0.0;0.0
08/02/2024 05:00:00;0.0;0.0
08/02/2024 05:30:00;0.0;0.0
08/02/2024 06:00:00;0.0;0.0
08/02/2024 06:30:00;0.0;0.0
08/02/2024 07:00:00;98.4488646266902;330.80249290650596
08/02/2024 07:30:00;3863.1654559783333;7457.440568113578
08/02/2024 08:00:00;7627.882047329977;14584.078643320649
08/02/2024 08:30:00;12144.539621519822;18982.44357217897
08/02/2024 09:00:00;16661.197195709665;23380.80850103729
08/02/2024 09:30:00;20613.11132028081;26096.801783322477
08/02/2024 10:00:00;24565.02544485196;28812.79506560767
08/02/2024 10:30:00;27457.729315525805;30673.536183230244
08/02/2024 11:00:00;30350.433186199647;32534.277300852817
08/02/2024 11:30:00;30827.326330554974;32725.499890149717
08/02/2024 12:00:00;31304.219474910296;32916.72247944661
08/02/2024 12:30:00;29289.208469415695;30866.379152898302
08/02/2024 13:00:00;27274.197463921097;28816.03582634999
08/02/2024 13:30:00;22991.47441405759;24420.77854491855
08/02/2024 14:00:00;18708.75136419408;20025.52126348711
08/02/2024 14:30:00;14258.187152708173;15428.015049661893
08/02/2024 15:00:00;9807.622941222267;10830.50883583668
08/02/2024 15:30:00;5126.786687197614;5684.579403351068
08/02/2024 16:00:00;445.95043317295983;538.6499708654569
08/02/2024 16:30:00;437.2927163081479;541.5094789892429
08/02/2024 17:00:00;0.0;0.0
08/02/2024 17:30:00;0.0;0.0
08/02/2024 18:00:00;0.0;0.0
08/02/2024 18:30:00;0.0;0.0
08/02/2024 19:00:00;0.0;0.0
08/02/2024 19:30:00;0.0;0.0
08/02/2024 20:00:00;0.0;0.0
08/02/2024 20:30:00;0.0;0.0
08/02/2024 21:00:00;0.0;0.0
08/02/2024 21:30:00;0.0;0.0
08/02/2024 22:00:00;0.0;0.0
08/02/2024 22:30:00;0.0;0.0
08/02/2024 23:00:00;0.0;0.0
08/02/2024 23:30:00;0.0;0.0
09/02/2024 00:00:00;0.0;0.0
09/02/2024 00:30:00;0.0;0.0
09/02/2024 01:00:00;0.0;0.0
09/02/2024 01:30:00;0.0;0.0
09/02/2024 02:00:00;0.0;0.0
09/02/2024 02:30:00;0.0;0.0
09/02/2024 03:00:00;0.0;0.0
09/02/2024 03:30:00;0.0;0.0
09/02/2024 04:00:00;0.0;0.0
09/02/2024 04:30:00;0.0;0.0
09/02/2024 05:00:00;0.0;0.0
09/02/2024 05:30:00;0.0;0.0
09/02/2024 06:00:00;0.0;0.0
09/02/2024 06:30:00;0.0;0.0
09/02/2024 07:00:00;186.21892722860147;624.4352145790346
09/02/2024 07:30:00;3909.487229474371;7597.338220881895
09/02/2024 08:00:00;7632.75553172014;14570.241227184753
09/02/2024 08:30:00;12064.563207864632;18835.976670243723
09/02/2024 09:00:00;16496.370884009124;23101.712113302692
09/02/2024 09:30:00;20494.59691690189;25894.55847713628
09/02/2024 10:00:00;24492.822949794652;28687.404840969873
09/02/2024 10:30:00;27391.680189448834;30547.90675612079
09/02/2024 11:00:00;30290.537429103017;32408.408671271707
09/02/2024 11:30:00;30562.29028862632;32382.793673715874
09/02/2024 12:00:00;30834.04314814962;32357.17867616004
09/02/2024 12:30:00;28953.076224330107;30449.812890809688
09/02/2024 13:00:00;27072.10930051059;28542.447105459334
09/02/2024 13:30:00;22977.381145126805;24352.62185248995
09/02/2024 14:00:00;18882.652989743012;20162.796599520563
09/02/2024 14:30:00;14365.261831176029;15499.552724088835
09/02/2024 15:00:00;9847.870672609046;10836.308848657105
09/02/2024 15:30:00;5187.564034055286;5734.446320970442
09/02/2024 16:00:00;527.2573955015262;632.5837932837779
09/02/2024 16:30:00;516.4128405593023;634.0115425821986
09/02/2024 17:00:00;0.0;0.0
09/02/2024 17:30:00;0.0;0.0
09/02/2024 18:00:00;0.0;0.0
09/02/2024 18:30:00;0.0;0.0
09/02/2024 19:00:00;0.0;0.0
09/02/2024 19:30:00;0.0;0.0
09/02/2024 20:00:00;0.0;0.0
09/02/2024 20:30:00;0.0;0.0
09/02/2024 21:00:00;0.0;0.0
09/02/2024 21:30:00;0.0;0.0
09/02/2024 22:00:00;0.0;0.0
09/02/2024 22:30:00;0.0;0.0
09/02/2024 23:00:00;0.0;0.0
09/02/2024 23:30:00;0.0;0.0
10/02/2024 00:00:00;0.0;0.0
10/02/2024 00:30:00;0.0;0.0
10/02/2024 01:00:00;0.0;0.0
10/02/2024 01:30:00;0.0;0.0
10/02/2024 02:00:00;0.0;0.0
10/02/2024 02:30:00;0.0;0.0
10/02/2024 03:00:00;0.0;0.0
10/02/2024 03:30:00;0.0;0.0
10/02/2024 04:00:00;0.0;0.0
10/02/2024 04:30:00;0.0;0.0
10/02/2024 05:00:00;0.0;0.0
10/02/2024 05:30:00;0.0;0.0
10/02/2024 06:00:00;0.0;0.0
10/02/2024 06:30:00;0.0;0.0
10/02/2024 07:00:00;201.920747234807;675.4162722363966
10/02/2024 07:30:00;3920.2811262114124;7615.328915793575
10/02/2024 08:00:00;7638.641505188018;14555.241559350754
10/02/2024 08:30:00;11994.83845031724;18707.57421933954
10/02/2024 09:00:00;16351.035395446463;22859.906879328337
10/02/2024 09:30:00;20515.13327971185;25860.105873398606
10/02/2024 10:00:00;24679.231163977234;28860.304867468876
10/02/2024 10:30:00;27482.47201892435;30599.990843371987
10/02/2024 11:00:00;30285.712873871464;32339.6768192751
10/02/2024 11:30:00;30423.103817715226;32180.079298720193
10/02/2024 12:00:00;30560.49476155899;32020.481778165286
10/02/2024 12:30:00;28822.01109565149;30256.745506791252
10/02/2024 13:00:00;27083.52742974399;28493.009235417227
10/02/2024 13:30:00;21632.397964675558;22865.415350270538
10/02/2024 14:00:00;16181.268499607126;17237.821465123845
10/02/2024 14:30:00;10840.437290625952;11633.531177130135
10/02/2024 15:00:00;5499.606081644781;6029.240889136426
10/02/2024 15:30:00;2979.248506905328;3287.9834274253076
10/02/2024 16:00:00;458.8909321658755;546.7259657141891
10/02/2024 16:30:00;450.1894729097277;550.5070665954911
10/02/2024 17:00:00;0.0;0.0
10/02/2024 17:30:00;0.0;0.0
10/02/2024 18:00:00;0.0;0.0
10/02/2024 18:30:00;0.0;0.0
10/02/2024 19:00:00;0.0;0.0
10/02/2024 19:30:00;0.0;0.0
10/02/2024 20:00:00;0.0;0.0
10/02/2024 20:30:00;0.0;0.0
10/02/2024 21:00:00;0.0;0.0
10/02/2024 21:30:00;0.0;0.0
10/02/2024 22:00:00;0.0;0.0
10/02/2024 22:30:00;0.0;0.0
10/02/2024 23:00:00;0.0;0.0
10/02/2024 23:30:00;0.0;0.0
11/02/2024 00:00:00;0.0;0.0
11/02/2024 00:30:00;0.0;0.0
11/02/2024 01:00:00;0.0;0.0
11/02/2024 01:30:00;0.0;0.0
11/02/2024 02:00:00;0.0;0.0
11/02/2024 02:30:00;0.0;0.0
11/02/2024 03:00:00;0.0;0.0
11/02/2024 03:30:00;0.0;0.0
11/02/2024 04:00:00;0.0;0.0
11/02/2024 04:30:00;0.0;0.0
11/02/2024 05:00:00;0.0;0.0
11/02/2024 05:30:00;0.0;0.0
11/02/2024 06:00:00;0.0;0.0
11/02/2024 06:30:00;0.0;0.0
11/02/2024 07:00:00;197.84715448144112;660.1589921532492
11/02/2024 07:30:00;3410.3725292381473;6627.272634308197
11/02/2024 08:00:00;6622.897903994854;12594.386276463147
11/02/2024 08:30:00;7631.109547545963;12325.74673742646
11/02/2024 09:00:00;8639.321191097073;12057.107198389775
11/02/2024 09:30:00;16143.423043281091;19834.766358707617
11/02/2024 10:00:00;23647.52489546511;27612.425519025463
11/02/2024 10:30:00;26506.00179350019;29453.470856048658
11/02/2024 11:00:00;29364.478691535263;31294.516193071853
11/02/2024 11:30:00;29582.415642839947;31234.876072867217
11/02/2024 12:00:00;29800.352594144635;31175.235952662577
11/02/2024 12:30:00;27647.340828848348;28969.96388487148
11/02/2024 13:00:00;25494.329063552064;26764.69181708038
11/02/2024 13:30:00;21932.262812111767;23143.424970772638
11/02/2024 14:00:00;18370.19656067147;19522.1581244649
11/02/2024 14:30:00;14006.966357544175;15027.617438970303
11/02/2024 15:00:00;9643.736154416882;10533.076753475707
11/02/2024 15:30:00;5103.987620774002;5600.353614180283
11/02/2024 16:00:00;564.2390871311225;667.6304748848594
11/02/2024 16:30:00;557.0113032955549;683.9207050746621
11/02/2024 17:00:00;0.0;0.0
11/02/2024 17:30:00;0.0;0.0
11/02/2024 18:00:00;0.0;0.0
11/02/2024 18:30:00;0.0;0.0
11/02/2024 19:00:00;0.0;0.0
11/02/2024 19:30:00;0.0;0.0
11/02/2024 20:00:00;0.0;0.0
11/02/2024 20:30:00;0.0;0.0
11/02/2024 21:00:00;0.0;0.0
11/02/2024 21:30:00;0.0;0.0
11/02/2024 22:00:00;0.0;0.0
11/02/2024 22:30:00;0.0;0.0
11/02/2024 23:00:00;0.0;0.0
11/02/2024 23:30:00;0.0;0.0
12/02/2024 00:00:00;0.0;0.0
12/02/2024 00:30:00;0.0;0.0
12/02/2024 01:00:00;0.0;0.0
12/02/2024 01:30:00;0.0;0.0
12/02/2024 02:00:00;0.0;0.0
12/02/2024 02:30:00;0.0;0.0
12/02/2024 03:00:00;0.0;0.0
12/02/2024 03:30:00;0.0;0.0
12/02/2024 04:00:00;0.0;0.0
12/02/2024 04:30:00;0.0;0.0
12/02/2024 05:00:00;0.0;0.0
12/02/2024 05:30:00;0.0;0.0
12/02/2024 06:00:00;0.0;0.0
12/02/2024 06:30:00;0.0;0.0
12/02/2024 07:00:00;347.40557206409267;1156.3373805789413
12/02/2024 07:30:00;2587.2047202273056;5158.535199091948
12/02/2024 08:00:00;4827.003868390519;9160.733017604956
12/02/2024 08:30:00;8890.19476842373;13604.27042568481
12/02/2024 09:00:00;12953.38566845694;18047.807833764662
12/02/2024 09:30:00;18711.862838089055;23287.05654827424
12/02/2024 10:00:00;24470.340007721163;28526.30526278381
12/02/2024 10:30:00;27231.796728079786;30217.441360931425
12/02/2024 11:00:00;29993.253448438412;31908.57745907904
12/02/2024 11:30:00;29978.439675278445;31602.845180383738
12/02/2024 12:00:00;29963.625902118478;31297.11290168844
12/02/2024 12:30:00;28279.8831853277;29584.574980867397
12/02/2024 13:00:00;26596.140468536923;27872.03706004635
12/02/2024 13:30:00;22666.523479756033;23867.084684276124
12/02/2024 14:00:00;18736.906490975147;19862.132308505905
12/02/2024 14:30:00;14307.311302157037;15305.283508071449
12/02/2024 15:00:00;9877.716113338927;10748.434707636992
12/02/2024 15:30:00;6079.667172022442;6715.780429970362
12/02/2024 16:00:00;2281.6182307059585;2683.1261523037324
12/02/2024 16:30:00;2215.7516131840566;2627.4997342903707
12/02/2024 17:00:00;0.0;0.0
12/02/2024 17:30:00;0.0;0.0
12/02/2024 18:00:00;0.0;0.0
12/02/2024 18:30:00;0.0;0.0
12/02/2024 19:00:00;0.0;0.0
12/02/2024 19:30:00;0.0;0.0
12/02/2024 20:00:00;0.0;0.0
12/02/2024 20:30:00;0.0;0.0
12/02/2024 21:00:00;0.0;0.0
12/02/2024 21:30:00;0.0;0.0
12/02/2024 22:00:00;0.0;0.0
12/02/2024 22:30:00;0.0;0.0
12/02/2024 23:00:00;0.0;0.0
12/02/2024 23:30:00;0.0;0.0
13/02/2024 00:00:00;0.0;0.0
13/02/2024 00:30:00;0.0;0.0
13/02/2024 01:00:00;0.0;0.0
13/02/2024 01:30:00;0.0;0.0
13/02/2024 02:00:00;0.0;0.0
13/02/2024 02:30:00;0.0;0.0
13/02/2024 03:00:00;0.0;0.0
13/02/2024 03:30:00;0.0;0.0
13/02/2024 04:00:00;0.0;0.0
13/02/2024 04:30:00;0.0;0.0
13/02/2024 05:00:00;0.0;0.0
13/02/2024 05:30:00;0.0;0.0
13/02/2024 06:00:00;0.0;0.0
13/02/2024 06:30:00;0.0;0.0
13/02/2024 07:00:00;305.6197050489112;1014.3336119029009
13/02/2024 07:30:00;3727.76427232505;7276.6375299220435
13/02/2024 08:00:00;7149.908839601188;13538.941447941184
13/02/2024 08:30:00;10735.209773504565;16727.758087097394
13/02/2024 09:00:00;14320.510707407939;19916.574726253602
13/02/2024 09:30:00;14679.30961870711;18709.142171585227
13/02/2024 10:00:00;15038.108530006279;17501.70961691685
13/02/2024 10:30:00;22635.41160347231;24807.824765033485
13/02/2024 11:00:00;30232.714676938336;32113.939913150112
13/02/2024 11:30:00;30346.449324323887;31940.046534416466
13/02/2024 12:00:00;30460.183971709434;31766.153155682823
13/02/2024 12:30:00;28739.64753242335;30016.87242385142
13/02/2024 13:00:00;27019.11109313726;28267.591692020014
13/02/2024 13:30:00;23045.53177376584;24217.78064436398
13/02/2024 14:00:00;19071.952454394414;20167.969596707946
13/02/2024 14:30:00;14553.41737427855;15523.366362010287
13/02/2024 15:00:00;10034.882294162684;10878.763127312626
13/02/2024 15:30:00;6249.1638920982405;6878.8804740896885
13/02/2024 16:00:00;2463.445490033796;2878.997820866752
13/02/2024 16:30:00;2393.7089867476784;2823.9964119526408
13/02/2024 17:00:00;0.0;0.0
13/02/2024 17:30:00;0.0;0.0
13/02/2024 18:00:00;0.0;0.0
13/02/2024 18:30:00;0.0;0.0
13/02/2024 19:00:00;0.0;0.0
13/02/2024 19:30:00;0.0;0.0
13/02/2024 20:00:00;0.0;0.0
13/02/2024 20:30:00;0.0;0.0
13/02/2024 21:00:00;0.0;0.0
13/02/2024 21:30:00;0.0;0.0
13/02/2024 22:00:00;0.0;0.0
13/02/2024 22:30:00;0.0;0.0
13/02/2024 23:00:00;0.0;0.0
13/02/2024 23:30:00;0.0;0.0
14/02/2024 00:00:00;0.0;0.0
14/02/2024 00:30:00;0.0;0.0
14/02/2024 01:00:00;0.0;0.0
14/02/2024 01:30:00;0.0;0.0
14/02/2024 02:00:00;0.0;0.0
14/02/2024 02:30:00;0.0;0.0
14/02/2024 03:00:00;0.0;0.0
14/02/2024 03:30:00;0.0;0.0
14/02/2024 04:00:00;0.0;0.0
14/02/2024 04:30:00;0.0;0.0
14/02/2024 05:00:00;0.0;0.0
14/02/2024 05:30:00;0.0;0.0
14/02/2024 06:00:00;0.0;0.0
14/02/2024 06:30:00;0.0;0.0
14/02/2024 07:00:00;371.3503914502546;1228.9555534434076
14/02/2024 07:30:00;4255.800257233117;8304.392696098825
14/02/2024 08:00:00;8140.250123015979;15379.829838754238
14/02/2024 08:30:00;12548.266444347706;19461.334590845698
14/02/2024 09:00:00;16956.282765679432;23542.839342937157
14/02/2024 09:30:00;21018.252250431193;26340.798203896113
14/02/2024 10:00:00;25080.221735182953;29138.757064855068
14/02/2024 10:30:00;27893.69642462814;30853.33007317513
14/02/2024 11:00:00;30707.17111407332;32567.903081495195
14/02/2024 11:30:00;30518.051038792808;32073.24922028533
14/02/2024 12:00:00;30328.93096351229;31578.59535907547
14/02/2024 12:30:00;28441.04573977706;29656.569728383845
14/02/2024 13:00:00;26553.160516041826;27734.54409769222
14/02/2024 13:30:00;22793.095448892353;23905.42063340149
14/02/2024 14:00:00;19033.030381742883;20076.297169110756
14/02/2024 14:30:00;14720.02455074835;15660.639415731208
14/02/2024 15:00:00;10407.018719753814;11244.981662351658
14/02/2024 15:30:00;6598.439491465144;7242.268266305164
14/02/2024 16:00:00;2789.860263176474;3239.5548702586702
14/02/2024 16:30:00;2707.3948619389325;3166.3160171839218
14/02/2024 17:00:00;0.0;0.0
14/02/2024 17:30:00;0.0;0.0
14/02/2024 18:00:00;0.0;0.0
14/02/2024 18:30:00;0.0;0.0
14/02/2024 19:00:00;0.0;0.0
14/02/2024 19:30:00;0.0;0.0
14/02/2024 20:00:00;0.0;0.0
14/02/2024 20:30:00;0.0;0.0
14/02/2024 21:00:00;0.0;0.0
14/02/2024 21:30:00;0.0;0.0
14/02/2024 22:00:00;0.0;0.0
14/02/2024 22:30:00;0.0;0.0
14/02/2024 23:00:00;0.0;0.0
14/02/2024 23:30:00;0.0;0.0
15/02/2024 00:00:00;0.0;0.0
15/02/2024 00:30:00;0.0;0.0
15/02/2024 01:00:00;0.0;0.0
15/02/2024 01:30:00;0.0;0.0
15/02/2024 02:00:00;0.0;0.0
15/02/2024 02:30:00;0.0;0.0
15/02/2024 03:00:00;0.0;0.0
15/02/2024 03:30:00;0.0;0.0
15/02/2024 04:00:00;0.0;0.0
15/02/2024 04:30:00;0.0;0.0
15/02/2024 05:00:00;0.0;0.0
15/02/2024 05:30:00;0.0;0.0
15/02/2024 06:00:00;0.0;0.0
15/02/2024 06:30:00;0.0;0.0
15/02/2024 07:00:00;315.898226050244;1042.3892780162155
15/02/2024 07:30:00;3590.9853346478612;6994.115508704906
15/02/2024 08:00:00;6866.072443245478;12945.841739393594
15/02/2024 08:30:00;10044.45176428639;15637.079588733655
15/02/2024 09:00:00;13222.831085327303;18328.317438073715
15/02/2024 09:30:00;18586.30397459088;23052.75359257387
15/02/2024 10:00:00;23949.77686385446;27777.18974707403
15/02/2024 10:30:00;27330.648339664953;30149.111935362373
15/02/2024 11:00:00;30711.519815475454;32521.03412365072
15/02/2024 11:30:00;30544.18928844589;32049.44935189994
15/02/2024 12:00:00;30376.858761416326;31577.86458014916
15/02/2024 12:30:00;28608.713547907995;29782.66342019761
15/02/2024 13:00:00;26840.56833439966;27987.462260246055
15/02/2024 13:30:00;23144.77661751162;24226.08707701633
15/02/2024 14:00:00;19448.984900623575;20464.71189378661
15/02/2024 14:30:00;14934.588825116833;15844.67943941726
15/02/2024 15:00:00;10420.19274961009;11224.646985047912
15/02/2024 15:30:00;6728.409420512787;7364.3017307373675
15/02/2024 16:00:00;3036.6260914154814;3503.9564764268234
15/02/2024 16:30:00;2952.141365754498;3442.242978964092
15/02/2024 17:00:00;0.0;0.0
15/02/2024 17:30:00;0.0;0.0
15/02/2024 18:00:00;0.0;0.0
15/02/2024 18:30:00;0.0;0.0
15/02/2024 19:00:00;0.0;0.0
15/02/2024 19:30:00;0.0;0.0
15/02/2024 20:00:00;0.0;0.0
15/02/2024 20:30:00;0.0;0.0
15/02/2024 21:00:00;0.0;0.0
15/02/2024 21:30:00;0.0;0.0
15/02/2024 22:00:00;0.0;0.0
15/02/2024 22:30:00;0.0;0.0
15/02/2024 23:00:00;0.0;0.0
15/02/2024 23:30:00;0.0;0.0
16/02/2024 00:00:00;0.0;0.0
16/02/2024 00:30:00;0.0;0.0
16/02/2024 01:00:00;0.0;0.0
16/02/2024 01:30:00;0.0;0.0
16/02/2024 02:00:00;0.0;0.0
16/02/2024 02:30:00;0.0;0.0
16/02/2024 03:00:00;0.0;0.0
16/02/2024 03:30:00;0.0;0.0
16/02/2024 04:00:00;0.0;0.0
16/02/2024 04:30:00;0.0;0.0
16/02/2024 05:00:00;0.0;0.0
16/02/2024 05:30:00;0.0;0.0
16/02/2024 06:00:00;0.0;0.0
16/02/2024 06:30:00;0.0;0.0
16/02/2024 07:00:00;502.08432158598896;1652.5515525448834
16/02/2024 07:30:00;4550.5889941150435;8913.134634410253
16/02/2024 08:00:00;8599.093666644098;16173.717716275622
16/02/2024 08:30:00;12870.284860980873;19945.44935166447
16/02/2024 09:00:00;17141.47605531765;23717.180987053314
16/02/2024 09:30:00;21310.14978228019;26607.308402597475
16/02/2024 10:00:00;25478.82350924273;29497.43581814164
16/02/2024 10:30:00;27820.293357579114;30693.021962033028
16/02/2024 11:00:00;30161.763205915493;31888.608105924413
16/02/2024 11:30:00;28049.4255655223;29404.017549822373
16/02/2024 12:00:00;25937.087925129108;26919.42699372034
16/02/2024 12:30:00;25047.43413010016;26033.43254542154
16/02/2024 13:00:00;24157.780335071206;25147.43809712274
16/02/2024 13:30:00;20538.598336746756;21452.770170708078
16/02/2024 14:00:00;16919.41633842231;17758.102244293415
16/02/2024 14:30:00;9664.436021771822;10172.720497624296
16/02/2024 15:00:00;2409.455705121334;2587.3387509551776
16/02/2024 15:30:00;2276.499068798035;2522.3438024271077
16/02/2024 16:00:00;2143.5424324747355;2457.3488538990387
16/02/2024 16:30:00;2099.534145258932;2465.4987294024227
16/02/2024 17:00:00;0.0;0.0
16/02/2024 17:30:00;0.0;0.0
16/02/2024 18:00:00;0.0;0.0
16/02/2024 18:30:00;0.0;0.0
16/02/2024 19:00:00;0.0;0.0
16/02/2024 19:30:00;0.0;0.0
16/02/2024 20:00:00;0.0;0.0
16/02/2024 20:30:00;0.0;0.0
16/02/2024 21:00:00;0.0;0.0
16/02/2024 21:30:00;0.0;0.0
16/02/2024 22:00:00;0.0;0.0
16/02/2024 22:30:00;0.0;0.0
16/02/2024 23:00:00;0.0;0.0
16/02/2024 23:30:00;0.0;0.0
17/02/2024 00:00:00;0.0;0.0
17/02/2024 00:30:00;0.0;0.0
17/02/2024 01:00:00;0.0;0.0
17/02/2024 01:30:00;0.0;0.0
17/02/2024 02:00:00;0.0;0.0
17/02/2024 02:30:00;0.0;0.0
17/02/2024 03:00:00;0.0;0.0
17/02/2024 03:30:00;0.0;0.0
17/02/2024 04:00:00;0.0;0.0
17/02/2024 04:30:00;0.0;0.0
17/02/2024 05:00:00;0.0;0.0
17/02/2024 05:30:00;0.0;0.0
17/02/2024 06:00:00;0.0;0.0
17/02/2024 06:30:00;0.0;0.0
17/02/2024 07:00:00;823.2938160006213;2701.8451190005694
17/02/2024 07:30:00;3357.2348128395124;6877.575561366036
17/02/2024 08:00:00;5891.175809678403;11053.3060037315
17/02/2024 08:30:00;6186.710030445849;10002.484765557061
17/02/2024 09:00:00;6482.244251213295;8951.66352738262
17/02/2024 09:30:00;6236.235343312931;7937.102891293284
17/02/2024 10:00:00;5990.226435412567;6922.542255203949
17/02/2024 10:30:00;6476.564293045475;7136.273704380791
17/02/2024 11:00:00;6962.902150678382;7350.005153557633
17/02/2024 11:30:00;8000.759502208594;8357.764218359313
17/02/2024 12:00:00;9038.616853738806;9365.523283160992
17/02/2024 12:30:00;11972.012548988021;12427.239316626721
17/02/2024 13:00:00;14905.408244237236;15488.955350092448
17/02/2024 13:30:00;12156.033187212708;12670.84674741211
17/02/2024 14:00:00;9406.658130188178;9852.738144731771
17/02/2024 14:30:00;7482.374966263423;7901.068316221212
17/02/2024 15:00:00;5558.091802338666;5949.398487710652
17/02/2024 15:30:00;3366.5923219183423;3644.001305072744
17/02/2024 16:00:00;1175.092841498019;1338.6041224348364
17/02/2024 16:30:00;1137.605271156665;1299.4883843447697
17/02/2024 17:00:00;0.0;0.0
17/02/2024 17:30:00;0.0;0.0
17/02/2024 18:00:00;0.0;0.0
17/02/2024 18:30:00;0.0;0.0
17/02/2024 19:00:00;0.0;0.0
17/02/2024 19:30:00;0.0;0.0
17/02/2024 20:00:00;0.0;0.0
17/02/2024 20:30:00;0.0;0.0
17/02/2024 21:00:00;0.0;0.0
17/02/2024 21:30:00;0.0;0.0
17/02/2024 22:00:00;0.0;0.0
17/02/2024 22:30:00;0.0;0.0
17/02/2024 23:00:00;0.0;0.0
17/02/2024 23:30:00;0.0;0.0
18/02/2024 00:00:00;0.0;0.0
18/02/2024 00:30:00;0.0;0.0
18/02/2024 01:00:00;0.0;0.0
18/02/2024 01:30:00;0.0;0.0
18/02/2024 02:00:00;0.0;0.0
18/02/2024 02:30:00;0.0;0.0
18/02/2024 03:00:00;0.0;0.0
18/02/2024 03:30:00;0.0;0.0
18/02/2024 04:00:00;0.0;0.0
18/02/2024 04:30:00;0.0;0.0
18/02/2024 05:00:00;0.0;0.0
18/02/2024 05:30:00;0.0;0.0
18/02/2024 06:00:00;0.0;0.0
18/02/2024 06:30:00;0.0;0.0
18/02/2024 07:00:00;50.4657312574035;165.13197973283005
18/02/2024 07:30:00;210.69669792521603;429.6150701411996
18/02/2024 08:00:00;370.92766459302857;694.0981605495691
18/02/2024 08:30:00;833.424323154907;1240.2295113882703
18/02/2024 09:00:00;1295.9209817167857;1786.3608622269712
18/02/2024 09:30:00;2468.8591946960482;2993.531594863829
18/02/2024 10:00:00;3641.7974076753108;4200.702327500688
18/02/2024 10:30:00;6857.373228267735;7408.341695023741
18/02/2024 11:00:00;10072.949048860159;10615.981062546794
18/02/2024 11:30:00;8333.987206690332;8719.15866750407
18/02/2024 12:00:00;6595.025364520504;6822.336272461347
18/02/2024 12:30:00;4856.019510858453;5027.95950756711
18/02/2024 13:00:00;3117.013657196401;3233.582742672873
18/02/2024 13:30:00;4997.660531769692;5212.064011282365
18/02/2024 14:00:00;6878.307406342983;7190.545279891859
18/02/2024 14:30:00;4843.885668807244;5094.105581873149
18/02/2024 15:00:00;2809.4639312715035;2997.6658838544404
18/02/2024 15:30:00;1967.4195911494733;2135.553586545664
18/02/2024 16:00:00;1125.3752510274433;1273.4412892368878
18/02/2024 16:30:00;1128.9949496836641;1365.191574501609
18/02/2024 17:00:00;0.0;0.0
18/02/2024 17:30:00;0.0;0.0
18/02/2024 18:00:00;0.0;0.0
18/02/2024 18:30:00;0.0;0.0
18/02/2024 19:00:00;0.0;0.0
18/02/2024 19:30:00;0.0;0.0
18/02/2024 20:00:00;0.0;0.0
18/02/2024 20:30:00;0.0;0.0
18/02/2024 21:00:00;0.0;0.0
18/02/2024 21:30:00;0.0;0.0
18/02/2024 22:00:00;0.0;0.0
18/02/2024 22:30:00;0.0;0.0
18/02/2024 23:00:00;0.0;0.0
18/02/2024 23:30:00;0.0;0.0
19/02/2024 00:00:00;0.0;0.0
19/02/2024 00:30:00;0.0;0.0
19/02/2024 01:00:00;0.0;0.0
19/02/2024 01:30:00;0.0;0.0
19/02/2024 02:00:00;0.0;0.0
19/02/2024 02:30:00;0.0;0.0
19/02/2024 03:00:00;0.0;0.0
19/02/2024 03:30:00;0.0;0.0
19/02/2024 04:00:00;0.0;0.0
19/02/2024 04:30:00;0.0;0.0
19/02/2024 05:00:00;0.0;0.0
19/02/2024 05:30:00;0.0;0.0
19/02/2024 06:00:00;0.0;0.0
19/02/2024 06:30:00;0.0;0.0
19/02/2024 07:00:00;1233.9662107140734;4025.949847178519
19/02/2024 07:30:00;2831.8983716505227;6148.175056277586
19/02/2024 08:00:00;4429.830532586972;8270.400265376651
19/02/2024 08:30:00;5938.59088831175;9258.166850626472
19/02/2024 09:00:00;7447.3512440365275;10245.933435876292
19/02/2024 09:30:00;10014.942219651679;12366.113633754348
19/02/2024 10:00:00;12582.533195266831;14486.293831632409
19/02/2024 10:30:00;13365.101966985112;14686.221580981408
19/02/2024 11:00:00;14147.670738703395;14886.149330330405
19/02/2024 11:30:00;8176.6638539507785;8582.042794701621
19/02/2024 12:00:00;2205.6569691981617;2277.9362590728356
19/02/2024 12:30:00;5735.128876193223;5936.105215576946
19/02/2024 13:00:00;9264.600783188283;9594.274172081057
19/02/2024 13:30:00;7013.314023217256;7281.459004302535
19/02/2024 14:00:00;4762.027263246229;4968.643836524014
19/02/2024 14:30:00;2978.9857656093022;3120.315154911338
19/02/2024 15:00:00;1195.9442679723747;1271.9864732986625
19/02/2024 15:30:00;1262.2774861698977;1383.1425818811156
19/02/2024 16:00:00;1328.6107043674208;1494.2986904635686
19/02/2024 16:30:00;664.3053521837104;747.1493452317843
19/02/2024 17:00:00;0.0;0.0
19/02/2024 17:30:00;69.6573081222183;226.51421512628326
19/02/2024 18:00:00;0.0;0.0
19/02/2024 18:30:00;0.0;0.0
19/02/2024 19:00:00;0.0;0.0
19/02/2024 19:30:00;0.0;0.0
19/02/2024 20:00:00;0.0;0.0
19/02/2024 20:30:00;0.0;0.0
19/02/2024 21:00:00;0.0;0.0
19/02/2024 21:30:00;0.0;0.0
19/02/2024 22:00:00;0.0;0.0
19/02/2024 22:30:00;0.0;0.0
19/02/2024 23:00:00;0.0;0.0
19/02/2024 23:30:00;0.0;0.0
20/02/2024 00:00:00;0.0;0.0
20/02/2024 00:30:00;0.0;0.0
20/02/2024 01:00:00;0.0;0.0
20/02/2024 01:30:00;0.0;0.0
20/02/2024 02:00:00;0.0;0.0
20/02/2024 02:30:00;0.0;0.0
20/02/2024 03:00:00;0.0;0.0
20/02/2024 03:30:00;0.0;0.0
20/02/2024 04:00:00;0.0;0.0
20/02/2024 04:30:00;0.0;0.0
20/02/2024 05:00:00;0.0;0.0
20/02/2024 05:30:00;0.0;0.0
20/02/2024 06:00:00;0.0;0.0
20/02/2024 06:30:00;0.0;0.0
20/02/2024 07:00:00;1950.4046274221123;6342.398023535931
20/02/2024 07:30:00;5291.913566287832;11211.018907397327
20/02/2024 08:00:00;8633.42250515355;16079.639791258722
20/02/2024 08:30:00;12781.524155766128;19660.294007596265
20/02/2024 09:00:00;16929.625806378703;23240.94822393381
20/02/2024 09:30:00;20860.27613221244;25864.55063778547
20/02/2024 10:00:00;24790.92645804617;28488.153051637128
20/02/2024 10:30:00;27552.72670899174;30166.337016134024
20/02/2024 11:00:00;30314.526959937306;31844.520980630925
20/02/2024 11:30:00;29870.031193197374;31091.56476298355
20/02/2024 12:00:00;29425.53542645744;30338.608545336174
20/02/2024 12:30:00;28167.116100910618;29078.196592813852
20/02/2024 13:00:00;26908.696775363795;27817.784640291524
20/02/2024 13:30:00;23331.534975754996;24194.01578095009
20/02/2024 14:00:00;19754.373176146193;20570.246921608647
20/02/2024 14:30:00;15364.987984787032;16103.04525142124
20/02/2024 15:00:00;10975.60279342787;11635.843581233832
20/02/2024 15:30:00;7040.734282883719;7554.6156441531775
20/02/2024 16:00:00;3105.8657723395677;3473.3877070725234
20/02/2024 16:30:00;1552.9328861697838;1736.6938535362617
20/02/2024 17:00:00;0.0;0.0
20/02/2024 17:30:00;75.0560828128522;243.17160122430357
20/02/2024 18:00:00;0.0;0.0
20/02/2024 18:30:00;0.0;0.0
20/02/2024 19:00:00;0.0;0.0
20/02/2024 19:30:00;0.0;0.0
20/02/2024 20:00:00;0.0;0.0
20/02/2024 20:30:00;0.0;0.0
20/02/2024 21:00:00;0.0;0.0
20/02/2024 21:30:00;0.0;0.0
20/02/2024 22:00:00;0.0;0.0
20/02/2024 22:30:00;0.0;0.0
20/02/2024 23:00:00;0.0;0.0
20/02/2024 23:30:00;0.0;0.0
21/02/2024 00:00:00;0.0;0.0
21/02/2024 00:30:00;0.0;0.0
21/02/2024 01:00:00;0.0;0.0
21/02/2024 01:30:00;0.0;0.0
21/02/2024 02:00:00;0.0;0.0
21/02/2024 02:30:00;0.0;0.0
21/02/2024 03:00:00;0.0;0.0
21/02/2024 03:30:00;0.0;0.0
21/02/2024 04:00:00;0.0;0.0
21/02/2024 04:30:00;0.0;0.0
21/02/2024 05:00:00;0.0;0.0
21/02/2024 05:30:00;0.0;0.0
21/02/2024 06:00:00;0.0;0.0
21/02/2024 06:30:00;0.0;0.0
21/02/2024 07:00:00;2101.5703187598615;6808.8048342805005
21/02/2024 07:30:00;5626.524542932961;11906.112694925903
21/02/2024 08:00:00;9151.47876710606;17003.42055557131
21/02/2024 08:30:00;13608.46859511853;20876.251408245633
21/02/2024 09:00:00;18065.458423130996;24749.08226091995
21/02/2024 09:30:00;22348.523554222553;27645.263354435538
21/02/2024 10:00:00;26631.588685314113;30541.444447951122
21/02/2024 10:30:00;28882.126628907972;31595.39861030285
21/02/2024 11:00:00;31132.66457250184;32649.35277265458
21/02/2024 11:30:00;30691.06072522414;31893.21090521387
21/02/2024 12:00:00;30249.456877946435;31137.069037773163
21/02/2024 12:30:00;29074.063823028006;29963.868332080583
21/02/2024 13:00:00;27898.67076810957;28790.667626388007
21/02/2024 13:30:00;24121.27362586702;24966.205314640232
21/02/2024 14:00:00;20343.876483624474;21141.743002892457
21/02/2024 14:30:00;14483.903335665504;15127.336309006352
21/02/2024 15:00:00;8623.930187706535;9112.929615120245
21/02/2024 15:30:00;5898.007928857483;6320.004564480734
21/02/2024 16:00:00;3172.0856700084305;3527.0795138412213
21/02/2024 16:30:00;1586.0428350042152;1763.5397569206107
21/02/2024 17:00:00;0.0;0.0
21/02/2024 17:30:00;63.3277126131589;204.4976269540239
21/02/2024 18:00:00;0.0;0.0
21/02/2024 18:30:00;0.0;0.0
21/02/2024 19:00:00;0.0;0.0
21/02/2024 19:30:00;0.0;0.0
21/02/2024 20:00:00;0.0;0.0
21/02/2024 20:30:00;0.0;0.0
21/02/2024 21:00:00;0.0;0.0
21/02/2024 21:30:00;0.0;0.0
21/02/2024 22:00:00;0.0;0.0
21/02/2024 22:30:00;0.0;0.0
21/02/2024 23:00:00;0.0;0.0
21/02/2024 23:30:00;0.0;0.0
22/02/2024 00:00:00;0.0;0.0
22/02/2024 00:30:00;0.0;0.0
22/02/2024 01:00:00;0.0;0.0
22/02/2024 01:30:00;0.0;0.0
22/02/2024 02:00:00;0.0;0.0
22/02/2024 02:30:00;0.0;0.0
22/02/2024 03:00:00;0.0;0.0
22/02/2024 03:30:00;0.0;0.0
22/02/2024 04:00:00;0.0;0.0
22/02/2024 04:30:00;0.0;0.0
22/02/2024 05:00:00;0.0;0.0
22/02/2024 05:30:00;0.0;0.0
22/02/2024 06:00:00;0.0;0.0
22/02/2024 06:30:00;0.0;0.0
22/02/2024 07:00:00;1773.1759531684493;5725.933554712669
22/02/2024 07:30:00;5056.06889473953;10591.130901991219
22/02/2024 08:00:00;8338.961836310611;15456.328249269767
22/02/2024 08:30:00;10356.385641721066;16186.494984474217
22/02/2024 09:00:00;12373.809447131523;16916.66171967867
22/02/2024 09:30:00;13560.715579546308;16898.293909775126
22/02/2024 10:00:00;14747.621711961092;16879.926099871584
22/02/2024 10:30:00;17359.01934665455;18894.15787883677
22/02/2024 11:00:00;19970.416981348008;20908.38965780196
22/02/2024 11:30:00;15230.764358339411;15844.338128574915
22/02/2024 12:00:00;10491.111735330818;10780.28659934787
22/02/2024 12:30:00;10427.120527192963;10727.802062747172
22/02/2024 13:00:00;10363.12931905511;10675.317526146475
22/02/2024 13:30:00;8928.814538681743;9224.090876167755
22/02/2024 14:00:00;7494.499758308376;7772.864226189032
22/02/2024 14:30:00;4908.324499883793;5109.341841740259
22/02/2024 15:00:00;2322.149241459209;2445.8194572914867
22/02/2024 15:30:00;1487.7644030342663;1584.1446120640971
22/02/2024 16:00:00;653.3795646093234;722.4697668367077
22/02/2024 16:30:00;326.6897823046617;361.23488341835383
22/02/2024 17:00:00;0.0;0.0
22/02/2024 17:30:00;40.1416857877491;129.14942664964295
22/02/2024 18:00:00;0.0;0.0
22/02/2024 18:30:00;0.0;0.0
22/02/2024 19:00:00;0.0;0.0
22/02/2024 19:30:00;0.0;0.0
22/02/2024 20:00:00;0.0;0.0
22/02/2024 20:30:00;0.0;0.0
22/02/2024 21:00:00;0.0;0.0
22/02/2024 21:30:00;0.0;0.0
22/02/2024 22:00:00;0.0;0.0
22/02/2024 22:30:00;0.0;0.0
22/02/2024 23:00:00;0.0;0.0
22/02/2024 23:30:00;0.0;0.0
23/02/2024 00:00:00;0.0;0.0
23/02/2024 00:30:00;0.0;0.0
23/02/2024 01:00:00;0.0;0.0
23/02/2024 01:30:00;0.0;0.0
23/02/2024 02:00:00;0.0;0.0
23/02/2024 02:30:00;0.0;0.0
23/02/2024 03:00:00;0.0;0.0
23/02/2024 03:30:00;0.0;0.0
23/02/2024 04:00:00;0.0;0.0
23/02/2024 04:30:00;0.0;0.0
23/02/2024 05:00:00;0.0;0.0
23/02/2024 05:30:00;0.0;0.0
23/02/2024 06:00:00;0.0;0.0
23/02/2024 06:30:00;0.0;0.0
23/02/2024 07:00:00;1123.9672020569749;3616.183946190003
23/02/2024 07:30:00;3542.672044395626;7317.411072861028
23/02/2024 08:00:00;5961.376886734276;11018.638199532053
23/02/2024 08:30:00;7623.715790926789;11843.059576111527
23/02/2024 09:00:00;9286.054695119303;12667.480952691001
23/02/2024 09:30:00;14203.316410238092;17259.312599904897
23/02/2024 10:00:00;19120.57812535688;21851.14424711879
23/02/2024 10:30:00;21979.76415475807;23906.705363861296
23/02/2024 11:00:00;24838.95018415926;25962.266480603797
23/02/2024 11:30:00;25387.672128284023;26284.393051203228
23/02/2024 12:00:00;25936.39407240878;26606.51962180265
23/02/2024 12:30:00;25543.767250561366;26235.009764075385
23/02/2024 13:00:00;25151.140428713956;25863.49990634812
23/02/2024 13:30:00;22430.3504907532;23131.99139892346
23/02/2024 14:00:00;19709.560552792445;20400.4828914988
23/02/2024 14:30:00;14469.407783692039;15044.75903043113
23/02/2024 15:00:00;9229.255014591632;9689.035169363462
23/02/2024 15:30:00;5175.011145117639;5460.536768730214
23/02/2024 16:00:00;1120.767275643644;1232.0383680969665
23/02/2024 16:30:00;560.383637821822;616.0191840484832
23/02/2024 17:00:00;0.0;0.0
23/02/2024 17:30:00;23.885056402548173;76.53529952809416
23/02/2024 18:00:00;0.0;0.0
23/02/2024 18:30:00;0.0;0.0
23/02/2024 19:00:00;0.0;0.0
23/02/2024 19:30:00;0.0;0.0
23/02/2024 20:00:00;0.0;0.0
23/02/2024 20:30:00;0.0;0.0
23/02/2024 21:00:00;0.0;0.0
23/02/2024 21:30:00;0.0;0.0
23/02/2024 22:00:00;0.0;0.0
23/02/2024 22:30:00;0.0;0.0
23/02/2024 23:00:00;0.0;0.0
23/02/2024 23:30:00;0.0;0.0
24/02/2024 00:00:00;0.0;0.0
24/02/2024 00:30:00;0.0;0.0
24/02/2024 01:00:00;0.0;0.0
24/02/2024 01:30:00;0.0;0.0
24/02/2024 02:00:00;0.0;0.0
24/02/2024 02:30:00;0.0;0.0
24/02/2024 03:00:00;0.0;0.0
24/02/2024 03:30:00;0.0;0.0
24/02/2024 04:00:00;0.0;0.0
24/02/2024 04:30:00;0.0;0.0
24/02/2024 05:00:00;0.0;0.0
24/02/2024 05:30:00;0.0;0.0
24/02/2024 06:00:00;0.0;0.0
24/02/2024 06:30:00;0.0;0.0
24/02/2024 07:00:00;668.7815792713488;2142.9883867866365
24/02/2024 07:30:00;1651.00498786757;3498.7480019167383
24/02/2024 08:00:00;2633.228396463791;4854.50761704684
24/02/2024 08:30:00;3203.0650361344606;4994.702079427619
24/02/2024 09:00:00;3772.9016758051303;5134.896541808396
24/02/2024 09:30:00;3277.738504850391;4155.045759171507
24/02/2024 10:00:00;2782.575333895652;3175.194976534617
24/02/2024 10:30:00;7955.9026902241085;8437.137832249147
24/02/2024 11:00:00;13129.230046552566;13699.080687963677
24/02/2024 11:30:00;12517.364468576434;12947.583354269234
24/02/2024 12:00:00;11905.498890600305;12196.086020574794
24/02/2024 12:30:00;17914.994837421298;18376.905883038067
24/02/2024 13:00:00;23924.49078424229;24557.72574550134
24/02/2024 13:30:00;18118.60420607649;18638.21346657588
24/02/2024 14:00:00;12312.71762791068;12718.701187650417
24/02/2024 14:30:00;8865.487362614052;9195.974083416233
24/02/2024 15:00:00;5418.257097317427;5673.2469791820495
24/02/2024 15:30:00;3831.1701786733574;4062.8873893184764
24/02/2024 16:00:00;2244.083260029289;2452.5277994549037
24/02/2024 16:30:00;1122.0416300146444;1226.2638997274519
24/02/2024 17:00:00;0.0;0.0
24/02/2024 17:30:00;15.645305698736534;49.92991455699572
24/02/2024 18:00:00;0.0;0.0
24/02/2024 18:30:00;0.0;0.0
24/02/2024 19:00:00;0.0;0.0
24/02/2024 19:30:00;0.0;0.0
24/02/2024 20:00:00;0.0;0.0
24/02/2024 20:30:00;0.0;0.0
24/02/2024 21:00:00;0.0;0.0
24/02/2024 21:30:00;0.0;0.0
24/02/2024 22:00:00;0.0;0.0
24/02/2024 22:30:00;0.0;0.0
24/02/2024 23:00:00;0.0;0.0
24/02/2024 23:30:00;0.0;0.0
25/02/2024 00:00:00;0.0;0.0
25/02/2024 00:30:00;0.0;0.0
25/02/2024 01:00:00;0.0;0.0
25/02/2024 01:30:00;0.0;0.0
25/02/2024 02:00:00;0.0;0.0
25/02/2024 02:30:00;0.0;0.0
25/02/2024 03:00:00;0.0;0.0
25/02/2024 03:30:00;0.0;0.0
25/02/2024 04:00:00;0.0;0.0
25/02/2024 04:30:00;0.0;0.0
25/02/2024 05:00:00;0.0;0.0
25/02/2024 05:30:00;0.0;0.0
25/02/2024 06:00:00;0.0;0.0
25/02/2024 06:30:00;0.0;0.0
25/02/2024 07:00:00;438.068559564623;1398.0376075958802
25/02/2024 07:30:00;1077.3233620146789;2277.6041491197943
25/02/2024 08:00:00;1716.5781644647345;3157.170690643709
25/02/2024 08:30:00;2245.880396480597;3462.9329064317035
25/02/2024 09:00:00;2775.1826284964595;3768.695122219698
25/02/2024 09:30:00;2969.82564970328;3687.134720249151
25/02/2024 10:00:00;3164.4686709101;3605.574318278604
25/02/2024 10:30:00;3327.217159850767;3620.392200332863
25/02/2024 11:00:00;3489.965648791435;3635.2100823871215
25/02/2024 11:30:00;6840.941083168143;7031.905160203606
25/02/2024 12:00:00;10191.91651754485;10428.60023802009
25/02/2024 12:30:00;7340.790825783771;7514.680302181961
25/02/2024 13:00:00;4489.66513402269;4600.760366343831
25/02/2024 13:30:00;3876.221465512431;3982.14382069541
25/02/2024 14:00:00;3262.7777970021725;3363.5272750469885
25/02/2024 14:30:00;3724.2782157119423;3867.5217354275997
25/02/2024 15:00:00;4185.778634421712;4371.516195808211
25/02/2024 15:30:00;2885.854927221304;3047.2147516068053
25/02/2024 16:00:00;1585.9312200208972;1722.9133074054
25/02/2024 16:30:00;792.9656100104486;861.4566537027
25/02/2024 17:00:00;0.0;0.0
25/02/2024 17:30:00;95.65340362236225;303.9216539018719
25/02/2024 18:00:00;0.0;0.0
25/02/2024 18:30:00;0.0;0.0
25/02/2024 19:00:00;0.0;0.0
25/02/2024 19:30:00;0.0;0.0
25/02/2024 20:00:00;0.0;0.0
25/02/2024 20:30:00;0.0;0.0
25/02/2024 21:00:00;0.0;0.0
25/02/2024 21:30:00;0.0;0.0
25/02/2024 22:00:00;0.0;0.0
25/02/2024 22:30:00;0.0;0.0
25/02/2024 23:00:00;0.0;0.0
25/02/2024 23:30:00;0.0;0.0
26/02/2024 00:00:00;0.0;0.0
26/02/2024 00:30:00;0.0;0.0
26/02/2024 01:00:00;0.0;0.0
26/02/2024 01:30:00;0.0;0.0
26/02/2024 02:00:00;0.0;0.0
26/02/2024 02:30:00;0.0;0.0
26/02/2024 03:00:00;0.0;0.0
26/02/2024 03:30:00;0.0;0.0
26/02/2024 04:00:00;0.0;0.0
26/02/2024 04:30:00;0.0;0.0
26/02/2024 05:00:00;0.0;0.0
26/02/2024 05:30:00;0.0;0.0
26/02/2024 06:00:00;0.0;0.0
26/02/2024 06:30:00;0.0;0.0
26/02/2024 07:00:00;2678.295301426143;8509.806309252413
26/02/2024 07:30:00;6397.311580338755;13534.320298863875
26/02/2024 08:00:00;10116.327859251367;18558.834288475337
26/02/2024 08:30:00;14500.663216846006;22077.92980590405
26/02/2024 09:00:00;18884.998574440648;25597.02532333276
26/02/2024 09:30:00;14568.67635528086;18629.785963152917
26/02/2024 10:00:00;10252.354136121072;11662.546602973076
26/02/2024 10:30:00;14362.591855756513;15436.920741774502
26/02/2024 11:00:00;18472.829575391952;19211.294880575922
26/02/2024 11:30:00;11576.940390147167;11997.759768968279
26/02/2024 12:00:00;4681.051204902383;4784.224657360635
26/02/2024 12:30:00;5984.4009166657215;6121.619236723566
26/02/2024 13:00:00;7287.750628429061;7459.013816086496
26/02/2024 13:30:00;5276.6708977117905;5409.280817451719
26/02/2024 14:00:00;3265.59116699452;3359.5478188169413
26/02/2024 14:30:00;3008.7925071016143;3113.2306796070316
26/02/2024 15:00:00;2751.993847208709;2866.9135403971213
26/02/2024 15:30:00;2497.4976737006245;2645.286264383405
26/02/2024 16:00:00;2243.00150019254;2423.658988369689
26/02/2024 16:30:00;1121.50075009627;1211.8294941848444
26/02/2024 17:00:00;0.0;0.0
26/02/2024 17:30:00;67.8844553570502;214.8214186201981
26/02/2024 18:00:00;0.0;0.0
26/02/2024 18:30:00;0.0;0.0
26/02/2024 19:00:00;0.0;0.0
26/02/2024 19:30:00;0.0;0.0
26/02/2024 20:00:00;0.0;0.0
26/02/2024 20:30:00;0.0;0.0
26/02/2024 21:00:00;0.0;0.0
26/02/2024 21:30:00;0.0;0.0
26/02/2024 22:00:00;0.0;0.0
26/02/2024 22:30:00;0.0;0.0
26/02/2024 23:00:00;0.0;0.0
26/02/2024 23:30:00;0.0;0.0
27/02/2024 00:00:00;0.0;0.0
27/02/2024 00:30:00;0.0;0.0
27/02/2024 01:00:00;0.0;0.0
27/02/2024 01:30:00;0.0;0.0
27/02/2024 02:00:00;0.0;0.0
27/02/2024 02:30:00;0.0;0.0
27/02/2024 03:00:00;0.0;0.0
27/02/2024 03:30:00;0.0;0.0
27/02/2024 04:00:00;0.0;0.0
27/02/2024 04:30:00;0.0;0.0
27/02/2024 05:00:00;0.0;0.0
27/02/2024 05:30:00;0.0;0.0
27/02/2024 06:00:00;0.0;0.0
27/02/2024 06:30:00;0.0;0.0
27/02/2024 07:00:00;1900.7647499974055;6014.999721365547
27/02/2024 07:30:00;4280.66903792626;9101.461113664864
27/02/2024 08:00:00;6660.5733258551145;12187.922505964181
27/02/2024 08:30:00;10211.548576222705;15405.093951913508
27/02/2024 09:00:00;13762.523826590297;18622.265397862833
27/02/2024 09:30:00;10183.107435501577;13061.278382344311
27/02/2024 10:00:00;6603.691044412858;7500.291366825788
27/02/2024 10:30:00;8153.579888626742;8789.739152119728
27/02/2024 11:00:00;9703.468732840627;10079.186937413668
27/02/2024 11:30:00;7146.651351636357;7382.383231006537
27/02/2024 12:00:00;4589.833970432086;4685.579524599409
27/02/2024 12:30:00;5458.895833098637;5577.1936242938955
27/02/2024 13:00:00;6327.957695765189;6468.807723988382
27/02/2024 13:30:00;5867.438971888007;6010.007575782077
27/02/2024 14:00:00;5406.920248010825;5551.207427575772
27/02/2024 14:30:00;3612.1195005345708;3719.810550127814
27/02/2024 15:00:00;1817.3187530583168;1888.4136726798563
27/02/2024 15:30:00;1188.8815863233954;1245.522789920831
27/02/2024 16:00:00;560.4444195884738;602.6319071618059
27/02/2024 16:30:00;280.2222097942369;301.31595358090294
27/02/2024 17:00:00;0.0;0.0
27/02/2024 17:30:00;29.29117896733777;92.28441825827322
27/02/2024 18:00:00;0.0;0.0
27/02/2024 18:30:00;0.0;0.0
27/02/2024 19:00:00;0.0;0.0
27/02/2024 19:30:00;0.0;0.0
27/02/2024 20:00:00;0.0;0.0
27/02/2024 20:30:00;0.0;0.0
27/02/2024 21:00:00;0.0;0.0
27/02/2024 21:30:00;0.0;0.0
27/02/2024 22:00:00;0.0;0.0
27/02/2024 22:30:00;0.0;0.0
27/02/2024 23:00:00;0.0;0.0
27/02/2024 23:30:00;0.0;0.0
28/02/2024 00:00:00;0.0;0.0
28/02/2024 00:30:00;0.0;0.0
28/02/2024 01:00:00;0.0;0.0
28/02/2024 01:30:00;0.0;0.0
28/02/2024 02:00:00;0.0;0.0
28/02/2024 02:30:00;0.0;0.0
28/02/2024 03:00:00;0.0;0.0
28/02/2024 03:30:00;0.0;0.0
28/02/2024 04:00:00;0.0;0.0
28/02/2024 04:30:00;0.0;0.0
28/02/2024 05:00:00;0.0;0.0
28/02/2024 05:30:00;0.0;0.0
28/02/2024 06:00:00;0.0;0.0
28/02/2024 06:30:00;0.0;0.0
28/02/2024 07:00:00;820.1530110854576;2583.9637112316504
28/02/2024 07:30:00;736.2178497745558;1887.2476960062384
28/02/2024 08:00:00;652.2826884636542;1190.5316807808265
28/02/2024 08:30:00;1269.343764199777;1868.955245577305
28/02/2024 09:00:00;1886.4048399358999;2547.378810373784
28/02/2024 09:30:00;3058.8928540803654;3672.586356149525
28/02/2024 10:00:00;4231.380868224831;4797.793901925265
28/02/2024 10:30:00;4967.771771961446;5357.852940141511
28/02/2024 11:00:00;5704.1626756980595;5917.911978357755
28/02/2024 11:30:00;4648.352210687966;4790.526026537054
28/02/2024 12:00:00;3592.5417456778746;3663.1400747163552
28/02/2024 12:30:00;4002.280494542523;4083.9483374081215
28/02/2024 13:00:00;4412.0192434071705;4504.756600099888
28/02/2024 13:30:00;3828.0511158916174;3914.5043387856076
28/02/2024 14:00:00;3244.082988376064;3324.2520774713266
28/02/2024 14:30:00;2948.6209718055916;3036.9814618009054
28/02/2024 15:00:00;2653.1589552351197;2749.7108461304842
28/02/2024 15:30:00;1826.4752062828195;1909.7478471082015
28/02/2024 16:00:00;999.7914573305192;1069.7848480859193
28/02/2024 16:30:00;499.8957286652596;534.8924240429596
28/02/2024 17:00:00;0.0;0.0
28/02/2024 17:30:00;34.12138202533611;106.5596352172136
28/02/2024 18:00:00;0.0;0.0
28/02/2024 18:30:00;0.0;0.0
28/02/2024 19:00:00;0.0;0.0
28/02/2024 19:30:00;0.0;0.0
28/02/2024 20:00:00;0.0;0.0
28/02/2024 20:30:00;0.0;0.0
28/02/2024 21:00:00;0.0;0.0
28/02/2024 21:30:00;0.0;0.0
28/02/2024 22:00:00;0.0;0.0
28/02/2024 22:30:00;0.0;0.0
28/02/2024 23:00:00;0.0;0.0
28/02/2024 23:30:00;0.0;0.0
29/02/2024 00:00:00;0.0;0.0
29/02/2024 00:30:00;0.0;0.0
29/02/2024 01:00:00;0.0;0.0
29/02/2024 01:30:00;0.0;0.0
29/02/2024 02:00:00;0.0;0.0
29/02/2024 02:30:00;0.0;0.0
29/02/2024 03:00:00;0.0;0.0
29/02/2024 03:30:00;0.0;0.0
29/02/2024 04:00:00;0.0;0.0
29/02/2024 04:30:00;0.0;0.0
29/02/2024 05:00:00;0.0;0.0
29/02/2024 05:30:00;0.0;0.0
29/02/2024 06:00:00;0.0;0.0
29/02/2024 06:30:00;0.0;0.0
29/02/2024 07:00:00;955.3986967094112;2983.669786081981
29/02/2024 07:30:00;1847.3839417313334;3978.4493146098357
29/02/2024 08:00:00;2739.3691867532557;4973.22884313769
29/02/2024 08:30:00;3369.3746133669483;5176.61555499964
29/02/2024 09:00:00;3999.380039980641;5380.002266861589
29/02/2024 09:30:00;4195.671025949929;5171.695394456544
29/02/2024 10:00:00;4391.962011919217;4963.388522051498
29/02/2024 10:30:00;5281.151343579638;5674.577534558982
29/02/2024 11:00:00;6170.340675240058;6385.766547066465
29/02/2024 11:30:00;5193.745051523433;5337.877084333594
29/02/2024 12:00:00;4217.1494278068085;4289.987621600724
29/02/2024 12:30:00;4180.655589876747;4255.416322811164
29/02/2024 13:00:00;4144.161751946688;4220.845024021605
29/02/2024 13:30:00;4281.644518634351;4368.276397527021
29/02/2024 14:00:00;4419.127285322014;4515.707771032436
29/02/2024 14:30:00;3238.7779592969205;3318.9816676536884
29/02/2024 15:00:00;2058.428633271826;2122.255564274941
29/02/2024 15:30:00;1762.4665430605507;1837.947400487721
29/02/2024 16:00:00;1466.5044528492751;1553.639236700501
29/02/2024 16:30:00;733.2522264246376;776.8196183502505
29/02/2024 17:00:00;0.0;0.0
29/02/2024 17:30:00;34.12138202533611;106.5596352172136
29/02/2024 18:00:00;0.0;0.0
29/02/2024 18:30:00;0.0;0.0
29/02/2024 19:00:00;0.0;0.0
29/02/2024 19:30:00;0.0;0.0
29/02/2024 20:00:00;0.0;0.0
29/02/2024 20:30:00;0.0;0.0
29/02/2024 21:00:00;0.0;0.0
29/02/2024 21:30:00;0.0;0.0
29/02/2024 22:00:00;0.0;0.0
29/02/2024 22:30:00;0.0;0.0
29/02/2024 23:00:00;0.0;0.0
29/02/2024 23:30:00;0.0;0.0
01/03/2024 00:00:00;0.0;0.0
01/03/2024 00:30:00;0.0;0.0
01/03/2024 01:00:00;0.0;0.0
01/03/2024 01:30:00;0.0;0.0
01/03/2024 02:00:00;0.0;0.0
01/03/2024 02:30:00;0.0;0.0
01/03/2024 03:00:00;0.0;0.0
01/03/2024 03:30:00;0.0;0.0
01/03/2024 04:00:00;0.0;0.0
01/03/2024 04:30:00;0.0;0.0
01/03/2024 05:00:00;0.0;0.0
01/03/2024 05:30:00;0.0;0.0
01/03/2024 06:00:00;0.0;0.0
01/03/2024 06:30:00;0.0;0.0
01/03/2024 07:00:00;955.3986967094112;2983.669786081981
01/03/2024 07:30:00;1847.3839417313334;3978.4493146098357
01/03/2024 08:00:00;2739.3691867532557;4973.22884313769
01/03/2024 08:30:00;3369.3746133669483;5176.61555499964
01/03/2024 09:00:00;3999.380039980641;5380.002266861589
01/03/2024 09:30:00;4195.671025949929;5171.695394456544
01/03/2024 10:00:00;4391.962011919217;4963.388522051498
01/03/2024 10:30:00;5281.151343579638;5674.577534558982
01/03/2024 11:00:00;6170.340675240058;6385.766547066465
01/03/2024 11:30:00;5193.745051523433;5337.877084333594
01/03/2024 12:00:00;4217.1494278068085;4289.987621600724
01/03/2024 12:30:00;4180.655589876747;4255.416322811164
01/03/2024 13:00:00;4144.161751946688;4220.845024021605
01/03/2024 13:30:00;4281.644518634351;4368.276397527021
01/03/2024 14:00:00;4419.127285322014;4515.707771032436
01/03/2024 14:30:00;3238.7779592969205;3318.9816676536884
01/03/2024 15:00:00;2058.428633271826;2122.255564274941
01/03/2024 15:30:00;1762.4665430605507;1837.947400487721
01/03/2024 16:00:00;1466.5044528492751;1553.639236700501
01/03/2024 16:30:00;733.2522264246376;776.8196183502505
01/03/2024 17:00:00;0.0;0.0
01/03/2024 17:30:00;37.222539795704094;115.6518773731192
01/03/2024 18:00:00;0.0;0.0
01/03/2024 18:30:00;0.0;0.0
01/03/2024 19:00:00;0.0;0.0
01/03/2024 19:30:00;0.0;0.0
01/03/2024 20:00:00;0.0;0.0
01/03/2024 20:30:00;0.0;0.0
01/03/2024 21:00:00;0.0;0.0
01/03/2024 21:30:00;0.0;0.0
01/03/2024 22:00:00;0.0;0.0
01/03/2024 22:30:00;0.0;0.0
01/03/2024 23:00:00;0.0;0.0
01/03/2024 23:30:00;0.0;0.0
02/03/2024 00:00:00;0.0;0.0
02/03/2024 00:30:00;0.0;0.0
02/03/2024 01:00:00;0.0;0.0
02/03/2024 01:30:00;0.0;0.0
02/03/2024 02:00:00;0.0;0.0
02/03/2024 02:30:00;0.0;0.0
02/03/2024 03:00:00;0.0;0.0
02/03/2024 03:30:00;0.0;0.0
02/03/2024 04:00:00;0.0;0.0
02/03/2024 04:30:00;0.0;0.0
02/03/2024 05:00:00;0.0;0.0
02/03/2024 05:30:00;0.0;0.0
02/03/2024 06:00:00;0.0;0.0
02/03/2024 06:30:00;0.0;0.0
02/03/2024 07:00:00;1042.2311142797146;3238.252566447338
02/03/2024 07:30:00;1589.3782912178663;3552.7888253348424
02/03/2024 08:00:00;2136.525468156018;3867.325084222347
02/03/2024 08:30:00;2982.0128045223355;4503.354836412805
02/03/2024 09:00:00;3827.5001408886524;5139.384588603263
02/03/2024 09:30:00;4778.348861830963;5801.332801012554
02/03/2024 10:00:00;5729.197582773275;6463.281013421846
02/03/2024 10:30:00;5040.375790301151;5480.612372565074
02/03/2024 11:00:00;4351.553997829025;4497.943731708302
02/03/2024 11:30:00;4043.011791433496;4146.212621090547
02/03/2024 12:00:00;3734.4695850379667;3794.481510472791
02/03/2024 12:30:00;5102.62762119202;5188.475775022532
02/03/2024 13:00:00;6470.785657346073;6582.470039572272
02/03/2024 13:30:00;12459.328499754929;12703.28671838904
02/03/2024 14:00:00;18447.871342163784;18824.10339720581
02/03/2024 14:30:00;13971.497682885665;14294.081502221465
02/03/2024 15:00:00;9495.124023607545;9764.059607237119
02/03/2024 15:30:00;5735.16988137115;5922.9974403447595
02/03/2024 16:00:00;1975.215739134754;2081.935273452398
02/03/2024 16:30:00;987.607869567377;1040.967636726199
02/03/2024 17:00:00;0.0;0.0
02/03/2024 17:30:00;43.40118912742603;134.27593175425076
02/03/2024 18:00:00;0.0;0.0
02/03/2024 18:30:00;0.0;0.0
02/03/2024 19:00:00;0.0;0.0
02/03/2024 19:30:00;0.0;0.0
02/03/2024 20:00:00;0.0;0.0
02/03/2024 20:30:00;0.0;0.0
02/03/2024 21:00:00;0.0;0.0
02/03/2024 21:30:00;0.0;0.0
02/03/2024 22:00:00;0.0;0.0
02/03/2024 22:30:00;0.0;0.0
02/03/2024 23:00:00;0.0;0.0
02/03/2024 23:30:00;0.0;0.0
03/03/2024 00:00:00;0.0;0.0
03/03/2024 00:30:00;0.0;0.0
03/03/2024 01:00:00;0.0;0.0
03/03/2024 01:30:00;0.0;0.0
03/03/2024 02:00:00;0.0;0.0
03/03/2024 02:30:00;0.0;0.0
03/03/2024 03:00:00;0.0;0.0
03/03/2024 03:30:00;0.0;0.0
03/03/2024 04:00:00;0.0;0.0
03/03/2024 04:30:00;0.0;0.0
03/03/2024 05:00:00;0.0;0.0
03/03/2024 05:30:00;0.0;0.0
03/03/2024 06:00:00;0.0;0.0
03/03/2024 06:30:00;0.0;0.0
03/03/2024 07:00:00;1215.233295567929;3759.7260891190217
03/03/2024 07:30:00;2804.7235151647174;5845.067126958181
03/03/2024 08:00:00;4394.213734761507;7930.408164797339
03/03/2024 08:30:00;6642.434069285963;9921.400999141608
03/03/2024 09:00:00;8890.654403810418;11912.39383348588
03/03/2024 09:30:00;14729.576740904726;17539.23450559489
03/03/2024 10:00:00;20568.499077999033;23166.0751777039
03/03/2024 10:30:00;20390.093822367067;22015.67829305509
03/03/2024 11:00:00;20211.68856673511;20865.28140840628
03/03/2024 11:30:00;19636.66110386941;20105.18119760474
03/03/2024 12:00:00;19061.633641003707;19345.080986803194
03/03/2024 12:30:00;15256.823906413107;15490.080615912808
03/03/2024 13:00:00;11452.01417182251;11635.08024502242
03/03/2024 13:30:00;15296.713888572433;15569.812814668721
03/03/2024 14:00:00;19141.41360532236;19504.54538431502
03/03/2024 14:30:00;11809.022916726704;12047.98054079655
03/03/2024 15:00:00;4476.632228131051;4591.415697278077
03/03/2024 15:30:00;3302.155707471344;3411.5020147299942
03/03/2024 16:00:00;2127.679186811637;2231.588332181911
03/03/2024 16:30:00;1063.8395934058185;1115.7941660909555
03/03/2024 17:00:00;0.0;0.0
03/03/2024 17:30:00;96.15140940390934;296.2127597388838
03/03/2024 18:00:00;0.0;0.0
03/03/2024 18:30:00;0.0;0.0
03/03/2024 19:00:00;0.0;0.0
03/03/2024 19:30:00;0.0;0.0
03/03/2024 20:00:00;0.0;0.0
03/03/2024 20:30:00;0.0;0.0
03/03/2024 21:00:00;0.0;0.0
03/03/2024 21:30:00;0.0;0.0
03/03/2024 22:00:00;0.0;0.0
03/03/2024 22:30:00;0.0;0.0
03/03/2024 23:00:00;0.0;0.0
03/03/2024 23:30:00;0.0;0.0
04/03/2024 00:00:00;0.0;0.0
04/03/2024 00:30:00;0.0;0.0
04/03/2024 01:00:00;0.0;0.0
04/03/2024 01:30:00;0.0;0.0
04/03/2024 02:00:00;0.0;0.0
04/03/2024 02:30:00;0.0;0.0
04/03/2024 03:00:00;0.0;0.0
04/03/2024 03:30:00;0.0;0.0
04/03/2024 04:00:00;0.0;0.0
04/03/2024 04:30:00;0.0;0.0
04/03/2024 05:00:00;0.0;0.0
04/03/2024 05:30:00;0.0;0.0
04/03/2024 06:00:00;0.0;0.0
04/03/2024 06:30:00;0.0;0.0
04/03/2024 07:00:00;2692.2394633094614;8293.957272688745
04/03/2024 07:30:00;6124.319308056177;12746.357790294587
04/03/2024 08:00:00;9556.399152802893;17198.75830790043
04/03/2024 08:30:00;13248.90585334964;19925.866572146522
04/03/2024 09:00:00;16941.41255389639;22652.974836392616
04/03/2024 09:30:00;22396.040007070154;26981.988748031068
04/03/2024 10:00:00;27850.667460243913;31311.002659669524
04/03/2024 10:30:00;30218.262581652987;32453.653077037074
04/03/2024 11:00:00;32585.857703062065;33596.30349440462
04/03/2024 11:30:00;32582.885613774888;33310.81373093004
04/03/2024 12:00:00;32579.913524487714;33025.32396745544
04/03/2024 12:30:00;31226.315589858325;31668.689594044128
04/03/2024 13:00:00;29872.71765522894;30312.05522063281
04/03/2024 13:30:00;25676.621972245233;26084.396103353083
04/03/2024 14:00:00;21480.526289261525;21856.736986073352
04/03/2024 14:30:00;16782.10751557376;17112.72897195017
04/03/2024 15:00:00;12083.688741885997;12368.720957826994
04/03/2024 15:30:00;7901.008244516851;8126.725875242353
04/03/2024 16:00:00;3718.3277471477045;3884.7307926577123
04/03/2024 16:30:00;1859.1638735738522;1942.3653963288561
04/03/2024 17:00:00;0.0;0.0
04/03/2024 17:30:00;103.09152408870906;316.24516831886183
04/03/2024 18:00:00;0.0;0.0
04/03/2024 18:30:00;0.0;0.0
04/03/2024 19:00:00;0.0;0.0
04/03/2024 19:30:00;0.0;0.0
04/03/2024 20:00:00;0.0;0.0
04/03/2024 20:30:00;0.0;0.0
04/03/2024 21:00:00;0.0;0.0
04/03/2024 21:30:00;0.0;0.0
04/03/2024 22:00:00;0.0;0.0
04/03/2024 22:30:00;0.0;0.0
04/03/2024 23:00:00;0.0;0.0
04/03/2024 23:30:00;0.0;0.0
05/03/2024 00:00:00;0.0;0.0
05/03/2024 00:30:00;0.0;0.0
05/03/2024 01:00:00;0.0;0.0
05/03/2024 01:30:00;0.0;0.0
05/03/2024 02:00:00;0.0;0.0
05/03/2024 02:30:00;0.0;0.0
05/03/2024 03:00:00;0.0;0.0
05/03/2024 03:30:00;0.0;0.0
05/03/2024 04:00:00;0.0;0.0
05/03/2024 04:30:00;0.0;0.0
05/03/2024 05:00:00;0.0;0.0
05/03/2024 05:30:00;0.0;0.0
05/03/2024 06:00:00;0.0;0.0
05/03/2024 06:30:00;0.0;0.0
05/03/2024 07:00:00;2886.562674483854;8854.86471292813
05/03/2024 07:30:00;6321.445860653972;13182.973292216528
05/03/2024 08:00:00;9756.32904682409;17511.081871504924
05/03/2024 08:30:00;14696.633549812652;21858.577527468584
05/03/2024 09:00:00;19636.938052801215;26206.073183432236
05/03/2024 09:30:00;23706.35343328429;28689.92953512082
05/03/2024 10:00:00;27775.768813767372;31173.785886809404
05/03/2024 10:30:00;28559.751672177903;30694.68304277954
05/03/2024 11:00:00;29343.73453058843;30215.580198749667
05/03/2024 11:30:00;21250.889196274285;21768.884027281016
05/03/2024 12:00:00;13158.043861960146;13322.18785581236
05/03/2024 12:30:00;11408.658205077298;11555.594237801137
05/03/2024 13:00:00;9659.27254819445;9789.000619789913
05/03/2024 13:30:00;8747.662235742075;8875.535060406342
05/03/2024 14:00:00;7836.0519232896995;7962.069501022773
05/03/2024 14:30:00;6321.58491012078;6436.918149505922
05/03/2024 15:00:00;4807.11789695186;4911.766797989072
05/03/2024 15:30:00;3798.371187213225;3907.412462333803
05/03/2024 16:00:00;2789.624477474591;2903.0581266785334
05/03/2024 16:30:00;1394.8122387372955;1451.5290633392667
05/03/2024 17:00:00;0.0;0.0
05/03/2024 17:30:00;0.0;0.0
05/03/2024 18:00:00;0.0;0.0
05/03/2024 18:30:00;0.0;0.0
05/03/2024 19:00:00;0.0;0.0
05/03/2024 19:30:00;0.0;0.0
05/03/2024 20:00:00;0.0;0.0
05/03/2024 20:30:00;0.0;0.0
05/03/2024 21:00:00;0.0;0.0
05/03/2024 21:30:00;0.0;0.0
05/03/2024 22:00:00;0.0;0.0
05/03/2024 22:30:00;0.0;0.0
05/03/2024 23:00:00;0.0;0.0
05/03/2024 23:30:00;0.0;0.0
06/03/2024 00:00:00;0.0;0.0
06/03/2024 00:30:00;0.0;0.0
06/03/2024 01:00:00;0.0;0.0
06/03/2024 01:30:00;0.0;0.0
06/03/2024 02:00:00;0.0;0.0
06/03/2024 02:30:00;0.0;0.0
06/03/2024 03:00:00;0.0;0.0
06/03/2024 03:30:00;0.0;0.0
06/03/2024 04:00:00;0.0;0.0
06/03/2024 04:30:00;0.0;0.0
06/03/2024 05:00:00;0.0;0.0
06/03/2024 05:30:00;0.0;0.0
06/03/2024 06:00:00;0.0;0.0
06/03/2024 06:30:00;243.6391382946463;743.9614809348121
06/03/2024 07:00:00;487.2782765892926;1487.9229618696243
06/03/2024 07:30:00;668.417154378141;1504.4975340163369
06/03/2024 08:00:00;849.5560321669896;1521.0721061630493
06/03/2024 08:30:00;1989.7509750319914;2844.524167424638
06/03/2024 09:00:00;3129.945917896993;4167.976228686226
06/03/2024 09:30:00;3822.3890887130483;4613.114422908809
06/03/2024 10:00:00;4514.832259529104;5058.252617131391
06/03/2024 10:30:00;11336.637188135306;11866.098698371205
06/03/2024 11:00:00;18158.442116741513;18673.944779611018
06/03/2024 11:30:00;14296.608197918225;14613.21363969292
06/03/2024 12:00:00;10434.774279094938;10552.482499774822
06/03/2024 12:30:00;8971.406297946278;9076.013096499171
06/03/2024 13:00:00;7508.038316797618;7599.543693223522
06/03/2024 13:30:00;5288.218280469733;5356.448155575645
06/03/2024 14:00:00;3068.398244141849;3113.3526179277674
06/03/2024 14:30:00;2338.752415202315;2377.2812503837704
06/03/2024 15:00:00;1609.1065862627813;1641.2098828397725
06/03/2024 15:30:00;1278.8058169062717;1312.2467206777492
06/03/2024 16:00:00;948.5050475497618;983.2835585157254
06/03/2024 16:30:00;474.2525237748809;491.6417792578627
06/03/2024 17:00:00;0.0;0.0
06/03/2024 17:30:00;0.0;0.0
06/03/2024 18:00:00;0.0;0.0
06/03/2024 18:30:00;0.0;0.0
06/03/2024 19:00:00;0.0;0.0
06/03/2024 19:30:00;0.0;0.0
06/03/2024 20:00:00;0.0;0.0
06/03/2024 20:30:00;0.0;0.0
06/03/2024 21:00:00;0.0;0.0
06/03/2024 21:30:00;0.0;0.0
06/03/2024 22:00:00;0.0;0.0
06/03/2024 22:30:00;0.0;0.0
06/03/2024 23:00:00;0.0;0.0
06/03/2024 23:30:00;0.0;0.0
07/03/2024 00:00:00;0.0;0.0
07/03/2024 00:30:00;0.0;0.0
07/03/2024 01:00:00;0.0;0.0
07/03/2024 01:30:00;0.0;0.0
07/03/2024 02:00:00;0.0;0.0
07/03/2024 02:30:00;0.0;0.0
07/03/2024 03:00:00;0.0;0.0
07/03/2024 03:30:00;0.0;0.0
07/03/2024 04:00:00;0.0;0.0
07/03/2024 04:30:00;0.0;0.0
07/03/2024 05:00:00;0.0;0.0
07/03/2024 05:30:00;0.0;0.0
07/03/2024 06:00:00;0.0;0.0
07/03/2024 06:30:00;425.1181459861074;1292.1605392025099
07/03/2024 07:00:00;850.2362919722148;2584.3210784050198
07/03/2024 07:30:00;2779.1200274029875;5495.679010711502
07/03/2024 08:00:00;4708.00376283376;8407.036943017985
07/03/2024 08:30:00;6253.170332785269;9384.564161381037
07/03/2024 09:00:00;7798.336902736779;10362.09137974409
07/03/2024 09:30:00;9950.038328694798;11950.150450568124
07/03/2024 10:00:00;12101.739754652817;13538.209521392158
07/03/2024 10:30:00;17867.203517526643;18904.905819744734
07/03/2024 11:00:00;23632.66728040047;24271.60211809731
07/03/2024 11:30:00;24107.976267758797;24551.04214694463
07/03/2024 12:00:00;24583.285255117116;24830.482175791953
07/03/2024 12:30:00;23890.96861267485;24141.093047759903
07/03/2024 13:00:00;23198.651970232582;23451.703919727854
07/03/2024 13:30:00;14842.789930659408;15012.043848147701
07/03/2024 14:00:00;6486.927891086232;6572.383776567548
07/03/2024 14:30:00;4217.2523464051455;4277.637462619494
07/03/2024 15:00:00;1947.5768017240591;1982.8911486714387
07/03/2024 15:30:00;1246.0309299675243;1272.5401953690698
07/03/2024 16:00:00;544.4850582109896;562.1892420667009
07/03/2024 16:30:00;272.2425291054948;281.09462103335045
07/03/2024 17:00:00;0.0;0.0
07/03/2024 17:30:00;0.0;0.0
07/03/2024 18:00:00;0.0;0.0
07/03/2024 18:30:00;0.0;0.0
07/03/2024 19:00:00;0.0;0.0
07/03/2024 19:30:00;0.0;0.0
07/03/2024 20:00:00;0.0;0.0
07/03/2024 20:30:00;0.0;0.0
07/03/2024 21:00:00;0.0;0.0
07/03/2024 21:30:00;0.0;0.0
07/03/2024 22:00:00;0.0;0.0
07/03/2024 22:30:00;0.0;0.0
07/03/2024 23:00:00;0.0;0.0
07/03/2024 23:30:00;0.0;0.0
08/03/2024 00:00:00;0.0;0.0
08/03/2024 00:30:00;0.0;0.0
08/03/2024 01:00:00;0.0;0.0
08/03/2024 01:30:00;0.0;0.0
08/03/2024 02:00:00;0.0;0.0
08/03/2024 02:30:00;0.0;0.0
08/03/2024 03:00:00;0.0;0.0
08/03/2024 03:30:00;0.0;0.0
08/03/2024 04:00:00;0.0;0.0
08/03/2024 04:30:00;0.0;0.0
08/03/2024 05:00:00;0.0;0.0
08/03/2024 05:30:00;0.0;0.0
08/03/2024 06:00:00;0.0;0.0
08/03/2024 06:30:00;683.9246838782481;2069.282127299897
08/03/2024 07:00:00;1367.8493677564961;4138.564254599794
08/03/2024 07:30:00;3130.645055345245;6427.546481268168
08/03/2024 08:00:00;4893.440742933994;8716.52870793654
08/03/2024 08:30:00;6299.227898710395;9466.689599325864
08/03/2024 09:00:00;7705.015054486794;10216.850490715186
08/03/2024 09:30:00;10711.9689869912;12772.66033046742
08/03/2024 10:00:00;13718.922919495608;15328.470170219654
08/03/2024 10:30:00;12634.290368281552;13587.591528838297
08/03/2024 11:00:00;11549.657817067497;11846.712887456937
08/03/2024 11:30:00;16337.242545245846;16581.908380528195
08/03/2024 12:00:00;21124.8272734242;21317.103873599448
08/03/2024 12:30:00;17289.987262864135;17450.912079470912
08/03/2024 13:00:00;13455.147252304074;13584.720285342375
08/03/2024 13:30:00;14385.278329868761;14539.906461971143
08/03/2024 14:00:00;15315.409407433452;15495.092638599908
08/03/2024 14:30:00;8620.782941215168;8726.275012756603
08/03/2024 15:00:00;1926.1564749968843;1957.4573869132957
08/03/2024 15:30:00;1151.368740051647;1172.3585419262636
08/03/2024 16:00:00;376.58100510640963;387.25969693923133
08/03/2024 16:30:00;188.29050255320482;193.62984846961567
08/03/2024 17:00:00;0.0;0.0
08/03/2024 17:30:00;0.0;0.0
08/03/2024 18:00:00;0.0;0.0
08/03/2024 18:30:00;0.0;0.0
08/03/2024 19:00:00;0.0;0.0
08/03/2024 19:30:00;0.0;0.0
08/03/2024 20:00:00;0.0;0.0
08/03/2024 20:30:00;0.0;0.0
08/03/2024 21:00:00;0.0;0.0
08/03/2024 21:30:00;0.0;0.0
08/03/2024 22:00:00;0.0;0.0
08/03/2024 22:30:00;0.0;0.0
08/03/2024 23:00:00;0.0;0.0
08/03/2024 23:30:00;0.0;0.0
09/03/2024 00:00:00;0.0;0.0
09/03/2024 00:30:00;0.0;0.0
09/03/2024 01:00:00;0.0;0.0
09/03/2024 01:30:00;0.0;0.0
09/03/2024 02:00:00;0.0;0.0
09/03/2024 02:30:00;0.0;0.0
09/03/2024 03:00:00;0.0;0.0
09/03/2024 03:30:00;0.0;0.0
09/03/2024 04:00:00;0.0;0.0
09/03/2024 04:30:00;0.0;0.0
09/03/2024 05:00:00;0.0;0.0
09/03/2024 05:30:00;0.0;0.0
09/03/2024 06:00:00;0.0;0.0
09/03/2024 06:30:00;1164.2818110929381;3505.310245190596
09/03/2024 07:00:00;2328.5636221858763;7010.620490381192
09/03/2024 07:30:00;4003.3687142920794;8549.906490114357
09/03/2024 08:00:00;5678.173806398282;10089.19248984752
09/03/2024 08:30:00;6528.641173118099;9926.255105537888
09/03/2024 09:00:00;7379.1085398379155;9763.317721228257
09/03/2024 09:30:00;5912.587625823202;7362.442670816249
09/03/2024 10:00:00;4446.066711808489;4961.567620404241
09/03/2024 10:30:00;10708.180643327009;11172.505642287326
09/03/2024 11:00:00;16970.29457484553;17383.443664170412
09/03/2024 11:30:00;18555.236933309985;18847.2964177206
09/03/2024 12:00:00;20140.179291774442;20311.149171270787
09/03/2024 12:30:00;25224.47960205522;25443.9681655449
09/03/2024 13:00:00;30308.779912336002;30576.787159819014
09/03/2024 13:30:00;26311.940604772986;26560.388944845607
09/03/2024 14:00:00;22315.101297209967;22543.990729872203
09/03/2024 14:30:00;16902.974887435743;17100.213697395066
09/03/2024 15:00:00;11490.848477661524;11656.436664917934
09/03/2024 15:30:00;7731.72080346042;7863.223491468486
09/03/2024 16:00:00;3972.593129259317;4070.0103180190386
09/03/2024 16:30:00;1994.9335180493965;2044.528721686956
09/03/2024 17:00:00;17.2739068394764;19.04712535487357
09/03/2024 17:30:00;16.81228232225051;20.862159759915517
09/03/2024 18:00:00;0.0;0.0
09/03/2024 18:30:00;0.0;0.0
09/03/2024 19:00:00;0.0;0.0
09/03/2024 19:30:00;0.0;0.0
09/03/2024 20:00:00;0.0;0.0
09/03/2024 20:30:00;0.0;0.0
09/03/2024 21:00:00;0.0;0.0
09/03/2024 21:30:00;0.0;0.0
09/03/2024 22:00:00;0.0;0.0
09/03/2024 22:30:00;0.0;0.0
09/03/2024 23:00:00;0.0;0.0
09/03/2024 23:30:00;0.0;0.0
10/03/2024 00:00:00;0.0;0.0
10/03/2024 00:30:00;0.0;0.0
10/03/2024 01:00:00;0.0;0.0
10/03/2024 01:30:00;0.0;0.0
10/03/2024 02:00:00;0.0;0.0
10/03/2024 02:30:00;0.0;0.0
10/03/2024 03:00:00;0.0;0.0
10/03/2024 03:30:00;0.0;0.0
10/03/2024 04:00:00;0.0;0.0
10/03/2024 04:30:00;0.0;0.0
10/03/2024 05:00:00;0.0;0.0
10/03/2024 05:30:00;0.0;0.0
10/03/2024 06:00:00;5.271669391603283;66.23801988596409
10/03/2024 06:30:00;1091.435377666357;3296.354722230889
10/03/2024 07:00:00;2177.599085941111;6526.471424575814
10/03/2024 07:30:00;3677.130803571346;7850.019146044275
10/03/2024 08:00:00;5176.6625212015815;9173.566867512736
10/03/2024 08:30:00;8040.6637783139595;11784.993556736163
10/03/2024 09:00:00;10904.665035426338;14396.420245959589
10/03/2024 09:30:00;10889.27849446393;13258.045170472013
10/03/2024 10:00:00;10873.891953501521;12119.670094984436
10/03/2024 10:30:00;8279.209754187523;8968.309019331702
10/03/2024 11:00:00;5684.527554873527;5816.947943678965
10/03/2024 11:30:00;6014.776314662763;6105.973597728222
10/03/2024 12:00:00;6345.025074452;6394.999251777478
10/03/2024 12:30:00;5905.225760234659;5952.618588522474
10/03/2024 13:00:00;5465.426446017319;5510.237925267471
10/03/2024 13:30:00;3756.339643605413;3788.032092203515
10/03/2024 14:00:00;2047.2528411935075;2065.8262591395583
10/03/2024 14:30:00;2734.7991483229;2765.557749942509
10/03/2024 15:00:00;3422.345455452292;3465.2892407454597
10/03/2024 15:30:00;2093.9039572116008;2123.6753467848152
10/03/2024 16:00:00;765.4624589709094;782.0614528241713
10/03/2024 16:30:00;385.5983795441893;394.1464021067557
10/03/2024 17:00:00;5.734300117469276;6.231351389340086
10/03/2024 17:30:00;5.823108687519947;9.813188307833792
10/03/2024 18:00:00;0.0;0.0
10/03/2024 18:30:00;0.0;0.0
10/03/2024 19:00:00;0.0;0.0
10/03/2024 19:30:00;0.0;0.0
10/03/2024 20:00:00;0.0;0.0
10/03/2024 20:30:00;0.0;0.0
10/03/2024 21:00:00;0.0;0.0
10/03/2024 21:30:00;0.0;0.0
10/03/2024 22:00:00;0.0;0.0
10/03/2024 22:30:00;0.0;0.0
10/03/2024 23:00:00;0.0;0.0
10/03/2024 23:30:00;0.0;0.0
11/03/2024 00:00:00;0.0;0.0
11/03/2024 00:30:00;0.0;0.0
11/03/2024 01:00:00;0.0;0.0
11/03/2024 01:30:00;0.0;0.0
11/03/2024 02:00:00;0.0;0.0
11/03/2024 02:30:00;0.0;0.0
11/03/2024 03:00:00;0.0;0.0
11/03/2024 03:30:00;0.0;0.0
11/03/2024 04:00:00;0.0;0.0
11/03/2024 04:30:00;0.0;0.0
11/03/2024 05:00:00;0.0;0.0
11/03/2024 05:30:00;0.0;0.0
11/03/2024 06:00:00;8.04332293878672;99.35911127017646
11/03/2024 06:30:00;422.6263622319186;1298.4787188185437
11/03/2024 07:00:00;837.2094015250506;2497.5983263669114
11/03/2024 07:30:00;1242.3581488155546;2704.6655675316
11/03/2024 08:00:00;1647.5068961060583;2911.7328086962884
11/03/2024 08:30:00;4326.222791159693;6072.287557041355
11/03/2024 09:00:00;7004.938686213327;9232.84230538642
11/03/2024 09:30:00;12113.774687398572;14202.39535691523
11/03/2024 10:00:00;17222.61068858382;19171.94840844404
11/03/2024 10:30:00;21571.148159433727;22838.29070864671
11/03/2024 11:00:00;25919.68563028364;26504.633008849378
11/03/2024 11:30:00;22253.537839358432;22613.66447410872
11/03/2024 12:00:00;18587.390048433223;18722.69593936806
11/03/2024 12:30:00;21495.27420692795;21655.124709938435
11/03/2024 13:00:00;24403.15836542267;24587.55348050881
11/03/2024 13:30:00;16628.812947107734;16757.949187652397
11/03/2024 14:00:00;8854.467528792798;8928.344894795984
11/03/2024 14:30:00;7361.855335994544;7430.213261900375
11/03/2024 15:00:00;5869.243143196287;5932.081629004765
11/03/2024 15:30:00;4398.7305994655735;4457.789801979337
11/03/2024 16:00:00;2928.21805573486;2983.4979749539093
11/03/2024 16:30:00;1469.819507557108;1497.876178623922
11/03/2024 17:00:00;11.420959379355798;12.254382293934722
11/03/2024 17:30:00;11.192030335077968;14.330647499504348
11/03/2024 18:00:00;0.0;0.0
11/03/2024 18:30:00;0.0;0.0
11/03/2024 19:00:00;0.0;0.0
11/03/2024 19:30:00;0.0;0.0
11/03/2024 20:00:00;0.0;0.0
11/03/2024 20:30:00;0.0;0.0
11/03/2024 21:00:00;0.0;0.0
11/03/2024 21:30:00;0.0;0.0
11/03/2024 22:00:00;0.0;0.0
11/03/2024 22:30:00;0.0;0.0
11/03/2024 23:00:00;0.0;0.0
11/03/2024 23:30:00;0.0;0.0
12/03/2024 00:00:00;0.0;0.0
12/03/2024 00:30:00;0.0;0.0
12/03/2024 01:00:00;0.0;0.0
12/03/2024 01:30:00;0.0;0.0
12/03/2024 02:00:00;0.0;0.0
12/03/2024 02:30:00;0.0;0.0
12/03/2024 03:00:00;0.0;0.0
12/03/2024 03:30:00;0.0;0.0
12/03/2024 04:00:00;0.0;0.0
12/03/2024 04:30:00;0.0;0.0
12/03/2024 05:00:00;0.0;0.0
12/03/2024 05:30:00;0.0;0.0
12/03/2024 06:00:00;5.468804228132201;66.237277638745
12/03/2024 06:30:00;962.1916636898127;2882.211125217504
12/03/2024 07:00:00;1918.9145231514933;5698.1849727962635
12/03/2024 07:30:00;3502.6960256054713;7331.783762647169
12/03/2024 08:00:00;5086.477528059449;8965.382552498077
12/03/2024 08:30:00;5281.124688594305;8085.474051555876
12/03/2024 09:00:00;5475.77184912916;7205.5655506136745
12/03/2024 09:30:00;6082.806048888515;7321.670549652412
12/03/2024 10:00:00;6689.840248647869;7437.775548691149
12/03/2024 10:30:00;18791.712546613067;19502.79466214914
12/03/2024 11:00:00;30893.58484457827;31567.81377560713
12/03/2024 11:30:00;28525.96754459579;28950.294276329947
12/03/2024 12:00:00;26158.35024461331;26332.77477705276
12/03/2024 12:30:00;27171.33148199355;27356.1481728559
12/03/2024 13:00:00;28184.312719373793;28379.52156865904
12/03/2024 13:30:00;25125.21896165012;25306.838928891277
12/03/2024 14:00:00;22066.125203926447;22234.15628912351
12/03/2024 14:30:00;14797.77686269685;14916.017540318006
12/03/2024 15:00:00;7529.428521467254;7597.878791512495
12/03/2024 15:30:00;5236.975660213379;5294.889544905705
12/03/2024 16:00:00;2944.5227989595046;2991.900298298916
12/03/2024 16:30:00;1497.8017808672978;1523.0144908562843
12/03/2024 17:00:00;51.08076277509087;54.12868341365258
12/03/2024 17:30:00;49.758241860980874;59.67511168841902
12/03/2024 18:00:00;0.0;0.0
12/03/2024 18:30:00;0.0;0.0
12/03/2024 19:00:00;0.0;0.0
12/03/2024 19:30:00;0.0;0.0
12/03/2024 20:00:00;0.0;0.0
12/03/2024 20:30:00;0.0;0.0
12/03/2024 21:00:00;0.0;0.0
12/03/2024 21:30:00;0.0;0.0
12/03/2024 22:00:00;0.0;0.0
12/03/2024 22:30:00;0.0;0.0
12/03/2024 23:00:00;0.0;0.0
12/03/2024 23:30:00;0.0;0.0
13/03/2024 00:00:00;0.0;0.0
13/03/2024 00:30:00;0.0;0.0
13/03/2024 01:00:00;0.0;0.0
13/03/2024 01:30:00;0.0;0.0
13/03/2024 02:00:00;0.0;0.0
13/03/2024 02:30:00;0.0;0.0
13/03/2024 03:00:00;0.0;0.0
13/03/2024 03:30:00;0.0;0.0
13/03/2024 04:00:00;0.0;0.0
13/03/2024 04:30:00;0.0;0.0
13/03/2024 05:00:00;0.0;0.0
13/03/2024 05:30:00;0.0;0.0
13/03/2024 06:00:00;16.695219008230954;198.33581855758013
13/03/2024 06:30:00;1137.3690112158956;3437.4518321587484
13/03/2024 07:00:00;2258.0428034235606;6676.567845759916
13/03/2024 07:30:00;6032.871677592497;11958.438664795052
13/03/2024 08:00:00;9807.700551761433;17240.309483830188
13/03/2024 08:30:00;14484.47419050302;21206.444198450987
13/03/2024 09:00:00;19161.247829244607;25172.57891307178
13/03/2024 09:30:00;21915.126268655822;26282.723644378544
13/03/2024 10:00:00;24669.00470806704;27392.868375685306
13/03/2024 10:30:00;29725.577864499675;31454.15590692532
13/03/2024 11:00:00;34782.15102093231;35515.44343816534
13/03/2024 11:30:00;33340.67406691759;33803.9175291172
13/03/2024 12:00:00;31899.197112902883;32092.391620069073
13/03/2024 12:30:00;28507.994914099247;28683.46806162403
13/03/2024 13:00:00;25116.792715295607;25274.54450317899
13/03/2024 13:30:00;21007.804792714724;21144.66604878211
13/03/2024 14:00:00;16898.816870133836;17014.787594385223
13/03/2024 14:30:00;13879.653179756842;13981.96910649983
13/03/2024 15:00:00;10860.48948937985;10949.150618614434
13/03/2024 15:30:00;6741.901074350258;6803.668237472286
13/03/2024 16:00:00;2623.312659320666;2658.185856330139
13/03/2024 16:30:00;1347.298126415466;1366.413384812609
13/03/2024 17:00:00;71.28359351026566;74.64091329507872
13/03/2024 17:30:00;70.58873039596678;95.66258470128975
13/03/2024 18:00:00;0.0;0.0
13/03/2024 18:30:00;0.0;0.0
13/03/2024 19:00:00;0.0;0.0
13/03/2024 19:30:00;0.0;0.0
13/03/2024 20:00:00;0.0;0.0
13/03/2024 20:30:00;0.0;0.0
13/03/2024 21:00:00;0.0;0.0
13/03/2024 21:30:00;0.0;0.0
13/03/2024 22:00:00;0.0;0.0
13/03/2024 22:30:00;0.0;0.0
13/03/2024 23:00:00;0.0;0.0
13/03/2024 23:30:00;0.0;0.0
14/03/2024 00:00:00;0.0;0.0
14/03/2024 00:30:00;0.0;0.0
14/03/2024 01:00:00;0.0;0.0
14/03/2024 01:30:00;0.0;0.0
14/03/2024 02:00:00;0.0;0.0
14/03/2024 02:30:00;0.0;0.0
14/03/2024 03:00:00;0.0;0.0
14/03/2024 03:30:00;0.0;0.0
14/03/2024 04:00:00;0.0;0.0
14/03/2024 04:30:00;0.0;0.0
14/03/2024 05:00:00;0.0;0.0
14/03/2024 05:30:00;0.0;0.0
14/03/2024 06:00:00;53.21715253849452;621.2043698565654
14/03/2024 06:30:00;240.12491202571812;938.795366288114
14/03/2024 07:00:00;427.03267151294165;1256.3863627196627
14/03/2024 07:30:00;2216.6700125168372;4139.857166398732
14/03/2024 08:00:00;4006.307353520733;7023.327970077801
14/03/2024 08:30:00;7061.708727764111;10146.246623253805
14/03/2024 09:00:00;10117.110102007488;13269.16527642981
14/03/2024 09:30:00;9403.710900111493;11453.270159932028
14/03/2024 10:00:00;8690.311698215499;9637.375043434246
14/03/2024 10:30:00;11412.881966134913;12030.186767349102
14/03/2024 11:00:00;14135.45223405433;14422.998491263957
14/03/2024 11:30:00;20803.389338938523;21021.958011168656
14/03/2024 12:00:00;27471.326443822716;27620.91753107335
14/03/2024 12:30:00;18499.810356693604;18601.43818814101
14/03/2024 13:00:00;9528.29426956449;9581.958845208674
14/03/2024 13:30:00;15082.065708072088;15172.12169725959
14/03/2024 14:00:00;20635.837146579684;20762.28454931051
14/03/2024 14:30:00;14884.264181333085;14980.484793407617
14/03/2024 15:00:00;9132.691216086485;9198.685037504723
14/03/2024 15:30:00;6755.052162431989;6810.786579823332
14/03/2024 16:00:00;4377.413108777493;4422.888122141942
14/03/2024 16:30:00;2202.751363994625;2226.0062091265554
14/03/2024 17:00:00;28.089619211757043;29.12429611116827
14/03/2024 17:30:00;29.385424039411628;55.22782588736586
14/03/2024 18:00:00;0.0;0.0
14/03/2024 18:30:00;0.0;0.0
14/03/2024 19:00:00;0.0;0.0
14/03/2024 19:30:00;0.0;0.0
14/03/2024 20:00:00;0.0;0.0
14/03/2024 20:30:00;0.0;0.0
14/03/2024 21:00:00;0.0;0.0
14/03/2024 21:30:00;0.0;0.0
14/03/2024 22:00:00;0.0;0.0
14/03/2024 22:30:00;0.0;0.0
14/03/2024 23:00:00;0.0;0.0
14/03/2024 23:30:00;0.0;0.0
15/03/2024 00:00:00;0.0;0.0
15/03/2024 00:30:00;0.0;0.0
15/03/2024 01:00:00;0.0;0.0
15/03/2024 01:30:00;0.0;0.0
15/03/2024 02:00:00;0.0;0.0
15/03/2024 02:30:00;0.0;0.0
15/03/2024 03:00:00;0.0;0.0
15/03/2024 03:30:00;0.0;0.0
15/03/2024 04:00:00;0.0;0.0
15/03/2024 04:30:00;0.0;0.0
15/03/2024 05:00:00;0.0;0.0
15/03/2024 05:30:00;0.0;0.0
15/03/2024 06:00:00;61.7805447307763;707.8160702923057
15/03/2024 06:30:00;1926.4911177258703;5907.152153232607
15/03/2024 07:00:00;3791.201690720964;11106.488236172909
15/03/2024 07:30:00;7820.989980533826;15912.554650195536
15/03/2024 08:00:00;11850.778270346687;20718.62106421816
15/03/2024 08:30:00;16936.687515816866;24775.875400560868
15/03/2024 09:00:00;22022.59676128704;28833.12973690357
15/03/2024 09:30:00;26631.960664675607;31717.844478890736
15/03/2024 10:00:00;31241.32456806417;34602.559220877905
15/03/2024 10:30:00;33405.90925040571;35434.86255756575
15/03/2024 11:00:00;35570.49393274725;36267.1658942536
15/03/2024 11:30:00;36105.85336086806;36543.04727078895
15/03/2024 12:00:00;36641.212788988865;36818.9286473243
15/03/2024 12:30:00;33493.82465662954;33658.30329525002
15/03/2024 13:00:00;30346.436524270204;30497.67794317575
15/03/2024 13:30:00;24563.930294325168;24690.125216090364
15/03/2024 14:00:00;18781.424064380128;18882.572489004975
15/03/2024 14:30:00;15889.251232093175;15980.611660421839
15/03/2024 15:00:00;12997.07839980622;13078.6508318387
15/03/2024 15:30:00;8344.022285742434;8400.412970498746
15/03/2024 16:00:00;3690.966171678649;3722.1751091587944
15/03/2024 16:30:00;1911.7780306838288;1929.1466837435025
15/03/2024 17:00:00;132.58988968900843;136.11825832821094
15/03/2024 17:30:00;130.10061233030373;160.24518799717572
15/03/2024 18:00:00;0.0;0.0
15/03/2024 18:30:00;0.0;0.0
15/03/2024 19:00:00;0.0;0.0
15/03/2024 19:30:00;0.0;0.0
15/03/2024 20:00:00;0.0;0.0
15/03/2024 20:30:00;0.0;0.0
15/03/2024 21:00:00;0.0;0.0
15/03/2024 21:30:00;0.0;0.0
15/03/2024 22:00:00;0.0;0.0
15/03/2024 22:30:00;0.0;0.0
15/03/2024 23:00:00;0.0;0.0
15/03/2024 23:30:00;0.0;0.0
16/03/2024 00:00:00;0.0;0.0
16/03/2024 00:30:00;0.0;0.0
16/03/2024 01:00:00;0.0;0.0
16/03/2024 01:30:00;0.0;0.0
16/03/2024 02:00:00;0.0;0.0
16/03/2024 02:30:00;0.0;0.0
16/03/2024 03:00:00;0.0;0.0
16/03/2024 03:30:00;0.0;0.0
16/03/2024 04:00:00;0.0;0.0
16/03/2024 04:30:00;0.0;0.0
16/03/2024 05:00:00;0.0;0.0
16/03/2024 05:30:00;0.0;0.0
16/03/2024 06:00:00;67.86867836268623;763.4184297212946
16/03/2024 06:30:00;1760.0282828281609;5413.297225364011
16/03/2024 07:00:00;3452.1878872936354;10063.176021006728
16/03/2024 07:30:00;7385.636100855051;14899.035749603045
16/03/2024 08:00:00;11319.084314416466;19734.89547819936
16/03/2024 08:30:00;15416.0794577268;22619.084858568203
16/03/2024 09:00:00;19513.074601037133;25503.274238937047
16/03/2024 09:30:00;20395.76598707503;24520.191533172205
16/03/2024 10:00:00;21278.457373112928;23537.10882740736
16/03/2024 10:30:00;28334.65141522936;29797.05290460275
16/03/2024 11:00:00;35390.8454573458;36056.99698179815
16/03/2024 11:30:00;35059.806471683754;35466.508260338596
16/03/2024 12:00:00;34728.767486021716;34876.01953887906
16/03/2024 12:30:00;29301.661986076004;29427.045636727064
16/03/2024 13:00:00;23874.556486130296;23978.07173457507
16/03/2024 13:30:00;21559.875952296436;21656.38287877183
16/03/2024 14:00:00;19245.19541846258;19334.694022968586
16/03/2024 14:30:00;13580.452024485832;13646.357856113791
16/03/2024 15:00:00;7915.708630509087;7958.021689258994
16/03/2024 15:30:00;5451.443083722544;5483.082331869068
16/03/2024 16:00:00;2987.177536936001;3008.142974479143
16/03/2024 16:30:00;1527.0225836394247;1538.1425887809917
16/03/2024 17:00:00;66.86763034284837;68.14220308284042
16/03/2024 17:30:00;66.70252918137713;92.11654142472194
16/03/2024 18:00:00;0.0;0.0
16/03/2024 18:30:00;0.0;0.0
16/03/2024 19:00:00;0.0;0.0
16/03/2024 19:30:00;0.0;0.0
16/03/2024 20:00:00;0.0;0.0
16/03/2024 20:30:00;0.0;0.0
16/03/2024 21:00:00;0.0;0.0
16/03/2024 21:30:00;0.0;0.0
16/03/2024 22:00:00;0.0;0.0
16/03/2024 22:30:00;0.0;0.0
16/03/2024 23:00:00;0.0;0.0
16/03/2024 23:30:00;0.0;0.0
17/03/2024 00:00:00;0.0;0.0
17/03/2024 00:30:00;0.0;0.0
17/03/2024 01:00:00;0.0;0.0
17/03/2024 01:30:00;0.0;0.0
17/03/2024 02:00:00;0.0;0.0
17/03/2024 02:30:00;0.0;0.0
17/03/2024 03:00:00;0.0;0.0
17/03/2024 03:30:00;0.0;0.0
17/03/2024 04:00:00;0.0;0.0
17/03/2024 04:30:00;0.0;0.0
17/03/2024 05:00:00;0.0;0.0
17/03/2024 05:30:00;0.0;0.0
17/03/2024 06:00:00;62.57500014459632;691.4749999717596
17/03/2024 06:30:00;1758.745862095399;5358.881728148752
17/03/2024 07:00:00;3454.9167240462016;10026.288456325745
17/03/2024 07:30:00;6959.348503276027;14109.884409504532
17/03/2024 08:00:00;10463.780282505852;18193.48036268332
17/03/2024 08:30:00;14927.825005368464;21750.191286941623
17/03/2024 09:00:00;19391.86972823108;25306.90221119993
17/03/2024 09:30:00;24825.451757833463;29366.914454318354
17/03/2024 10:00:00;30259.03378743585;33426.92669743678
17/03/2024 10:30:00;30659.30817705467;32524.14142864668
17/03/2024 11:00:00;31059.582566673496;31621.356159856576
17/03/2024 11:30:00;33094.6472483431;33439.28447557436
17/03/2024 12:00:00;35129.7119300127;35257.212791292135
17/03/2024 12:30:00;31437.048663491565;31552.1764520842
17/03/2024 13:00:00;27744.385396970432;27847.140112876263
17/03/2024 13:30:00;17867.241578082027;17934.299434100092
17/03/2024 14:00:00;7990.097759193616;8021.458755323923
17/03/2024 14:30:00;6474.042417394061;6500.614211159633
17/03/2024 15:00:00;4957.987075594508;4979.769666995343
17/03/2024 15:30:00;3233.4558877815884;3248.5543892821615
17/03/2024 16:00:00;1508.9246999686695;1517.3391115689803
17/03/2024 16:30:00;784.9285173030496;789.5048388634042
17/03/2024 17:00:00;60.93233463742966;61.67056615782797
17/03/2024 17:30:00;60.342343167142346;78.37000651037377
17/03/2024 18:00:00;0.0;0.0
17/03/2024 18:30:00;0.0;0.0
17/03/2024 19:00:00;0.0;0.0
17/03/2024 19:30:00;0.0;0.0
17/03/2024 20:00:00;0.0;0.0
17/03/2024 20:30:00;0.0;0.0
17/03/2024 21:00:00;0.0;0.0
17/03/2024 21:30:00;0.0;0.0
17/03/2024 22:00:00;0.0;0.0
17/03/2024 22:30:00;0.0;0.0
17/03/2024 23:00:00;0.0;0.0
17/03/2024 23:30:00;0.0;0.0
18/03/2024 00:00:00;0.0;0.0
18/03/2024 00:30:00;0.0;0.0
18/03/2024 01:00:00;0.0;0.0
18/03/2024 01:30:00;0.0;0.0
18/03/2024 02:00:00;0.0;0.0
18/03/2024 02:30:00;0.0;0.0
18/03/2024 03:00:00;0.0;0.0
18/03/2024 03:30:00;0.0;0.0
18/03/2024 04:00:00;0.0;0.0
18/03/2024 04:30:00;0.0;0.0
18/03/2024 05:00:00;0.0;0.0
18/03/2024 05:30:00;0.0;0.0
18/03/2024 06:00:00;45.59255640995953;495.8560153240188
18/03/2024 06:30:00;1798.548555175725;5378.379854752636
18/03/2024 07:00:00;3551.50455394149;10260.903694181252
18/03/2024 07:30:00;4274.58431410103;9462.461493287836
18/03/2024 08:00:00;4997.66407426057;8664.019292394421
18/03/2024 08:30:00;13065.483389580515;18099.46400737146
18/03/2024 09:00:00;21133.30270490046;27534.9087223485
18/03/2024 09:30:00;26081.03993707793;30883.633046108767
18/03/2024 10:00:00;31028.77716925541;34232.35736986903
18/03/2024 10:30:00;33476.87756527545;35389.90693019504
18/03/2024 11:00:00;35924.977961295495;36547.456490521035
18/03/2024 11:30:00;35591.16733135406;35955.62958267329
18/03/2024 12:00:00;35257.356701412624;35363.80267482555
18/03/2024 12:30:00;27204.22349369554;27286.673412195516
18/03/2024 13:00:00;19151.09028597845;19209.54414956548
18/03/2024 13:30:00;15492.39354764134;15540.408590642812
18/03/2024 14:00:00;11833.69680930423;11871.273031720142
18/03/2024 14:30:00;10222.070885348876;10255.756267489114
18/03/2024 15:00:00;8610.444961393521;8640.239503258086
18/03/2024 15:30:00;4941.51092584741;4959.049542898509
18/03/2024 16:00:00;1272.5768903012997;1277.859582538931
18/03/2024 16:30:00;704.1008107871735;707.226008436251
18/03/2024 17:00:00;135.6247312730474;136.59243433357113
18/03/2024 17:30:00;132.98971743310875;158.93962354280205
18/03/2024 18:00:00;0.0;0.0
18/03/2024 18:30:00;0.0;0.0
18/03/2024 19:00:00;0.0;0.0
18/03/2024 19:30:00;0.0;0.0
18/03/2024 20:00:00;0.0;0.0
18/03/2024 20:30:00;0.0;0.0
18/03/2024 21:00:00;0.0;0.0
18/03/2024 21:30:00;0.0;0.0
18/03/2024 22:00:00;0.0;0.0
18/03/2024 22:30:00;0.0;0.0
18/03/2024 23:00:00;0.0;0.0
18/03/2024 23:30:00;0.0;0.0
19/03/2024 00:00:00;0.0;0.0
19/03/2024 00:30:00;0.0;0.0
19/03/2024 01:00:00;0.0;0.0
19/03/2024 01:30:00;0.0;0.0
19/03/2024 02:00:00;0.0;0.0
19/03/2024 02:30:00;0.0;0.0
19/03/2024 03:00:00;0.0;0.0
19/03/2024 03:30:00;0.0;0.0
19/03/2024 04:00:00;0.0;0.0
19/03/2024 04:30:00;0.0;0.0
19/03/2024 05:00:00;0.0;0.0
19/03/2024 05:30:00;0.0;0.0
19/03/2024 06:00:00;67.11437143464279;717.619353773575
19/03/2024 06:30:00;1691.4756846667372;5129.172513788778
19/03/2024 07:00:00;3315.836997898832;9540.72567380398
19/03/2024 07:30:00;3922.829385727461;8687.08292495993
19/03/2024 08:00:00;4529.82177355609;7833.440176115879
19/03/2024 08:30:00;5618.8366730508105;8280.32151568521
19/03/2024 09:00:00;6707.851572545531;8727.20285525454
19/03/2024 09:30:00;9703.236267232836;11359.557493682305
19/03/2024 10:00:00;12698.620961920138;13991.912132110074
19/03/2024 10:30:00;12978.652564546826;13735.139469723888
19/03/2024 11:00:00;13258.684167173515;13478.366807337703
19/03/2024 11:30:00;12107.428158924886;12230.466492560312
19/03/2024 12:00:00;10956.172150676259;10982.566177782923
19/03/2024 12:30:00;9101.200892015593;9123.15324800762
19/03/2024 13:00:00;7246.229633354925;7263.74031823232
19/03/2024 13:30:00;4819.433857539193;4831.099461619843
19/03/2024 14:00:00;2392.638081723462;2398.4586050073667
19/03/2024 14:30:00;7342.646005685162;7361.00510469214
19/03/2024 15:00:00;12292.653929646862;12323.551604376911
19/03/2024 15:30:00;7428.271972484029;7447.1813851347915
19/03/2024 16:00:00;2563.8900153211966;2570.8111658926728
19/03/2024 16:30:00;1403.5622080597186;1407.4482952092753
19/03/2024 17:00:00;243.2344007982409;244.08542452587795
19/03/2024 17:30:00;236.73739451967154;264.75115776823594
19/03/2024 18:00:00;0.0;0.0
19/03/2024 18:30:00;0.0;0.0
19/03/2024 19:00:00;0.0;0.0
19/03/2024 19:30:00;0.0;0.0
19/03/2024 20:00:00;0.0;0.0
19/03/2024 20:30:00;0.0;0.0
19/03/2024 21:00:00;0.0;0.0
19/03/2024 21:30:00;0.0;0.0
19/03/2024 22:00:00;0.0;0.0
19/03/2024 22:30:00;0.0;0.0
19/03/2024 23:00:00;0.0;0.0
19/03/2024 23:30:00;0.0;0.0
20/03/2024 00:00:00;0.0;0.0
20/03/2024 00:30:00;0.0;0.0
20/03/2024 01:00:00;0.0;0.0
20/03/2024 01:30:00;0.0;0.0
20/03/2024 02:00:00;0.0;0.0
20/03/2024 02:30:00;0.0;0.0
20/03/2024 03:00:00;0.0;0.0
20/03/2024 03:30:00;0.0;0.0
20/03/2024 04:00:00;0.0;0.0
20/03/2024 04:30:00;0.0;0.0
20/03/2024 05:00:00;0.0;0.0
20/03/2024 05:30:00;0.0;0.0
20/03/2024 06:00:00;74.31223755543765;781.3944888271855
20/03/2024 06:30:00;1234.4487055718419;3820.3985722648104
20/03/2024 07:00:00;2394.5851735882466;6859.4026557024345
20/03/2024 07:30:00;3178.40179616813;6847.958360276838
20/03/2024 08:00:00;3962.2184187480143;6836.514064851241
20/03/2024 08:30:00;9284.023923659459;12905.075109698988
20/03/2024 09:00:00;14605.829428570903;18973.636154546737
20/03/2024 09:30:00;11804.712308269625;14443.142983648944
20/03/2024 10:00:00;9003.595187968347;9912.649812751153
20/03/2024 10:30:00;12429.309230120487;13009.188276943243
20/03/2024 11:00:00;15855.023272272629;16105.726741135335
20/03/2024 11:30:00;18895.721629427884;19040.964145959006
20/03/2024 12:00:00;21936.419986583147;21976.20155078268
20/03/2024 12:30:00;26116.86299352811;26163.437186347757
20/03/2024 13:00:00;30297.306000473072;30350.672821912834
20/03/2024 13:30:00;21209.491610760597;21246.47263368147
20/03/2024 14:00:00;12121.677221048118;12142.272445450108
20/03/2024 14:30:00;10510.030043501936;10527.715738529741
20/03/2024 15:00:00;8898.382865955753;8913.159031609377
20/03/2024 15:30:00;6707.185895595456;6718.323479958356
20/03/2024 16:00:00;4515.98892523516;4523.487928307337
20/03/2024 16:30:00;2319.5659834419457;2323.417727262385
20/03/2024 17:00:00;123.14304164873107;123.34752621743337
20/03/2024 17:30:00;120.74668929172297;142.77486371318616
20/03/2024 18:00:00;0.0;0.0
20/03/2024 18:30:00;0.0;0.0
20/03/2024 19:00:00;0.0;0.0
20/03/2024 19:30:00;0.0;0.0
20/03/2024 20:00:00;0.0;0.0
20/03/2024 20:30:00;0.0;0.0
20/03/2024 21:00:00;0.0;0.0
20/03/2024 21:30:00;0.0;0.0
20/03/2024 22:00:00;0.0;0.0
20/03/2024 22:30:00;0.0;0.0
20/03/2024 23:00:00;0.0;0.0
20/03/2024 23:30:00;0.0;0.0
21/03/2024 00:00:00;0.0;0.0
21/03/2024 00:30:00;0.0;0.0
21/03/2024 01:00:00;0.0;0.0
21/03/2024 01:30:00;0.0;0.0
21/03/2024 02:00:00;0.0;0.0
21/03/2024 02:30:00;0.0;0.0
21/03/2024 03:00:00;0.0;0.0
21/03/2024 03:30:00;0.0;0.0
21/03/2024 04:00:00;0.0;0.0
21/03/2024 04:30:00;0.0;0.0
21/03/2024 05:00:00;0.0;0.0
21/03/2024 05:30:00;0.0;0.0
21/03/2024 06:00:00;60.837880366520345;628.458301107006
21/03/2024 06:30:00;30.418940183260172;314.229150553503
21/03/2024 07:00:00;0.0;0.0
21/03/2024 07:30:00;0.0;0.0
21/03/2024 08:00:00;0.0;0.0
21/03/2024 08:30:00;10713.736054630617;13894.613403583777
21/03/2024 09:00:00;21427.472109261234;27789.226807167553
21/03/2024 09:30:00;24205.636644888782;28738.152037125004
21/03/2024 10:00:00;26983.801180516326;29687.077267082455
21/03/2024 10:30:00;28690.98083077747;30271.202704184747
21/03/2024 11:00:00;30398.160481038616;30855.328141287035
21/03/2024 11:30:00;28244.25850218772;28494.504438548443
21/03/2024 12:00:00;26090.35652333683;26133.68073580985
21/03/2024 12:30:00;24612.303633793952;24653.173472852195
21/03/2024 13:00:00;23134.250744251072;23172.666209894538
21/03/2024 13:30:00;16300.336331305642;16327.403774173565
21/03/2024 14:00:00;9466.421918360213;9482.141338452591
21/03/2024 14:30:00;7731.047460895223;7743.885213516013
21/03/2024 15:00:00;5995.6730034302345;6005.629088579435
21/03/2024 15:30:00;3824.144491680779;3830.494655900916
21/03/2024 16:00:00;1652.6159799313239;1655.3602232223961
21/03/2024 16:30:00;845.254512850357;846.6580960507532
21/03/2024 17:00:00;37.893045769390056;37.95596887911048
21/03/2024 17:30:00;47.147010764944966;145.36439518585007
21/03/2024 18:00:00;0.0;0.0
21/03/2024 18:30:00;0.0;0.0
21/03/2024 19:00:00;0.0;0.0
21/03/2024 19:30:00;0.0;0.0
21/03/2024 20:00:00;0.0;0.0
21/03/2024 20:30:00;0.0;0.0
21/03/2024 21:00:00;0.0;0.0
21/03/2024 21:30:00;0.0;0.0
21/03/2024 22:00:00;0.0;0.0
21/03/2024 22:30:00;0.0;0.0
21/03/2024 23:00:00;0.0;0.0
21/03/2024 23:30:00;0.0;0.0
22/03/2024 00:00:00;0.0;0.0
22/03/2024 00:30:00;0.0;0.0
22/03/2024 01:00:00;0.0;0.0
22/03/2024 01:30:00;0.0;0.0
22/03/2024 02:00:00;0.0;0.0
22/03/2024 02:30:00;0.0;0.0
22/03/2024 03:00:00;0.0;0.0
22/03/2024 03:30:00;0.0;0.0
22/03/2024 04:00:00;0.0;0.0
22/03/2024 04:30:00;0.0;0.0
22/03/2024 05:00:00;0.0;0.0
22/03/2024 05:30:00;0.0;0.0
22/03/2024 06:00:00;278.49613565381776;2830.575052854341
22/03/2024 06:30:00;139.24806782690888;1415.2875264271704
22/03/2024 07:00:00;0.0;0.0
22/03/2024 07:30:00;6067.393679553988;10423.044010037302
22/03/2024 08:00:00;12134.787359107975;20846.088020074603
22/03/2024 08:30:00;16868.94237751398;24409.668794291327
22/03/2024 09:00:00;21603.097395919987;27973.249568508054
22/03/2024 09:30:00;23830.27905068948;28310.741200147477
22/03/2024 10:00:00;26057.460705458972;28648.232831786903
22/03/2024 10:30:00;30790.802899912316;32339.987846593067
22/03/2024 11:00:00;35524.14509436566;36031.74286139922
22/03/2024 11:30:00;36629.22727402267;36914.35591799772
22/03/2024 12:00:00;37734.30945367967;37796.9689745962
22/03/2024 12:30:00;34749.32757251054;34807.03039652904
22/03/2024 13:00:00;31764.345691341397;31817.09181846186
22/03/2024 13:30:00;26998.827904532827;27043.660674664283
22/03/2024 14:00:00;22233.310117724257;22270.2295308667
22/03/2024 14:30:00;17085.51737292725;17113.888644290062
22/03/2024 15:00:00;11937.724628130243;11957.547757713424
22/03/2024 15:30:00;8060.474922535223;8073.859704297979
22/03/2024 16:00:00;4183.225216940204;4190.171650882535
22/03/2024 16:30:00;2206.9421128819695;2210.785833582277
22/03/2024 17:00:00;230.65900882373492;231.40001628201986
22/03/2024 17:30:00;222.80473013041367;232.67474931842173
22/03/2024 18:00:00;0.0;0.0
22/03/2024 18:30:00;0.0;0.0
22/03/2024 19:00:00;0.0;0.0
22/03/2024 19:30:00;0.0;0.0
22/03/2024 20:00:00;0.0;0.0
22/03/2024 20:30:00;0.0;0.0
22/03/2024 21:00:00;0.0;0.0
22/03/2024 21:30:00;0.0;0.0
22/03/2024 22:00:00;0.0;0.0
22/03/2024 22:30:00;0.0;0.0
22/03/2024 23:00:00;0.0;0.0
22/03/2024 23:30:00;0.0;0.0
23/03/2024 00:00:00;0.0;0.0
23/03/2024 00:30:00;0.0;0.0
23/03/2024 01:00:00;0.0;0.0
23/03/2024 01:30:00;0.0;0.0
23/03/2024 02:00:00;0.0;0.0
23/03/2024 02:30:00;0.0;0.0
23/03/2024 03:00:00;0.0;0.0
23/03/2024 03:30:00;0.0;0.0
23/03/2024 04:00:00;0.0;0.0
23/03/2024 04:30:00;0.0;0.0
23/03/2024 05:00:00;0.0;0.0
23/03/2024 05:30:00;0.0;0.0
23/03/2024 06:00:00;26.4477627973829;264.5430752284686
23/03/2024 06:30:00;676.7180486346275;2009.445302177957
23/03/2024 07:00:00;1326.988334471872;3754.347529127446
23/03/2024 07:30:00;2696.591282154775;5362.6277368046885
23/03/2024 08:00:00;4066.194229837678;6970.907944481931
23/03/2024 08:30:00;5371.975747833078;7802.065035262456
23/03/2024 09:00:00;6677.757265828477;8633.222126042983
23/03/2024 09:30:00;10926.112569184923;12652.187889162607
23/03/2024 10:00:00;15174.46787254137;16671.15365228223
23/03/2024 10:30:00;14532.938593270406;15379.597152447348
23/03/2024 11:00:00;13891.40931399944;14088.040652612463
23/03/2024 11:30:00;15447.745662971052;15560.179354416034
23/03/2024 12:00:00;17004.082011942664;17032.318056219603
23/03/2024 12:30:00;11328.742766482;11347.554654247053
23/03/2024 13:00:00;5653.403521021335;5662.791252274504
23/03/2024 13:30:00;5116.390754462006;5124.886751821913
23/03/2024 14:00:00;4579.377987902677;4586.982251369322
23/03/2024 14:30:00;3625.7626025968902;3631.7833447523735
23/03/2024 15:00:00;2672.147217291104;2676.5844381354245
23/03/2024 15:30:00;1703.2210204796309;1706.0492957204758
23/03/2024 16:00:00;734.294823668158;735.5141533055273
23/03/2024 16:30:00;434.9972989940356;436.0833378608967
23/03/2024 17:00:00;135.6997743199132;136.65252241626604
23/03/2024 17:30:00;131.51509469823506;141.57037627516544
23/03/2024 18:00:00;0.0;0.0
23/03/2024 18:30:00;0.0;0.0
23/03/2024 19:00:00;0.0;0.0
23/03/2024 19:30:00;0.0;0.0
23/03/2024 20:00:00;0.0;0.0
23/03/2024 20:30:00;0.0;0.0
23/03/2024 21:00:00;0.0;0.0
23/03/2024 21:30:00;0.0;0.0
23/03/2024 22:00:00;0.0;0.0
23/03/2024 22:30:00;0.0;0.0
23/03/2024 23:00:00;0.0;0.0
23/03/2024 23:30:00;0.0;0.0
24/03/2024 00:00:00;0.0;0.0
24/03/2024 00:30:00;0.0;0.0
24/03/2024 01:00:00;0.0;0.0
24/03/2024 01:30:00;0.0;0.0
24/03/2024 02:00:00;0.0;0.0
24/03/2024 02:30:00;0.0;0.0
24/03/2024 03:00:00;0.0;0.0
24/03/2024 03:30:00;0.0;0.0
24/03/2024 04:00:00;0.0;0.0
24/03/2024 04:30:00;0.0;0.0
24/03/2024 05:00:00;0.0;0.0
24/03/2024 05:30:00;0.0;0.0
24/03/2024 06:00:00;26.898104156281608;264.5167227476505
24/03/2024 06:30:00;260.0261791461637;826.9906920457055
24/03/2024 07:00:00;493.1542541360459;1389.4646613437606
24/03/2024 07:30:00;1174.3829675327358;2282.3139743995384
24/03/2024 08:00:00;1855.6116809294258;3175.163287455316
24/03/2024 08:30:00;2322.9909019860465;3389.432846733188
24/03/2024 09:00:00;2790.3701230426677;3603.7024060110602
24/03/2024 09:30:00;2269.011940161987;2761.196360555536
24/03/2024 10:00:00;1747.6537572813058;1918.690315100012
24/03/2024 10:30:00;3270.1964329169;3389.3158699408277
24/03/2024 11:00:00;4792.739108552494;4859.941424781643
24/03/2024 11:30:00;4368.078420557229;4404.953690076962
24/03/2024 12:00:00;3943.4177325619644;3949.96595537228
24/03/2024 12:30:00;7281.628041318431;7293.719512745025
24/03/2024 13:00:00;10619.838350074897;10637.473070117769
24/03/2024 13:30:00;6743.622290965029;6754.8203796040325
24/03/2024 14:00:00;2867.4062318551587;2872.167689090296
24/03/2024 14:30:00;2436.65751573794;2440.7036953231586
24/03/2024 15:00:00;2005.908799620721;2009.2397015560216
24/03/2024 15:30:00;1240.3288025268846;1242.388424384831
24/03/2024 16:00:00;474.7488054330487;475.53714721364094
24/03/2024 16:30:00;295.86749663503855;296.9786392436657
24/03/2024 17:00:00;116.9861878370284;118.42013127369056
24/03/2024 17:30:00;113.40582023416331;122.76446109073754
24/03/2024 18:00:00;0.0;0.0
24/03/2024 18:30:00;0.0;0.0
24/03/2024 19:00:00;0.0;0.0
24/03/2024 19:30:00;0.0;0.0
24/03/2024 20:00:00;0.0;0.0
24/03/2024 20:30:00;0.0;0.0
24/03/2024 21:00:00;0.0;0.0
24/03/2024 21:30:00;0.0;0.0
24/03/2024 22:00:00;0.0;0.0
24/03/2024 22:30:00;0.0;0.0
24/03/2024 23:00:00;0.0;0.0
24/03/2024 23:30:00;0.0;0.0
25/03/2024 00:00:00;0.0;0.0
25/03/2024 00:30:00;0.0;0.0
25/03/2024 01:00:00;0.0;0.0
25/03/2024 01:30:00;0.0;0.0
25/03/2024 02:00:00;0.0;0.0
25/03/2024 02:30:00;0.0;0.0
25/03/2024 03:00:00;0.0;0.0
25/03/2024 03:30:00;0.0;0.0
25/03/2024 04:00:00;0.0;0.0
25/03/2024 04:30:00;0.0;0.0
25/03/2024 05:00:00;0.0;0.0
25/03/2024 05:30:00;0.0;0.0
25/03/2024 06:00:00;23.896630162536297;231.37270651691225
25/03/2024 06:30:00;665.0471117861824;1947.5646450432873
25/03/2024 07:00:00;1306.1975934098286;3663.7565835696623
25/03/2024 07:30:00;1050.212276162231;2509.9672830595614
25/03/2024 08:00:00;794.2269589146337;1356.177982549461
25/03/2024 08:30:00;1896.4945707254478;2612.654419620564
25/03/2024 09:00:00;2998.762182536262;3869.130856691667
25/03/2024 09:30:00;16282.094645693782;18152.622950495315
25/03/2024 10:00:00;29565.4271088513;32436.115044298964
25/03/2024 10:30:00;31698.25360338357;33368.13883017536
25/03/2024 11:00:00;33831.080097915845;34300.16261605178
25/03/2024 11:30:00;28317.8369593189;28571.312246121714
25/03/2024 12:00:00;22804.593820721962;22842.461876191657
25/03/2024 12:30:00;20977.800577975417;21012.63516096181
25/03/2024 13:00:00;19151.00733522887;19182.808445731964
25/03/2024 13:30:00;14757.209582250633;14781.714593628243
25/03/2024 14:00:00;10363.411829272394;10380.62074152452
25/03/2024 14:30:00;6433.669318716193;6444.352716480263
25/03/2024 15:00:00;2503.9268081599907;2508.0846914360045
25/03/2024 15:30:00;3516.7552795298716;3522.9358836381807
25/03/2024 16:00:00;4529.583750899753;4537.787075840357
25/03/2024 16:30:00;2474.2277688255303;2482.4948399032005
25/03/2024 17:00:00;418.87178675130815;427.20260396604476
25/03/2024 17:30:00;405.1616725523899;433.6581428867341
25/03/2024 18:00:00;0.0;0.0
25/03/2024 18:30:00;0.0;0.0
25/03/2024 19:00:00;0.0;0.0
25/03/2024 19:30:00;0.0;0.0
25/03/2024 20:00:00;0.0;0.0
25/03/2024 20:30:00;0.0;0.0
25/03/2024 21:00:00;0.0;0.0
25/03/2024 21:30:00;0.0;0.0
25/03/2024 22:00:00;0.0;0.0
25/03/2024 22:30:00;0.0;0.0
25/03/2024 23:00:00;0.0;0.0
25/03/2024 23:30:00;0.0;0.0
26/03/2024 00:00:00;0.0;0.0
26/03/2024 00:30:00;0.0;0.0
26/03/2024 01:00:00;0.0;0.0
26/03/2024 01:30:00;0.0;0.0
26/03/2024 02:00:00;0.0;0.0
26/03/2024 02:30:00;0.0;0.0
26/03/2024 03:00:00;0.0;0.0
26/03/2024 03:30:00;0.0;0.0
26/03/2024 04:00:00;0.0;0.0
26/03/2024 04:30:00;0.0;0.0
26/03/2024 05:00:00;0.0;0.0
26/03/2024 05:30:00;0.0;0.0
26/03/2024 06:00:00;62.408817579434306;595.046615903967
26/03/2024 06:30:00;686.1187448176497;2127.4146115319386
26/03/2024 07:00:00;1309.8286720558651;3659.7826071599093
26/03/2024 07:30:00;6767.031850942899;12244.644631051005
26/03/2024 08:00:00;12224.235029829933;20829.506654942103
26/03/2024 08:30:00;13489.867605509296;19923.93074408479
26/03/2024 09:00:00;14755.50018118866;19018.35483322748
26/03/2024 09:30:00;14020.46647150308;16791.50804591397
26/03/2024 10:00:00;13285.4327618175;14564.661258600465
26/03/2024 10:30:00;8061.795875718266;8720.899523562977
26/03/2024 11:00:00;2838.1589896190317;2877.1377885254883
26/03/2024 11:30:00;9094.261960196016;9126.49634592807
26/03/2024 12:00:00;15350.364930773001;15375.854903330652
26/03/2024 12:30:00;17728.323744339144;17757.762424642468
26/03/2024 13:00:00;20106.28255790529;20139.669945954287
26/03/2024 13:30:00;19655.528889681773;19688.16778095658
26/03/2024 14:00:00;19204.77522145825;19236.66561595887
26/03/2024 14:30:00;10612.991895761046;10630.615246958072
26/03/2024 15:00:00;2021.2085700638377;2024.5648779572696
26/03/2024 15:30:00;3315.8585007692186;3325.0856508337947
26/03/2024 16:00:00;4610.5084314746;4625.60642371032
26/03/2024 16:30:00;2486.2701855862847;2499.049154626782
26/03/2024 17:00:00;362.03193969797013;372.4918855432445
26/03/2024 17:30:00;354.4992036399419;418.12057132106986
26/03/2024 18:00:00;0.0;0.0
26/03/2024 18:30:00;0.0;0.0
26/03/2024 19:00:00;0.0;0.0
26/03/2024 19:30:00;0.0;0.0
26/03/2024 20:00:00;0.0;0.0
26/03/2024 20:30:00;0.0;0.0
26/03/2024 21:00:00;0.0;0.0
26/03/2024 21:30:00;0.0;0.0
26/03/2024 22:00:00;0.0;0.0
26/03/2024 22:30:00;0.0;0.0
26/03/2024 23:00:00;0.0;0.0
26/03/2024 23:30:00;0.0;0.0
27/03/2024 00:00:00;0.0;0.0
27/03/2024 00:30:00;0.0;0.0
27/03/2024 01:00:00;0.0;0.0
27/03/2024 01:30:00;0.0;0.0
27/03/2024 02:00:00;0.0;0.0
27/03/2024 02:30:00;0.0;0.0
27/03/2024 03:00:00;0.0;0.0
27/03/2024 03:30:00;0.0;0.0
27/03/2024 04:00:00;0.0;0.0
27/03/2024 04:30:00;0.0;0.0
27/03/2024 05:00:00;0.0;0.0
27/03/2024 05:30:00;0.0;0.0
27/03/2024 06:00:00;166.18080218923666;1558.8377157667042
27/03/2024 06:30:00;564.5859156966278;2119.142239327823
27/03/2024 07:00:00;962.9910292040188;2679.4467628889424
27/03/2024 07:30:00;2737.6165756606065;5176.548112461309
27/03/2024 08:00:00;4512.242122117194;7673.649462033676
27/03/2024 08:30:00;6692.047735246055;9548.253558792127
27/03/2024 09:00:00;8871.853348374916;11422.857655550579
27/03/2024 09:30:00;14720.998307648088;16978.8052932541
27/03/2024 10:00:00;20570.14326692126;22534.752930957624
27/03/2024 10:30:00;27593.71022774709;28811.4633109408
27/03/2024 11:00:00;34617.27718857292;35088.17369092398
27/03/2024 11:30:00;23750.698122509984;23996.84370377048
27/03/2024 12:00:00;12884.11905644705;12905.513716616982
27/03/2024 12:30:00;9387.47033150525;9403.058648930599
27/03/2024 13:00:00;5890.821606563449;5900.603581244213
27/03/2024 13:30:00;5961.8647404014955;5971.764685406752
27/03/2024 14:00:00;6032.907874239544;6042.925789569291
27/03/2024 14:30:00;7087.063918123929;7098.832307058134
27/03/2024 15:00:00;8141.219962008316;8154.7388245469765
27/03/2024 15:30:00;5112.215309231018;5123.94331991014
27/03/2024 16:00:00;2083.2106564537203;2093.147815273305
27/03/2024 16:30:00;1187.6999589777097;1198.5919379636857
27/03/2024 17:00:00;292.1892615016992;304.03606065406666
27/03/2024 17:30:00;297.9805718966714;449.7455885302143
27/03/2024 18:00:00;0.0;0.0
27/03/2024 18:30:00;0.0;0.0
27/03/2024 19:00:00;0.0;0.0
27/03/2024 19:30:00;0.0;0.0
27/03/2024 20:00:00;0.0;0.0
27/03/2024 20:30:00;0.0;0.0
27/03/2024 21:00:00;0.0;0.0
27/03/2024 21:30:00;0.0;0.0
27/03/2024 22:00:00;0.0;0.0
27/03/2024 22:30:00;0.0;0.0
27/03/2024 23:00:00;0.0;0.0
27/03/2024 23:30:00;0.0;0.0
28/03/2024 00:00:00;0.0;0.0
28/03/2024 00:30:00;0.0;0.0
28/03/2024 01:00:00;0.0;0.0
28/03/2024 01:30:00;0.0;0.0
28/03/2024 02:00:00;0.0;0.0
28/03/2024 02:30:00;0.0;0.0
28/03/2024 03:00:00;0.0;0.0
28/03/2024 03:30:00;0.0;0.0
28/03/2024 04:00:00;0.0;0.0
28/03/2024 04:30:00;0.0;0.0
28/03/2024 05:00:00;0.0;0.0
28/03/2024 05:30:00;0.0;0.0
28/03/2024 06:00:00;442.76333177097627;4092.483785433906
28/03/2024 06:30:00;2540.081636702882;8470.768189673845
28/03/2024 07:00:00;4637.399941634787;12849.052593913782
28/03/2024 07:30:00;8922.658420396552;17631.347451728656
28/03/2024 08:00:00;13207.91689915832;22413.64230954353
28/03/2024 08:30:00;18384.71999828817;26359.854622999133
28/03/2024 09:00:00;23561.523097418016;30306.066936454736
28/03/2024 09:30:00;27887.44816438136;32786.27359696
28/03/2024 10:00:00;32213.373231344704;35266.48025746527
28/03/2024 10:30:00;35478.37893643813;37265.51118132423
28/03/2024 11:00:00;38743.38464153155;39264.542105183195
28/03/2024 11:30:00;38057.31718863088;38348.924242405556
28/03/2024 12:00:00;37371.249735730205;37433.30637962791
28/03/2024 12:30:00;35378.166068696475;35436.913107369364
28/03/2024 13:00:00;33385.08240166275;33440.51983511082
28/03/2024 13:30:00;28496.748198159163;28544.068332424973
28/03/2024 14:00:00;23608.413994655577;23647.61682973913
28/03/2024 14:30:00;18185.832493187972;18216.677108173546
28/03/2024 15:00:00;12763.250991720366;12785.737386607958
28/03/2024 15:30:00;7237.944521129706;7254.558777967081
28/03/2024 16:00:00;1712.6380505390466;1723.3801693262049
28/03/2024 16:30:00;1030.8007967241892;1045.4762999347142
28/03/2024 17:00:00;348.9635429093323;367.5724305432232
28/03/2024 17:30:00;339.16922903259905;386.48071227997934
28/03/2024 18:00:00;0.0;0.0
28/03/2024 18:30:00;0.0;0.0
28/03/2024 19:00:00;0.0;0.0
28/03/2024 19:30:00;0.0;0.0
28/03/2024 20:00:00;0.0;0.0
28/03/2024 20:30:00;0.0;0.0
28/03/2024 21:00:00;0.0;0.0
28/03/2024 21:30:00;0.0;0.0
28/03/2024 22:00:00;0.0;0.0
28/03/2024 22:30:00;0.0;0.0
28/03/2024 23:00:00;0.0;0.0
28/03/2024 23:30:00;0.0;0.0
29/03/2024 00:00:00;0.0;0.0
29/03/2024 00:30:00;0.0;0.0
29/03/2024 01:00:00;0.0;0.0
29/03/2024 01:30:00;0.0;0.0
29/03/2024 02:00:00;0.0;0.0
29/03/2024 02:30:00;0.0;0.0
29/03/2024 03:00:00;0.0;0.0
29/03/2024 03:30:00;0.0;0.0
29/03/2024 04:00:00;0.0;0.0
29/03/2024 04:30:00;0.0;0.0
29/03/2024 05:00:00;0.0;0.0
29/03/2024 05:30:00;0.0;0.0
29/03/2024 06:00:00;94.31138211426826;859.1877556988823
29/03/2024 06:30:00;568.4308019219316;1867.8424334817253
29/03/2024 07:00:00;1042.550221729595;2876.4971112645685
29/03/2024 07:30:00;2236.513380112013;4343.6241736476595
29/03/2024 08:00:00;3430.4765384944308;5810.751236030753
29/03/2024 08:30:00;4544.809963646605;6541.592987611384
29/03/2024 09:00:00;5659.143388798779;7272.434739192015
29/03/2024 09:30:00;15561.623609631184;17565.03432710095
29/03/2024 10:00:00;25464.103830463588;27857.633915009894
29/03/2024 10:30:00;22904.17572840971;24236.455380217354
29/03/2024 11:00:00;20344.247626355835;20615.276845424818
29/03/2024 11:30:00;13636.78315320643;13778.050985670621
29/03/2024 12:00:00;6929.31868005703;6940.825125916424
29/03/2024 12:30:00;12832.755451644302;12854.064820234342
29/03/2024 13:00:00;18736.19222323157;18767.304514552256
29/03/2024 13:30:00;15640.239389568427;15666.210711724812
29/03/2024 14:00:00;12544.286555905284;12565.11690889737
29/03/2024 14:30:00;7689.421002455362;7703.692032192827
29/03/2024 15:00:00;2834.5554490054396;2842.2671554882854
29/03/2024 15:30:00;1899.7038705191494;1907.2885294436903
29/03/2024 16:00:00;964.8522920328589;972.3099033990956
29/03/2024 16:30:00;570.4717906895565;580.2847745296316
29/03/2024 17:00:00;176.09128934625411;188.2596456601678
29/03/2024 17:30:00;179.92626150278915;276.387086361947
29/03/2024 18:00:00;0.0;0.0
29/03/2024 18:30:00;0.0;0.0
29/03/2024 19:00:00;0.0;0.0
29/03/2024 19:30:00;0.0;0.0
29/03/2024 20:00:00;0.0;0.0
29/03/2024 20:30:00;0.0;0.0
29/03/2024 21:00:00;0.0;0.0
29/03/2024 21:30:00;0.0;0.0
29/03/2024 22:00:00;0.0;0.0
29/03/2024 22:30:00;0.0;0.0
29/03/2024 23:00:00;0.0;0.0
29/03/2024 23:30:00;0.0;0.0
30/03/2024 00:00:00;0.0;0.0
30/03/2024 00:30:00;0.0;0.0
30/03/2024 01:00:00;0.0;0.0
30/03/2024 01:30:00;0.0;0.0
30/03/2024 02:00:00;0.0;0.0
30/03/2024 02:30:00;0.0;0.0
30/03/2024 03:00:00;0.0;0.0
30/03/2024 03:30:00;0.0;0.0
30/03/2024 04:00:00;0.0;0.0
30/03/2024 04:30:00;0.0;0.0
30/03/2024 05:00:00;0.0;0.0
30/03/2024 05:30:00;0.0;0.0
30/03/2024 06:00:00;275.8005654161651;2479.5731039064267
30/03/2024 06:30:00;1268.260149338962;4346.355092740839
30/03/2024 07:00:00;2260.7197332617593;6213.1370815752525
30/03/2024 07:30:00;1511.8709878066588;3751.494656229459
30/03/2024 08:00:00;763.0222423515582;1289.8522308836662
30/03/2024 08:30:00;6461.991947177382;8450.771281664798
30/03/2024 09:00:00;12160.961652003205;15611.690332445929
30/03/2024 09:30:00;12994.542240718052;15365.330221050577
30/03/2024 10:00:00;13828.1228294329;15118.970109655225
30/03/2024 10:30:00;8742.073342636217;9411.618558417464
30/03/2024 11:00:00;3656.023855839534;3704.267007179703
30/03/2024 11:30:00;6872.402558595658;6904.900572176232
30/03/2024 12:00:00;10088.781261351782;10105.534137172763
30/03/2024 12:30:00;21109.25799880431;21144.31087276063
30/03/2024 13:00:00;32129.734736256843;32183.087608348498
30/03/2024 13:30:00;20050.23314917994;20083.527464660514
30/03/2024 14:00:00;7970.731562103041;7983.967320972532
30/03/2024 14:30:00;8582.724832829314;8606.267750137049
30/03/2024 15:00:00;9194.718103555586;9228.568179301565
30/03/2024 15:30:00;6773.694348571516;6810.739015092231
30/03/2024 16:00:00;4352.670593587447;4392.909850882897
30/03/2024 16:30:00;2279.8048613829887;2308.773469837368
30/03/2024 17:00:00;206.9391291785312;224.63708879183793
30/03/2024 17:30:00;200.55734547041797;229.9791482322872
30/03/2024 18:00:00;0.0;0.0
30/03/2024 18:30:00;0.0;0.0
30/03/2024 19:00:00;0.0;0.0
30/03/2024 19:30:00;0.0;0.0
30/03/2024 20:00:00;0.0;0.0
30/03/2024 20:30:00;0.0;0.0
30/03/2024 21:00:00;0.0;0.0
30/03/2024 21:30:00;0.0;0.0
30/03/2024 22:00:00;0.0;0.0
30/03/2024 22:30:00;0.0;0.0
30/03/2024 23:00:00;0.0;0.0
30/03/2024 23:30:00;0.0;0.0
31/03/2024 00:00:00;0.0;0.0
31/03/2024 00:30:00;0.0;0.0
31/03/2024 01:00:00;0.0;0.0
31/03/2024 01:30:00;0.0;0.0
31/03/2024 02:00:00;0.0;0.0
31/03/2024 02:30:00;0.0;0.0
31/03/2024 03:00:00;0.0;0.0
31/03/2024 03:30:00;0.0;0.0
31/03/2024 04:00:00;0.0;0.0
31/03/2024 04:30:00;0.0;0.0
31/03/2024 05:00:00;0.0;0.0
31/03/2024 05:30:00;0.0;0.0
31/03/2024 06:00:00;41.01275276758675;363.53063424351956
31/03/2024 06:30:00;2353.479664668506;6566.305698883577
31/03/2024 07:00:00;4665.946576569425;12769.080763523634
31/03/2024 07:30:00;8497.372625528293;16783.766668499968
31/03/2024 08:00:00;12328.79867448716;20798.4525734763
31/03/2024 08:30:00;11615.873561313194;17390.965853667913
31/03/2024 09:00:00;10902.948448139226;13983.479133859517
31/03/2024 09:30:00;12980.319158237427;15217.994823423545
31/03/2024 10:00:00;15057.689868335628;16452.510512987574
31/03/2024 10:30:00;16935.996946000076;17756.12075468709
31/03/2024 11:00:00;18814.304023664532;19059.73099638661
31/03/2024 11:30:00;28297.6812573065;28451.763318567104
31/03/2024 12:00:00;37781.05849094847;37843.7956407476
31/03/2024 12:30:00;22136.68393687241;22173.442897888188
31/03/2024 13:00:00;6492.309382796352;6503.090155028776
31/03/2024 13:30:00;4550.893571268206;4559.090274670436
31/03/2024 14:00:00;2609.477759740059;2615.0903943120957
31/03/2024 14:30:00;7170.013364289311;7199.954304181865
31/03/2024 15:00:00;11730.548968838562;11784.818214051635
31/03/2024 15:30:00;7694.593015413593;7743.907929439103
31/03/2024 16:00:00;3658.637061988622;3702.9976448265716
31/03/2024 16:30:00;1854.7298687772222;1879.5862847771018
31/03/2024 17:00:00;50.82267556582263;56.17492472763182
31/03/2024 17:30:00;25.411337782911314;28.08746236381591
31/03/2024 18:00:00;0.0;0.0
31/03/2024 18:30:00;6.778731111957496;59.21204998198277
31/03/2024 19:00:00;0.0;0.0
31/03/2024 19:30:00;0.0;0.0
31/03/2024 20:00:00;0.0;0.0
31/03/2024 20:30:00;0.0;0.0
31/03/2024 21:00:00;0.0;0.0
31/03/2024 21:30:00;0.0;0.0
31/03/2024 22:00:00;0.0;0.0
31/03/2024 22:30:00;0.0;0.0
31/03/2024 23:00:00;0.0;0.0
31/03/2024 23:30:00;0.0;0.0
01/04/2024 00:00:00;0.0;0.0
01/04/2024 00:30:00;0.0;0.0
01/04/2024 01:00:00;0.0;0.0
01/04/2024 01:30:00;0.0;0.0
01/04/2024 02:00:00;0.0;0.0
01/04/2024 02:30:00;0.0;0.0
01/04/2024 03:00:00;0.0;0.0
01/04/2024 03:30:00;0.0;0.0
01/04/2024 04:00:00;0.0;0.0
01/04/2024 04:30:00;0.0;0.0
01/04/2024 05:00:00;0.0;0.0
01/04/2024 05:30:00;0.0;0.0
01/04/2024 06:00:00;162.68954668697992;1421.0891995675865
01/04/2024 06:30:00;1822.7074094074094;5459.493098653213
01/04/2024 07:00:00;3482.725272127839;9497.89699773884
01/04/2024 07:30:00;6114.5465854292115;12112.367547612106
01/04/2024 08:00:00;8746.367898730585;14726.838097485374
01/04/2024 08:30:00;10971.150868492647;15817.445521932126
01/04/2024 09:00:00;13195.933838254708;16908.05294637888
01/04/2024 09:30:00;11250.09135602602;13534.558113926705
01/04/2024 10:00:00;9304.24887379733;10161.063281474528
01/04/2024 10:30:00;10593.867661882194;11099.039410544141
01/04/2024 11:00:00;11883.486449967055;12037.015539613756
01/04/2024 11:30:00;11310.900734763121;11396.581007531651
01/04/2024 12:00:00;10738.315019559188;10756.146475449546
01/04/2024 12:30:00;12661.665199853804;12682.690465372503
01/04/2024 13:00:00;14585.015380148416;14609.234455295458
01/04/2024 13:30:00;10191.35587057442;10211.848896863927
01/04/2024 14:00:00;5797.696361000423;5814.463338432398
01/04/2024 14:30:00;5996.169823214992;6021.871633509849
01/04/2024 15:00:00;6194.643285429562;6229.2799285873
01/04/2024 15:30:00;5239.973641515832;5289.69453906613
01/04/2024 16:00:00;4285.303997602103;4350.10914954496
01/04/2024 16:30:00;2331.2489069688827;2387.3287476470964
01/04/2024 17:00:00;377.19381633566246;424.5483457492331
01/04/2024 17:30:00;188.59690816783123;212.27417287461654
01/04/2024 18:00:00;0.0;0.0
01/04/2024 18:30:00;5.747553889821917;49.59021043126994
01/04/2024 19:00:00;0.0;0.0
01/04/2024 19:30:00;0.0;0.0
01/04/2024 20:00:00;0.0;0.0
01/04/2024 20:30:00;0.0;0.0
01/04/2024 21:00:00;0.0;0.0
01/04/2024 21:30:00;0.0;0.0
01/04/2024 22:00:00;0.0;0.0
01/04/2024 22:30:00;0.0;0.0
01/04/2024 23:00:00;0.0;0.0
01/04/2024 23:30:00;0.0;0.0
02/04/2024 00:00:00;0.0;0.0
02/04/2024 00:30:00;0.0;0.0
02/04/2024 01:00:00;0.0;0.0
02/04/2024 01:30:00;0.0;0.0
02/04/2024 02:00:00;0.0;0.0
02/04/2024 02:30:00;0.0;0.0
02/04/2024 03:00:00;0.0;0.0
02/04/2024 03:30:00;0.0;0.0
02/04/2024 04:00:00;0.0;0.0
02/04/2024 04:30:00;0.0;0.0
02/04/2024 05:00:00;0.0;0.0
02/04/2024 05:30:00;0.0;0.0
02/04/2024 06:00:00;137.941293355726;1190.1650503504784
02/04/2024 06:30:00;1121.4748469310648;3455.524817579815
02/04/2024 07:00:00;2105.0084005064036;5720.884584809151
02/04/2024 07:30:00;5153.737017276832;9754.535214958281
02/04/2024 08:00:00;8202.465634047263;13788.18584510741
02/04/2024 08:30:00;10818.618116028765;15492.712952803557
02/04/2024 09:00:00;13434.770598010271;17197.240060499702
02/04/2024 09:30:00;16094.351572349535;18838.87949158071
02/04/2024 10:00:00;18753.932546688797;20480.518922661715
02/04/2024 10:30:00;26947.38452945291;28035.358871037773
02/04/2024 11:00:00;35140.83651221702;35590.198819413825
02/04/2024 11:30:00;36312.11175225526;36568.27614363244
02/04/2024 12:00:00;37483.3869922935;37546.35346785105
02/04/2024 12:30:00;34186.159386136336;34252.339894950244
02/04/2024 13:00:00;30888.931779979182;30958.326322049437
02/04/2024 13:30:00;26176.1731327868;26249.700673152052
02/04/2024 14:00:00;21463.41448559442;21541.075024254667
02/04/2024 14:30:00;16777.01693420897;16855.387567640093
02/04/2024 15:00:00;12090.619382823517;12169.700111025517
02/04/2024 15:30:00;7827.8720439737845;7899.636629233438
02/04/2024 16:00:00;3565.1247051240507;3629.573147441359
02/04/2024 16:30:00;1802.6072658827218;1837.8203824811521
02/04/2024 17:00:00;40.08982664139309;46.067617520945184
02/04/2024 17:30:00;20.044913320696544;23.033808760472592
02/04/2024 18:00:00;0.0;0.0
02/04/2024 18:30:00;8.595666918819832;73.26408130018629
02/04/2024 19:00:00;0.0;0.0
02/04/2024 19:30:00;0.0;0.0
02/04/2024 20:00:00;0.0;0.0
02/04/2024 20:30:00;0.0;0.0
02/04/2024 21:00:00;0.0;0.0
02/04/2024 21:30:00;0.0;0.0
02/04/2024 22:00:00;0.0;0.0
02/04/2024 22:30:00;0.0;0.0
02/04/2024 23:00:00;0.0;0.0
02/04/2024 23:30:00;0.0;0.0
03/04/2024 00:00:00;0.0;0.0
03/04/2024 00:30:00;0.0;0.0
03/04/2024 01:00:00;0.0;0.0
03/04/2024 01:30:00;0.0;0.0
03/04/2024 02:00:00;0.0;0.0
03/04/2024 02:30:00;0.0;0.0
03/04/2024 03:00:00;0.0;0.0
03/04/2024 03:30:00;0.0;0.0
03/04/2024 04:00:00;0.0;0.0
03/04/2024 04:30:00;0.0;0.0
03/04/2024 05:00:00;0.0;0.0
03/04/2024 05:30:00;0.0;0.0
03/04/2024 06:00:00;206.29600605167596;1758.3379512044708
03/04/2024 06:30:00;816.5478155188695;2811.852826803769
03/04/2024 07:00:00;1426.799624986063;3865.3677024030662
03/04/2024 07:30:00;2588.782047900021;5080.691259458495
03/04/2024 08:00:00;3750.7644708139787;6296.014816513923
03/04/2024 08:30:00;5141.3614763409;7324.779569858643
03/04/2024 09:00:00;6531.95848186782;8353.544323203365
03/04/2024 09:30:00;5445.905615393499;6557.362537793872
03/04/2024 10:00:00;4359.852748919178;4761.18075238438
03/04/2024 10:30:00;7093.366636621927;7356.3253992091095
03/04/2024 11:00:00;9826.880524324675;9951.470046033839
03/04/2024 11:30:00;10250.39640546046;10324.784478545713
03/04/2024 12:00:00;10673.912286596245;10698.098911057585
03/04/2024 12:30:00;7992.618430802716;8012.370368769619
03/04/2024 13:00:00;5311.3245750091855;5326.641826481652
03/04/2024 13:30:00;4725.762043718411;4742.4487492503495
03/04/2024 14:00:00;4140.199512427636;4158.255672019046
03/04/2024 14:30:00;3469.247791602554;3488.7585647072005
03/04/2024 15:00:00;2798.2960707774714;2819.2614573953547
03/04/2024 15:30:00;2141.725017701352;2167.8788749545665
03/04/2024 16:00:00;1485.1539646252324;1516.4962925137788
03/04/2024 16:30:00;864.5429431679952;901.314629781186
03/04/2024 17:00:00;243.93192171075796;286.1329670485933
03/04/2024 17:30:00;121.96596085537898;143.06648352429664
03/04/2024 18:00:00;0.0;0.0
03/04/2024 18:30:00;25.615968843901054;215.4863885500632
03/04/2024 19:00:00;0.0;0.0
03/04/2024 19:30:00;0.0;0.0
03/04/2024 20:00:00;0.0;0.0
03/04/2024 20:30:00;0.0;0.0
03/04/2024 21:00:00;0.0;0.0
03/04/2024 21:30:00;0.0;0.0
03/04/2024 22:00:00;0.0;0.0
03/04/2024 22:30:00;0.0;0.0
03/04/2024 23:00:00;0.0;0.0
03/04/2024 23:30:00;0.0;0.0
04/04/2024 00:00:00;0.0;0.0
04/04/2024 00:30:00;0.0;0.0
04/04/2024 01:00:00;0.0;0.0
04/04/2024 01:30:00;0.0;0.0
04/04/2024 02:00:00;0.0;0.0
04/04/2024 02:30:00;0.0;0.0
04/04/2024 03:00:00;0.0;0.0
04/04/2024 03:30:00;0.0;0.0
04/04/2024 04:00:00;0.0;0.0
04/04/2024 04:30:00;0.0;0.0
04/04/2024 05:00:00;0.0;0.0
04/04/2024 05:30:00;0.0;0.0
04/04/2024 06:00:00;614.7832522536253;5171.6733252015165
04/04/2024 06:30:00;2912.7864214632605;9621.469238963447
04/04/2024 07:00:00;5210.789590672895;14071.265152725377
04/04/2024 07:30:00;9702.565389740512;18933.343673178617
04/04/2024 08:00:00;14194.341188808132;23795.422193631854
04/04/2024 08:30:00;19568.46404789753;27830.778781921235
04/04/2024 09:00:00;24942.586906986926;31866.135370210617
04/04/2024 09:30:00;29441.451602816327;34464.96376803072
04/04/2024 10:00:00;33940.316298645725;37063.79216585082
04/04/2024 10:30:00;36909.06012578252;38725.915547176795
04/04/2024 11:00:00;39877.80395291932;40388.038928502785
04/04/2024 11:30:00;39799.500871099364;40111.30067575896
04/04/2024 12:00:00;39721.19778927942;39834.56242301513
04/04/2024 12:30:00;36788.62618481465;36904.74437134531
04/04/2024 13:00:00;33856.0545803499;33974.92631967549
04/04/2024 13:30:00;28930.441255162656;29051.064634840695
04/04/2024 14:00:00;24004.827929975414;24127.202950005896
04/04/2024 14:30:00;18539.5308982733;18655.930548059965
04/04/2024 15:00:00;13074.233866571189;13184.65814611403
04/04/2024 15:30:00;8980.336603590307;9094.393744767562
04/04/2024 16:00:00;4886.439340609425;5004.129343421093
04/04/2024 16:30:00;2694.8308960022396;2803.826992034129
04/04/2024 17:00:00;503.2224513950544;603.5246406471649
04/04/2024 17:30:00;251.6112256975272;301.76232032358246
04/04/2024 18:00:00;0.0;0.0
04/04/2024 18:30:00;0.0;0.0
04/04/2024 19:00:00;0.0;0.0
04/04/2024 19:30:00;0.0;0.0
04/04/2024 20:00:00;0.0;0.0
04/04/2024 20:30:00;0.0;0.0
04/04/2024 21:00:00;0.0;0.0
04/04/2024 21:30:00;0.0;0.0
04/04/2024 22:00:00;0.0;0.0
04/04/2024 22:30:00;0.0;0.0
04/04/2024 23:00:00;0.0;0.0
04/04/2024 23:30:00;0.0;0.0
05/04/2024 00:00:00;0.0;0.0
05/04/2024 00:30:00;0.0;0.0
05/04/2024 01:00:00;0.0;0.0
05/04/2024 01:30:00;0.0;0.0
05/04/2024 02:00:00;0.0;0.0
05/04/2024 02:30:00;0.0;0.0
05/04/2024 03:00:00;0.0;0.0
05/04/2024 03:30:00;0.0;0.0
05/04/2024 04:00:00;0.0;0.0
05/04/2024 04:30:00;0.0;0.0
05/04/2024 05:00:00;0.0;0.0
05/04/2024 05:30:00;311.1474341061765;2586.2365670174117
05/04/2024 06:00:00;622.294868212353;5172.4731340348235
05/04/2024 06:30:00;2867.4137010593636;9468.942108535153
05/04/2024 07:00:00;5112.532533906374;13765.411083035482
05/04/2024 07:30:00;9510.138742841427;18523.114543285308
05/04/2024 08:00:00;13907.74495177648;23280.81800353513
05/04/2024 08:30:00;19072.296513267946;27107.847848971527
05/04/2024 09:00:00;24236.848074759404;30934.877694407925
05/04/2024 09:30:00;28587.822531537928;33451.99322610208
05/04/2024 10:00:00;32938.79698831645;35969.10875779623
05/04/2024 10:30:00;35840.713914120664;37612.72767154292
05/04/2024 11:00:00;38742.63083992488;39256.34658528961
05/04/2024 11:30:00;38544.20311384683;38867.043293871946
05/04/2024 12:00:00;38345.77538776878;38477.74000245428
05/04/2024 12:30:00;35352.08219583097;35485.03003589146
05/04/2024 13:00:00;32358.389003893157;32492.320069328653
05/04/2024 13:30:00;27781.02186299858;27915.592186549307
05/04/2024 14:00:00;23203.65472210401;23338.86430376996
05/04/2024 14:30:00;17986.49086800607;18114.501393966922
05/04/2024 15:00:00;12769.327013908125;12890.138484163883
05/04/2024 15:30:00;8772.5074999496;8900.003768463417
05/04/2024 16:00:00;4775.687985991071;4909.869052762951
05/04/2024 16:30:00;2636.0061816352663;2759.4834025415958
05/04/2024 17:00:00;496.324377279462;609.0977523202401
05/04/2024 17:30:00;248.162188639731;304.5488761601201
05/04/2024 18:00:00;0.0;0.0
05/04/2024 18:30:00;0.0;0.0
05/04/2024 19:00:00;0.0;0.0
05/04/2024 19:30:00;0.0;0.0
05/04/2024 20:00:00;0.0;0.0
05/04/2024 20:30:00;0.0;0.0
05/04/2024 21:00:00;0.0;0.0
05/04/2024 21:30:00;0.0;0.0
05/04/2024 22:00:00;0.0;0.0
05/04/2024 22:30:00;0.0;0.0
05/04/2024 23:00:00;0.0;0.0
05/04/2024 23:30:00;0.0;0.0
06/04/2024 00:00:00;0.0;0.0
06/04/2024 00:30:00;0.0;0.0
06/04/2024 01:00:00;0.0;0.0
06/04/2024 01:30:00;0.0;0.0
06/04/2024 02:00:00;0.0;0.0
06/04/2024 02:30:00;0.0;0.0
06/04/2024 03:00:00;0.0;0.0
06/04/2024 03:30:00;0.0;0.0
06/04/2024 04:00:00;0.0;0.0
06/04/2024 04:30:00;0.0;0.0
06/04/2024 05:00:00;0.0;0.0
06/04/2024 05:30:00;312.72980327918566;2571.2107014021267
06/04/2024 06:00:00;625.4596065583713;5142.421402804253
06/04/2024 06:30:00;2708.802653954941;9001.518510277197
06/04/2024 07:00:00;4792.145701351511;12860.615617750142
06/04/2024 07:30:00;7918.103159775213;15661.387132572994
06/04/2024 08:00:00;11044.060618198915;18462.158647395845
06/04/2024 08:30:00;16736.183792763703;23533.76492313187
06/04/2024 09:00:00;22428.306967328488;28605.37119886789
06/04/2024 09:30:00;25238.093863324822;29617.1164364325
06/04/2024 10:00:00;28047.880759321157;30628.86167399711
06/04/2024 10:30:00;25679.5470453492;27130.344761349872
06/04/2024 11:00:00;23311.213331377254;23631.827848702625
06/04/2024 11:30:00;24864.09948241927;25077.631414980573
06/04/2024 12:00:00;26416.98563346128;26523.434981258517
06/04/2024 12:30:00;23233.853202727016;23334.874640939914
06/04/2024 13:00:00;20050.720771992746;20146.314300621303
06/04/2024 13:30:00;16398.039128472497;16487.62248196116
06/04/2024 14:00:00;12745.357484952247;12828.930663301018
06/04/2024 14:30:00;7913.051553884513;7972.352135762058
06/04/2024 15:00:00;3080.7456228167794;3115.773608223098
06/04/2024 15:30:00;2532.083383294676;2581.996335742172
06/04/2024 16:00:00;1983.4211437725723;2048.219063261246
06/04/2024 16:30:00;1132.010342035868;1200.2494347008603
06/04/2024 17:00:00;280.5995402991638;352.2798061404744
06/04/2024 17:30:00;140.2997701495819;176.1399030702372
06/04/2024 18:00:00;0.0;0.0
06/04/2024 18:30:00;0.0;0.0
06/04/2024 19:00:00;0.0;0.0
06/04/2024 19:30:00;0.0;0.0
06/04/2024 20:00:00;0.0;0.0
06/04/2024 20:30:00;0.0;0.0
06/04/2024 21:00:00;0.0;0.0
06/04/2024 21:30:00;0.0;0.0
06/04/2024 22:00:00;0.0;0.0
06/04/2024 22:30:00;0.0;0.0
06/04/2024 23:00:00;0.0;0.0
06/04/2024 23:30:00;0.0;0.0
07/04/2024 00:00:00;0.0;0.0
07/04/2024 00:30:00;0.0;0.0
07/04/2024 01:00:00;0.0;0.0
07/04/2024 01:30:00;0.0;0.0
07/04/2024 02:00:00;0.0;0.0
07/04/2024 02:30:00;0.0;0.0
07/04/2024 03:00:00;0.0;0.0
07/04/2024 03:30:00;0.0;0.0
07/04/2024 04:00:00;0.0;0.0
07/04/2024 04:30:00;0.0;0.0
07/04/2024 05:00:00;0.0;0.0
07/04/2024 05:30:00;26.503626724109484;215.13603194140182
07/04/2024 06:00:00;53.00725344821897;430.27206388280365
07/04/2024 06:30:00;316.99520093825424;992.4012902529814
07/04/2024 07:00:00;580.9831484282896;1554.5305166231592
07/04/2024 07:30:00;795.7062646597851;1620.7978869019944
07/04/2024 08:00:00;1010.4293808912805;1687.0652571808291
07/04/2024 08:30:00;2761.468743217966;3720.3596195670825
07/04/2024 09:00:00;4512.508105544652;5753.653981953336
07/04/2024 09:30:00;3922.5671677766736;4696.426021675487
07/04/2024 10:00:00;3332.6262300086955;3639.1980613976375
07/04/2024 10:30:00;3573.7358493100382;3754.1737579574688
07/04/2024 11:00:00;3814.845468611381;3869.1494545172995
07/04/2024 11:30:00;3935.17364566716;3971.659745287511
07/04/2024 12:00:00;4055.5018227229402;4074.1700360577224
07/04/2024 12:30:00;4260.870013092494;4282.256002864956
07/04/2024 13:00:00;4466.238203462048;4490.341969672189
07/04/2024 13:30:00;3698.4726135522196;3721.1945744763157
07/04/2024 14:00:00;2930.707023642391;2952.0471792804415
07/04/2024 14:30:00;2609.432927270881;2635.261024697791
07/04/2024 15:00:00;2288.158830899372;2318.47487011514
07/04/2024 15:30:00;2679.491639520043;2751.722381736856
07/04/2024 16:00:00;3070.8244481407146;3184.969893358571
07/04/2024 16:30:00;1751.166348759331;1870.1107148606736
07/04/2024 17:00:00;431.5082493779474;555.2515363627766
07/04/2024 17:30:00;215.7541246889737;277.6257681813883
07/04/2024 18:00:00;0.0;0.0
07/04/2024 18:30:00;0.0;0.0
07/04/2024 19:00:00;0.0;0.0
07/04/2024 19:30:00;0.0;0.0
07/04/2024 20:00:00;0.0;0.0
07/04/2024 20:30:00;0.0;0.0
07/04/2024 21:00:00;0.0;0.0
07/04/2024 21:30:00;0.0;0.0
07/04/2024 22:00:00;0.0;0.0
07/04/2024 22:30:00;0.0;0.0
07/04/2024 23:00:00;0.0;0.0
07/04/2024 23:30:00;0.0;0.0
08/04/2024 00:00:00;0.0;0.0
08/04/2024 00:30:00;0.0;0.0
08/04/2024 01:00:00;0.0;0.0
08/04/2024 01:30:00;0.0;0.0
08/04/2024 02:00:00;0.0;0.0
08/04/2024 02:30:00;0.0;0.0
08/04/2024 03:00:00;0.0;0.0
08/04/2024 03:30:00;0.0;0.0
08/04/2024 04:00:00;0.0;0.0
08/04/2024 04:30:00;0.0;0.0
08/04/2024 05:00:00;0.0;0.0
08/04/2024 05:30:00;178.29624212634903;1431.8051278702687
08/04/2024 06:00:00;356.59248425269806;2863.6102557405375
08/04/2024 06:30:00;1271.3011020924282;4348.397478699593
08/04/2024 07:00:00;2186.0097199321585;5833.184701658651
08/04/2024 07:30:00;4819.349833880514;9130.42264676063
08/04/2024 08:00:00;7452.689947828869;12427.66059186261
08/04/2024 08:30:00;8711.168053115774;12567.397811812863
08/04/2024 09:00:00;9969.646158402678;12707.135031763119
08/04/2024 09:30:00;12201.33294815848;14234.092980508976
08/04/2024 10:00:00;14433.019737914283;15761.050929254832
08/04/2024 10:30:00;13854.357894356137;14616.062207426834
08/04/2024 11:00:00;13275.69605079799;13471.073485598836
08/04/2024 11:30:00;14658.515242573967;14797.865402295947
08/04/2024 12:00:00;16041.334434349943;16124.65731899306
08/04/2024 12:30:00;15518.2743966473;15605.009806968741
08/04/2024 13:00:00;14995.214358944655;15085.362294944422
08/04/2024 13:30:00;13876.671461165453;13972.86445766526
08/04/2024 14:00:00;12758.128563386254;12860.366620386101
08/04/2024 14:30:00;9081.641323655445;9173.658350263993
08/04/2024 15:00:00;5405.154083924635;5486.950080141885
08/04/2024 15:30:00;3802.6374584793393;3889.32940168313
08/04/2024 16:00:00;2200.120833034043;2291.708723224375
08/04/2024 16:30:00;1240.255801886062;1330.7980648540915
08/04/2024 17:00:00;280.3907707380811;369.88740648380826
08/04/2024 17:30:00;140.19538536904054;184.94370324190413
08/04/2024 18:00:00;0.0;0.0
08/04/2024 18:30:00;0.0;2.8144266374229456
08/04/2024 19:00:00;0.0;0.0
08/04/2024 19:30:00;0.0;0.0
08/04/2024 20:00:00;0.0;0.0
08/04/2024 20:30:00;0.0;0.0
08/04/2024 21:00:00;0.0;0.0
08/04/2024 21:30:00;0.0;0.0
08/04/2024 22:00:00;0.0;0.0
08/04/2024 22:30:00;0.0;0.0
08/04/2024 23:00:00;0.0;0.0
08/04/2024 23:30:00;0.0;0.0
09/04/2024 00:00:00;0.0;0.0
09/04/2024 00:30:00;0.0;0.0
09/04/2024 01:00:00;0.0;0.0
09/04/2024 01:30:00;0.0;0.0
09/04/2024 02:00:00;0.0;0.0
09/04/2024 02:30:00;0.0;0.0
09/04/2024 03:00:00;0.0;0.0
09/04/2024 03:30:00;0.0;0.0
09/04/2024 04:00:00;0.0;0.0
09/04/2024 04:30:00;0.0;0.0
09/04/2024 05:00:00;0.0;61.91738602330479
09/04/2024 05:30:00;292.1868225602381;2352.4269645496247
09/04/2024 06:00:00;584.3736451204762;4642.936543075944
09/04/2024 06:30:00;2885.609212352848;9220.837610047844
09/04/2024 07:00:00;5186.844779585219;13798.738677019746
09/04/2024 07:30:00;9484.16768397607;18376.99540072139
09/04/2024 08:00:00;13781.490588366918;22955.252124423034
09/04/2024 08:30:00;18782.501765973902;26629.73685629291
09/04/2024 09:00:00;23783.512943580892;30304.22158816278
09/04/2024 09:30:00;24331.057886328916;28736.16407608089
09/04/2024 10:00:00;24878.60282907694;27168.106563998997
09/04/2024 10:30:00;22913.00734471685;24216.95694185798
09/04/2024 11:00:00;20947.411860356762;21265.807319716965
09/04/2024 11:30:00;27001.123838938238;27255.676085762738
09/04/2024 12:00:00;33054.835817519706;33245.54485180851
09/04/2024 12:30:00;32490.81277297031;32691.963423891004
09/04/2024 13:00:00;31926.789728420907;32138.381995973497
09/04/2024 13:30:00;27320.379048696494;27525.334284233923
09/04/2024 14:00:00;22713.968368972084;22912.286572494355
09/04/2024 14:30:00;17640.4163595451;17846.328079341463
09/04/2024 15:00:00;12566.864350118114;12780.369586188577
09/04/2024 15:30:00;8639.89277359612;8855.067207006297
09/04/2024 16:00:00;4712.921197074126;4929.764827824015
09/04/2024 16:30:00;2609.4077847272347;2806.852142694996
09/04/2024 17:00:00;505.89437238034293;683.9394575659778
09/04/2024 17:30:00;252.94718619017146;341.9697287829889
09/04/2024 18:00:00;0.0;0.0
09/04/2024 18:30:00;0.0;9.865623967174853
09/04/2024 19:00:00;0.0;0.0
09/04/2024 19:30:00;0.0;0.0
09/04/2024 20:00:00;0.0;0.0
09/04/2024 20:30:00;0.0;0.0
09/04/2024 21:00:00;0.0;0.0
09/04/2024 21:30:00;0.0;0.0
09/04/2024 22:00:00;0.0;0.0
09/04/2024 22:30:00;0.0;0.0
09/04/2024 23:00:00;0.0;0.0
09/04/2024 23:30:00;0.0;0.0
10/04/2024 00:00:00;0.0;0.0
10/04/2024 00:30:00;0.0;0.0
10/04/2024 01:00:00;0.0;0.0
10/04/2024 01:30:00;0.0;0.0
10/04/2024 02:00:00;0.0;0.0
10/04/2024 02:30:00;0.0;0.0
10/04/2024 03:00:00;0.0;0.0
10/04/2024 03:30:00;0.0;0.0
10/04/2024 04:00:00;0.0;0.0
10/04/2024 04:30:00;0.0;0.0
10/04/2024 05:00:00;0.0;217.04372727784678
10/04/2024 05:30:00;370.42851506887973;3017.7605986693143
10/04/2024 06:00:00;740.8570301377595;5818.477470060781
10/04/2024 06:30:00;3010.893243621018;9914.303425159133
10/04/2024 07:00:00;5280.9294571042765;14010.129380257484
10/04/2024 07:30:00;8822.524168472535;17287.338015296762
10/04/2024 08:00:00;12364.118879840795;20564.546650336044
10/04/2024 08:30:00;16309.57437762131;23182.77335536264
10/04/2024 09:00:00;20255.029875401826;25801.000060389237
10/04/2024 09:30:00;22532.223454474162;26446.837224413972
10/04/2024 10:00:00;24809.4170335465;27092.674388438707
10/04/2024 10:30:00;27506.07657505311;28884.342666441793
10/04/2024 11:00:00;30202.736116559714;30676.010944444875
10/04/2024 11:30:00;29105.16940723082;29430.474005982305
10/04/2024 12:00:00;28007.602697901923;28184.937067519735
10/04/2024 12:30:00;21601.635126529884;21745.376001592558
10/04/2024 13:00:00;15195.667555157843;15305.814935665383
10/04/2024 13:30:00;13920.326247520348;14035.933912199922
10/04/2024 14:00:00;12644.984939882854;12766.05288873446
10/04/2024 14:30:00;8836.913169209443;8944.925233020282
10/04/2024 15:00:00;5028.841398536034;5123.797577306101
10/04/2024 15:30:00;3244.5620642446206;3329.2660412529167
10/04/2024 16:00:00;1460.282729953207;1534.7345051997331
10/04/2024 16:30:00;864.0949280200916;953.1332061458394
10/04/2024 17:00:00;267.90712608697606;371.5319070919456
10/04/2024 17:30:00;133.95356304348803;185.7659535459728
10/04/2024 18:00:00;0.0;0.0
10/04/2024 18:30:00;0.0;2.813591660830915
10/04/2024 19:00:00;0.0;0.0
10/04/2024 19:30:00;0.0;0.0
10/04/2024 20:00:00;0.0;0.0
10/04/2024 20:30:00;0.0;0.0
10/04/2024 21:00:00;0.0;0.0
10/04/2024 21:30:00;0.0;0.0
10/04/2024 22:00:00;0.0;0.0
10/04/2024 22:30:00;0.0;0.0
10/04/2024 23:00:00;0.0;0.0
10/04/2024 23:30:00;0.0;0.0
11/04/2024 00:00:00;0.0;0.0
11/04/2024 00:30:00;0.0;0.0
11/04/2024 01:00:00;0.0;0.0
11/04/2024 01:30:00;0.0;0.0
11/04/2024 02:00:00;0.0;0.0
11/04/2024 02:30:00;0.0;0.0
11/04/2024 03:00:00;0.0;0.0
11/04/2024 03:30:00;0.0;0.0
11/04/2024 04:00:00;0.0;0.0
11/04/2024 04:30:00;0.0;0.0
11/04/2024 05:00:00;0.0;61.89901653828013
11/04/2024 05:30:00;51.02367384309496;427.8407197884501
11/04/2024 06:00:00;102.04734768618992;793.7824230386201
11/04/2024 06:30:00;526.0987277626236;1654.0846375594713
11/04/2024 07:00:00;950.1501078390573;2514.386852080322
11/04/2024 07:30:00;2037.959744887532;3853.9403898371056
11/04/2024 08:00:00;3125.769381936007;5193.493927593889
11/04/2024 08:30:00;5254.82730056857;7297.8781104622685
11/04/2024 09:00:00;7383.885219201132;9402.26229333065
11/04/2024 09:30:00;10687.665849095725;12341.065151010906
11/04/2024 10:00:00;13991.44647899032;15279.868008691159
11/04/2024 10:30:00;15741.426967520421;16526.80195955349
11/04/2024 11:00:00;17491.407456050525;17773.73591041582
11/04/2024 11:30:00;16198.291417218607;16390.942571447344
11/04/2024 12:00:00;14905.175378386688;15008.149232478867
11/04/2024 12:30:00;19884.13759264157;20033.408357980436
11/04/2024 13:00:00;24863.099806896458;25058.667483482004
11/04/2024 13:30:00;19091.43985262477;19262.33421004618
11/04/2024 14:00:00;13319.77989835308;13466.00093661036
11/04/2024 14:30:00;10374.284729207411;10524.578960414741
11/04/2024 15:00:00;7428.78956006174;7583.156984219118
11/04/2024 15:30:00;4746.708623822273;4882.550257611463
11/04/2024 16:00:00;2064.627687582805;2181.943531003808
11/04/2024 16:30:00;1190.6353254501444;1316.382789269042
11/04/2024 17:00:00;316.64296331748415;450.82204753427584
11/04/2024 17:30:00;158.32148165874207;225.41102376713792
11/04/2024 18:00:00;0.0;0.0
11/04/2024 18:30:00;0.0;2.8130012101209267
11/04/2024 19:00:00;0.0;0.0
11/04/2024 19:30:00;0.0;0.0
11/04/2024 20:00:00;0.0;0.0
11/04/2024 20:30:00;0.0;0.0
11/04/2024 21:00:00;0.0;0.0
11/04/2024 21:30:00;0.0;0.0
11/04/2024 22:00:00;0.0;0.0
11/04/2024 22:30:00;0.0;0.0
11/04/2024 23:00:00;0.0;0.0
11/04/2024 23:30:00;0.0;0.0
12/04/2024 00:00:00;0.0;0.0
12/04/2024 00:30:00;0.0;0.0
12/04/2024 01:00:00;0.0;0.0
12/04/2024 01:30:00;0.0;0.0
12/04/2024 02:00:00;0.0;0.0
12/04/2024 02:30:00;0.0;0.0
12/04/2024 03:00:00;0.0;0.0
12/04/2024 03:30:00;0.0;0.0
12/04/2024 04:00:00;0.0;0.0
12/04/2024 04:30:00;0.0;0.0
12/04/2024 05:00:00;0.0;61.88602662266039
12/04/2024 05:30:00;236.17034945165796;1848.8081122810447
12/04/2024 06:00:00;472.3406989033159;3635.7301979394288
12/04/2024 06:30:00;1349.4205049093416;4756.427104097365
12/04/2024 07:00:00;2226.500310915367;5877.124010255302
12/04/2024 07:30:00;2089.7523171976136;4559.072949351054
12/04/2024 08:00:00;1953.0043234798597;3241.0218884468077
12/04/2024 08:30:00;2314.7811497318303;3324.0622924280096
12/04/2024 09:00:00;2676.557975983801;3407.1026964092125
12/04/2024 09:30:00;3973.1322974216905;4581.050587010101
12/04/2024 10:00:00;5269.70661885958;5754.998477610989
12/04/2024 10:30:00;8971.496552991699;9319.503380384042
12/04/2024 11:00:00;12673.28648712382;12884.008283157093
12/04/2024 11:30:00;15094.392967250731;15265.183895082522
12/04/2024 12:00:00;17515.499447377642;17646.359507007954
12/04/2024 12:30:00;12151.080796037575;12245.298836807655
12/04/2024 13:00:00;6786.662144697507;6844.238166607359
12/04/2024 13:30:00;7172.17824511392;7247.874082661639
12/04/2024 14:00:00;7557.694345530333;7651.509998715919
12/04/2024 14:30:00;4639.078343461463;4705.468981836567
12/04/2024 15:00:00;1720.4623413925929;1759.4279649572152
12/04/2024 15:30:00;1182.5263409710979;1222.2300024192812
12/04/2024 16:00:00;644.5903405496028;685.032039881347
12/04/2024 16:30:00;348.08826263277996;380.1724106426035
12/04/2024 17:00:00;51.586184715957096;75.31278140385989
12/04/2024 17:30:00;25.793092357978548;37.65639070192994
12/04/2024 18:00:00;0.0;0.0
12/04/2024 18:30:00;0.0;9.859364059098112
12/04/2024 19:00:00;0.0;0.0
12/04/2024 19:30:00;0.0;0.0
12/04/2024 20:00:00;0.0;0.0
12/04/2024 20:30:00;0.0;0.0
12/04/2024 21:00:00;0.0;0.0
12/04/2024 21:30:00;0.0;0.0
12/04/2024 22:00:00;0.0;0.0
12/04/2024 22:30:00;0.0;0.0
12/04/2024 23:00:00;0.0;0.0
12/04/2024 23:30:00;0.0;0.0
13/04/2024 00:00:00;0.0;0.0
13/04/2024 00:30:00;0.0;0.0
13/04/2024 01:00:00;0.0;0.0
13/04/2024 01:30:00;0.0;0.0
13/04/2024 02:00:00;0.0;0.0
13/04/2024 02:30:00;0.0;0.0
13/04/2024 03:00:00;0.0;0.0
13/04/2024 03:30:00;0.0;0.0
13/04/2024 04:00:00;0.0;0.0
13/04/2024 04:30:00;0.0;0.0
13/04/2024 05:00:00;0.0;216.90600930015844
13/04/2024 05:30:00;231.49580314055436;1873.4232679350994
13/04/2024 06:00:00;462.9916062811087;3529.9405265700407
13/04/2024 06:30:00;2592.164378310104;7980.245702600964
13/04/2024 07:00:00;4721.3371503391;12430.55087863189
13/04/2024 07:30:00;8494.25507991102;16381.262511680354
13/04/2024 08:00:00;12267.173009482938;20331.974144728818
13/04/2024 08:30:00;12034.080326646896;17675.120650097357
13/04/2024 09:00:00;11800.987643810855;15018.267155465895
13/04/2024 09:30:00;11678.16650917496;13819.18610514778
13/04/2024 10:00:00;11555.345374539065;12620.105054829664
13/04/2024 10:30:00;14857.218942626949;15544.859523327445
13/04/2024 11:00:00;18159.092510714832;18469.613991825227
13/04/2024 11:30:00;20556.289416026844;20803.77770009616
13/04/2024 12:00:00;22953.486321338853;23137.941408367093
13/04/2024 12:30:00;19941.33144044125;20110.47957367206
13/04/2024 13:00:00;16929.17655954364;17083.01773897702
13/04/2024 13:30:00;16686.637391173655;16877.191431196992
13/04/2024 14:00:00;16444.098222803674;16671.36512341696
13/04/2024 14:30:00;12201.900816062533;12412.994704522027
13/04/2024 15:00:00;7959.703409321392;8154.624285627093
13/04/2024 15:30:00;5416.509259705819;5612.562770349011
13/04/2024 16:00:00;2873.3151100902455;3070.5012550709293
13/04/2024 16:30:00;1652.2996422727633;1858.2485716198692
13/04/2024 17:00:00;431.28417445528106;645.9958881688086
13/04/2024 17:30:00;215.64208722764053;322.9979440844043
13/04/2024 18:00:00;0.0;0.0
13/04/2024 18:30:00;0.0;9.856525269286475
13/04/2024 19:00:00;0.0;0.0
13/04/2024 19:30:00;0.0;0.0
13/04/2024 20:00:00;0.0;0.0
13/04/2024 20:30:00;0.0;0.0
13/04/2024 21:00:00;0.0;0.0
13/04/2024 21:30:00;0.0;0.0
13/04/2024 22:00:00;0.0;0.0
13/04/2024 22:30:00;0.0;0.0
13/04/2024 23:00:00;0.0;0.0
13/04/2024 23:30:00;0.0;0.0
14/04/2024 00:00:00;0.0;0.0
14/04/2024 00:30:00;0.0;0.0
14/04/2024 01:00:00;0.0;0.0
14/04/2024 01:30:00;0.0;0.0
14/04/2024 02:00:00;0.0;0.0
14/04/2024 02:30:00;0.0;0.0
14/04/2024 03:00:00;0.0;0.0
14/04/2024 03:30:00;0.0;0.0
14/04/2024 04:00:00;0.0;0.0
14/04/2024 04:30:00;0.0;0.0
14/04/2024 05:00:00;0.0;216.84355592430245
14/04/2024 05:30:00;377.02396736881735;2955.7652282654194
14/04/2024 06:00:00;754.0479347376347;5694.686900606536
14/04/2024 06:30:00;3078.6364540824616;9941.80279787186
14/04/2024 07:00:00;5403.224973427289;14188.918695137187
14/04/2024 07:30:00;9684.341336807558;18654.8711235791
14/04/2024 08:00:00;13965.457700187826;23120.823552021015
14/04/2024 08:30:00;18078.797978646067;25677.82924115965
14/04/2024 09:00:00;22192.13825710431;28234.834930298282
14/04/2024 09:30:00;25469.505536870307;29816.17509670877
14/04/2024 10:00:00;28746.872816636303;31397.515263119254
14/04/2024 10:30:00;30575.365060010587;32185.425357099943
14/04/2024 11:00:00;32403.85730338487;32973.33545108064
14/04/2024 11:30:00;33156.599185468374;33587.15583807985
14/04/2024 12:00:00;33909.34106755188;34200.97622507906
14/04/2024 12:30:00;32232.20750952052;32531.541492591114
14/04/2024 13:00:00;30555.07395148916;30862.10676010316
14/04/2024 13:30:00;25746.189243894045;26059.14168861914
14/04/2024 14:00:00;20937.30453629893;21256.176617135116
14/04/2024 14:30:00;16890.207114502464;17222.92574609031
14/04/2024 15:00:00;12843.109692706;13189.674875045503
14/04/2024 15:30:00;8800.796434292342;9151.4174599981
14/04/2024 16:00:00;4758.483175878682;5113.160044950699
14/04/2024 16:30:00;2633.808100618249;2947.737201391196
14/04/2024 17:00:00;509.1330253578156;782.3143578316934
14/04/2024 17:30:00;254.5665126789078;391.1571789158467
14/04/2024 18:00:00;0.0;0.0
14/04/2024 18:30:00;0.0;18.301297035495423
14/04/2024 19:00:00;0.0;0.0
14/04/2024 19:30:00;0.0;0.0
14/04/2024 20:00:00;0.0;0.0
14/04/2024 20:30:00;0.0;0.0
14/04/2024 21:00:00;0.0;0.0
14/04/2024 21:30:00;0.0;0.0
14/04/2024 22:00:00;0.0;0.0
14/04/2024 22:30:00;0.0;0.0
14/04/2024 23:00:00;0.0;0.0
14/04/2024 23:30:00;0.0;0.0
15/04/2024 00:00:00;0.0;0.0
15/04/2024 00:30:00;0.0;0.0
15/04/2024 01:00:00;0.0;0.0
15/04/2024 01:30:00;0.0;0.0
15/04/2024 02:00:00;0.0;0.0
15/04/2024 02:30:00;0.0;0.0
15/04/2024 03:00:00;0.0;0.0
15/04/2024 03:30:00;0.0;0.0
15/04/2024 04:00:00;0.0;0.0
15/04/2024 04:30:00;0.0;0.0
15/04/2024 05:00:00;0.0;402.6285347808994
15/04/2024 05:30:00;141.40468524438035;1259.1501327794633
15/04/2024 06:00:00;282.8093704887607;2115.6717307780273
15/04/2024 06:30:00;1253.050199503997;3970.1921130487995
15/04/2024 07:00:00;2223.291028519233;5824.712495319573
15/04/2024 07:30:00;4216.133703902728;8046.871221998643
15/04/2024 08:00:00;6208.976379286224;10269.029948677711
15/04/2024 08:30:00;7426.139168067613;10631.609682833669
15/04/2024 09:00:00;8643.301956849002;10994.189416989626
15/04/2024 09:30:00;8036.525564093897;9556.010542322463
15/04/2024 10:00:00;7429.749171338792;8117.831667655303
15/04/2024 10:30:00;8664.886251996313;9098.340232900115
15/04/2024 11:00:00;9900.023332653833;10078.848798144927
15/04/2024 11:30:00;12157.470442315132;12312.956689166502
15/04/2024 12:00:00;14414.917551976432;14547.064580188075
15/04/2024 12:30:00;11862.167281774964;11980.626508470734
15/04/2024 13:00:00;9309.417011573492;9414.188436753393
15/04/2024 13:30:00;9378.603584293987;9509.599848651573
15/04/2024 14:00:00;9447.790157014484;9605.011260549754
15/04/2024 14:30:00;10767.752296920231;11026.103957556828
15/04/2024 15:00:00;12087.71443682598;12447.1966545639
15/04/2024 15:30:00;8159.90572157659;8509.474648305972
15/04/2024 16:00:00;4232.097006327201;4571.752642048043
15/04/2024 16:30:00;2291.27965970076;2561.982883293586
15/04/2024 17:00:00;350.46231307431935;552.2131245391291
15/04/2024 17:30:00;175.23115653715968;276.10656226956456
15/04/2024 18:00:00;0.0;0.0
15/04/2024 18:30:00;0.0;25.33826396773901
15/04/2024 19:00:00;0.0;0.0
15/04/2024 19:30:00;0.0;0.0
15/04/2024 20:00:00;0.0;0.0
15/04/2024 20:30:00;0.0;0.0
15/04/2024 21:00:00;0.0;0.0
15/04/2024 21:30:00;0.0;0.0
15/04/2024 22:00:00;0.0;0.0
15/04/2024 22:30:00;0.0;0.0
15/04/2024 23:00:00;0.0;0.0
15/04/2024 23:30:00;0.0;0.0
16/04/2024 00:00:00;0.0;0.0
16/04/2024 00:30:00;0.0;0.0
16/04/2024 01:00:00;0.0;0.0
16/04/2024 01:30:00;0.0;0.0
16/04/2024 02:00:00;0.0;0.0
16/04/2024 02:30:00;0.0;0.0
16/04/2024 03:00:00;0.0;0.0
16/04/2024 03:30:00;0.0;0.0
16/04/2024 04:00:00;0.0;0.0
16/04/2024 04:30:00;0.0;0.0
16/04/2024 05:00:00;0.0;557.4418072902582
16/04/2024 05:30:00;245.51579388599023;2099.9833948690707
16/04/2024 06:00:00;491.03158777198047;3642.5249824478824
16/04/2024 06:30:00;865.2158292196723;3441.237269986791
16/04/2024 07:00:00;1239.4000706673642;3239.949557525699
16/04/2024 07:30:00;1529.3965126340254;3123.4462094510045
16/04/2024 08:00:00;1819.3929546006866;3006.942861376309
16/04/2024 08:30:00;2300.687941375422;3272.6609883831497
16/04/2024 09:00:00;2781.9829281501575;3538.3791153899906
16/04/2024 09:30:00;3205.9996873685786;3753.4237975792157
16/04/2024 10:00:00;3630.016446587;3968.468479768441
16/04/2024 10:30:00;3908.467031860422;4116.475468134213
16/04/2024 11:00:00;4186.917617133844;4264.482456499984
16/04/2024 11:30:00;3830.5795426249724;3886.8923617902033
16/04/2024 12:00:00;3474.241468116101;3509.302267080422
16/04/2024 12:30:00;3463.7783877168176;3502.7743493149746
16/04/2024 13:00:00;3453.3153073175345;3496.2464315495276
16/04/2024 13:30:00;3329.8000522256284;3380.2089006253213
16/04/2024 14:00:00;3206.2847971337223;3264.1713697011155
16/04/2024 14:30:00;5299.571539936527;5448.650164321747
16/04/2024 15:00:00;7392.858282739331;7633.128958942378
16/04/2024 15:30:00;4263.786633468296;4433.193782242763
16/04/2024 16:00:00;1134.7149841972607;1233.2586055431475
16/04/2024 16:30:00;672.5738172288048;786.571490476705
16/04/2024 17:00:00;210.43265026034894;339.8843754102624
16/04/2024 17:30:00;105.21632513017447;169.9421877051312
16/04/2024 18:00:00;0.0;0.0
16/04/2024 18:30:00;0.0;11.259908728817335
16/04/2024 19:00:00;0.0;0.0
16/04/2024 19:30:00;0.0;0.0
16/04/2024 20:00:00;0.0;0.0
16/04/2024 20:30:00;0.0;0.0
16/04/2024 21:00:00;0.0;0.0
16/04/2024 21:30:00;0.0;0.0
16/04/2024 22:00:00;0.0;0.0
16/04/2024 22:30:00;0.0;0.0
16/04/2024 23:00:00;0.0;0.0
16/04/2024 23:30:00;0.0;0.0
17/04/2024 00:00:00;0.0;0.0
17/04/2024 00:30:00;0.0;0.0
17/04/2024 01:00:00;0.0;0.0
17/04/2024 01:30:00;0.0;0.0
17/04/2024 02:00:00;0.0;0.0
17/04/2024 02:30:00;0.0;0.0
17/04/2024 03:00:00;0.0;0.0
17/04/2024 03:30:00;0.0;0.0
17/04/2024 04:00:00;0.0;0.0
17/04/2024 04:30:00;0.0;0.0
17/04/2024 05:00:00;0.0;247.71799203398137
17/04/2024 05:30:00;214.7621654068177;1704.1726974283786
17/04/2024 06:00:00;429.5243308136354;3160.6274028227754
17/04/2024 06:30:00;2130.307271726921;6578.056844596063
17/04/2024 07:00:00;3831.0902126402066;9995.48628636935
17/04/2024 07:30:00;4789.482112627422;9744.605183075892
17/04/2024 08:00:00;5747.874012614638;9493.724079782436
17/04/2024 08:30:00;7837.733865139344;11060.642345754995
17/04/2024 09:00:00;9927.59371766405;12627.560611727555
17/04/2024 09:30:00;7307.283865618389;8877.343376965358
17/04/2024 10:00:00;4686.97401357273;5127.126142203162
17/04/2024 10:30:00;9580.233327103491;9937.82490501348
17/04/2024 11:00:00;14473.492640634255;14748.523667823802
17/04/2024 11:30:00;15138.987676200066;15364.940811162958
17/04/2024 12:00:00;15804.482711765875;15981.357954502115
17/04/2024 12:30:00;16495.703151172806;16701.10587264919
17/04/2024 13:00:00;17186.923590579732;17420.85379079627
17/04/2024 13:30:00;12027.37488981981;12211.093424345863
17/04/2024 14:00:00;6867.826189059889;7001.333057895453
17/04/2024 14:30:00;6437.112234872918;6609.624263241014
17/04/2024 15:00:00;6006.398280685946;6217.915468586575
17/04/2024 15:30:00;4442.625421328965;4683.76429238617
17/04/2024 16:00:00;2878.8525619719844;3149.613116185765
17/04/2024 16:30:00;1539.4647177966253;1740.4538454986339
17/04/2024 17:00:00;200.0768736212661;331.2945748115026
17/04/2024 17:30:00;100.03843681063304;165.6472874057513
17/04/2024 18:00:00;0.0;0.0
17/04/2024 18:30:00;0.0;12.669267414155291
17/04/2024 19:00:00;0.0;0.0
17/04/2024 19:30:00;0.0;0.0
17/04/2024 20:00:00;0.0;0.0
17/04/2024 20:30:00;0.0;0.0
17/04/2024 21:00:00;0.0;0.0
17/04/2024 21:30:00;0.0;0.0
17/04/2024 22:00:00;0.0;0.0
17/04/2024 22:30:00;0.0;0.0
17/04/2024 23:00:00;0.0;0.0
17/04/2024 23:30:00;0.0;0.0
18/04/2024 00:00:00;0.0;0.0
18/04/2024 00:30:00;0.0;0.0
18/04/2024 01:00:00;0.0;0.0
18/04/2024 01:30:00;0.0;0.0
18/04/2024 02:00:00;0.0;0.0
18/04/2024 02:30:00;0.0;0.0
18/04/2024 03:00:00;0.0;0.0
18/04/2024 03:30:00;0.0;0.0
18/04/2024 04:00:00;0.0;0.0
18/04/2024 04:30:00;0.0;0.0
18/04/2024 05:00:00;0.0;278.72388311141646
18/04/2024 05:30:00;205.45306238189;1639.0372427731002
18/04/2024 06:00:00;410.90612476378;2999.350602434784
18/04/2024 06:30:00;967.3141801053362;3484.0148294186524
18/04/2024 07:00:00;1523.7222354468925;3968.6790564025214
18/04/2024 07:30:00;2333.589902573865;4579.337295628401
18/04/2024 08:00:00;3143.4575697008368;5189.995534854281
18/04/2024 08:30:00;7698.617343001855;10387.72919839729
18/04/2024 09:00:00;12253.777116302874;15585.4628619403
18/04/2024 09:30:00;10033.446355798616;12068.750742073798
18/04/2024 10:00:00;7813.115595294358;8552.038622207296
18/04/2024 10:30:00;9063.718241689636;9536.21307404052
18/04/2024 11:00:00;10314.320888084916;10520.387525873739
18/04/2024 11:30:00;15135.751070234814;15361.147174434504
18/04/2024 12:00:00;19957.181252384707;20201.906822995265
18/04/2024 12:30:00;24481.400344163758;24818.282708953397
18/04/2024 13:00:00;29005.619435942805;29434.658594911532
18/04/2024 13:30:00;25703.145798569134;26150.932885779097
18/04/2024 14:00:00;22400.672161195467;22867.207176646658
18/04/2024 14:30:00;17376.595618327305;17844.198681353664
18/04/2024 15:00:00;12352.519075459142;12821.190186060667
18/04/2024 15:30:00;8487.041530569355;8955.227559898485
18/04/2024 16:00:00;4621.56398567957;5089.264933736302
18/04/2024 16:30:00;2572.7249280706537;2989.723404297154
18/04/2024 17:00:00;523.8858704617369;890.1818748580066
18/04/2024 17:30:00;261.94293523086844;445.0909374290033
18/04/2024 18:00:00;0.0;0.0
18/04/2024 18:30:00;0.0;26.7679894516297
18/04/2024 19:00:00;0.0;0.0
18/04/2024 19:30:00;0.0;0.0
18/04/2024 20:00:00;0.0;0.0
18/04/2024 20:30:00;0.0;0.0
18/04/2024 21:00:00;0.0;0.0
18/04/2024 21:30:00;0.0;0.0
18/04/2024 22:00:00;0.0;0.0
18/04/2024 22:30:00;0.0;0.0
18/04/2024 23:00:00;0.0;0.0
18/04/2024 23:30:00;0.0;0.0
19/04/2024 00:00:00;0.0;0.0
19/04/2024 00:30:00;0.0;0.0
19/04/2024 01:00:00;0.0;0.0
19/04/2024 01:30:00;0.0;0.0
19/04/2024 02:00:00;0.0;0.0
19/04/2024 02:30:00;0.0;0.0
19/04/2024 03:00:00;0.0;0.0
19/04/2024 03:30:00;0.0;0.0
19/04/2024 04:00:00;0.0;0.0
19/04/2024 04:30:00;0.0;0.0
19/04/2024 05:00:00;0.0;588.8957679358534
19/04/2024 05:30:00;238.14246372226174;2018.7974342758082
19/04/2024 06:00:00;476.2849274445235;3448.6991006157627
19/04/2024 06:30:00;1505.940828618501;5021.667593427419
19/04/2024 07:00:00;2535.596729792479;6594.6360862390775
19/04/2024 07:30:00;4718.053154683379;8992.165714647761
19/04/2024 08:00:00;6900.509579574277;11389.695343056444
19/04/2024 08:30:00;8659.869544376736;12321.018776218209
19/04/2024 09:00:00;10419.229509179193;13252.342209379973
19/04/2024 09:30:00;11959.663187140975;14019.030014252894
19/04/2024 10:00:00;13500.096865102758;14785.717819125815
19/04/2024 10:30:00;10004.737108641972;10715.856946741029
19/04/2024 11:00:00;6509.377352181185;6645.9960743562415
19/04/2024 11:30:00;6265.561026705163;6374.115297344373
19/04/2024 12:00:00;6021.744701229141;6102.234520332505
19/04/2024 12:30:00;8798.788042368604;8931.487875586916
19/04/2024 13:00:00;11575.831383508068;11760.741230841326
19/04/2024 13:30:00;7681.916796046067;7816.411805507092
19/04/2024 14:00:00;3788.0022085840683;3872.082380172857
19/04/2024 14:30:00;4287.111283041785;4426.361894165007
19/04/2024 15:00:00;4786.220357499502;4980.641408157157
19/04/2024 15:30:00;3404.9639901495907;3611.568885002209
19/04/2024 16:00:00;2023.7076227996793;2242.4963618472607
19/04/2024 16:30:00;1079.263064983683;1238.6056233990112
19/04/2024 17:00:00;134.8185071676868;234.71488495076161
19/04/2024 17:30:00;67.4092535838434;117.35744247538081
19/04/2024 18:00:00;0.0;0.0
19/04/2024 18:30:00;0.0;8.4558352130102
19/04/2024 19:00:00;0.0;0.0
19/04/2024 19:30:00;0.0;0.0
19/04/2024 20:00:00;0.0;0.0
19/04/2024 20:30:00;0.0;0.0
19/04/2024 21:00:00;0.0;0.0
19/04/2024 21:30:00;0.0;0.0
19/04/2024 22:00:00;0.0;0.0
19/04/2024 22:30:00;0.0;0.0
19/04/2024 23:00:00;0.0;0.0
19/04/2024 23:30:00;0.0;0.0
20/04/2024 00:00:00;0.0;0.0
20/04/2024 00:30:00;0.0;0.0
20/04/2024 01:00:00;0.0;0.0
20/04/2024 01:30:00;0.0;0.0
20/04/2024 02:00:00;0.0;0.0
20/04/2024 02:30:00;0.0;0.0
20/04/2024 03:00:00;0.0;0.0
20/04/2024 03:30:00;0.0;0.0
20/04/2024 04:00:00;0.0;0.0
20/04/2024 04:30:00;0.0;0.0
20/04/2024 05:00:00;0.0;186.0283746862244
20/04/2024 05:30:00;89.58086227892959;737.5672362062664
20/04/2024 06:00:00;179.16172455785917;1289.1060977263085
20/04/2024 06:30:00;1127.9790881600934;3340.466346380188
20/04/2024 07:00:00;2076.7964517623273;5391.826595034067
20/04/2024 07:30:00;2651.4088545848317;5358.1797531018365
20/04/2024 08:00:00;3226.0212574073366;5324.532911169606
20/04/2024 08:30:00;8125.857993420923;10945.203161554462
20/04/2024 09:00:00;13025.694729434508;16565.87341193932
20/04/2024 09:30:00;18913.7589962033;21873.523294068265
20/04/2024 10:00:00;24801.82326297209;27181.17317619722
20/04/2024 10:30:00;24204.949061773015;25654.46572352839
20/04/2024 11:00:00;23608.074860573943;24127.758270859562
20/04/2024 11:30:00;28597.214905673565;29099.580441006074
20/04/2024 12:00:00;33586.354950773195;34071.40261115259
20/04/2024 12:30:00;32104.298271676213;32609.0673457466
20/04/2024 13:00:00;30622.24159257923;31146.73208034062
20/04/2024 13:30:00;21008.252537884462;21404.765570346714
20/04/2024 14:00:00;11394.263483189694;11662.799060352812
20/04/2024 14:30:00;11756.3154420976;12152.658987841993
20/04/2024 15:00:00;12118.367401005504;12642.518915331175
20/04/2024 15:30:00;8395.880120452199;8927.40290103297
20/04/2024 16:00:00;4673.392839898893;5212.286886734767
20/04/2024 16:30:00;2608.471583138653;3090.8377102020904
20/04/2024 17:00:00;543.5503263784134;969.388533669413
20/04/2024 17:30:00;271.7751631892067;495.9943098446024
20/04/2024 18:00:00;0.0;22.600086019791718
20/04/2024 18:30:00;0.0;65.26678243303071
20/04/2024 19:00:00;0.0;0.0
20/04/2024 19:30:00;0.0;0.0
20/04/2024 20:00:00;0.0;0.0
20/04/2024 20:30:00;0.0;0.0
20/04/2024 21:00:00;0.0;0.0
20/04/2024 21:30:00;0.0;0.0
20/04/2024 22:00:00;0.0;0.0
20/04/2024 22:30:00;0.0;0.0
20/04/2024 23:00:00;0.0;0.0
20/04/2024 23:30:00;0.0;0.0
21/04/2024 00:00:00;0.0;0.0
21/04/2024 00:30:00;0.0;0.0
21/04/2024 01:00:00;0.0;0.0
21/04/2024 01:30:00;0.0;0.0
21/04/2024 02:00:00;0.0;0.0
21/04/2024 02:30:00;0.0;0.0
21/04/2024 03:00:00;0.0;0.0
21/04/2024 03:30:00;0.0;0.0
21/04/2024 04:00:00;0.0;0.0
21/04/2024 04:30:00;0.0;0.0
21/04/2024 05:00:00;0.0;961.2674071110497
21/04/2024 05:30:00;484.63705326608823;3940.194206735581
21/04/2024 06:00:00;969.2741065321765;6919.121006360113
21/04/2024 06:30:00;3466.608617543575;11189.572179752342
21/04/2024 07:00:00;5963.943128554973;15460.023353144568
21/04/2024 07:30:00;9533.811060378634;18541.33720843937
21/04/2024 08:00:00;13103.678992202293;21622.651063734178
21/04/2024 08:30:00;11343.721358382953;16907.41967271871
21/04/2024 09:00:00;9583.763724563614;12192.18828170325
21/04/2024 09:30:00;6979.535782604221;8495.01837725387
21/04/2024 10:00:00;4375.307840644828;4797.848472804491
21/04/2024 10:30:00;13356.846401061892;13825.123019837434
21/04/2024 11:00:00;22338.384961478958;22852.39756687038
21/04/2024 11:30:00;13252.843494419069;13542.186501942602
21/04/2024 12:00:00;4167.30202735918;4231.975437014828
21/04/2024 12:30:00;5838.127171262697;5939.108141425997
21/04/2024 13:00:00;7508.952315166213;7646.2408458371665
21/04/2024 13:30:00;6919.790417044121;7067.28677946005
21/04/2024 14:00:00;6330.62851892203;6488.332713082933
21/04/2024 14:30:00;4716.935911986787;4867.073028886744
21/04/2024 15:00:00;3103.2433050515438;3245.8133446905563
21/04/2024 15:30:00;2118.0103542158045;2258.5913866979395
21/04/2024 16:00:00;1132.7774033800652;1271.3694287053218
21/04/2024 16:30:00;635.2820048067392;761.3786694848566
21/04/2024 17:00:00;137.78660623341312;251.38791026439114
21/04/2024 17:30:00;68.89330311670656;133.38776506866296
21/04/2024 18:00:00;0.0;15.387619872934758
21/04/2024 18:30:00;0.0;64.01708913389679
21/04/2024 19:00:00;0.0;0.0
21/04/2024 19:30:00;0.0;0.0
21/04/2024 20:00:00;0.0;0.0
21/04/2024 20:30:00;0.0;0.0
21/04/2024 21:00:00;0.0;0.0
21/04/2024 21:30:00;0.0;0.0
21/04/2024 22:00:00;0.0;0.0
21/04/2024 22:30:00;0.0;0.0
21/04/2024 23:00:00;0.0;0.0
21/04/2024 23:30:00;0.0;0.0
22/04/2024 00:00:00;0.0;0.0
22/04/2024 00:30:00;0.0;0.0
22/04/2024 01:00:00;0.0;0.0
22/04/2024 01:30:00;0.0;0.0
22/04/2024 02:00:00;0.0;0.0
22/04/2024 02:30:00;0.0;0.0
22/04/2024 03:00:00;0.0;0.0
22/04/2024 03:30:00;0.0;0.0
22/04/2024 04:00:00;0.0;0.0
22/04/2024 04:30:00;0.0;0.0
22/04/2024 05:00:00;0.0;1085.2359436140994
22/04/2024 05:30:00;476.2399925007086;3921.7492169916636
22/04/2024 06:00:00;952.4799850014172;6758.262490369228
22/04/2024 06:30:00;3287.0754812779696;10654.13300992647
22/04/2024 07:00:00;5621.670977554522;14550.003529483716
22/04/2024 07:30:00;7650.931025649102;15260.986273107028
22/04/2024 08:00:00;9680.191073743681;15971.969016730342
22/04/2024 08:30:00;11412.320289003343;16351.403768896758
22/04/2024 09:00:00;13144.449504263;16730.838521063175
22/04/2024 09:30:00;9467.3289309669;11542.098136665103
22/04/2024 10:00:00;5790.208357670801;6353.357752267034
22/04/2024 10:30:00;9377.916991417462;9815.22834269281
22/04/2024 11:00:00;12965.625625164123;13277.098933118588
22/04/2024 11:30:00;21148.167253582018;21546.87814333522
22/04/2024 12:00:00;29330.708881999915;29816.657353551847
22/04/2024 12:30:00;26054.708885352637;26518.97644082295
22/04/2024 13:00:00;22778.70888870535;23221.295528094055
22/04/2024 13:30:00;12603.207597103199;12857.118559803612
22/04/2024 14:00:00;2427.706305501045;2492.941591513171
22/04/2024 14:30:00;2504.502781161467;2599.8235639958157
22/04/2024 15:00:00;2581.299256821889;2706.70553647846
22/04/2024 15:30:00;1478.9961778381883;1566.0558658066648
22/04/2024 16:00:00;376.69309885448786;425.40619513486985
22/04/2024 16:30:00;267.93587715552286;361.3389160051225
22/04/2024 17:00:00;159.1786554565578;297.2716368753752
22/04/2024 17:30:00;79.5893277282789;156.4897462420157
22/04/2024 18:00:00;0.0;15.707855608656198
22/04/2024 18:30:00;0.0;60.10692498250954
22/04/2024 19:00:00;0.0;0.0
22/04/2024 19:30:00;0.0;0.0
22/04/2024 20:00:00;0.0;0.0
22/04/2024 20:30:00;0.0;0.0
22/04/2024 21:00:00;0.0;0.0
22/04/2024 21:30:00;0.0;0.0
22/04/2024 22:00:00;0.0;0.0
22/04/2024 22:30:00;0.0;0.0
22/04/2024 23:00:00;0.0;0.0
22/04/2024 23:30:00;0.0;0.0
23/04/2024 00:00:00;0.0;0.0
23/04/2024 00:30:00;0.0;0.0
23/04/2024 01:00:00;0.0;0.0
23/04/2024 01:30:00;0.0;0.0
23/04/2024 02:00:00;0.0;0.0
23/04/2024 02:30:00;0.0;0.0
23/04/2024 03:00:00;0.0;0.0
23/04/2024 03:30:00;0.0;0.0
23/04/2024 04:00:00;0.0;0.0
23/04/2024 04:30:00;0.0;0.0
23/04/2024 05:00:00;0.0;992.4873818334296
23/04/2024 05:30:00;427.61100405036103;3511.9808294390823
23/04/2024 06:00:00;855.2220081007221;6031.474277044735
23/04/2024 06:30:00;2773.7248620701653;9079.980111600205
23/04/2024 07:00:00;4692.227716039608;12128.485946155677
23/04/2024 07:30:00;7276.81596675752;14198.719123814466
23/04/2024 08:00:00;9861.404217475432;16268.952301473257
23/04/2024 08:30:00;11624.488450745086;16659.763598700036
23/04/2024 09:00:00;13387.57268401474;17050.574895926817
23/04/2024 09:30:00;21878.95323467665;25197.642843359492
23/04/2024 10:00:00;30370.333785338567;33344.71079079216
23/04/2024 10:30:00;30387.15533933345;32254.306571962214
23/04/2024 11:00:00;30403.97689332833;31163.902353132264
23/04/2024 11:30:00;28762.763756541903;29381.60391300777
23/04/2024 12:00:00;27121.550619755468;27599.30547288328
23/04/2024 12:30:00;16908.158797939326;17215.95350682646
23/04/2024 13:00:00;6694.766976123184;6832.6015407696395
23/04/2024 13:30:00;7698.897464139763;7893.48148029399
23/04/2024 14:00:00;8703.02795215634;8954.36141981834
23/04/2024 14:30:00;7323.885805130689;7603.51563617842
23/04/2024 15:00:00;5944.743658105038;6252.669852538501
23/04/2024 15:30:00;4264.721845352441;4596.518520366848
23/04/2024 16:00:00;2584.7000325998447;2940.3671881951936
23/04/2024 16:30:00;1400.2409036243048;1676.2060172740016
23/04/2024 17:00:00;215.78177464876455;412.04484635281005
23/04/2024 17:30:00;107.89088732438228;218.04103952767815
23/04/2024 18:00:00;0.0;24.03723270254626
23/04/2024 18:30:00;0.0;75.11454197303459
23/04/2024 19:00:00;0.0;0.0
23/04/2024 19:30:00;0.0;0.0
23/04/2024 20:00:00;0.0;0.0
23/04/2024 20:30:00;0.0;0.0
23/04/2024 21:00:00;0.0;0.0
23/04/2024 21:30:00;0.0;0.0
23/04/2024 22:00:00;0.0;0.0
23/04/2024 22:30:00;0.0;0.0
23/04/2024 23:00:00;0.0;0.0
23/04/2024 23:30:00;0.0;0.0
24/04/2024 00:00:00;0.0;0.0
24/04/2024 00:30:00;0.0;0.0
24/04/2024 01:00:00;0.0;0.0
24/04/2024 01:30:00;0.0;0.0
24/04/2024 02:00:00;0.0;0.0
24/04/2024 02:30:00;0.0;0.0
24/04/2024 03:00:00;0.0;0.0
24/04/2024 03:30:00;0.0;0.0
24/04/2024 04:00:00;0.0;0.0
24/04/2024 04:30:00;0.0;0.0
24/04/2024 05:00:00;0.0;1147.7380366532896
24/04/2024 05:30:00;482.416523901216;3958.3657319829995
24/04/2024 06:00:00;964.833047802432;6768.993427312709
24/04/2024 06:30:00;2945.804358562374;9743.221427682663
24/04/2024 07:00:00;4926.775669322317;12717.44942805262
24/04/2024 07:30:00;9124.807625400306;17346.436847937945
24/04/2024 08:00:00;13322.839581478296;21975.424267823273
24/04/2024 08:30:00;13043.320255146102;19119.748935551066
24/04/2024 09:00:00;12763.800928813907;16264.073603278852
24/04/2024 09:30:00;9860.288754904277;11953.6011481706
24/04/2024 10:00:00;6956.776580994644;7643.128693062345
24/04/2024 10:30:00;9584.412627923704;10086.408373802591
24/04/2024 11:00:00;12212.048674852766;12529.688054542838
24/04/2024 11:30:00;15430.705943811428;15763.601977834987
24/04/2024 12:00:00;18649.36321277009;18997.51590112714
24/04/2024 12:30:00;22103.440110068936;22554.91888512894
24/04/2024 13:00:00;25557.517007367784;26112.32186913074
24/04/2024 13:30:00;22234.921355517225;22804.125671530845
24/04/2024 14:00:00;18912.32570366667;19495.929473930944
24/04/2024 14:30:00;14321.371262253131;14881.931298348849
24/04/2024 15:00:00;9730.416820839595;10267.933122766755
24/04/2024 15:30:00;7087.866477032169;7680.443133593612
24/04/2024 16:00:00;4445.316133224745;5092.953144420471
24/04/2024 16:30:00;2465.62058956189;3021.33151237886
24/04/2024 17:00:00;485.9250458990349;949.7098803372492
24/04/2024 17:30:00;242.96252294951745;491.23964986783784
24/04/2024 18:00:00;0.0;32.769419398426486
24/04/2024 18:30:00;0.0;91.9132095601462
24/04/2024 19:00:00;0.0;0.0
24/04/2024 19:30:00;0.0;0.0
24/04/2024 20:00:00;0.0;0.0
24/04/2024 20:30:00;0.0;0.0
24/04/2024 21:00:00;0.0;0.0
24/04/2024 21:30:00;0.0;0.0
24/04/2024 22:00:00;0.0;0.0
24/04/2024 22:30:00;0.0;0.0
24/04/2024 23:00:00;0.0;0.0
24/04/2024 23:30:00;0.0;0.0
25/04/2024 00:00:00;0.0;0.0
25/04/2024 00:30:00;0.0;0.0
25/04/2024 01:00:00;0.0;0.0
25/04/2024 01:30:00;0.0;0.0
25/04/2024 02:00:00;0.0;0.0
25/04/2024 02:30:00;0.0;0.0
25/04/2024 03:00:00;0.0;0.0
25/04/2024 03:30:00;0.0;0.0
25/04/2024 04:00:00;0.0;0.0
25/04/2024 04:30:00;0.0;0.0
25/04/2024 05:00:00;0.0;1333.9328029562598
25/04/2024 05:30:00;166.03032585977186;1824.7005733334972
25/04/2024 06:00:00;332.0606517195437;2315.468343710734
25/04/2024 06:30:00;1572.2473887397357;4783.522684713158
25/04/2024 07:00:00;2812.4341257599276;7251.577025715583
25/04/2024 07:30:00;3926.204548595808;7782.689120203561
25/04/2024 08:00:00;5039.974971431687;8313.80121469154
25/04/2024 08:30:00;12360.300871595304;16702.224839771374
25/04/2024 09:00:00;19680.62677175892;25090.648464851205
25/04/2024 09:30:00;24579.498774691307;28749.172193314662
25/04/2024 10:00:00;29478.370777623684;32407.695921778122
25/04/2024 10:30:00;17863.917496834863;19412.85098309384
25/04/2024 11:00:00;6249.4642160460435;6418.006044409555
25/04/2024 11:30:00;21400.809380120085;21844.917758325984
25/04/2024 12:00:00;36552.15454419413;37271.82947224241
25/04/2024 12:30:00;23390.678326937912;23867.277870776663
25/04/2024 13:00:00;10229.2021096817;10462.726269310911
25/04/2024 13:30:00;6065.759711442316;6213.717197869806
25/04/2024 14:00:00;1902.3173132029312;1964.708126428702
25/04/2024 14:30:00;7014.046617514965;7400.623903249488
25/04/2024 15:00:00;12125.775921826998;12836.539680070271
25/04/2024 15:30:00;7463.49980499802;8034.289936992609
25/04/2024 16:00:00;2801.2236881690437;3232.0401939149465
25/04/2024 16:30:00;1602.2033970464975;2018.5987943341884
25/04/2024 17:00:00;403.1831059239514;805.1573947534306
25/04/2024 17:30:00;201.5915529619757;415.0698670937217
25/04/2024 18:00:00;0.0;24.982339434012783
25/04/2024 18:30:00;0.0;54.85943253835439
25/04/2024 19:00:00;0.0;0.0
25/04/2024 19:30:00;0.0;0.0
25/04/2024 20:00:00;0.0;0.0
25/04/2024 20:30:00;0.0;0.0
25/04/2024 21:00:00;0.0;0.0
25/04/2024 21:30:00;0.0;0.0
25/04/2024 22:00:00;0.0;0.0
25/04/2024 22:30:00;0.0;0.0
25/04/2024 23:00:00;0.0;0.0
25/04/2024 23:30:00;0.0;0.0
26/04/2024 00:00:00;0.0;0.0
26/04/2024 00:30:00;0.0;0.0
26/04/2024 01:00:00;0.0;0.0
26/04/2024 01:30:00;0.0;0.0
26/04/2024 02:00:00;0.0;0.0
26/04/2024 02:30:00;0.0;0.0
26/04/2024 03:00:00;0.0;0.0
26/04/2024 03:30:00;0.0;0.0
26/04/2024 04:00:00;0.0;0.0
26/04/2024 04:30:00;0.0;0.0
26/04/2024 05:00:00;0.0;682.2783877295283
26/04/2024 05:30:00;155.01110904292418;1416.341334789682
26/04/2024 06:00:00;310.02221808584835;2150.4042818498356
26/04/2024 06:30:00;1086.9444989943147;3475.327635882657
26/04/2024 07:00:00;1863.866779902781;4800.2509899154775
26/04/2024 07:30:00;3138.617894688082;6040.367396639486
26/04/2024 08:00:00;4413.369009473382;7280.483803363495
26/04/2024 08:30:00;7383.805222643974;10244.38634530698
26/04/2024 09:00:00;10354.241435814567;13208.288887250465
26/04/2024 09:30:00;13052.639526488232;15267.826723478232
26/04/2024 10:00:00;15751.037617161901;17327.364559706002
26/04/2024 10:30:00;19043.592099306894;20144.151991334584
26/04/2024 11:00:00;22336.14658145189;22960.939422963165
26/04/2024 11:30:00;23379.2839656014;23944.553282788173
26/04/2024 12:00:00;24422.421349750915;24928.16714261318
26/04/2024 12:30:00;26020.94745572955;26604.17694424747
26/04/2024 13:00:00;27619.473561708182;28280.18674588176
26/04/2024 13:30:00;23678.472171126537;24352.06811913179
26/04/2024 14:00:00;19737.470780544896;20423.949492381813
26/04/2024 14:30:00;15210.02805671575;15884.403987307162
26/04/2024 15:00:00;10682.585332886605;11344.858482232508
26/04/2024 15:30:00;6863.554530758638;7440.7087379267705
26/04/2024 16:00:00;3044.523728630671;3536.5589936210326
26/04/2024 16:30:00;1800.629055028457;2336.2728929654336
26/04/2024 17:00:00;556.7343814262432;1135.9867923098345
26/04/2024 17:30:00;278.3671907131216;614.7474153400408
26/04/2024 18:00:00;0.0;93.50803837024716
26/04/2024 18:30:00;0.0;144.24504396670548
26/04/2024 19:00:00;0.0;0.0
26/04/2024 19:30:00;0.0;0.0
26/04/2024 20:00:00;0.0;0.0
26/04/2024 20:30:00;0.0;0.0
26/04/2024 21:00:00;0.0;0.0
26/04/2024 21:30:00;0.0;0.0
26/04/2024 22:00:00;0.0;0.0
26/04/2024 22:30:00;0.0;0.0
26/04/2024 23:00:00;0.0;0.0
26/04/2024 23:30:00;0.0;0.0
27/04/2024 00:00:00;0.0;0.0
27/04/2024 00:30:00;0.0;0.0
27/04/2024 01:00:00;0.0;0.0
27/04/2024 01:30:00;0.0;0.0
27/04/2024 02:00:00;0.0;0.0
27/04/2024 02:30:00;0.0;0.0
27/04/2024 03:00:00;0.0;0.0
27/04/2024 03:30:00;0.0;0.0
27/04/2024 04:00:00;0.0;0.0
27/04/2024 04:30:00;0.0;0.0
27/04/2024 05:00:00;0.0;1209.72216149233
27/04/2024 05:30:00;372.8834659201408;3177.5917401271554
27/04/2024 06:00:00;745.7669318402816;5145.461318761981
27/04/2024 06:30:00;2852.799652674139;8954.246378654969
27/04/2024 07:00:00;4959.832373507997;12763.031438547958
27/04/2024 07:30:00;7737.444803697992;15054.694044843342
27/04/2024 08:00:00;10515.057233887987;17346.35665113873
27/04/2024 08:30:00;13797.821203572783;19574.218763679706
27/04/2024 09:00:00;17080.58517325758;21802.080876220683
27/04/2024 09:30:00;24777.503853967297;28774.58760050987
27/04/2024 10:00:00;32474.42253467701;35747.094324799065
27/04/2024 10:30:00;33538.58542733209;35675.75292511607
27/04/2024 11:00:00;34602.748319987164;35604.41152543306
27/04/2024 11:30:00;32847.485097999546;33686.18355788459
27/04/2024 12:00:00;31092.221876011932;31767.95559033613
27/04/2024 12:30:00;29574.636307070654;30263.918636118546
27/04/2024 13:00:00;28057.050738129383;28759.881681900966
27/04/2024 13:30:00;24723.690746352528;25467.08448329022
27/04/2024 14:00:00;21390.330754575672;22174.287284679467
27/04/2024 14:30:00;15685.842490161287;16404.109124690098
27/04/2024 15:00:00;9981.3542257469;10633.930964700732
27/04/2024 15:30:00;7115.956556134183;7802.528116357716
27/04/2024 16:00:00;4250.558886521466;4971.125268014701
27/04/2024 16:30:00;2391.612606160987;3039.876993889181
27/04/2024 17:00:00;532.6663258005079;1108.6287197636611
27/04/2024 17:30:00;266.33316290025397;610.5493786853182
27/04/2024 18:00:00;0.0;112.4700376069753
27/04/2024 18:30:00;0.0;173.6177693496448
27/04/2024 19:00:00;0.0;0.0
27/04/2024 19:30:00;0.0;0.0
27/04/2024 20:00:00;0.0;0.0
27/04/2024 20:30:00;0.0;0.0
27/04/2024 21:00:00;0.0;0.0
27/04/2024 21:30:00;0.0;0.0
27/04/2024 22:00:00;0.0;0.0
27/04/2024 22:30:00;0.0;0.0
27/04/2024 23:00:00;0.0;0.0
27/04/2024 23:30:00;0.0;0.0
28/04/2024 00:00:00;0.0;0.0
28/04/2024 00:30:00;0.0;0.0
28/04/2024 01:00:00;0.0;0.0
28/04/2024 01:30:00;0.0;0.0
28/04/2024 02:00:00;0.0;0.0
28/04/2024 02:30:00;0.0;0.0
28/04/2024 03:00:00;0.0;0.0
28/04/2024 03:30:00;0.0;0.0
28/04/2024 04:00:00;0.0;0.0
28/04/2024 04:30:00;0.0;0.0
28/04/2024 05:00:00;0.0;1457.7201359457038
28/04/2024 05:30:00;52.98586903496178;1092.7956660930727
28/04/2024 06:00:00;105.97173806992356;727.8711962404419
28/04/2024 06:30:00;1117.1248568777667;3100.376921816331
28/04/2024 07:00:00;2128.27797568561;5472.882647392221
28/04/2024 07:30:00;3964.528934094532;7521.669797211099
28/04/2024 08:00:00;5800.779892503455;9570.456947029976
28/04/2024 08:30:00;6001.492564541478;8745.906776656337
28/04/2024 09:00:00;6202.2052365795;7921.356606282698
28/04/2024 09:30:00;7160.794510223467;8432.293523332683
28/04/2024 10:00:00;8119.3837838674335;8943.230440382667
28/04/2024 10:30:00;7511.984828687019;8027.113052645271
28/04/2024 11:00:00;6904.585873506606;7110.995664907875
28/04/2024 11:30:00;5727.448960765859;5882.366053778594
28/04/2024 12:00:00;4550.312048025113;4653.736442649312
28/04/2024 12:30:00;3885.379491655277;3980.057127493992
28/04/2024 13:00:00;3220.4469352854417;3306.3778123386724
28/04/2024 13:30:00;3209.4547988364725;3314.0919000369036
28/04/2024 14:00:00;3198.462662387504;3321.8059877351347
28/04/2024 14:30:00;2443.8446467838585;2563.4885589629844
28/04/2024 15:00:00;1689.2266311802125;1805.1711301908338
28/04/2024 15:30:00;1781.6063796676299;2005.7795830648467
28/04/2024 16:00:00;1873.986128155047;2206.3880359388595
28/04/2024 16:30:00;1178.6946738530353;1616.323274176665
28/04/2024 17:00:00;483.40321955102365;1026.258512414471
28/04/2024 17:30:00;241.70160977551183;552.7311185280391
28/04/2024 18:00:00;0.0;79.20372464160758
28/04/2024 18:30:00;0.0;134.80613606006582
28/04/2024 19:00:00;0.0;0.0
28/04/2024 19:30:00;0.0;0.0
28/04/2024 20:00:00;0.0;0.0
28/04/2024 20:30:00;0.0;0.0
28/04/2024 21:00:00;0.0;0.0
28/04/2024 21:30:00;0.0;0.0
28/04/2024 22:00:00;0.0;0.0
28/04/2024 22:30:00;0.0;0.0
28/04/2024 23:00:00;0.0;0.0
28/04/2024 23:30:00;0.0;0.0
29/04/2024 00:00:00;0.0;0.0
29/04/2024 00:30:00;0.0;0.0
29/04/2024 01:00:00;0.0;0.0
29/04/2024 01:30:00;0.0;0.0
29/04/2024 02:00:00;0.0;0.0
29/04/2024 02:30:00;0.0;0.0
29/04/2024 03:00:00;0.0;0.0
29/04/2024 03:30:00;0.0;0.0
29/04/2024 04:00:00;0.0;0.0
29/04/2024 04:30:00;0.0;0.0
29/04/2024 05:00:00;0.0;1302.456775847689
29/04/2024 05:30:00;503.0434887254075;4093.606675827175
29/04/2024 06:00:00;1006.086977450815;6884.75657580666
29/04/2024 06:30:00;2258.015411574418;7952.044835795981
29/04/2024 07:00:00;3509.9438456980215;9019.333095785301
29/04/2024 07:30:00;7102.678594140428;13333.385375296699
29/04/2024 08:00:00;10695.413342582833;17647.437654808095
29/04/2024 08:30:00;16356.845453245052;22893.17060753841
29/04/2024 09:00:00;22018.27756390727;28138.903560268733
29/04/2024 09:30:00;25180.26714861429;29688.861169655534
29/04/2024 10:00:00;28342.256733321305;31238.818779042336
29/04/2024 10:30:00;32257.98234795615;34264.12016590324
29/04/2024 11:00:00;36173.707962591;37289.42155276413
29/04/2024 11:30:00;34364.1348271663;35308.145614779256
29/04/2024 12:00:00;32554.56169174161;33326.869676794384
29/04/2024 12:30:00;25115.282482266397;25751.173414928424
29/04/2024 13:00:00;17676.003272791193;18175.47715306246
29/04/2024 13:30:00;19509.158299187944;20190.397216630656
29/04/2024 14:00:00;21342.313325584695;22205.317280198855
29/04/2024 14:30:00;16017.376687237342;16833.269949477777
29/04/2024 15:00:00;10692.440048889988;11461.222618756696
29/04/2024 15:30:00;7233.508230734051;7967.062546957134
29/04/2024 16:00:00;3774.5764125781116;4472.902475157572
29/04/2024 16:30:00;2146.4456357474123;2797.5017870639435
29/04/2024 17:00:00;518.3148589167125;1122.1010989703154
29/04/2024 17:30:00;259.15742945835626;623.7003059992271
29/04/2024 18:00:00;0.0;125.29951302813863
29/04/2024 18:30:00;0.0;163.3061066200389
29/04/2024 19:00:00;0.0;0.0
29/04/2024 19:30:00;0.0;0.0
29/04/2024 20:00:00;0.0;0.0
29/04/2024 20:30:00;0.0;0.0
29/04/2024 21:00:00;0.0;0.0
29/04/2024 21:30:00;0.0;0.0
29/04/2024 22:00:00;0.0;0.0
29/04/2024 22:30:00;0.0;0.0
29/04/2024 23:00:00;0.0;0.0
29/04/2024 23:30:00;0.0;0.0
30/04/2024 00:00:00;0.0;0.0
30/04/2024 00:30:00;0.0;0.0
30/04/2024 01:00:00;0.0;0.0
30/04/2024 01:30:00;0.0;0.0
30/04/2024 02:00:00;0.0;0.0
30/04/2024 02:30:00;0.0;0.0
30/04/2024 03:00:00;0.0;0.0
30/04/2024 03:30:00;0.0;0.0
30/04/2024 04:00:00;0.0;0.0
30/04/2024 04:30:00;0.0;0.0
30/04/2024 05:00:00;0.0;961.4445720499446
30/04/2024 05:30:00;216.26979842877017;1952.7317616801604
30/04/2024 06:00:00;432.53959685754035;2944.018951310376
30/04/2024 06:30:00;1617.3908092225859;5070.65907444223
30/04/2024 07:00:00;2802.242021587632;7197.299197574086
30/04/2024 07:30:00;6339.566365478302;11748.61581433434
30/04/2024 08:00:00;9876.89070936897;16299.93243109459
30/04/2024 08:30:00;12126.841965937414;17342.13096085112
30/04/2024 09:00:00;14376.793222505858;18384.329490607637
30/04/2024 09:30:00;14858.185653767887;17652.005946644935
30/04/2024 10:00:00;15339.57808502992;16919.68240268223
30/04/2024 10:30:00;13407.859305337895;14380.419422532854
30/04/2024 11:00:00;11476.140525645875;11841.156442383477
30/04/2024 11:30:00;12392.961658377451;12739.978929963927
30/04/2024 12:00:00;13309.78279110903;13638.801417544375
30/04/2024 12:30:00;11588.199005132952;11899.802870198368
30/04/2024 13:00:00;9866.615219156878;10160.804322852362
30/04/2024 13:30:00;9018.952351344407;9338.784543955782
30/04/2024 14:00:00;8171.289483531936;8516.764765059204
30/04/2024 14:30:00;5810.408439348524;6112.788710554969
30/04/2024 15:00:00;3449.527395165111;3708.812656050733
30/04/2024 15:30:00;2984.656972414954;3358.155948079485
30/04/2024 16:00:00;2519.786549664797;3007.499240108237
30/04/2024 16:30:00;1432.0105757335941;1883.5117098533653
30/04/2024 17:00:00;344.2346018023916;759.5241795984934
30/04/2024 17:30:00;172.1173009011958;416.14517478960107
30/04/2024 18:00:00;0.0;72.76616998070868
30/04/2024 18:30:00;0.0;80.7303196738242
30/04/2024 19:00:00;0.0;0.0
30/04/2024 19:30:00;0.0;0.0
30/04/2024 20:00:00;0.0;0.0
30/04/2024 20:30:00;0.0;0.0
30/04/2024 21:00:00;0.0;0.0
30/04/2024 21:30:00;0.0;0.0
30/04/2024 22:00:00;0.0;0.0
30/04/2024 22:30:00;0.0;0.0
30/04/2024 23:00:00;0.0;0.0
30/04/2024 23:30:00;0.0;0.0
01/05/2024 00:00:00;0.0;0.0
01/05/2024 00:30:00;0.0;0.0
01/05/2024 01:00:00;0.0;0.0
01/05/2024 01:30:00;0.0;0.0
01/05/2024 02:00:00;0.0;0.0
01/05/2024 02:30:00;0.0;0.0
01/05/2024 03:00:00;0.0;0.0
01/05/2024 03:30:00;0.0;0.0
01/05/2024 04:00:00;0.0;0.0
01/05/2024 04:30:00;0.0;0.0
01/05/2024 05:00:00;0.0;247.97746322924993
01/05/2024 05:30:00;95.04239725460029;768.9688599356722
01/05/2024 06:00:00;190.08479450920058;1289.9602566420945
01/05/2024 06:30:00;346.2096707644742;1289.7463209333987
01/05/2024 07:00:00;502.33454701974773;1289.532385224703
01/05/2024 07:30:00;4190.043741746096;7147.015477591216
01/05/2024 08:00:00;7877.752936472446;13004.498569957728
01/05/2024 08:30:00;11648.598814823043;16367.703895415958
01/05/2024 09:00:00;15419.44469317364;19730.909220874186
01/05/2024 09:30:00;21895.71748829286;25530.606505876895
01/05/2024 10:00:00;28371.99028341208;31330.303790879607
01/05/2024 10:30:00;25015.906153349686;26849.64941655421
01/05/2024 11:00:00;21659.82202328729;22368.995042228813
01/05/2024 11:30:00;16679.376225445827;17186.14862684855
01/05/2024 12:00:00;11698.930427604368;12003.302211468286
01/05/2024 12:30:00;12981.872133745832;13357.975797573565
01/05/2024 13:00:00;14264.813839887292;14712.649383678841
01/05/2024 13:30:00;11179.768623251623;11582.268972027077
01/05/2024 14:00:00;8094.723406615948;8451.888560375311
01/05/2024 14:30:00;6884.457187396256;7285.3480476118275
01/05/2024 15:00:00;5674.190968176564;6118.807534848344
01/05/2024 15:30:00;4226.706385508948;4729.790347245399
01/05/2024 16:00:00;2779.2218028413326;3340.773159642454
01/05/2024 16:30:00;1466.3250459665444;1842.8517623412315
01/05/2024 17:00:00;153.42828909175603;344.930365040009
01/05/2024 17:30:00;76.71414454587801;209.41138979365928
01/05/2024 18:00:00;0.0;73.89241454730956
01/05/2024 18:30:00;0.0;143.8297279246614
01/05/2024 19:00:00;0.0;0.0
01/05/2024 19:30:00;0.0;0.0
01/05/2024 20:00:00;0.0;0.0
01/05/2024 20:30:00;0.0;0.0
01/05/2024 21:00:00;0.0;0.0
01/05/2024 21:30:00;0.0;0.0
01/05/2024 22:00:00;0.0;0.0
01/05/2024 22:30:00;0.0;0.0
01/05/2024 23:00:00;0.0;0.0
01/05/2024 23:30:00;0.0;0.0
02/05/2024 00:00:00;0.0;0.0
02/05/2024 00:30:00;0.0;0.0
02/05/2024 01:00:00;0.0;0.0
02/05/2024 01:30:00;0.0;0.0
02/05/2024 02:00:00;0.0;0.0
02/05/2024 02:30:00;0.0;0.0
02/05/2024 03:00:00;0.0;0.0
02/05/2024 03:30:00;0.0;0.0
02/05/2024 04:00:00;0.0;0.0
02/05/2024 04:30:00;0.0;0.0
02/05/2024 05:00:00;0.0;1612.5133088490502
02/05/2024 05:30:00;393.64535771723996;3467.415201923357
02/05/2024 06:00:00;787.2907154344799;5322.317094997664
02/05/2024 06:30:00;393.64535771723996;2661.158547498832
02/05/2024 07:00:00;0.0;0.0
02/05/2024 07:30:00;6595.018268880504;10889.84569738354
02/05/2024 08:00:00;13190.036537761009;21779.69139476708
02/05/2024 08:30:00;18219.429685223135;25774.434160323246
02/05/2024 09:00:00;23248.82283268526;29769.176925879412
02/05/2024 09:30:00;27440.945135139642;32369.064363803373
02/05/2024 10:00:00;31633.067437594025;34968.95180172733
02/05/2024 10:30:00;33376.59454933707;35635.920117051646
02/05/2024 11:00:00;35120.12166108011;36302.88843237597
02/05/2024 11:30:00;34676.59918388308;35737.939853369724
02/05/2024 12:00:00;34233.07670668606;35172.99127436348
02/05/2024 12:30:00;32109.438717385576;33073.51890623688
02/05/2024 13:00:00;29985.80072808509;30974.046538110288
02/05/2024 13:30:00;25683.349745090378;26668.894747675695
02/05/2024 14:00:00;21380.898762095665;22363.74295724111
02/05/2024 14:30:00;16893.2329805589;17890.181610275802
02/05/2024 15:00:00;12405.567199022129;13416.620263310497
02/05/2024 15:30:00;8466.395402269329;9448.398614641672
02/05/2024 16:00:00;4527.223605516532;5480.176965972848
02/05/2024 16:30:00;2543.674886827898;3380.9902151913116
02/05/2024 17:00:00;560.1261681392634;1281.8034644097756
02/05/2024 17:30:00;280.0630840696317;739.3985418167979
02/05/2024 18:00:00;0.0;196.9936192238203
02/05/2024 18:30:00;0.0;258.49288435822143
02/05/2024 19:00:00;0.0;0.0
02/05/2024 19:30:00;0.0;0.0
02/05/2024 20:00:00;0.0;0.0
02/05/2024 20:30:00;0.0;0.0
02/05/2024 21:00:00;0.0;0.0
02/05/2024 21:30:00;0.0;0.0
02/05/2024 22:00:00;0.0;0.0
02/05/2024 22:30:00;0.0;0.0
02/05/2024 23:00:00;0.0;0.0
02/05/2024 23:30:00;0.0;0.0
03/05/2024 00:00:00;0.0;0.0
03/05/2024 00:30:00;0.0;0.0
03/05/2024 01:00:00;0.0;0.0
03/05/2024 01:30:00;0.0;0.0
03/05/2024 02:00:00;0.0;0.0
03/05/2024 02:30:00;0.0;0.0
03/05/2024 03:00:00;0.0;0.0
03/05/2024 03:30:00;0.0;0.0
03/05/2024 04:00:00;0.0;0.0
03/05/2024 04:30:00;0.0;0.0
03/05/2024 05:00:00;0.0;1549.9774521806455
03/05/2024 05:30:00;574.8309656239829;4646.114223138304
03/05/2024 06:00:00;1149.6619312479659;7742.250994095962
03/05/2024 06:30:00;3759.8585361755117;12042.519081243003
03/05/2024 07:00:00;6370.055141103057;16342.78716839004
03/05/2024 07:30:00;10551.115205013455;20337.336748877795
03/05/2024 08:00:00;14732.175268923853;24331.886329365552
03/05/2024 08:30:00;19462.524263970947;27665.52952467657
03/05/2024 09:00:00;24192.87325901804;30999.172719987586
03/05/2024 09:30:00;28411.096165556115;33554.58994624808
03/05/2024 10:00:00;32629.319072094197;36110.00717250857
03/05/2024 10:30:00;35020.467659154434;37412.83241071063
03/05/2024 11:00:00;37411.616246214675;38715.657648912675
03/05/2024 11:30:00;36949.75894698997;38128.147025207225
03/05/2024 12:00:00;36487.90164776527;37540.636401501775
03/05/2024 12:30:00;33592.128164343565;34647.40171664954
03/05/2024 13:00:00;30696.354680921857;31754.1670317973
03/05/2024 13:30:00;25846.83203144891;26876.95640185187
03/05/2024 14:00:00;20997.30938197597;21999.745771906437
03/05/2024 14:30:00;16177.315316066728;17160.64849487426
03/05/2024 15:00:00;11357.321250157484;12321.551217842085
03/05/2024 15:30:00;7943.166595723759;8921.239123363966
03/05/2024 16:00:00;4529.011941290036;5520.927028885849
03/05/2024 16:30:00;2549.290850246181;3423.669676228945
03/05/2024 17:00:00;569.5697592023272;1326.4123235720413
03/05/2024 17:30:00;284.7848796011636;782.1795909631485
03/05/2024 18:00:00;0.0;237.94685835425594
03/05/2024 18:30:00;0.0;296.1479128750687
03/05/2024 19:00:00;0.0;0.0
03/05/2024 19:30:00;0.0;0.0
03/05/2024 20:00:00;0.0;0.0
03/05/2024 20:30:00;0.0;0.0
03/05/2024 21:00:00;0.0;0.0
03/05/2024 21:30:00;0.0;0.0
03/05/2024 22:00:00;0.0;0.0
03/05/2024 22:30:00;0.0;0.0
03/05/2024 23:00:00;0.0;0.0
03/05/2024 23:30:00;0.0;0.0
04/05/2024 00:00:00;0.0;0.0
04/05/2024 00:30:00;0.0;0.0
04/05/2024 01:00:00;0.0;0.0
04/05/2024 01:30:00;0.0;0.0
04/05/2024 02:00:00;0.0;0.0
04/05/2024 02:30:00;0.0;0.0
04/05/2024 03:00:00;0.0;0.0
04/05/2024 03:30:00;0.0;0.0
04/05/2024 04:00:00;0.0;0.0
04/05/2024 04:30:00;0.0;0.0
04/05/2024 05:00:00;0.0;1518.3700578121363
04/05/2024 05:30:00;589.4665392322288;4719.858212439493
04/05/2024 06:00:00;1178.9330784644576;7921.34636706685
04/05/2024 06:30:00;3510.2473537060114;11451.545397148566
04/05/2024 07:00:00;5841.561628947565;14981.74442723028
04/05/2024 07:30:00;10362.718065012115;19786.287308878345
04/05/2024 08:00:00;14883.874501076669;24590.83019052641
04/05/2024 08:30:00;19584.42256585813;27865.889091271012
04/05/2024 09:00:00;24284.97063063959;31140.94799201561
04/05/2024 09:30:00;28402.966897114264;33585.38495010159
04/05/2024 10:00:00;32520.963163588935;36029.821908187565
04/05/2024 10:30:00;34680.19172394431;37102.11048333041
04/05/2024 11:00:00;36839.420284299675;38174.39905847326
04/05/2024 11:30:00;36598.275234617766;37815.664269552006
04/05/2024 12:00:00;36357.130184935864;37456.929480630766
04/05/2024 12:30:00;33748.886947133295;34859.04306679744
04/05/2024 13:00:00;31140.64370933073;32261.156652964117
04/05/2024 13:30:00;26305.871236594237;27398.540874593487
04/05/2024 14:00:00;21471.09876385775;22535.925096222858
04/05/2024 14:30:00;16857.399152756334;17932.77171702956
04/05/2024 15:00:00;12243.699541654922;13329.618337836264
04/05/2024 15:30:00;8116.907400556293;9113.117331553809
04/05/2024 16:00:00;3990.1152594576656;4896.616325271357
04/05/2024 16:30:00;2190.442276878559;2910.5133290350245
04/05/2024 17:00:00;390.76929429945204;924.4103327986926
04/05/2024 17:30:00;195.38464714972602;587.6842306608789
04/05/2024 18:00:00;0.0;250.95812852306528
04/05/2024 18:30:00;0.0;284.6258619789338
04/05/2024 19:00:00;0.0;0.0
04/05/2024 19:30:00;0.0;0.0
04/05/2024 20:00:00;0.0;0.0
04/05/2024 20:30:00;0.0;0.0
04/05/2024 21:00:00;0.0;0.0
04/05/2024 21:30:00;0.0;0.0
04/05/2024 22:00:00;0.0;0.0
04/05/2024 22:30:00;0.0;0.0
04/05/2024 23:00:00;0.0;0.0
04/05/2024 23:30:00;0.0;0.0
05/05/2024 00:00:00;0.0;0.0
05/05/2024 00:30:00;0.0;0.0
05/05/2024 01:00:00;0.0;0.0
05/05/2024 01:30:00;0.0;0.0
05/05/2024 02:00:00;0.0;0.0
05/05/2024 02:30:00;0.0;0.0
05/05/2024 03:00:00;0.0;0.0
05/05/2024 03:30:00;0.0;0.0
05/05/2024 04:00:00;0.0;0.0
05/05/2024 04:30:00;0.0;0.0
05/05/2024 05:00:00;0.0;991.6482645521729
05/05/2024 05:30:00;108.56206062595558;1222.9991091180736
05/05/2024 06:00:00;217.12412125191116;1454.3499536839743
05/05/2024 06:30:00;2304.422860735652;6357.311157382766
05/05/2024 07:00:00;4391.721600219394;11260.27236108156
05/05/2024 07:30:00;6033.8552270357;11972.243700686144
05/05/2024 08:00:00;7675.988853852007;12684.215040290728
05/05/2024 08:30:00;11963.237661230374;16767.535077471763
05/05/2024 09:00:00;16250.486468608742;20850.855114652797
05/05/2024 09:30:00;21608.34061800757;25379.31824848725
05/05/2024 10:00:00;26966.1947674064;29907.781382321707
05/05/2024 10:30:00;31028.683290856334;33160.08709372417
05/05/2024 11:00:00;35091.171814306275;36412.392805126634
05/05/2024 11:30:00;33994.33958904402;35175.48040161654
05/05/2024 12:00:00;32897.50736378178;33938.56799810647
05/05/2024 12:30:00;22390.710549465937;23133.996114266647
05/05/2024 13:00:00;11883.913735150096;12329.424230426825
05/05/2024 13:30:00;6828.456901661811;7097.169822470268
05/05/2024 14:00:00;1773.000068173526;1864.9154145137115
05/05/2024 14:30:00;1770.1282124695035;1897.7234457208544
05/05/2024 15:00:00;1767.2563567654809;1930.531476927997
05/05/2024 15:30:00;2615.996197176523;3104.867318113834
05/05/2024 16:00:00;3464.736037587565;4279.203159299671
05/05/2024 16:30:00;2007.733073530569;2801.4296159878268
05/05/2024 17:00:00;550.730109473573;1323.6560726759835
05/05/2024 17:30:00;275.3650547367865;798.8048130667246
05/05/2024 18:00:00;0.0;273.95355345746555
05/05/2024 18:30:00;0.0;302.3455055961135
05/05/2024 19:00:00;0.0;0.0
05/05/2024 19:30:00;0.0;0.0
05/05/2024 20:00:00;0.0;0.0
05/05/2024 20:30:00;0.0;0.0
05/05/2024 21:00:00;0.0;0.0
05/05/2024 21:30:00;0.0;0.0
05/05/2024 22:00:00;0.0;0.0
05/05/2024 22:30:00;0.0;0.0
05/05/2024 23:00:00;0.0;0.0
05/05/2024 23:30:00;0.0;0.0
06/05/2024 00:00:00;0.0;0.0
06/05/2024 00:30:00;0.0;0.0
06/05/2024 01:00:00;0.0;0.0
06/05/2024 01:30:00;0.0;0.0
06/05/2024 02:00:00;0.0;0.0
06/05/2024 02:30:00;0.0;0.0
06/05/2024 03:00:00;0.0;0.0
06/05/2024 03:30:00;0.0;0.0
06/05/2024 04:00:00;0.0;0.0
06/05/2024 04:30:00;0.0;0.0
06/05/2024 05:00:00;0.0;898.5765005077207
06/05/2024 05:30:00;314.94741615227025;2554.6149503985375
06/05/2024 06:00:00;629.8948323045405;4210.653400289355
06/05/2024 06:30:00;1471.3784630875766;5071.745405160135
06/05/2024 07:00:00;2312.862093870612;5932.837410030916
06/05/2024 07:30:00;4335.569140853766;8223.351887783916
06/05/2024 08:00:00;6358.27618783692;10513.866365536916
06/05/2024 08:30:00;11451.8978364207;15879.892549013213
06/05/2024 09:00:00;16545.51948500448;21245.918732489514
06/05/2024 09:30:00;21627.236535832628;25450.65223345968
06/05/2024 10:00:00;26708.95358666078;29655.385734429845
06/05/2024 10:30:00;29648.048247540457;31756.3653375589
06/05/2024 11:00:00;32587.14290842013;33857.344940687944
06/05/2024 11:30:00;32618.818683856483;33792.60254812056
06/05/2024 12:00:00;32650.494459292837;33727.86015555318
06/05/2024 12:30:00;30337.50781068899;31421.758438743815
06/05/2024 13:00:00;28024.521162085144;29115.65672193445
06/05/2024 13:30:00;22329.541611425888;23325.442412292257
06/05/2024 14:00:00;16634.562060766628;17535.228102650057
06/05/2024 14:30:00;13191.535168852719;14110.2199919869
06/05/2024 15:00:00;9748.508276938808;10685.211881323743
06/05/2024 15:30:00;6688.214844593769;7597.723439424087
06/05/2024 16:00:00;3627.921412248731;4510.23499752443
06/05/2024 16:30:00;2096.7922335223107;2945.915202881041
06/05/2024 17:00:00;565.6630547958899;1381.5954082376518
06/05/2024 17:30:00;282.83152739794497;834.5499993177299
06/05/2024 18:00:00;0.0;287.504590397808
06/05/2024 18:30:00;0.0;363.2109720196348
06/05/2024 19:00:00;0.0;0.0
06/05/2024 19:30:00;0.0;0.0
06/05/2024 20:00:00;0.0;0.0
06/05/2024 20:30:00;0.0;0.0
06/05/2024 21:00:00;0.0;0.0
06/05/2024 21:30:00;0.0;0.0
06/05/2024 22:00:00;0.0;0.0
06/05/2024 22:30:00;0.0;0.0
06/05/2024 23:00:00;0.0;0.0
06/05/2024 23:30:00;0.0;0.0
07/05/2024 00:00:00;0.0;0.0
07/05/2024 00:30:00;0.0;0.0
07/05/2024 01:00:00;0.0;0.0
07/05/2024 01:30:00;0.0;0.0
07/05/2024 02:00:00;0.0;0.0
07/05/2024 02:30:00;0.0;0.0
07/05/2024 03:00:00;0.0;0.0
07/05/2024 03:30:00;0.0;0.0
07/05/2024 04:00:00;0.0;0.0
07/05/2024 04:30:00;0.0;0.0
07/05/2024 05:00:00;0.0;1953.0449860779993
07/05/2024 05:30:00;392.621437761331;3595.688554924584
07/05/2024 06:00:00;785.242875522662;5238.33212377117
07/05/2024 06:30:00;2589.6005336757526;8257.150133202387
07/05/2024 07:00:00;4393.958191828843;11275.968142633603
07/05/2024 07:30:00;4702.082956193358;9783.898776508933
07/05/2024 08:00:00;5010.207720557871;8291.829410384265
07/05/2024 08:30:00;4421.747832535238;6608.799970969225
07/05/2024 09:00:00;3833.2879445126036;4925.770531554184
07/05/2024 09:30:00;7895.519184319707;9109.18255305422
07/05/2024 10:00:00;11957.75042412681;13292.594574554252
07/05/2024 10:30:00;13565.10208283886;14538.659308179462
07/05/2024 11:00:00;15172.453741550908;15784.724041804673
07/05/2024 11:30:00;18131.87213411823;18800.20209398214
07/05/2024 12:00:00;21091.290526685552;21815.680146159608
07/05/2024 12:30:00;24500.273695770866;25425.993980425923
07/05/2024 13:00:00;27909.256864856183;29036.30781469224
07/05/2024 13:30:00;21461.369671140383;22448.231123537043
07/05/2024 14:00:00;15013.482477424584;15860.15443238185
07/05/2024 14:30:00;8978.537586648985;9548.501498590203
07/05/2024 15:00:00;2943.5926958733853;3236.8485647985567
07/05/2024 15:30:00;2038.4418185574789;2327.1827863985877
07/05/2024 16:00:00;1133.2909412415727;1417.5170079986192
07/05/2024 16:30:00;606.5941292621109;807.7357621014917
07/05/2024 17:00:00;79.89731728264911;197.9545162043642
07/05/2024 17:30:00;39.948658641324556;134.12578435328308
07/05/2024 18:00:00;0.0;70.29705250220192
07/05/2024 18:30:00;0.0;143.19034496489087
07/05/2024 19:00:00;0.0;0.0
07/05/2024 19:30:00;0.0;0.0
07/05/2024 20:00:00;0.0;0.0
07/05/2024 20:30:00;0.0;0.0
07/05/2024 21:00:00;0.0;0.0
07/05/2024 21:30:00;0.0;0.0
07/05/2024 22:00:00;0.0;0.0
07/05/2024 22:30:00;0.0;0.0
07/05/2024 23:00:00;0.0;0.0
07/05/2024 23:30:00;0.0;0.0
08/05/2024 00:00:00;0.0;0.0
08/05/2024 00:30:00;0.0;0.0
08/05/2024 01:00:00;0.0;0.0
08/05/2024 01:30:00;0.0;0.0
08/05/2024 02:00:00;0.0;0.0
08/05/2024 02:30:00;0.0;0.0
08/05/2024 03:00:00;0.0;0.0
08/05/2024 03:30:00;0.0;0.0
08/05/2024 04:00:00;0.0;0.0
08/05/2024 04:30:00;0.0;0.0
08/05/2024 05:00:00;0.0;1673.9494866813584
08/05/2024 05:30:00;266.8070085603503;2614.526142640888
08/05/2024 06:00:00;533.6140171207006;3555.102798600417
08/05/2024 06:30:00;2631.3214402857125;7847.761812232897
08/05/2024 07:00:00;4729.028863450724;12140.420825865378
08/05/2024 07:30:00;8168.197634743435;15683.232950230027
08/05/2024 08:00:00;11607.366406036144;19226.04507459468
08/05/2024 08:30:00;9518.319157307122;14390.111678096191
08/05/2024 09:00:00;7429.271908578099;9554.178281597704
08/05/2024 09:30:00;6389.881560945434;7754.461314865039
08/05/2024 10:00:00;5350.491213312771;5954.744348132372
08/05/2024 10:30:00;6120.6021287576195;6566.349622390804
08/05/2024 11:00:00;6890.71304420247;7177.954896649237
08/05/2024 11:30:00;6104.357729146659;6342.770135904661
08/05/2024 12:00:00;5318.002414090847;5507.585375160085
08/05/2024 12:30:00;4718.7815667870655;4899.64665117677
08/05/2024 13:00:00;4119.560719483284;4291.707927193455
08/05/2024 13:30:00;5623.217011195308;5918.110981728656
08/05/2024 14:00:00;7126.873302907333;7544.514036263858
08/05/2024 14:30:00;6744.004137640297;7280.944879441124
08/05/2024 15:00:00;6361.134972373262;7017.37572261839
08/05/2024 15:30:00;4364.521535714218;4998.858089006134
08/05/2024 16:00:00;2367.908099055173;2980.3404553938785
08/05/2024 16:30:00;1468.3059925518992;2205.0092339605844
08/05/2024 17:00:00;568.7038860486255;1429.6780125272908
08/05/2024 17:30:00;284.35194302431273;857.2200811763879
08/05/2024 18:00:00;0.0;284.76214982548504
08/05/2024 18:30:00;0.0;270.5240423342108
08/05/2024 19:00:00;0.0;0.0
08/05/2024 19:30:00;0.0;0.0
08/05/2024 20:00:00;0.0;0.0
08/05/2024 20:30:00;0.0;0.0
08/05/2024 21:00:00;0.0;0.0
08/05/2024 21:30:00;0.0;0.0
08/05/2024 22:00:00;0.0;0.0
08/05/2024 22:30:00;0.0;0.0
08/05/2024 23:00:00;0.0;0.0
08/05/2024 23:30:00;0.0;0.0
09/05/2024 00:00:00;0.0;0.0
09/05/2024 00:30:00;0.0;0.0
09/05/2024 01:00:00;0.0;0.0
09/05/2024 01:30:00;0.0;0.0
09/05/2024 02:00:00;0.0;0.0
09/05/2024 02:30:00;0.0;0.0
09/05/2024 03:00:00;0.0;0.0
09/05/2024 03:30:00;0.0;0.0
09/05/2024 04:00:00;0.0;0.0
09/05/2024 04:30:00;0.0;495.93322807368975
09/05/2024 05:00:00;0.0;991.8664561473795
09/05/2024 05:30:00;440.5784260111135;3427.2573745432933
09/05/2024 06:00:00;881.156852022227;5862.648292939207
09/05/2024 06:30:00;3272.556803827239;10204.151264577395
09/05/2024 07:00:00;5663.956755632251;14545.654236215581
09/05/2024 07:30:00;7837.595689445001;15571.817761007087
09/05/2024 08:00:00;10011.234623257751;16597.981285798596
09/05/2024 08:30:00;12040.592954163436;17353.646218483213
09/05/2024 09:00:00;14069.95128506912;18109.311151167833
09/05/2024 09:30:00;15528.289398766;18518.05727342087
09/05/2024 10:00:00;16986.62751246288;18926.803395673902
09/05/2024 10:30:00;19113.218262558043;20539.847610419118
09/05/2024 11:00:00;21239.809012653204;22152.891825164334
09/05/2024 11:30:00;18164.15817631648;18899.50395202389
09/05/2024 12:00:00;15088.507339979747;15646.116078883455
09/05/2024 12:30:00;10718.105139004367;11134.084095977425
09/05/2024 13:00:00;6347.702938028987;6622.052113071398
09/05/2024 13:30:00;4811.436476930261;5048.0306281161465
09/05/2024 14:00:00;3275.1700158315357;3474.0091431608953
09/05/2024 14:30:00;2448.830911277669;2634.8132617524284
09/05/2024 15:00:00;1622.4918067238034;1795.617380343962
09/05/2024 15:30:00;1503.9482460338331;1775.0638971460812
09/05/2024 16:00:00;1385.4046853438629;1754.5104139482007
09/05/2024 16:30:00;753.5489546114859;1032.183426238794
09/05/2024 17:00:00;121.69322387910871;309.8564385293873
09/05/2024 17:30:00;60.84661193955436;242.49058174005208
09/05/2024 18:00:00;0.0;175.12472495071688
09/05/2024 18:30:00;0.0;166.36848870318101
09/05/2024 19:00:00;0.0;0.0
09/05/2024 19:30:00;0.0;0.0
09/05/2024 20:00:00;0.0;0.0
09/05/2024 20:30:00;0.0;0.0
09/05/2024 21:00:00;0.0;0.0
09/05/2024 21:30:00;0.0;0.0
09/05/2024 22:00:00;0.0;0.0
09/05/2024 22:30:00;0.0;0.0
09/05/2024 23:00:00;0.0;0.0
09/05/2024 23:30:00;0.0;0.0
10/05/2024 00:00:00;0.0;0.0
10/05/2024 00:30:00;0.0;0.0
10/05/2024 01:00:00;0.0;0.0
10/05/2024 01:30:00;0.0;0.0
10/05/2024 02:00:00;0.0;0.0
10/05/2024 02:30:00;0.0;0.0
10/05/2024 03:00:00;0.0;0.0
10/05/2024 03:30:00;0.0;0.0
10/05/2024 04:00:00;0.0;0.0
10/05/2024 04:30:00;0.0;821.5152253569929
10/05/2024 05:00:00;0.0;1643.0304507139858
10/05/2024 05:30:00;550.8213687281684;4484.15853283846
10/05/2024 06:00:00;1101.6427374563368;7325.286614962933
10/05/2024 06:30:00;3438.574725570012;11085.074404078805
10/05/2024 07:00:00;5775.506713683687;14844.862193194678
10/05/2024 07:30:00;8964.369927126954;17506.627666749842
10/05/2024 08:00:00;12153.233140570223;20168.39314030501
10/05/2024 08:30:00;11886.621346889753;17571.023046557304
10/05/2024 09:00:00;11620.009553209282;14973.6529528096
10/05/2024 09:30:00;15420.0783019706;18207.331678232793
10/05/2024 10:00:00;19220.147050731917;21441.010403655982
10/05/2024 10:30:00;25997.17490055433;27833.74534973409
10/05/2024 11:00:00;32774.20275037674;34226.4802958122
10/05/2024 11:30:00;32114.590390320824;33441.70291901257
10/05/2024 12:00:00;31454.978030264912;32656.925542212943
10/05/2024 12:30:00;29814.231899195547;31042.752266978754
10/05/2024 13:00:00;28173.485768126182;29428.57899174456
10/05/2024 13:30:00;18142.019253365983;19024.32449777659
10/05/2024 14:00:00;8110.552738605782;8620.070003808616
10/05/2024 14:30:00;7255.98043142816;7863.083523652056
10/05/2024 15:00:00;6401.408124250538;7106.097043495496
10/05/2024 15:30:00;5391.608390369335;6346.181381092567
10/05/2024 16:00:00;4381.808656488132;5586.265718689639
10/05/2024 16:30:00;2486.7598633281596;3555.875168505079
10/05/2024 17:00:00;591.7110701681876;1525.4846183205193
10/05/2024 17:30:00;295.8555350840938;939.88907041373
10/05/2024 18:00:00;0.0;354.29352250694063
10/05/2024 18:30:00;0.0;336.5788463815936
10/05/2024 19:00:00;0.0;0.0
10/05/2024 19:30:00;0.0;0.0
10/05/2024 20:00:00;0.0;0.0
10/05/2024 20:30:00;0.0;0.0
10/05/2024 21:00:00;0.0;0.0
10/05/2024 21:30:00;0.0;0.0
10/05/2024 22:00:00;0.0;0.0
10/05/2024 22:30:00;0.0;0.0
10/05/2024 23:00:00;0.0;0.0
10/05/2024 23:30:00;0.0;0.0
11/05/2024 00:00:00;0.0;0.0
11/05/2024 00:30:00;0.0;0.0
11/05/2024 01:00:00;0.0;0.0
11/05/2024 01:30:00;0.0;0.0
11/05/2024 02:00:00;0.0;0.0
11/05/2024 02:30:00;0.0;0.0
11/05/2024 03:00:00;0.0;0.0
11/05/2024 03:30:00;0.0;0.0
11/05/2024 04:00:00;0.0;0.0
11/05/2024 04:30:00;0.0;278.987042485932
11/05/2024 05:00:00;0.0;557.974084971864
11/05/2024 05:30:00;292.54789956294877;2221.5298831182317
11/05/2024 06:00:00;585.0957991258975;3885.085681264599
11/05/2024 06:30:00;2182.5434577204737;6803.1134192351665
11/05/2024 07:00:00;3779.99111631505;9721.141157205733
11/05/2024 07:30:00;6187.714597863964;12001.243534067287
11/05/2024 08:00:00;8595.438079412877;14281.345910928841
11/05/2024 08:30:00;9665.695312440625;14066.92424239486
11/05/2024 09:00:00;10735.952545468372;13852.502573860878
11/05/2024 09:30:00;8493.26153048743;10416.756167404425
11/05/2024 10:00:00;6250.570515506488;6981.009760947973
11/05/2024 10:30:00;12425.88728179743;13215.113349113119
11/05/2024 11:00:00;18601.204048088366;19449.216937278263
11/05/2024 11:30:00;14790.048707898923;15430.692058610966
11/05/2024 12:00:00;10978.893367709477;11412.16717994367
11/05/2024 12:30:00;10280.917464844586;10717.671426220288
11/05/2024 13:00:00;9582.941561979695;10023.175672496905
11/05/2024 13:30:00;8389.843819176935;8843.61061534338
11/05/2024 14:00:00;7196.746076374175;7664.045558189852
11/05/2024 14:30:00;7028.103228936745;7650.7552130536915
11/05/2024 15:00:00;6859.460381499315;7637.464867917532
11/05/2024 15:30:00;5199.6985739107295;6088.965435373467
11/05/2024 16:00:00;3539.936766322144;4540.466002829401
11/05/2024 16:30:00;2068.8113271345405;3049.797257940539
11/05/2024 17:00:00;597.6858879469372;1559.1285130516762
11/05/2024 17:30:00;298.8429439734686;969.2757914320007
11/05/2024 18:00:00;0.0;379.423069812325
11/05/2024 18:30:00;0.0;360.4519163217088
11/05/2024 19:00:00;0.0;0.0
11/05/2024 19:30:00;0.0;0.0
11/05/2024 20:00:00;0.0;0.0
11/05/2024 20:30:00;0.0;0.0
11/05/2024 21:00:00;0.0;0.0
11/05/2024 21:30:00;0.0;0.0
11/05/2024 22:00:00;0.0;0.0
11/05/2024 22:30:00;0.0;0.0
11/05/2024 23:00:00;0.0;0.0
11/05/2024 23:30:00;0.0;0.0
12/05/2024 00:00:00;0.0;0.0
12/05/2024 00:30:00;0.0;0.0
12/05/2024 01:00:00;0.0;0.0
12/05/2024 01:30:00;0.0;0.0
12/05/2024 02:00:00;0.0;0.0
12/05/2024 02:30:00;0.0;0.0
12/05/2024 03:00:00;0.0;0.0
12/05/2024 03:30:00;0.0;0.0
12/05/2024 04:00:00;0.0;0.0
12/05/2024 04:30:00;0.0;433.8391281180195
12/05/2024 05:00:00;0.0;867.678256236039
12/05/2024 05:30:00;462.5252172598094;3505.407837927816
12/05/2024 06:00:00;925.0504345196188;6143.137419619593
12/05/2024 06:30:00;2002.4078806910418;7034.865562564306
12/05/2024 07:00:00;3079.7653268624645;7926.593705509018
12/05/2024 07:30:00;5750.3973396504625;10966.23999389171
12/05/2024 08:00:00;8421.029352438462;14005.886282274403
12/05/2024 08:30:00;11742.949328729035;16734.12978155176
12/05/2024 09:00:00;15064.869305019609;19462.373280829113
12/05/2024 09:30:00;13248.41857871199;16122.260739034313
12/05/2024 10:00:00;11431.96785240437;12782.14819723951
12/05/2024 10:30:00;17047.417912135897;18253.5912994126
12/05/2024 11:00:00;22662.86797186743;23725.034401585694
12/05/2024 11:30:00;14465.41587204352;15124.131251104516
12/05/2024 12:00:00;6267.963772219614;6523.2281006233425
12/05/2024 12:30:00;11361.864712932967;11878.280108132889
12/05/2024 13:00:00;16455.765653646322;17233.33211564243
12/05/2024 13:30:00;17258.756301214304;18252.185571868224
12/05/2024 14:00:00;18061.74694878229;19271.039028094012
12/05/2024 14:30:00;13354.563273862464;14463.775503687015
12/05/2024 15:00:00;8647.37959894264;9656.51197928002
12/05/2024 15:30:00;6411.131132683702;7522.505118732109
12/05/2024 16:00:00;4174.8826664247645;5388.498258184198
12/05/2024 16:30:00;2328.21084600099;3329.8523775328445
12/05/2024 17:00:00;481.5390255772156;1271.2064968814911
12/05/2024 17:30:00;240.7695127886078;838.1275676150766
12/05/2024 18:00:00;0.0;405.04863834866205
12/05/2024 18:30:00;0.0;384.79620643122894
12/05/2024 19:00:00;0.0;0.0
12/05/2024 19:30:00;0.0;0.0
12/05/2024 20:00:00;0.0;0.0
12/05/2024 20:30:00;0.0;0.0
12/05/2024 21:00:00;0.0;0.0
12/05/2024 21:30:00;0.0;0.0
12/05/2024 22:00:00;0.0;0.0
12/05/2024 22:30:00;0.0;0.0
12/05/2024 23:00:00;0.0;0.0
12/05/2024 23:30:00;0.0;0.0
13/05/2024 00:00:00;0.0;0.0
13/05/2024 00:30:00;0.0;0.0
13/05/2024 01:00:00;0.0;0.0
13/05/2024 01:30:00;0.0;0.0
13/05/2024 02:00:00;0.0;0.0
13/05/2024 02:30:00;0.0;0.0
13/05/2024 03:00:00;0.0;0.0
13/05/2024 03:30:00;0.0;0.0
13/05/2024 04:00:00;0.0;0.0
13/05/2024 04:30:00;0.0;604.3107943289477
13/05/2024 05:00:00;0.0;1208.6215886578955
13/05/2024 05:30:00;206.8115859171194;1976.769389002622
13/05/2024 06:00:00;413.6231718342388;2744.917189347348
13/05/2024 06:30:00;996.768394081177;3407.1499585949505
13/05/2024 07:00:00;1579.9136163281153;4069.3827278425533
13/05/2024 07:30:00;2766.342029071268;5326.022954073564
13/05/2024 08:00:00;3952.7704418144203;6582.663180304575
13/05/2024 08:30:00;5044.075282377416;7259.6887289929655
13/05/2024 09:00:00;6135.3801229404135;7936.714277681356
13/05/2024 09:30:00;8329.858636826038;9859.061274739392
13/05/2024 10:00:00;10524.337150711664;11781.408271797425
13/05/2024 10:30:00;14958.299142638825;16053.238593053029
13/05/2024 11:00:00;19392.261134565986;20325.068914308635
13/05/2024 11:30:00;17374.04076580096;18162.372753380772
13/05/2024 12:00:00;15355.82039703594;15999.676592452912
13/05/2024 12:30:00;12334.414943534199;12882.28393494821
13/05/2024 13:00:00;9313.00949003246;9764.891277443507
13/05/2024 13:30:00;7251.318196388734;7656.214875119098
13/05/2024 14:00:00;5189.626902745006;5547.538472794689
13/05/2024 14:30:00;5171.040083794222;5658.666878406254
13/05/2024 15:00:00;5152.453264843438;5769.795284017818
13/05/2024 15:30:00;4245.501261219327;5051.702138192285
13/05/2024 16:00:00;3338.5492575952157;4333.608992366753
13/05/2024 16:30:00;1876.1438877447038;2719.0790945077188
13/05/2024 17:00:00;413.73851789419194;1104.549196648684
13/05/2024 17:30:00;206.86925894709597;670.7104472453193
13/05/2024 18:00:00;0.0;236.87169784195459
13/05/2024 18:30:00;0.0;118.43584892097729
13/05/2024 19:00:00;0.0;0.0
13/05/2024 19:30:00;0.0;1.7196657323407067
13/05/2024 20:00:00;0.0;0.0
13/05/2024 20:30:00;0.0;0.0
13/05/2024 21:00:00;0.0;0.0
13/05/2024 21:30:00;0.0;0.0
13/05/2024 22:00:00;0.0;0.0
13/05/2024 22:30:00;0.0;0.0
13/05/2024 23:00:00;0.0;0.0
13/05/2024 23:30:00;0.0;0.0
14/05/2024 00:00:00;0.0;0.0
14/05/2024 00:30:00;0.0;0.0
14/05/2024 01:00:00;0.0;0.0
14/05/2024 01:30:00;0.0;0.0
14/05/2024 02:00:00;0.0;0.0
14/05/2024 02:30:00;0.0;0.0
14/05/2024 03:00:00;0.0;0.0
14/05/2024 03:30:00;0.0;0.0
14/05/2024 04:00:00;0.0;30.95398318213272
14/05/2024 04:30:00;0.0;1208.9270913741675
14/05/2024 05:00:00;0.0;2386.900199566202
14/05/2024 05:30:00;446.3762366792612;4155.926659590204
14/05/2024 06:00:00;892.7524733585224;5924.953119614205
14/05/2024 06:30:00;2235.539478550984;7575.440529198628
14/05/2024 07:00:00;3578.326483743445;9225.92793878305
14/05/2024 07:30:00;6271.952212726066;12087.405009194545
14/05/2024 08:00:00;8965.577941708689;14948.882079606039
14/05/2024 08:30:00;12397.795851887922;17726.538079581813
14/05/2024 09:00:00;15830.013762067156;20504.19407955758
14/05/2024 09:30:00;20990.821579268802;24906.27308709527
14/05/2024 10:00:00;26151.62939647045;29308.35209463296
14/05/2024 10:30:00;29117.48457947337;31487.5665210441
14/05/2024 11:00:00;32083.339762476287;33666.78094745525
14/05/2024 11:30:00;31314.132624223657;32763.902920895147
14/05/2024 12:00:00;30544.925485971024;31861.02489433505
14/05/2024 12:30:00;27178.749711695826;28432.316698163235
14/05/2024 13:00:00;23812.573937420628;25003.608501991417
14/05/2024 13:30:00;18446.280313973573;19505.418204395362
14/05/2024 14:00:00;13079.986690526515;14007.227906799311
14/05/2024 14:30:00;12508.021495683106;13705.636396173812
14/05/2024 15:00:00;11936.056300839695;13404.04488554831
14/05/2024 15:30:00;6645.243450294445;7586.058813563999
14/05/2024 16:00:00;1354.4305997491963;1768.0727415796887
14/05/2024 16:30:00;983.154177483211;1709.8726221115744
14/05/2024 17:00:00;611.8777552172259;1651.6725026434603
14/05/2024 17:30:00;305.9388776086129;1032.5130527448819
14/05/2024 18:00:00;0.0;413.35360284630326
14/05/2024 18:30:00;0.0;206.67680142315163
14/05/2024 19:00:00;0.0;0.0
14/05/2024 19:30:00;0.0;1.71976704701889
14/05/2024 20:00:00;0.0;0.0
14/05/2024 20:30:00;0.0;0.0
14/05/2024 21:00:00;0.0;0.0
14/05/2024 21:30:00;0.0;0.0
14/05/2024 22:00:00;0.0;0.0
14/05/2024 22:30:00;0.0;0.0
14/05/2024 23:00:00;0.0;0.0
14/05/2024 23:30:00;0.0;0.0
15/05/2024 00:00:00;0.0;0.0
15/05/2024 00:30:00;0.0;0.0
15/05/2024 01:00:00;0.0;0.0
15/05/2024 01:30:00;0.0;0.0
15/05/2024 02:00:00;0.0;0.0
15/05/2024 02:30:00;0.0;0.0
15/05/2024 03:00:00;0.0;0.0
15/05/2024 03:30:00;0.0;0.0
15/05/2024 04:00:00;0.0;30.955806846340018
15/05/2024 04:30:00;0.0;837.0713221700025
15/05/2024 05:00:00;0.0;1643.186837493665
15/05/2024 05:30:00;204.10953362347692;2177.337058311754
15/05/2024 06:00:00;408.21906724695384;2711.4872791298426
15/05/2024 06:30:00;1255.849998178152;4069.3317126709303
15/05/2024 07:00:00;2103.4809291093497;5427.1761462120185
15/05/2024 07:30:00;3184.359828378614;6273.718269076914
15/05/2024 08:00:00;4265.2387276478785;7120.260391941811
15/05/2024 08:30:00;9909.960535191252;13646.804018529669
15/05/2024 09:00:00;15554.682342734626;20173.347645117527
15/05/2024 09:30:00;22651.78003558486;26775.265536634397
15/05/2024 10:00:00;29748.877728435094;33377.18342815127
15/05/2024 10:30:00;23971.73779148482;26246.0056090558
15/05/2024 11:00:00;18194.597854534535;19114.827789960327
15/05/2024 11:30:00;17538.971130273036;18372.611560711226
15/05/2024 12:00:00;16883.344406011533;17630.39533146213
15/05/2024 12:30:00;13252.022064631088;13874.112810103836
15/05/2024 13:00:00;9620.699723250644;10117.830288745543
15/05/2024 13:30:00;7124.297462002961;7541.333197897039
15/05/2024 14:00:00;4627.895200755277;4964.836107048533
15/05/2024 14:30:00;5905.579731021908;6526.592738472102
15/05/2024 15:00:00;7183.264261288539;8088.34936989567
15/05/2024 15:30:00;5067.121531804284;5981.104708754981
15/05/2024 16:00:00;2950.978802320028;3873.860047614292
15/05/2024 16:30:00;1654.6738197256652;2425.3610826688137
15/05/2024 17:00:00;358.36883713130254;976.8621177233349
15/05/2024 17:30:00;179.18441856565127;642.2314020725431
15/05/2024 18:00:00;0.0;307.6006864217514
15/05/2024 18:30:00;0.0;153.8003432108757
15/05/2024 19:00:00;0.0;0.0
15/05/2024 19:30:00;0.0;1.7198395979301464
15/05/2024 20:00:00;0.0;0.0
15/05/2024 20:30:00;0.0;0.0
15/05/2024 21:00:00;0.0;0.0
15/05/2024 21:30:00;0.0;0.0
15/05/2024 22:00:00;0.0;0.0
15/05/2024 22:30:00;0.0;0.0
15/05/2024 23:00:00;0.0;0.0
15/05/2024 23:30:00;0.0;0.0
16/05/2024 00:00:00;0.0;0.0
16/05/2024 00:30:00;0.0;0.0
16/05/2024 01:00:00;0.0;0.0
16/05/2024 01:30:00;0.0;0.0
16/05/2024 02:00:00;0.0;0.0
16/05/2024 02:30:00;0.0;0.0
16/05/2024 03:00:00;0.0;0.0
16/05/2024 03:30:00;0.0;0.0
16/05/2024 04:00:00;0.0;30.957112762742636
16/05/2024 04:30:00;0.0;837.1710775321465
16/05/2024 05:00:00;0.0;1643.3850423015504
16/05/2024 05:30:00;174.21614102103175;1978.9122635456106
16/05/2024 06:00:00;348.4322820420635;2314.4394847896706
16/05/2024 06:30:00;1704.5718056222588;5110.460843603075
16/05/2024 07:00:00;3060.711329202454;7906.482202416477
16/05/2024 07:30:00;2906.2087901632804;6252.767499931738
16/05/2024 08:00:00;2751.7062511241056;4599.052797447
16/05/2024 08:30:00;3350.1753275348956;4863.425137698914
16/05/2024 09:00:00;3948.6444039456856;5127.797477950829
16/05/2024 09:30:00;3785.474066161726;4598.289573881631
16/05/2024 10:00:00;3622.3037283777667;4068.781669812434
16/05/2024 10:30:00;3399.5335742630323;3705.026516218999
16/05/2024 11:00:00;3176.763420148297;3341.2713626255636
16/05/2024 11:30:00;4519.655816096342;4735.003278422576
16/05/2024 12:00:00;5862.548212044387;6128.735194219588
16/05/2024 12:30:00;5729.200678059412;6011.279631831979
16/05/2024 13:00:00;5595.853144074438;5893.82406944437
16/05/2024 13:30:00;4397.3253456773355;4665.758824459367
16/05/2024 14:00:00;3198.7975472802323;3437.693579474364
16/05/2024 14:30:00;2989.097275475368;3288.039194892148
16/05/2024 15:00:00;2779.3970036705036;3138.3848103099317
16/05/2024 15:30:00;1631.2844850771717;1888.0161548404133
16/05/2024 16:00:00;483.17196648383975;637.6474993708947
16/05/2024 16:30:00;285.7161568345822;440.14393041674595
16/05/2024 17:00:00;88.26034718532459;242.64036146259716
16/05/2024 17:30:00;44.130173592662295;165.66620859748974
16/05/2024 18:00:00;0.0;88.69205573238231
16/05/2024 18:30:00;0.0;44.34602786619116
16/05/2024 19:00:00;0.0;0.0
16/05/2024 19:30:00;0.0;3.4397733135451447
16/05/2024 20:00:00;0.0;0.0
16/05/2024 20:30:00;0.0;0.0
16/05/2024 21:00:00;0.0;0.0
16/05/2024 21:30:00;0.0;0.0
16/05/2024 22:00:00;0.0;0.0
16/05/2024 22:30:00;0.0;0.0
16/05/2024 23:00:00;0.0;0.0
16/05/2024 23:30:00;0.0;0.0
17/05/2024 00:00:00;0.0;0.0
17/05/2024 00:30:00;0.0;0.0
17/05/2024 01:00:00;0.0;0.0
17/05/2024 01:30:00;0.0;0.0
17/05/2024 02:00:00;0.0;0.0
17/05/2024 02:30:00;0.0;0.0
17/05/2024 03:00:00;0.0;0.0
17/05/2024 03:30:00;0.0;0.0
17/05/2024 04:00:00;0.0;61.91591964381261
17/05/2024 04:30:00;0.0;1100.8705013335575
17/05/2024 05:00:00;0.0;2139.8250830233023
17/05/2024 05:30:00;598.7524412076718;5050.500154330267
17/05/2024 06:00:00;1197.5048824153437;7961.17522563723
17/05/2024 06:30:00;3848.3250924362387;12382.68735526844
17/05/2024 07:00:00;6499.145302457134;16804.19948489965
17/05/2024 07:30:00;10494.275192314222;20524.2189866767
17/05/2024 08:00:00;14489.405082171312;24244.23848845375
17/05/2024 08:30:00;19260.08255003701;27746.30987338396
17/05/2024 09:00:00;24030.760017902703;31248.38125831417
17/05/2024 09:30:00;26698.586018393402;32135.28505640542
17/05/2024 10:00:00;29366.412018884097;33022.18885449668
17/05/2024 10:30:00;31151.71348202867;33852.09917608781
17/05/2024 11:00:00;32937.01494517325;34682.00949767895
17/05/2024 11:30:00;33909.362753768;35593.128824244544
17/05/2024 12:00:00;34881.71056236275;36504.24815081014
17/05/2024 12:30:00;31062.62846077071;32620.705862279337
17/05/2024 13:00:00;27243.54635917867;28737.16357374853
17/05/2024 13:30:00;23408.99855238209;24904.603554356865
17/05/2024 14:00:00;19574.45074558551;21072.043534965203
17/05/2024 14:30:00;15294.1772355998;16773.16792734556
17/05/2024 15:00:00;11013.903725614091;12474.292319725915
17/05/2024 15:30:00;7352.222920707798;8684.497722266173
17/05/2024 16:00:00;3690.5421158015056;4894.703124806431
17/05/2024 16:30:00;2133.201681705146;3245.999203217607
17/05/2024 17:00:00;575.8612476087858;1597.2952816287832
17/05/2024 17:30:00;287.9306238043929;1056.083407895455
17/05/2024 18:00:00;0.0;514.8715341621271
17/05/2024 18:30:00;0.0;257.43576708106355
17/05/2024 19:00:00;0.0;0.0
17/05/2024 19:30:00;0.0;3.4398032401798764
17/05/2024 20:00:00;0.0;0.0
17/05/2024 20:30:00;0.0;0.0
17/05/2024 21:00:00;0.0;0.0
17/05/2024 21:30:00;0.0;0.0
17/05/2024 22:00:00;0.0;0.0
17/05/2024 22:30:00;0.0;0.0
17/05/2024 23:00:00;0.0;0.0
17/05/2024 23:30:00;0.0;0.0
18/05/2024 00:00:00;0.0;0.0
18/05/2024 00:30:00;0.0;0.0
18/05/2024 01:00:00;0.0;0.0
18/05/2024 01:30:00;0.0;0.0
18/05/2024 02:00:00;0.0;0.0
18/05/2024 02:30:00;0.0;0.0
18/05/2024 03:00:00;0.0;0.0
18/05/2024 03:30:00;0.0;0.0
18/05/2024 04:00:00;0.0;61.91645832323778
18/05/2024 04:30:00;0.0;1193.8215275380655
18/05/2024 05:00:00;0.0;2325.7265967528933
18/05/2024 05:30:00;628.9969304134717;5348.658499317565
18/05/2024 06:00:00;1257.9938608269433;8371.590401882235
18/05/2024 06:30:00;3819.6889514841705;12447.496060881775
18/05/2024 07:00:00;6381.384042141398;16523.401719881313
18/05/2024 07:30:00;10380.527065755381;20308.760785975315
18/05/2024 08:00:00;14379.670089369361;24094.11985206932
18/05/2024 08:30:00;19046.41001084036;27485.038715489507
18/05/2024 09:00:00;23713.149932311368;30875.95757890969
18/05/2024 09:30:00;26219.583073462174;31607.2340241784
18/05/2024 10:00:00;28726.01621461298;32338.51046944711
18/05/2024 10:30:00;27181.64918434626;29681.54245112203
18/05/2024 11:00:00;25637.282154079534;27024.574432796955
18/05/2024 11:30:00;20139.205283970365;21181.474231300483
18/05/2024 12:00:00;14641.1284138612;15338.374029804016
18/05/2024 12:30:00;9647.263777605303;10127.060065648051
18/05/2024 13:00:00;4653.399141349409;4915.746101492086
18/05/2024 13:30:00;3661.0490277117456;3896.6150882292504
18/05/2024 14:00:00;2668.698914074083;2877.484074966415
18/05/2024 14:30:00;2779.252941738803;3079.919439883143
18/05/2024 15:00:00;2889.806969403524;3282.354804799871
18/05/2024 15:30:00;2755.7704414104455;3388.3557952227757
18/05/2024 16:00:00;2621.7339134173676;3494.3567856456802
18/05/2024 16:30:00;1371.9154851093226;1918.0042545127665
18/05/2024 17:00:00;122.09705680127742;341.6517233798527
18/05/2024 17:30:00;61.04852840063871;413.6105125196161
18/05/2024 18:00:00;0.0;485.56930165937956
18/05/2024 18:30:00;0.0;242.78465082968978
18/05/2024 19:00:00;0.0;0.0
18/05/2024 19:30:00;0.0;1.7198961715945746
18/05/2024 20:00:00;0.0;0.0
18/05/2024 20:30:00;0.0;0.0
18/05/2024 21:00:00;0.0;0.0
18/05/2024 21:30:00;0.0;0.0
18/05/2024 22:00:00;0.0;0.0
18/05/2024 22:30:00;0.0;0.0
18/05/2024 23:00:00;0.0;0.0
18/05/2024 23:30:00;0.0;0.0
19/05/2024 00:00:00;0.0;0.0
19/05/2024 00:30:00;0.0;0.0
19/05/2024 01:00:00;0.0;0.0
19/05/2024 01:30:00;0.0;0.0
19/05/2024 02:00:00;0.0;0.0
19/05/2024 02:30:00;0.0;0.0
19/05/2024 03:00:00;0.0;0.0
19/05/2024 03:30:00;0.0;0.0
19/05/2024 04:00:00;0.0;30.95813108870234
19/05/2024 04:30:00;0.0;1302.5991386585013
19/05/2024 05:00:00;0.0;2574.2401462283005
19/05/2024 05:30:00;591.9489831786802;5233.3214937703615
19/05/2024 06:00:00;1183.8979663573605;7892.4028413124215
19/05/2024 06:30:00;3783.7233919597784;12220.186222186714
19/05/2024 07:00:00;6383.548817562196;16547.969603061007
19/05/2024 07:30:00;10430.038764323846;20417.009097604514
19/05/2024 08:00:00;14476.528711085497;24286.048592148025
19/05/2024 08:30:00;18909.47050908125;27358.676975099745
19/05/2024 09:00:00;23342.412307076997;30431.30535805147
19/05/2024 09:30:00;20288.957340495464;24928.0101574843
19/05/2024 10:00:00;17235.50237391393;19424.71495691713
19/05/2024 10:30:00;15540.479525393419;17017.650683176213
19/05/2024 11:00:00;13845.45667687291;14610.586409435291
19/05/2024 11:30:00;12739.069288153034;13404.75618950262
19/05/2024 12:00:00;11632.681899433159;12198.925969569946
19/05/2024 12:30:00;11546.397722016114;12161.000739178697
19/05/2024 13:00:00;11460.11354459907;12123.075508787448
19/05/2024 13:30:00;8346.43171790961;8887.121238288006
19/05/2024 14:00:00;5232.749891220151;5651.166967788565
19/05/2024 14:30:00;4050.7064091332827;4459.400647153272
19/05/2024 15:00:00;2868.662927046414;3267.63432651798
19/05/2024 15:30:00;1808.256867326826;2134.637865149765
19/05/2024 16:00:00;747.8508076072382;1001.64140378155
19/05/2024 16:30:00;418.21925914593857;625.7027107048827
19/05/2024 17:00:00;88.58771068463898;249.76401762821544
19/05/2024 17:30:00;44.29385534231949;193.18673095010132
19/05/2024 18:00:00;0.0;136.6094442719872
19/05/2024 18:30:00;0.0;68.3047221359936
19/05/2024 19:00:00;0.0;0.0
19/05/2024 19:30:00;0.0;3.439734073263252
19/05/2024 20:00:00;0.0;0.0
19/05/2024 20:30:00;0.0;0.0
19/05/2024 21:00:00;0.0;0.0
19/05/2024 21:30:00;0.0;0.0
19/05/2024 22:00:00;0.0;0.0
19/05/2024 22:30:00;0.0;0.0
19/05/2024 23:00:00;0.0;0.0
19/05/2024 23:30:00;0.0;0.0
20/05/2024 00:00:00;0.0;0.0
20/05/2024 00:30:00;0.0;0.0
20/05/2024 01:00:00;0.0;0.0
20/05/2024 01:30:00;0.0;0.0
20/05/2024 02:00:00;0.0;0.0
20/05/2024 02:30:00;0.0;0.0
20/05/2024 03:00:00;0.0;0.0
20/05/2024 03:30:00;0.0;0.0
20/05/2024 04:00:00;0.0;61.91521331873854
20/05/2024 04:30:00;0.0;883.8700970729357
20/05/2024 05:00:00;0.0;1705.8249808271328
20/05/2024 05:30:00;506.7998684947288;4237.317587645621
20/05/2024 06:00:00;1013.5997369894576;6768.8101944641085
20/05/2024 06:30:00;2020.0906429446397;7312.749579367252
20/05/2024 07:00:00;3026.581548899822;7856.688964270396
20/05/2024 07:30:00;5565.798359042432;10735.933525473381
20/05/2024 08:00:00;8105.0151691850415;13615.178086676367
20/05/2024 08:30:00;7703.959135358723;11574.489348604051
20/05/2024 09:00:00;7302.9031015324035;9533.800610531734
20/05/2024 09:30:00;6582.114367815233;8073.432425970371
20/05/2024 10:00:00;5861.3256340980615;6613.064241409006
20/05/2024 10:30:00;10329.741547665082;11122.665982325128
20/05/2024 11:00:00;14798.157461232102;15632.26772324125
20/05/2024 11:30:00;14156.748492541905;14910.45794797854
20/05/2024 12:00:00;13515.33952385171;14188.648172715835
20/05/2024 12:30:00;12596.892289336141;13279.940173485662
20/05/2024 13:00:00;11678.445054820577;12371.23217425549
20/05/2024 13:30:00;7681.5148371275745;8178.314605594576
20/05/2024 14:00:00;3684.584619434573;3985.397036933662
20/05/2024 14:30:00;2864.8026222472954;3160.601497068528
20/05/2024 15:00:00;2045.0206250600177;2335.805957203394
20/05/2024 15:30:00;2127.394384041093;2654.1652651130266
20/05/2024 16:00:00;2209.7681430221683;2972.5245730226593
20/05/2024 16:30:00;1267.5983038285306;1948.193274804808
20/05/2024 17:00:00;325.42846463489315;923.8619765869565
20/05/2024 17:30:00;162.71423231744657;731.543456925744
20/05/2024 18:00:00;0.0;539.2249372645314
20/05/2024 18:30:00;0.0;269.6124686322657
20/05/2024 19:00:00;0.0;0.0
20/05/2024 19:30:00;0.0;3.4396548396634503
20/05/2024 20:00:00;0.0;0.0
20/05/2024 20:30:00;0.0;0.0
20/05/2024 21:00:00;0.0;0.0
20/05/2024 21:30:00;0.0;0.0
20/05/2024 22:00:00;0.0;0.0
20/05/2024 22:30:00;0.0;0.0
20/05/2024 23:00:00;0.0;0.0
20/05/2024 23:30:00;0.0;0.0
21/05/2024 00:00:00;0.0;0.0
21/05/2024 00:30:00;0.0;0.0
21/05/2024 01:00:00;0.0;0.0
21/05/2024 01:30:00;0.0;0.0
21/05/2024 02:00:00;0.0;0.0
21/05/2024 02:30:00;0.0;0.0
21/05/2024 03:00:00;0.0;0.0
21/05/2024 03:30:00;0.0;0.0
21/05/2024 04:00:00;0.0;61.91378711394211
21/05/2024 04:30:00;0.0;1163.0629061401446
21/05/2024 05:00:00;0.0;2264.2120251663473
21/05/2024 05:30:00;588.8101126907218;5071.022601578016
21/05/2024 06:00:00;1177.6202253814436;7877.833177989686
21/05/2024 06:30:00;3577.009171263749;11706.641354967776
21/05/2024 07:00:00;5976.398117146055;15535.449531945866
21/05/2024 07:30:00;9102.091901555183;18052.90601534546
21/05/2024 08:00:00;12227.785685964309;20570.36249874505
21/05/2024 08:30:00;16913.249825059273;24401.440006225643
21/05/2024 09:00:00;21598.713964154234;28232.51751370624
21/05/2024 09:30:00;26085.618664221318;31381.840701308935
21/05/2024 10:00:00;30572.523364288405;34531.16388891163
21/05/2024 10:30:00;33063.00948759008;36063.416724472605
21/05/2024 11:00:00;35553.49561089176;37595.66956003358
21/05/2024 11:30:00;34829.227103098536;36722.455935815895
21/05/2024 12:00:00;34104.9585953053;35849.24231159821
21/05/2024 12:30:00;31347.982294675334;33088.050260966425
21/05/2024 13:00:00;28591.005994045372;30326.858210334638
21/05/2024 13:30:00;24496.25712645607;26213.909260453773
21/05/2024 14:00:00;20401.50825886677;22100.960310572907
21/05/2024 14:30:00;15593.129630808853;17226.36866088471
21/05/2024 15:00:00;10784.751002750938;12351.777011196516
21/05/2024 15:30:00;7640.312899846557;9213.545376990414
21/05/2024 16:00:00;4495.8747969421765;6075.313742784313
21/05/2024 16:30:00;2546.817028248018;3891.4506226033354
21/05/2024 17:00:00;597.7592595538584;1707.587502422358
21/05/2024 17:30:00;298.8796297769292;1044.601687851815
21/05/2024 18:00:00;0.0;381.61587328127223
21/05/2024 18:30:00;0.0;190.80793664063611
21/05/2024 19:00:00;0.0;0.0
21/05/2024 19:30:00;0.0;5.159279858160735
21/05/2024 20:00:00;0.0;0.0
21/05/2024 20:30:00;0.0;0.0
21/05/2024 21:00:00;0.0;0.0
21/05/2024 21:30:00;0.0;0.0
21/05/2024 22:00:00;0.0;0.0
21/05/2024 22:30:00;0.0;0.0
21/05/2024 23:00:00;0.0;0.0
21/05/2024 23:30:00;0.0;0.0
22/05/2024 00:00:00;0.0;0.0
22/05/2024 00:30:00;0.0;0.0
22/05/2024 01:00:00;0.0;0.0
22/05/2024 01:30:00;0.0;0.0
22/05/2024 02:00:00;0.0;0.0
22/05/2024 02:30:00;0.0;0.0
22/05/2024 03:00:00;0.0;0.0
22/05/2024 03:30:00;0.0;0.0
22/05/2024 04:00:00;0.0;92.86703744689322
22/05/2024 04:30:00;0.0;1318.0688613579157
22/05/2024 05:00:00;0.0;2543.2706852689385
22/05/2024 05:30:00;614.3009693775936;5391.478127332252
22/05/2024 06:00:00;1228.6019387551871;8239.685569395566
22/05/2024 06:30:00;3703.982143463163;12162.64305385114
22/05/2024 07:00:00;6179.362348171139;16085.600538306717
22/05/2024 07:30:00;10058.289996378524;19782.54882723466
22/05/2024 08:00:00;13937.21764458591;23479.497116162605
22/05/2024 08:30:00;18459.21032874295;26779.09979806223
22/05/2024 09:00:00;22981.203012899983;30078.702479961863
22/05/2024 09:30:00;26982.639837242878;32557.08641542956
22/05/2024 10:00:00;30984.076661585776;35035.47035089726
22/05/2024 10:30:00;33187.03725732903;36248.13401804536
22/05/2024 11:00:00;35389.99785307229;37460.797685193465
22/05/2024 11:30:00;34273.27884597985;36178.59872764771
22/05/2024 12:00:00;33156.559838887406;34896.399770101954
22/05/2024 12:30:00;30557.704442912043;32295.478737913192
22/05/2024 13:00:00;27958.849046936677;29694.55770572443
22/05/2024 13:30:00;21591.59370855529;23108.415026230326
22/05/2024 14:00:00;15224.338370173902;16522.272346736223
22/05/2024 14:30:00;9378.102688669513;10288.812606054154
22/05/2024 15:00:00;3531.867007165122;4055.352865372086
22/05/2024 15:30:00;2067.4992769730816;2436.812254352968
22/05/2024 16:00:00;603.1315467810412;818.2716433338505
22/05/2024 16:30:00;620.5490844351558;1325.4813557358184
22/05/2024 17:00:00;637.9666220892705;1832.6910681377865
22/05/2024 17:30:00;318.98331104463523;980.4446040536828
22/05/2024 18:00:00;0.0;128.19813996957893
22/05/2024 18:30:00;0.0;64.09906998478947
22/05/2024 19:00:00;0.0;0.0
22/05/2024 19:30:00;0.0;8.618381127528469
22/05/2024 20:00:00;0.0;0.0
22/05/2024 20:30:00;0.0;0.0
22/05/2024 21:00:00;0.0;0.0
22/05/2024 21:30:00;0.0;0.0
22/05/2024 22:00:00;0.0;0.0
22/05/2024 22:30:00;0.0;0.0
22/05/2024 23:00:00;0.0;0.0
22/05/2024 23:30:00;0.0;0.0
23/05/2024 00:00:00;0.0;0.0
23/05/2024 00:30:00;0.0;0.0
23/05/2024 01:00:00;0.0;0.0
23/05/2024 01:30:00;0.0;0.0
23/05/2024 02:00:00;0.0;0.0
23/05/2024 02:30:00;0.0;0.0
23/05/2024 03:00:00;0.0;0.0
23/05/2024 03:30:00;0.0;0.0
23/05/2024 04:00:00;0.0;155.13086029551243
23/05/2024 04:30:00;0.0;1256.3494785195012
23/05/2024 05:00:00;0.0;2357.5680967434896
23/05/2024 05:30:00;511.34090978804704;4616.713918296174
23/05/2024 06:00:00;1022.6818195760941;6875.859739848856
23/05/2024 06:30:00;2887.432293971904;9632.671780634104
23/05/2024 07:00:00;4752.182768367714;12389.483821419351
23/05/2024 07:30:00;7069.144324353638;14111.90003915157
23/05/2024 08:00:00;9386.105880339563;15834.316256883787
23/05/2024 08:30:00;12555.090738021268;18220.577423036637
23/05/2024 09:00:00;15724.075595702976;20606.83858918948
23/05/2024 09:30:00;21399.287770183833;25630.884200865898
23/05/2024 10:00:00;27074.499944664687;30654.92981254231
23/05/2024 10:30:00;29894.45832055626;32659.37523786891
23/05/2024 11:00:00;32714.416696447835;34663.8206631955
23/05/2024 11:30:00;30265.86186173481;31987.907775944477
23/05/2024 12:00:00;27817.307027021794;29311.99488869345
23/05/2024 12:30:00;28455.882119312002;30126.227040504677
23/05/2024 13:00:00;29094.45721160221;30940.459192315902
23/05/2024 13:30:00;24946.444596643396;26775.72552888681
23/05/2024 14:00:00;20798.431981684582;22610.991865457723
23/05/2024 14:30:00;16436.266037064783;18254.178191813644
23/05/2024 15:00:00;12074.100092444989;13897.36451816956
23/05/2024 15:30:00;7983.962061897373;9601.431726535468
23/05/2024 16:00:00;3893.824031349756;5305.498934901375
23/05/2024 16:30:00;2278.5315605314245;3610.175561460336
23/05/2024 17:00:00;663.2390897130932;1914.8521880192973
23/05/2024 17:30:00;331.6195448565466;1244.77611280603
23/05/2024 18:00:00;0.0;574.7000375927629
23/05/2024 18:30:00;0.0;287.35001879638145
23/05/2024 19:00:00;0.0;0.0
23/05/2024 19:30:00;0.0;5.1587535553956245
23/05/2024 20:00:00;0.0;0.0
23/05/2024 20:30:00;0.0;0.0
23/05/2024 21:00:00;0.0;0.0
23/05/2024 21:30:00;0.0;0.0
23/05/2024 22:00:00;0.0;0.0
23/05/2024 22:30:00;0.0;0.0
23/05/2024 23:00:00;0.0;0.0
23/05/2024 23:30:00;0.0;0.0
24/05/2024 00:00:00;0.0;0.0
24/05/2024 00:30:00;0.0;0.0
24/05/2024 01:00:00;0.0;0.0
24/05/2024 01:30:00;0.0;0.0
24/05/2024 02:00:00;0.0;0.0
24/05/2024 02:30:00;0.0;0.0
24/05/2024 03:00:00;0.0;0.0
24/05/2024 03:30:00;0.0;0.0
24/05/2024 04:00:00;0.0;92.85756399712123
24/05/2024 04:30:00;0.0;1364.7200034719629
24/05/2024 05:00:00;0.0;2636.582442946805
24/05/2024 05:30:00;453.1891036825144;4372.803982645342
24/05/2024 06:00:00;906.3782073650289;6109.025522343878
24/05/2024 06:30:00;1821.2987636469406;6627.727352678085
24/05/2024 07:00:00;2736.2193199288527;7146.42918301229
24/05/2024 07:30:00;4783.79518238145;9343.370892249643
24/05/2024 08:00:00;6831.37104483405;11540.312601486996
24/05/2024 08:30:00;5937.420846921907;9079.035348716068
24/05/2024 09:00:00;5043.470649009764;6617.7580959451425
24/05/2024 09:30:00;6182.1554406953255;7458.698221313599
24/05/2024 10:00:00;7320.840232380887;8299.638346682055
24/05/2024 10:30:00;10134.702780336005;11017.217361187657
24/05/2024 11:00:00;12948.565328291126;13734.796375693257
24/05/2024 11:30:00;12506.902017167324;13231.333386692379
24/05/2024 12:00:00;12065.238706043521;12727.870397691502
24/05/2024 12:30:00;16132.783923538176;17117.934966344754
24/05/2024 13:00:00;20200.32914103283;21507.99953499801
24/05/2024 13:30:00;18131.790652265874;19500.31897038913
24/05/2024 14:00:00;16063.252163498919;17492.63840578025
24/05/2024 14:30:00;13907.701611166638;15525.72406070175
24/05/2024 15:00:00;11752.151058834357;13558.809715623249
24/05/2024 15:30:00;8312.079138235196;10111.960324329813
24/05/2024 16:00:00;4872.007217636037;6665.110933036379
24/05/2024 16:30:00;2775.423164974324;4317.8350448609335
24/05/2024 17:00:00;678.8391123126108;1970.559156685487
24/05/2024 17:30:00;339.4195561563054;1268.7104620334374
24/05/2024 18:00:00;0.0;566.8617673813874
24/05/2024 18:30:00;0.0;283.4308836906937
24/05/2024 19:00:00;0.0;0.0
24/05/2024 19:30:00;0.0;3.4389644269236483
24/05/2024 20:00:00;0.0;0.0
24/05/2024 20:30:00;0.0;0.0
24/05/2024 21:00:00;0.0;0.0
24/05/2024 21:30:00;0.0;0.0
24/05/2024 22:00:00;0.0;0.0
24/05/2024 22:30:00;0.0;0.0
24/05/2024 23:00:00;0.0;0.0
24/05/2024 23:30:00;0.0;0.0
25/05/2024 00:00:00;0.0;0.0
25/05/2024 00:30:00;0.0;0.0
25/05/2024 01:00:00;0.0;0.0
25/05/2024 01:30:00;0.0;0.0
25/05/2024 02:00:00;0.0;0.0
25/05/2024 02:30:00;0.0;0.0
25/05/2024 03:00:00;0.0;0.0
25/05/2024 03:30:00;0.0;0.0
25/05/2024 04:00:00;0.0;61.901359684625675
25/05/2024 04:30:00;0.0;294.64452228619325
25/05/2024 05:00:00;0.0;527.3876848877609
25/05/2024 05:30:00;632.5625858877424;4537.889023094466
25/05/2024 06:00:00;1265.125171775485;8548.390361301172
25/05/2024 06:30:00;3762.4011404034586;12463.21967348681
25/05/2024 07:00:00;6259.677109031432;16378.048985672447
25/05/2024 07:30:00;10187.7626491737;20129.795362765577
25/05/2024 08:00:00;14115.848189315966;23881.541739858705
25/05/2024 08:30:00;18679.002241671293;27209.986283734957
25/05/2024 09:00:00;23242.15629402662;30538.43082761121
25/05/2024 09:30:00;25277.704886238378;30771.563407603735
25/05/2024 10:00:00;27313.253478450133;31004.69598759626
25/05/2024 10:30:00;26821.681041041855;29484.355951643505
25/05/2024 11:00:00;26330.108603633573;27964.015915690758
25/05/2024 11:30:00;22469.201996624648;23808.2226027838
25/05/2024 12:00:00;18608.29538961572;19652.429289876844
25/05/2024 12:30:00;19514.77493849848;20710.13424789813
25/05/2024 13:00:00;20421.254487381248;21767.83920591942
25/05/2024 13:30:00;18828.399944576733;20283.329894986546
25/05/2024 14:00:00;17235.545401772222;18798.820584053665
25/05/2024 14:30:00;14085.536467046571;15722.241921157294
25/05/2024 15:00:00;10935.527532320923;12645.663258260924
25/05/2024 15:30:00;7799.090893107622;9524.918806907222
25/05/2024 16:00:00;4662.654253894322;6404.174355553521
25/05/2024 16:30:00;2672.7379562420856;4196.901918327679
25/05/2024 17:00:00;682.8216585898488;1989.6294811018363
25/05/2024 17:30:00;341.4108292949244;1321.8188301328469
25/05/2024 18:00:00;0.0;654.0081791638571
25/05/2024 18:30:00;0.0;327.00408958192855
25/05/2024 19:00:00;0.0;0.0
25/05/2024 19:30:00;0.0;10.336176672772769
25/05/2024 20:00:00;0.0;0.0
25/05/2024 20:30:00;0.0;0.0
25/05/2024 21:00:00;0.0;0.0
25/05/2024 21:30:00;0.0;0.0
25/05/2024 22:00:00;0.0;0.0
25/05/2024 22:30:00;0.0;0.0
25/05/2024 23:00:00;0.0;0.0
25/05/2024 23:30:00;0.0;0.0
26/05/2024 00:00:00;0.0;0.0
26/05/2024 00:30:00;0.0;0.0
26/05/2024 01:00:00;0.0;0.0
26/05/2024 01:30:00;0.0;0.0
26/05/2024 02:00:00;0.0;0.0
26/05/2024 02:30:00;0.0;0.0
26/05/2024 03:00:00;0.0;0.0
26/05/2024 03:30:00;0.0;0.0
26/05/2024 04:00:00;0.0;186.05118010990984
26/05/2024 04:30:00;0.0;998.0368272928171
26/05/2024 05:00:00;0.0;1810.0224744757245
26/05/2024 05:30:00;618.4805407793488;5097.928147483653
26/05/2024 06:00:00;1236.9610815586975;8385.833820491584
26/05/2024 06:30:00;3691.300813850295;12249.162335592493
26/05/2024 07:00:00;6145.640546141893;16112.490850693403
26/05/2024 07:30:00;10017.286483837595;19820.63467220561
26/05/2024 08:00:00;13888.932421533298;23528.778493717822
26/05/2024 08:30:00;18448.724456996784;26899.132598393197
26/05/2024 09:00:00;23008.516492460276;30269.48670306857
26/05/2024 09:30:00;26838.43494023094;32562.81882714087
26/05/2024 10:00:00;30668.35338800161;34856.15095121317
26/05/2024 10:30:00;32976.15216615011;36186.15514404049
26/05/2024 11:00:00;35283.95094429862;37516.1593368678
26/05/2024 11:30:00;35054.00411139514;37166.61445354033
26/05/2024 12:00:00;34824.05727849166;36817.06957021286
26/05/2024 12:30:00;32289.186603207796;34284.629168610016
26/05/2024 13:00:00;29754.31592792393;31752.188767007177
26/05/2024 13:30:00;25588.590238601217;27577.419221042037
26/05/2024 14:00:00;21422.864549278504;23402.649675076893
26/05/2024 14:30:00;16662.807399194313;18598.055988406584
26/05/2024 15:00:00;11902.750249110122;13793.462301736277
26/05/2024 15:30:00;8330.004588655655;10175.747065243382
26/05/2024 16:00:00;4757.258928201187;6558.031828750485
26/05/2024 16:30:00;2720.2859932566066;4278.252756674358
26/05/2024 17:00:00;683.3130583120259;1998.4736845982309
26/05/2024 17:30:00;341.65652915601294;1328.3441010782753
26/05/2024 18:00:00;0.0;658.2145175583196
26/05/2024 18:30:00;0.0;329.1072587791598
26/05/2024 19:00:00;0.0;0.0
26/05/2024 19:30:00;0.0;15.493057442656617
26/05/2024 20:00:00;0.0;0.0
26/05/2024 20:30:00;0.0;0.0
26/05/2024 21:00:00;0.0;0.0
26/05/2024 21:30:00;0.0;0.0
26/05/2024 22:00:00;0.0;0.0
26/05/2024 22:30:00;0.0;0.0
26/05/2024 23:00:00;0.0;0.0
26/05/2024 23:30:00;0.0;0.0
27/05/2024 00:00:00;0.0;0.0
27/05/2024 00:30:00;0.0;0.0
27/05/2024 01:00:00;0.0;0.0
27/05/2024 01:30:00;0.0;0.0
27/05/2024 02:00:00;0.0;0.0
27/05/2024 02:30:00;0.0;0.0
27/05/2024 03:00:00;0.0;0.0
27/05/2024 03:30:00;0.0;0.0
27/05/2024 04:00:00;0.0;278.8750339678191
27/05/2024 04:30:00;0.0;1036.3361628000935
27/05/2024 05:00:00;0.0;1793.797291632368
27/05/2024 05:30:00;623.9117652110749;5140.61226326609
27/05/2024 06:00:00;1247.8235304221498;8487.427234899811
27/05/2024 06:30:00;3721.6693760972066;12381.770070396244
27/05/2024 07:00:00;6195.515221772263;16276.112905892674
27/05/2024 07:30:00;10101.357721709914;20019.741916751093
27/05/2024 08:00:00;14007.200221647565;23763.370927609507
27/05/2024 08:30:00;18542.50055163602;27081.652115210614
27/05/2024 09:00:00;23077.800881624476;30399.933302811718
27/05/2024 09:30:00;26931.896961763272;32715.899433066737
27/05/2024 10:00:00;30785.993041902067;35031.86556332176
27/05/2024 10:30:00;33079.31941951706;36342.859232968476
27/05/2024 11:00:00;35372.64579713204;37653.85290261519
27/05/2024 11:30:00;34969.03375847581;37118.126513555595
27/05/2024 12:00:00;34565.42171981957;36582.400124495995
27/05/2024 12:30:00;31977.210511515987;33989.72822082876
27/05/2024 13:00:00;29388.999303212408;31397.056317161525
27/05/2024 13:30:00;25335.080838891838;27339.416709273468
27/05/2024 14:00:00;21281.162374571268;23281.777101385407
27/05/2024 14:30:00;16598.085914155537;18559.022334325582
27/05/2024 15:00:00;11915.009453739813;13836.267567265755
27/05/2024 15:30:00;8312.657360002013;10176.62158775993
27/05/2024 16:00:00;4710.305266264211;6516.975608254105
27/05/2024 16:30:00;2702.5505546834916;4277.739716957504
27/05/2024 17:00:00;694.7958431027712;2038.5038256609037
27/05/2024 17:30:00;347.3979215513856;1356.4179085116427
27/05/2024 18:00:00;0.0;674.3319913623817
27/05/2024 18:30:00;0.0;337.16599568119085
27/05/2024 19:00:00;0.0;0.0
27/05/2024 19:30:00;0.0;10.334607744194367
27/05/2024 20:00:00;0.0;0.0
27/05/2024 20:30:00;0.0;0.0
27/05/2024 21:00:00;0.0;0.0
27/05/2024 21:30:00;0.0;0.0
27/05/2024 22:00:00;0.0;0.0
27/05/2024 22:30:00;0.0;0.0
27/05/2024 23:00:00;0.0;0.0
27/05/2024 23:30:00;0.0;0.0
28/05/2024 00:00:00;0.0;0.0
28/05/2024 00:30:00;0.0;0.0
28/05/2024 01:00:00;0.0;0.0
28/05/2024 01:30:00;0.0;0.0
28/05/2024 02:00:00;0.0;0.0
28/05/2024 02:30:00;0.0;0.0
28/05/2024 03:00:00;0.0;0.0
28/05/2024 03:30:00;0.0;0.0
28/05/2024 04:00:00;0.0;186.0229393954986
28/05/2024 04:30:00;0.0;1199.393943057596
28/05/2024 05:00:00;0.0;2212.7649467196934
28/05/2024 05:30:00;619.8723230291191;5340.029920576005
28/05/2024 06:00:00;1239.7446460582382;8467.294894432316
28/05/2024 06:30:00;3675.7381996814283;12277.812124277953
28/05/2024 07:00:00;6111.731753304618;16088.329354123587
28/05/2024 07:30:00;10032.791852836855;19899.09058153861
28/05/2024 08:00:00;13953.851952369094;23709.851808953634
28/05/2024 08:30:00;18520.558443141395;27079.3315032073
28/05/2024 09:00:00;23087.2649339137;30448.811197460967
28/05/2024 09:30:00;27013.92480311245;32849.450617851944
28/05/2024 10:00:00;30940.5846723112;35250.09003824293
28/05/2024 10:30:00;33162.07605795842;36478.091774233464
28/05/2024 11:00:00;35383.56744360563;37706.09351022399
28/05/2024 11:30:00;34983.253975027976;37171.681012541456
28/05/2024 12:00:00;34582.940506450315;36637.268514858915
28/05/2024 12:30:00;32086.931393079853;34141.294026329306
28/05/2024 13:00:00;29590.922279709383;31645.319537799693
28/05/2024 13:30:00;25522.504399693073;27575.220722322694
28/05/2024 14:00:00;21454.08651967676;23505.1219068457
28/05/2024 14:30:00;16741.929769117;18750.220478135197
28/05/2024 15:00:00;12029.77301855724;13995.31904942469
28/05/2024 15:30:00;8411.657229510001;10324.733218130586
28/05/2024 16:00:00;4793.541440462761;6654.147386836484
28/05/2024 16:30:00;2750.985855752355;4368.9794931070255
28/05/2024 17:00:00;708.4302710419486;2083.811599377567
28/05/2024 17:30:00;354.2151355209743;1392.9799588589674
28/05/2024 18:00:00;0.0;702.1483183403675
28/05/2024 18:30:00;0.0;351.07415917018375
28/05/2024 19:00:00;0.0;0.0
28/05/2024 19:30:00;0.0;17.22949536997723
28/05/2024 20:00:00;0.0;0.0
28/05/2024 20:30:00;0.0;0.0
28/05/2024 21:00:00;0.0;0.0
28/05/2024 21:30:00;0.0;0.0
28/05/2024 22:00:00;0.0;0.0
28/05/2024 22:30:00;0.0;0.0
28/05/2024 23:00:00;0.0;0.0
28/05/2024 23:30:00;0.0;0.0
29/05/2024 00:00:00;0.0;0.0
29/05/2024 00:30:00;0.0;0.0
29/05/2024 01:00:00;0.0;0.0
29/05/2024 01:30:00;0.0;0.0
29/05/2024 02:00:00;0.0;0.0
29/05/2024 02:30:00;0.0;0.0
29/05/2024 03:00:00;0.0;0.0
29/05/2024 03:30:00;0.0;0.0
29/05/2024 04:00:00;0.0;310.1309166595902
29/05/2024 04:30:00;0.0;1002.2425143366447
29/05/2024 05:00:00;0.0;1694.3541120136993
29/05/2024 05:30:00;631.2533980304785;5172.952503419268
29/05/2024 06:00:00;1262.506796060957;8651.550894824837
29/05/2024 06:30:00;3738.427252373789;12519.081829768764
29/05/2024 07:00:00;6214.3477086866205;16386.61276471269
29/05/2024 07:30:00;10174.688977353304;20219.006308590266
29/05/2024 08:00:00;14135.030246019987;24051.399852467843
29/05/2024 08:30:00;18707.34451674629;27395.93817052212
29/05/2024 09:00:00;23279.65878747259;30740.47648857639
29/05/2024 09:30:00;27152.593818392186;33063.99075472437
29/05/2024 10:00:00;31025.528849311784;35387.50502087235
29/05/2024 10:30:00;33172.93281486785;36532.55637466882
29/05/2024 11:00:00;35320.33678042391;37677.60772846529
29/05/2024 11:30:00;35098.56427764479;37331.30348236402
29/05/2024 12:00:00;34876.791774865684;36984.99923626276
29/05/2024 12:30:00;32284.116973166278;34384.876160336185
29/05/2024 13:00:00;29691.44217146687;31784.75308440961
29/05/2024 13:30:00;25506.257696872523;27587.801912211326
29/05/2024 14:00:00;21321.07322227818;23390.850740013037
29/05/2024 14:30:00;16712.04449730767;18749.398176901075
29/05/2024 15:00:00;12103.015772337161;14107.945613789114
29/05/2024 15:30:00;8478.832977429603;10433.561233934937
29/05/2024 16:00:00;4854.650182522046;6759.176854080762
29/05/2024 16:30:00;2787.0984089968356;4440.5868797531575
29/05/2024 17:00:00;719.5466354716247;2121.996905425554
29/05/2024 17:30:00;359.7733177358123;1395.853341702927
29/05/2024 18:00:00;0.0;669.7097779803001
29/05/2024 18:30:00;0.0;334.8548889901501
29/05/2024 19:00:00;0.0;0.0
29/05/2024 19:30:00;0.0;36.15500140536169
29/05/2024 20:00:00;0.0;0.0
29/05/2024 20:30:00;0.0;0.0
29/05/2024 21:00:00;0.0;0.0
29/05/2024 21:30:00;0.0;0.0
29/05/2024 22:00:00;0.0;0.0
29/05/2024 22:30:00;0.0;0.0
29/05/2024 23:00:00;0.0;0.0
29/05/2024 23:30:00;0.0;0.0
30/05/2024 00:00:00;0.0;0.0
30/05/2024 00:30:00;0.0;0.0
30/05/2024 01:00:00;0.0;0.0
30/05/2024 01:30:00;0.0;0.0
30/05/2024 02:00:00;0.0;0.0
30/05/2024 02:30:00;0.0;0.0
30/05/2024 03:00:00;0.0;0.0
30/05/2024 03:30:00;0.0;0.0
30/05/2024 04:00:00;0.0;650.7900252965103
30/05/2024 04:30:00;0.0;1607.184296098238
30/05/2024 05:00:00;0.0;2563.578566899965
30/05/2024 05:30:00;623.4164264766846;5571.69968723047
30/05/2024 06:00:00;1246.8328529533692;8579.820807560976
30/05/2024 06:30:00;3719.779786506808;12473.264240696815
30/05/2024 07:00:00;6192.726720060247;16366.707673832658
30/05/2024 07:30:00;9947.2841198827;19858.287490424755
30/05/2024 08:00:00;13701.841519705156;23349.867307016848
30/05/2024 08:30:00;16558.75216692909;24510.33204555899
30/05/2024 09:00:00;19415.66281415303;25670.79678410113
30/05/2024 09:30:00;24473.07012279298;29695.81770952942
30/05/2024 10:00:00;29530.477431432922;33720.838634957705
30/05/2024 10:30:00;32185.310523205262;35462.581854055745
30/05/2024 11:00:00;34840.143614977605;37204.325073153785
30/05/2024 11:30:00;34546.154209032786;36780.13234670354
30/05/2024 12:00:00;34252.164803087966;36355.9396202533
30/05/2024 12:30:00;31885.147386141824;33993.09710401254
30/05/2024 13:00:00;29518.12996919568;31630.254587771786
30/05/2024 13:30:00;25465.854595436493;27576.430601568096
30/05/2024 14:00:00;21413.579221677308;23522.606615364406
30/05/2024 14:30:00;16755.889775685544;18824.61094280604
30/05/2024 15:00:00;12098.20032969378;14126.615270247677
30/05/2024 15:30:00;7975.327689574469;9753.215649642241
30/05/2024 16:00:00;3852.4550494551586;5379.816029036806
30/05/2024 16:30:00;2292.5989952150753;3772.5100844591298
30/05/2024 17:00:00;732.7429409749924;2165.2041398814545
30/05/2024 17:30:00;366.3714704874962;1345.6996803648863
30/05/2024 18:00:00;0.0;526.1952208483177
30/05/2024 18:30:00;0.0;263.09761042415886
30/05/2024 19:00:00;0.0;0.0
30/05/2024 19:30:00;0.0;39.60910337654959
30/05/2024 20:00:00;0.0;0.0
30/05/2024 20:30:00;0.0;0.0
30/05/2024 21:00:00;0.0;0.0
30/05/2024 21:30:00;0.0;0.0
30/05/2024 22:00:00;0.0;0.0
30/05/2024 22:30:00;0.0;0.0
30/05/2024 23:00:00;0.0;0.0
30/05/2024 23:30:00;0.0;0.0
31/05/2024 00:00:00;0.0;0.0
31/05/2024 00:30:00;0.0;0.0
31/05/2024 01:00:00;0.0;0.0
31/05/2024 01:30:00;0.0;0.0
31/05/2024 02:00:00;0.0;0.0
31/05/2024 02:30:00;0.0;0.0
31/05/2024 03:00:00;0.0;0.0
31/05/2024 03:30:00;0.0;0.0
31/05/2024 04:00:00;0.0;712.9638607778926
31/05/2024 04:30:00;0.0;1161.8442763788112
31/05/2024 05:00:00;0.0;1610.7246919797299
31/05/2024 05:30:00;626.7663484958236;5136.606441780751
31/05/2024 06:00:00;1253.5326969916473;8662.488191581771
31/05/2024 06:30:00;3762.085489952748;12633.972675016172
31/05/2024 07:00:00;6270.638282913848;16605.457158450572
31/05/2024 07:30:00;10171.37346250398;20309.552201898485
31/05/2024 08:00:00;14072.108642094112;24013.647245346398
31/05/2024 08:30:00;18631.34426653872;27355.84749222601
31/05/2024 09:00:00;23190.57989098332;30698.047739105623
31/05/2024 09:30:00;27056.075867248528;33023.129928930866
31/05/2024 10:00:00;30921.57184351373;35348.212118756106
31/05/2024 10:30:00;32953.144925461274;36371.637288529106
31/05/2024 11:00:00;34984.71800740882;37395.0624583021
31/05/2024 11:30:00;34693.83673174978;36971.163332475386
31/05/2024 12:00:00;34402.955456090735;36547.26420664867
31/05/2024 12:30:00;31857.876105783034;33992.477719606904
31/05/2024 13:00:00;29312.79675547533;31437.69123256512
31/05/2024 13:30:00;25243.098604385315;27362.568288236755
31/05/2024 14:00:00;21173.400453295297;23287.44534390839
31/05/2024 14:30:00;16513.576153534043;18575.847107224374
31/05/2024 15:00:00;11853.751853772785;13864.248870540354
31/05/2024 15:30:00;7762.596268993447;9502.48180647935
31/05/2024 16:00:00;3671.440684214108;5140.714742418346
31/05/2024 16:30:00;2168.217323453296;3554.3176844780296
31/05/2024 17:00:00;664.9939626924836;1967.9206265377145
31/05/2024 17:30:00;332.4969813462418;1352.8369103874372
31/05/2024 18:00:00;0.0;737.7531942371603
31/05/2024 18:30:00;0.0;368.87659711858015
31/05/2024 19:00:00;0.0;0.0
31/05/2024 19:30:00;0.0;37.86753236112971
31/05/2024 20:00:00;0.0;0.0
31/05/2024 20:30:00;0.0;0.0
31/05/2024 21:00:00;0.0;0.0
31/05/2024 21:30:00;0.0;0.0
31/05/2024 22:00:00;0.0;0.0
31/05/2024 22:30:00;0.0;0.0
31/05/2024 23:00:00;0.0;0.0
31/05/2024 23:30:00;0.0;0.0
01/06/2024 00:00:00;0.0;0.0
01/06/2024 00:30:00;0.0;0.0
01/06/2024 01:00:00;0.0;0.0
01/06/2024 01:30:00;0.0;0.0
01/06/2024 02:00:00;0.0;0.0
01/06/2024 02:30:00;0.0;0.0
01/06/2024 03:00:00;0.0;0.0
01/06/2024 03:30:00;0.0;0.0
01/06/2024 04:00:00;0.0;681.6155825003349
01/06/2024 04:30:00;0.0;1222.2627276121912
01/06/2024 05:00:00;0.0;1762.9098727240473
01/06/2024 05:30:00;620.7362652572752;5189.210691727917
01/06/2024 06:00:00;1241.4725305145505;8615.511510731787
01/06/2024 06:30:00;3729.5438187904765;12558.858824317955
01/06/2024 07:00:00;6217.615107066404;16502.206137904126
01/06/2024 07:30:00;10098.512305808703;20196.629987030436
01/06/2024 08:00:00;13979.409504551004;23891.05383615675
01/06/2024 08:30:00;18505.557660959807;27208.0062388156
01/06/2024 09:00:00;23031.705817368605;30524.958641474455
01/06/2024 09:30:00;26882.02575226994;32847.7115599802
01/06/2024 10:00:00;30732.345687171277;35170.46447848594
01/06/2024 10:30:00;32854.769145391954;36297.209998358936
01/06/2024 11:00:00;34977.19260361264;37423.95551823194
01/06/2024 11:30:00;34690.65568797279;37001.88915805408
01/06/2024 12:00:00;34404.11877233294;36579.822797876215
01/06/2024 12:30:00;31793.175762590046;33952.89305204187
01/06/2024 13:00:00;29182.23275284715;31325.963306207534
01/06/2024 13:30:00;25031.093784000102;27158.22657323666
01/06/2024 14:00:00;20879.954815153054;22990.48984026579
01/06/2024 14:30:00;16253.430098282337;18305.25867849792
01/06/2024 15:00:00;11626.905381411621;13620.027516730052
01/06/2024 15:30:00;8227.822679456753;10198.571710124208
01/06/2024 16:00:00;4828.739977501881;6777.115903518365
01/06/2024 16:30:00;2782.5571609216386;4478.604316269679
01/06/2024 17:00:00;736.3743443413955;2180.0927290209925
01/06/2024 17:30:00;368.18717217069775;1472.997457410433
01/06/2024 18:00:00;0.0;765.9021857998736
01/06/2024 18:30:00;0.0;382.9510928999368
01/06/2024 19:00:00;0.0;0.0
01/06/2024 19:30:00;0.0;37.86870177763445
01/06/2024 20:00:00;0.0;0.0
01/06/2024 20:30:00;0.0;0.0
01/06/2024 21:00:00;0.0;0.0
01/06/2024 21:30:00;0.0;0.0
01/06/2024 22:00:00;0.0;0.0
01/06/2024 22:30:00;0.0;0.0
01/06/2024 23:00:00;0.0;0.0
01/06/2024 23:30:00;0.0;0.0
02/06/2024 00:00:00;0.0;0.0
02/06/2024 00:30:00;0.0;0.0
02/06/2024 01:00:00;0.0;0.0
02/06/2024 01:30:00;0.0;0.0
02/06/2024 02:00:00;0.0;0.0
02/06/2024 02:30:00;0.0;0.0
02/06/2024 03:00:00;0.0;0.0
02/06/2024 03:30:00;0.0;0.0
02/06/2024 04:00:00;0.0;681.63663199742
02/06/2024 04:30:00;0.0;1291.5161639205298
02/06/2024 05:00:00;0.0;1901.3956958436395
02/06/2024 05:30:00;617.4799500930843;5254.018388415239
02/06/2024 06:00:00;1234.9599001861686;8606.64108098684
02/06/2024 06:30:00;3723.495723419319;12565.574735615895
02/06/2024 07:00:00;6212.031546652469;16524.508390244955
02/06/2024 07:30:00;10162.532845643873;20341.48289921726
02/06/2024 08:00:00;14113.034144635278;24158.457408189566
02/06/2024 08:30:00;18639.18074960391;27450.022739444063
02/06/2024 09:00:00;23165.327354572542;30741.58807069856
02/06/2024 09:30:00;27031.939352072462;33070.480935095446
02/06/2024 10:00:00;30898.551349572386;35399.37379949233
02/06/2024 10:30:00;32760.278483426264;36238.55595784949
02/06/2024 11:00:00;34622.00561728014;37077.738116206645
02/06/2024 11:30:00;34436.987880575645;36762.12189334836
02/06/2024 12:00:00;34251.97014387115;36446.505670490085
02/06/2024 12:30:00;31653.08526997444;33830.42104984199
02/06/2024 13:00:00;29054.200396077733;31214.336429193907
02/06/2024 13:30:00;25089.030105409634;27250.348702260097
02/06/2024 14:00:00;21123.859814741536;23286.36097532629
02/06/2024 14:30:00;16678.008097383867;18818.769500148235
02/06/2024 15:00:00;12232.156380026201;14351.178024970182
02/06/2024 15:30:00;8574.253606827127;10633.705739782667
02/06/2024 16:00:00;4916.350833628056;6916.233454595153
02/06/2024 16:30:00;2832.088827628801;4565.571983761424
02/06/2024 17:00:00;747.8268216295455;2214.9105129276954
02/06/2024 17:30:00;373.91341081477276;1454.8008942717727
02/06/2024 18:00:00;0.0;694.6912756158503
02/06/2024 18:30:00;0.0;347.34563780792513
02/06/2024 19:00:00;0.0;0.0
02/06/2024 19:30:00;0.0;41.32659430749421
02/06/2024 20:00:00;0.0;0.0
02/06/2024 20:30:00;0.0;0.0
02/06/2024 21:00:00;0.0;0.0
02/06/2024 21:30:00;0.0;0.0
02/06/2024 22:00:00;0.0;0.0
02/06/2024 22:30:00;0.0;0.0
02/06/2024 23:00:00;0.0;0.0
02/06/2024 23:30:00;0.0;0.0
03/06/2024 00:00:00;0.0;0.0
03/06/2024 00:30:00;0.0;0.0
03/06/2024 01:00:00;0.0;0.0
03/06/2024 01:30:00;0.0;0.0
03/06/2024 02:00:00;0.0;0.0
03/06/2024 02:30:00;0.0;0.0
03/06/2024 03:00:00;0.0;0.0
03/06/2024 03:30:00;0.0;0.0
03/06/2024 04:00:00;0.0;743.8786975348958
03/06/2024 04:30:00;0.0;1204.0065212883246
03/06/2024 05:00:00;0.0;1664.1343450417535
03/06/2024 05:30:00;617.640434142721;5155.06420081676
03/06/2024 06:00:00;1235.280868285442;8645.994056591766
03/06/2024 06:30:00;3704.3246376460183;12552.291658305548
03/06/2024 07:00:00;6173.368407006596;16458.58926001933
03/06/2024 07:30:00;10097.955725989486;20248.63709516441
03/06/2024 08:00:00;14022.543044972375;24038.684930309497
03/06/2024 08:30:00;18459.002864944334;27230.445726986192
03/06/2024 09:00:00;22895.46268491629;30422.20652366289
03/06/2024 09:30:00;26734.339473425265;32744.504579283886
03/06/2024 10:00:00;30573.21626193424;35066.80263490488
03/06/2024 10:30:00;32405.313339097494;35882.249024170385
03/06/2024 11:00:00;34237.41041626074;36697.6954134359
03/06/2024 11:30:00;34075.56427689999;36406.37831171603
03/06/2024 12:00:00;33913.71813753923;36115.06120999617
03/06/2024 12:30:00;31423.08179136919;33610.96890098365
03/06/2024 13:00:00;28932.445445199155;31106.876591971126
03/06/2024 13:30:00;24941.588932661958;27112.26612938087
03/06/2024 14:00:00;20950.73242012476;23117.65566679062
03/06/2024 14:30:00;16508.89322652379;18646.595807893158
03/06/2024 15:00:00;12067.054032922812;14175.535948995699
03/06/2024 15:30:00;8506.745126004238;10574.14071901357
03/06/2024 16:00:00;4946.436219085662;6972.745489031444
03/06/2024 16:30:00;2851.3428404310393;4606.236338073817
03/06/2024 17:00:00;756.2494617764172;2239.72718711619
03/06/2024 17:30:00;378.1247308882086;1462.3595725552354
03/06/2024 18:00:00;0.0;684.9919579942814
03/06/2024 18:30:00;0.0;342.4959789971407
03/06/2024 19:00:00;0.0;0.0
03/06/2024 19:30:00;0.0;27.538192697246778
03/06/2024 20:00:00;0.0;0.0
03/06/2024 20:30:00;0.0;0.0
03/06/2024 21:00:00;0.0;0.0
03/06/2024 21:30:00;0.0;0.0
03/06/2024 22:00:00;0.0;0.0
03/06/2024 22:30:00;0.0;0.0
03/06/2024 23:00:00;0.0;0.0
03/06/2024 23:30:00;0.0;0.0
04/06/2024 00:00:00;0.0;0.0
04/06/2024 00:30:00;0.0;0.0
04/06/2024 01:00:00;0.0;0.0
04/06/2024 01:30:00;0.0;0.0
04/06/2024 02:00:00;0.0;0.0
04/06/2024 02:30:00;0.0;0.0
04/06/2024 03:00:00;0.0;0.0
04/06/2024 03:30:00;0.0;0.0
04/06/2024 04:00:00;0.0;495.687468550442
04/06/2024 04:30:00;0.0;1736.2789916623367
04/06/2024 05:00:00;0.0;2976.870514774231
04/06/2024 05:30:00;587.0396874518434;5618.561970186691
04/06/2024 06:00:00;1174.0793749036868;8260.25342559915
04/06/2024 06:30:00;3594.5152538221237;12166.25612193417
04/06/2024 07:00:00;6014.951132740561;16072.258818269187
04/06/2024 07:30:00;9149.995725274854;18583.684574759245
04/06/2024 08:00:00;12285.040317809147;21095.110331249307
04/06/2024 08:30:00;16884.35018993607;24839.51992801303
04/06/2024 09:00:00;21483.66006206299;28583.92952477675
04/06/2024 09:30:00;25834.74051289962;31620.887405749665
04/06/2024 10:00:00;30185.820963736256;34657.84528672258
04/06/2024 10:30:00;32118.677715684185;35592.90624677046
04/06/2024 11:00:00;34051.53446763212;36527.967206818335
04/06/2024 11:30:00;33798.01956491273;36137.66875039817
04/06/2024 12:00:00;33544.504662193336;35747.37029397799
04/06/2024 12:30:00;31093.003715190487;33281.92894684931
04/06/2024 13:00:00;28641.502768187638;30816.487599720633
04/06/2024 13:30:00;24752.469546131426;26929.921514229005
04/06/2024 14:00:00;20863.436324075217;23043.355428737377
04/06/2024 14:30:00;16449.572972142614;18600.019612281674
04/06/2024 15:00:00;12035.709620210013;14156.683795825978
04/06/2024 15:30:00;8138.100032827801;10072.342932304487
04/06/2024 16:00:00;4240.49044544559;5988.002068782998
04/06/2024 16:30:00;2501.3091439106893;4123.118141264262
04/06/2024 17:00:00;762.1278423757884;2258.234213745526
04/06/2024 17:30:00;381.0639211878942;1472.905031119689
04/06/2024 18:00:00;0.0;687.5758484938523
04/06/2024 18:30:00;0.0;343.78792424692614
04/06/2024 19:00:00;0.0;0.0
04/06/2024 19:30:00;0.0;43.04613530158501
04/06/2024 20:00:00;0.0;0.0
04/06/2024 20:30:00;0.0;0.0
04/06/2024 21:00:00;0.0;0.0
04/06/2024 21:30:00;0.0;0.0
04/06/2024 22:00:00;0.0;0.0
04/06/2024 22:30:00;0.0;0.0
04/06/2024 23:00:00;0.0;0.0
04/06/2024 23:30:00;0.0;0.0
05/06/2024 00:00:00;0.0;0.0
05/06/2024 00:30:00;0.0;0.0
05/06/2024 01:00:00;0.0;0.0
05/06/2024 01:30:00;0.0;0.0
05/06/2024 02:00:00;0.0;0.0
05/06/2024 02:30:00;0.0;0.0
05/06/2024 03:00:00;0.0;0.0
05/06/2024 03:30:00;0.0;0.0
05/06/2024 04:00:00;0.0;774.8304354285302
05/06/2024 04:30:00;0.0;1581.2374071964016
05/06/2024 05:00:00;0.0;2387.644378964273
05/06/2024 05:30:00;604.2884721046785;5464.008615583765
05/06/2024 06:00:00;1208.576944209357;8540.372852203258
05/06/2024 06:30:00;3667.5571020252537;12473.761879875114
05/06/2024 07:00:00;6126.53725984115;16407.15090754697
05/06/2024 07:30:00;9978.992427874698;20097.36349882468
05/06/2024 08:00:00;13831.447595908247;23787.576090102397
05/06/2024 08:30:00;18328.64970212976;27097.179373522187
05/06/2024 09:00:00;22825.851808351268;30406.78265694198
05/06/2024 09:30:00;26572.632194632875;32627.633087605846
05/06/2024 10:00:00;30319.41258091448;34848.48351826971
05/06/2024 10:30:00;32357.594965553828;35888.056469323106
05/06/2024 11:00:00;34395.77735019318;36927.6294203765
05/06/2024 11:30:00;33834.51654638938;36204.532728500235
05/06/2024 12:00:00;33273.25574258558;35481.43603662397
05/06/2024 12:30:00;31122.437020137535;33337.06430807403
05/06/2024 13:00:00;28971.618297689496;31192.69257952409
05/06/2024 13:30:00;24862.204685989047;27067.26136153581
05/06/2024 14:00:00;20752.791074288594;22941.830143547526
05/06/2024 14:30:00;16475.872264666552;18654.014629893503
05/06/2024 15:00:00;12198.953455044508;14366.19911623948
05/06/2024 15:30:00;8531.79277224598;10623.705056848537
05/06/2024 16:00:00;4864.632089447452;6881.210997457593
05/06/2024 16:30:00;2820.183732023674;4588.646861026383
05/06/2024 17:00:00;775.7353745998963;2296.082724595173
05/06/2024 17:30:00;387.86768729994816;1543.2276531541502
05/06/2024 18:00:00;0.0;790.3725817131269
05/06/2024 18:30:00;0.0;395.18629085656346
05/06/2024 19:00:00;0.0;0.0
05/06/2024 19:30:00;0.0;44.76453631277382
05/06/2024 20:00:00;0.0;0.0
05/06/2024 20:30:00;0.0;0.0
05/06/2024 21:00:00;0.0;0.0
05/06/2024 21:30:00;0.0;0.0
05/06/2024 22:00:00;0.0;0.0
05/06/2024 22:30:00;0.0;0.0
05/06/2024 23:00:00;0.0;0.0
05/06/2024 23:30:00;0.0;0.0
06/06/2024 00:00:00;0.0;0.0
06/06/2024 00:30:00;0.0;0.0
06/06/2024 01:00:00;0.0;0.0
06/06/2024 01:30:00;0.0;0.0
06/06/2024 02:00:00;0.0;0.0
06/06/2024 02:30:00;0.0;0.0
06/06/2024 03:00:00;0.0;0.0
06/06/2024 03:30:00;0.0;0.0
06/06/2024 04:00:00;0.0;805.7616536299288
06/06/2024 04:30:00;0.0;1627.5968224547873
06/06/2024 05:00:00;0.0;2449.431991279646
06/06/2024 05:30:00;599.5201891015905;5483.612138375311
06/06/2024 06:00:00;1199.040378203181;8517.792285470974
06/06/2024 06:30:00;599.5201891015905;4258.896142735487
06/06/2024 07:00:00;0.0;0.0
06/06/2024 07:30:00;6962.653757051714;11994.756007382211
06/06/2024 08:00:00;13925.307514103428;23989.512014764423
06/06/2024 08:30:00;18330.88448183538;27157.78113518818
06/06/2024 09:00:00;22736.461449567334;30326.050255611935
06/06/2024 09:30:00;26564.82358544401;32646.772448151576
06/06/2024 10:00:00;30393.18572132069;34967.49464069122
06/06/2024 10:30:00;32324.398805955687;35886.08690645618
06/06/2024 11:00:00;34255.611890590684;36804.67917222115
06/06/2024 11:30:00;33618.260482103244;35998.538434459086
06/06/2024 12:00:00;32980.90907361581;35192.39769669702
06/06/2024 12:30:00;30512.680736395258;32703.257852648552
06/06/2024 13:00:00;28044.45239917471;30214.11800860008
06/06/2024 13:30:00;24608.756822421197;26820.809849271034
06/06/2024 14:00:00;21173.06124566768;23427.501689941986
06/06/2024 14:30:00;16747.68527896762;18976.740262889543
06/06/2024 15:00:00;12322.309312267558;14525.978835837099
06/06/2024 15:30:00;8588.509683917819;10701.488135310226
06/06/2024 16:00:00;4854.71005556808;6876.997434783351
06/06/2024 16:30:00;2817.8855684358837;4593.814948865549
06/06/2024 17:00:00;781.0610813036874;2310.6324629477463
06/06/2024 17:30:00;390.5305406518437;1526.5768029589642
06/06/2024 18:00:00;0.0;742.5211429701824
06/06/2024 18:30:00;0.0;371.2605714850912
06/06/2024 19:00:00;0.0;0.0
06/06/2024 19:30:00;0.0;44.76431318920927
06/06/2024 20:00:00;0.0;0.0
06/06/2024 20:30:00;0.0;0.0
06/06/2024 21:00:00;0.0;0.0
06/06/2024 21:30:00;0.0;0.0
06/06/2024 22:00:00;0.0;0.0
06/06/2024 22:30:00;0.0;0.0
06/06/2024 23:00:00;0.0;0.0
06/06/2024 23:30:00;0.0;0.0
07/06/2024 00:00:00;0.0;0.0
07/06/2024 00:30:00;0.0;0.0
07/06/2024 01:00:00;0.0;0.0
07/06/2024 01:30:00;0.0;0.0
07/06/2024 02:00:00;0.0;0.0
07/06/2024 02:30:00;0.0;0.0
07/06/2024 03:00:00;0.0;0.0
07/06/2024 03:30:00;0.0;0.0
07/06/2024 04:00:00;0.0;805.7576374057668
07/06/2024 04:30:00;0.0;1534.5158744894004
07/06/2024 05:00:00;0.0;2263.2741115730346
07/06/2024 05:30:00;598.5308961608862;5409.841055240978
07/06/2024 06:00:00;1197.0617923217724;8556.40799890892
07/06/2024 06:30:00;3637.9869034204326;12456.933833719586
07/06/2024 07:00:00;6078.912014519092;16357.459668530248
07/06/2024 07:30:00;9959.859433009267;20118.942938896664
07/06/2024 08:00:00;13840.80685149944;23880.426209263085
07/06/2024 08:30:00;18173.392247147833;26967.8127593312
07/06/2024 09:00:00;22505.977642796228;30055.19930939931
07/06/2024 09:30:00;26295.354773937306;32350.829625866703
07/06/2024 10:00:00;30084.731905078384;34646.45994233409
07/06/2024 10:30:00;32022.438424342054;35580.49962810245
07/06/2024 11:00:00;33960.144943605716;36514.53931387081
07/06/2024 11:30:00;33623.45257256255;36027.02640356347
07/06/2024 12:00:00;33286.76020151939;35539.51349325613
07/06/2024 12:30:00;31054.714646977598;33304.96492502856
07/06/2024 13:00:00;28822.6690924358;31070.416356800997
07/06/2024 13:30:00;24750.977744770644;26984.257481932596
07/06/2024 14:00:00;20679.286397105483;22898.098607064196
07/06/2024 14:30:00;16459.867102408454;18670.975373847166
07/06/2024 15:00:00;12240.447807711427;14443.85214063014
07/06/2024 15:30:00;8588.133411234092;10722.840695256109
07/06/2024 16:00:00;4935.819014756753;7001.829249882078
07/06/2024 16:30:00;2863.582653594681;4669.1606874064355
07/06/2024 17:00:00;791.346292432609;2336.4921249307936
07/06/2024 17:30:00;395.6731462163045;1515.3004313277306
07/06/2024 18:00:00;0.0;694.1087377246677
07/06/2024 18:30:00;0.0;347.05436886233383
07/06/2024 19:00:00;0.0;0.0
07/06/2024 19:30:00;0.0;6.894403641802434
07/06/2024 20:00:00;0.0;0.0
07/06/2024 20:30:00;0.0;0.0
07/06/2024 21:00:00;0.0;0.0
07/06/2024 21:30:00;0.0;0.0
07/06/2024 22:00:00;0.0;0.0
07/06/2024 22:30:00;0.0;0.0
07/06/2024 23:00:00;0.0;0.0
07/06/2024 23:30:00;0.0;0.0
08/06/2024 00:00:00;0.0;0.0
08/06/2024 00:30:00;0.0;0.0
08/06/2024 01:00:00;0.0;0.0
08/06/2024 01:30:00;0.0;0.0
08/06/2024 02:00:00;0.0;0.0
08/06/2024 02:30:00;0.0;0.0
08/06/2024 03:00:00;0.0;0.0
08/06/2024 03:30:00;0.0;0.0
08/06/2024 04:00:00;0.0;124.09926555244381
08/06/2024 04:30:00;0.0;1364.1834037365531
08/06/2024 05:00:00;0.0;2604.267541920662
08/06/2024 05:30:00;246.214305757542;3071.556398395892
08/06/2024 06:00:00;492.428611515084;3538.8452548711216
08/06/2024 06:30:00;3356.609009844372;10157.862270535361
08/06/2024 07:00:00;6220.7894081736595;16776.879286199597
08/06/2024 07:30:00;9910.849739152476;20139.344676582405
08/06/2024 08:00:00;13600.910070131295;23501.810066965205
08/06/2024 08:30:00;17984.032210914513;26702.56686107827
08/06/2024 09:00:00;22367.154351697736;29903.323655191332
08/06/2024 09:30:00;26143.769135747083;32196.19305681795
08/06/2024 10:00:00;29920.38391979643;34489.06245844456
08/06/2024 10:30:00;31837.29240966062;35402.50897880211
08/06/2024 11:00:00;33754.20089952481;36315.955499159645
08/06/2024 11:30:00;33710.4231045436;36140.9187796285
08/06/2024 12:00:00;33666.645309562395;35965.88206009736
08/06/2024 12:30:00;30351.127845213323;32562.9962246372
08/06/2024 13:00:00;27035.61038086426;29160.11038917704
08/06/2024 13:30:00;22263.282550807002;24270.5347460076
08/06/2024 14:00:00;17490.954720749745;19380.95910283816
08/06/2024 14:30:00;14098.753902008832;16012.703893074267
08/06/2024 15:00:00;10706.553083267918;12644.448683310378
08/06/2024 15:30:00;7394.464011969806;9220.249606241201
08/06/2024 16:00:00;4082.3749406716943;5796.050529172023
08/06/2024 16:30:00;2439.7513686943707;4073.041291638675
08/06/2024 17:00:00;797.1277967170475;2350.032054105327
08/06/2024 17:30:00;398.5638983585238;1548.3261073010262
08/06/2024 18:00:00;0.0;746.6201604967258
08/06/2024 18:30:00;0.0;373.3100802483629
08/06/2024 19:00:00;0.0;0.0
08/06/2024 19:30:00;0.0;44.7628836181536
08/06/2024 20:00:00;0.0;0.0
08/06/2024 20:30:00;0.0;0.0
08/06/2024 21:00:00;0.0;0.0
08/06/2024 21:30:00;0.0;0.0
08/06/2024 22:00:00;0.0;0.0
08/06/2024 22:30:00;0.0;0.0
08/06/2024 23:00:00;0.0;0.0
08/06/2024 23:30:00;0.0;0.0
09/06/2024 00:00:00;0.0;0.0
09/06/2024 00:30:00;0.0;0.0
09/06/2024 01:00:00;0.0;0.0
09/06/2024 01:30:00;0.0;0.0
09/06/2024 02:00:00;0.0;0.0
09/06/2024 02:30:00;0.0;0.0
09/06/2024 03:00:00;0.0;0.0
09/06/2024 03:30:00;0.0;0.0
09/06/2024 04:00:00;0.0;805.7319051267648
09/06/2024 04:30:00;0.0;1518.9304355800505
09/06/2024 05:00:00;0.0;2232.1289660333364
09/06/2024 05:30:00;589.0168133784879;5372.033349395779
09/06/2024 06:00:00;1178.0336267569758;8511.93773275822
09/06/2024 06:30:00;3604.2300499516246;12406.005477999086
09/06/2024 07:00:00;6030.426473146273;16300.07322323995
09/06/2024 07:30:00;9934.380645221836;20125.941474509185
09/06/2024 08:00:00;13838.334817297402;23951.809725778425
09/06/2024 08:30:00;18233.962007741346;27120.694589889437
09/06/2024 09:00:00;22629.589198185287;30289.579454000443
09/06/2024 09:30:00;26298.096579724166;32431.29275377298
09/06/2024 10:00:00;29966.603961263045;34573.00605354552
09/06/2024 10:30:00;32194.943723916676;35816.07278915756
09/06/2024 11:00:00;34423.283486570304;37059.13952476961
09/06/2024 11:30:00;34190.923009559534;36677.679653251435
09/06/2024 12:00:00;33958.56253254876;36296.219781733256
09/06/2024 12:30:00;31597.994044407864;33923.11232296931
09/06/2024 13:00:00;29237.42555626696;31550.00486420535
09/06/2024 13:30:00;25079.825265024887;27373.837196312394
09/06/2024 14:00:00;20922.224973782817;23197.669528419443
09/06/2024 14:30:00;16558.614688961457;18806.016711088672
09/06/2024 15:00:00;12195.004404140102;14414.363893757898
09/06/2024 15:30:00;8522.714460982104;10654.302992517984
09/06/2024 16:00:00;4850.424517824107;6894.242091278072
09/06/2024 16:30:00;2831.201105818927;4641.722063834035
09/06/2024 17:00:00;811.9776938137468;2389.2020363899983
09/06/2024 17:30:00;405.9888469068734;1632.2152425669028
09/06/2024 18:00:00;0.0;875.2284487438078
09/06/2024 18:30:00;0.0;437.6142243719039
09/06/2024 19:00:00;0.0;0.0
09/06/2024 19:30:00;0.0;46.48046602611669
09/06/2024 20:00:00;0.0;0.0
09/06/2024 20:30:00;0.0;0.0
09/06/2024 21:00:00;0.0;0.0
09/06/2024 21:30:00;0.0;0.0
09/06/2024 22:00:00;0.0;0.0
09/06/2024 22:30:00;0.0;0.0
09/06/2024 23:00:00;0.0;0.0
09/06/2024 23:30:00;0.0;0.0
10/06/2024 00:00:00;0.0;0.0
10/06/2024 00:30:00;0.0;0.0
10/06/2024 01:00:00;0.0;0.0
10/06/2024 01:30:00;0.0;0.0
10/06/2024 02:00:00;0.0;0.0
10/06/2024 02:30:00;0.0;0.0
10/06/2024 03:00:00;0.0;0.0
10/06/2024 03:30:00;0.0;0.0
10/06/2024 04:00:00;0.0;836.6483884701005
10/06/2024 04:30:00;0.0;1580.7460762579153
10/06/2024 05:00:00;0.0;2324.8437640457305
10/06/2024 05:30:00;578.1027374188301;5362.663474179484
10/06/2024 06:00:00;1156.2054748376602;8400.48318431324
10/06/2024 06:30:00;3542.0648555858197;12232.154868779431
10/06/2024 07:00:00;5927.924236333978;16063.826553245619
10/06/2024 07:30:00;9772.185255176573;19833.213852905952
10/06/2024 08:00:00;13616.446274019168;23602.601152566287
10/06/2024 08:30:00;17898.270679616784;26662.61764026118
10/06/2024 09:00:00;22180.095085214398;29722.634127956073
10/06/2024 09:30:00;26031.266127738807;32113.97824243063
10/06/2024 10:00:00;29882.43717026322;34505.322356905184
10/06/2024 10:30:00;31120.638156735014;34681.93956279777
10/06/2024 11:00:00;32358.839143206806;34858.55676869036
10/06/2024 11:30:00;29087.939482654747;31232.58378179518
10/06/2024 12:00:00;25817.039822102688;27606.610794899996
10/06/2024 12:30:00;25269.325306526738;27148.175428690534
10/06/2024 13:00:00;24721.61079095079;26689.740062481076
10/06/2024 13:30:00;20158.472012405255;21995.601845236157
10/06/2024 14:00:00;15595.333233859717;17301.46362799124
10/06/2024 14:30:00;13709.868479760951;15643.220362555676
10/06/2024 15:00:00;11824.403725662185;13984.977097120107
10/06/2024 15:30:00;8403.260189185234;10535.1610684447
10/06/2024 16:00:00;4982.116652708285;7085.345039769296
10/06/2024 16:30:00;2898.7089402137985;4739.351469007018
10/06/2024 17:00:00;815.3012277193129;2393.3578982447398
10/06/2024 17:30:00;407.65061385965646;1425.3550939486286
10/06/2024 18:00:00;0.0;457.3522896525176
10/06/2024 18:30:00;0.0;228.6761448262588
10/06/2024 19:00:00;0.0;0.0
10/06/2024 19:30:00;0.0;46.47937059685947
10/06/2024 20:00:00;0.0;0.0
10/06/2024 20:30:00;0.0;0.0
10/06/2024 21:00:00;0.0;0.0
10/06/2024 21:30:00;0.0;0.0
10/06/2024 22:00:00;0.0;0.0
10/06/2024 22:30:00;0.0;0.0
10/06/2024 23:00:00;0.0;0.0
10/06/2024 23:30:00;0.0;0.0
11/06/2024 00:00:00;0.0;0.0
11/06/2024 00:30:00;0.0;0.0
11/06/2024 01:00:00;0.0;0.0
11/06/2024 01:30:00;0.0;0.0
11/06/2024 02:00:00;0.0;0.0
11/06/2024 02:30:00;0.0;0.0
11/06/2024 03:00:00;0.0;0.0
11/06/2024 03:30:00;0.0;0.0
11/06/2024 04:00:00;0.0;836.6286707434704
11/06/2024 04:30:00;0.0;1518.8110792980192
11/06/2024 05:00:00;0.0;2200.993487852568
11/06/2024 05:30:00;582.4886610310645;5360.002612678789
11/06/2024 06:00:00;1164.977322062129;8519.011737505009
11/06/2024 06:30:00;3593.581126260118;12435.247492660937
11/06/2024 07:00:00;6022.1849304581065;16351.483247816866
11/06/2024 07:30:00;9887.680104920586;20114.79144120985
11/06/2024 08:00:00;13753.175279383066;23878.099634602837
11/06/2024 08:30:00;18169.481832707363;27089.20249096839
11/06/2024 09:00:00;22585.788386031658;30300.305347333942
11/06/2024 09:30:00;26330.24478657159;32528.013410355525
11/06/2024 10:00:00;30074.701187111525;34755.72147337711
11/06/2024 10:30:00;30704.260636477306;34264.66777483077
11/06/2024 11:00:00;31333.820085843083;33773.61407628443
11/06/2024 11:30:00;30124.55430416277;32352.593446985717
11/06/2024 12:00:00;28915.288522482457;30931.572817687003
11/06/2024 12:30:00;26872.35683094772;28873.94684704794
11/06/2024 13:00:00;24829.425139412975;26816.32087640888
11/06/2024 13:30:00;18214.959001432493;19846.005052310855
11/06/2024 14:00:00;11600.492863452007;12875.68922821283
11/06/2024 14:30:00;7447.196021033999;8386.843109390937
11/06/2024 15:00:00;3293.8991786159913;3897.9969905690405
11/06/2024 15:30:00;3965.44001048761;5248.067359676597
11/06/2024 16:00:00;4636.9808423592285;6598.137728784155
11/06/2024 16:30:00;2732.379088144011;4510.068100186264
11/06/2024 17:00:00;827.7773339287937;2421.9984715883716
11/06/2024 17:30:00;413.88866696439686;1624.7666896538947
11/06/2024 18:00:00;0.0;827.5349077194179
11/06/2024 18:30:00;0.0;430.0613789642537
11/06/2024 19:00:00;0.0;32.58785020908951
11/06/2024 19:30:00;0.0;75.53686728972478
11/06/2024 20:00:00;0.0;0.0
11/06/2024 20:30:00;0.0;0.0
11/06/2024 21:00:00;0.0;0.0
11/06/2024 21:30:00;0.0;0.0
11/06/2024 22:00:00;0.0;0.0
11/06/2024 22:30:00;0.0;0.0
11/06/2024 23:00:00;0.0;0.0
11/06/2024 23:30:00;0.0;0.0
12/06/2024 00:00:00;0.0;0.0
12/06/2024 00:30:00;0.0;0.0
12/06/2024 01:00:00;0.0;0.0
12/06/2024 01:30:00;0.0;0.0
12/06/2024 02:00:00;0.0;0.0
12/06/2024 02:30:00;0.0;0.0
12/06/2024 03:00:00;0.0;0.0
12/06/2024 03:30:00;0.0;0.0
12/06/2024 04:00:00;0.0;805.6701576605241
12/06/2024 04:30:00;0.0;1472.354123294161
12/06/2024 05:00:00;0.0;2139.038088927798
12/06/2024 05:30:00;588.066553410023;5397.812635896625
12/06/2024 06:00:00;1176.133106820046;8656.58718286545
12/06/2024 06:30:00;3650.660907576635;12667.538380905766
12/06/2024 07:00:00;6125.188708333225;16678.48957894608
12/06/2024 07:30:00;10101.095913800986;20577.197932387844
12/06/2024 08:00:00;14077.003119268747;24475.906285829602
12/06/2024 08:30:00;7038.501559634374;12237.953142914801
12/06/2024 09:00:00;0.0;0.0
12/06/2024 09:30:00;15148.223644883736;17519.40150297954
12/06/2024 10:00:00;30296.44728976747;35038.80300595908
12/06/2024 10:30:00;32173.142006328886;35879.34326244897
12/06/2024 11:00:00;34049.8367228903;36719.88351893887
12/06/2024 11:30:00;34041.37897023904;36569.893203278945
12/06/2024 12:00:00;34032.92121758778;36419.90288761903
12/06/2024 12:30:00;31530.322405396288;33891.195314048724
12/06/2024 13:00:00;29027.723593204802;31362.487740478413
12/06/2024 13:30:00;25263.044044328984;27617.690054626953
12/06/2024 14:00:00;21498.364495453174;23872.892368775487
12/06/2024 14:30:00;17036.273812711555;19380.501427510713
12/06/2024 15:00:00;12574.183129969937;14888.11048624594
12/06/2024 15:30:00;8846.095589726194;11086.330750788955
12/06/2024 16:00:00;5118.008049482449;7284.551015331972
12/06/2024 16:30:00;2979.3206315024913;4868.721611472791
12/06/2024 17:00:00;840.6332135225338;2452.892207613609
12/06/2024 17:30:00;420.3166067612669;1647.2361788365208
12/06/2024 18:00:00;0.0;841.5801500594322
12/06/2024 18:30:00;0.0;428.93828075474664
12/06/2024 19:00:00;0.0;16.296411450061008
12/06/2024 19:30:00;0.0;60.14899230023892
12/06/2024 20:00:00;0.0;0.0
12/06/2024 20:30:00;0.0;0.0
12/06/2024 21:00:00;0.0;0.0
12/06/2024 21:30:00;0.0;0.0
12/06/2024 22:00:00;0.0;0.0
12/06/2024 22:30:00;0.0;0.0
12/06/2024 23:00:00;0.0;0.0
12/06/2024 23:30:00;0.0;0.0
13/06/2024 00:00:00;0.0;0.0
13/06/2024 00:30:00;0.0;0.0
13/06/2024 01:00:00;0.0;0.0
13/06/2024 01:30:00;0.0;0.0
13/06/2024 02:00:00;0.0;0.0
13/06/2024 02:30:00;0.0;0.0
13/06/2024 03:00:00;0.0;0.0
13/06/2024 03:30:00;0.0;0.0
13/06/2024 04:00:00;0.0;805.6428667532634
13/06/2024 04:30:00;0.0;1456.6558570891023
13/06/2024 05:00:00;0.0;2107.6688474249413
13/06/2024 05:30:00;589.8859764796161;5420.328785969739
13/06/2024 06:00:00;1179.7719529592323;8732.988724514538
13/06/2024 06:30:00;3660.3484139623956;12743.773771285174
13/06/2024 07:00:00;6140.924874965559;16754.55881805581
13/06/2024 07:30:00;10094.21487953373;20609.051652958875
13/06/2024 08:00:00;14047.504884101903;24463.544487861942
13/06/2024 08:30:00;18610.598440888105;27808.408765682278
13/06/2024 09:00:00;23173.69199767431;31153.273043502617
13/06/2024 09:30:00;26692.150118197027;33059.48054033588
13/06/2024 10:00:00;30210.60823871975;34965.68803716914
13/06/2024 10:30:00;32763.556770545976;36534.400754358656
13/06/2024 11:00:00;35316.50530237219;38103.113471548175
13/06/2024 11:30:00;35029.48640409123;37648.1167876225
13/06/2024 12:00:00;34742.46750581027;37193.12010369683
13/06/2024 12:30:00;32112.62598663856;34528.844130505
13/06/2024 13:00:00;29482.784467466845;31864.56815731318
13/06/2024 13:30:00;25667.412951456816;28069.571712775614
13/06/2024 14:00:00;21852.041435446783;24274.57526823804
13/06/2024 14:30:00;17332.42511107772;19724.976448899237
13/06/2024 15:00:00;12812.808786708654;15175.377629560428
13/06/2024 15:30:00;9026.675912122779;11318.16284363867
13/06/2024 16:00:00;5240.5430375369015;7460.948057716912
13/06/2024 16:30:00;3049.940197030497;4980.155470563653
13/06/2024 17:00:00;859.3373565240929;2499.362883410392
13/06/2024 17:30:00;429.66867826204646;1607.212600814421
13/06/2024 18:00:00;0.0;715.06231821845
13/06/2024 18:30:00;0.0;373.8251424468546
13/06/2024 19:00:00;0.0;32.587966675259324
13/06/2024 19:30:00;0.0;73.81555286825413
13/06/2024 20:00:00;0.0;0.0
13/06/2024 20:30:00;0.0;0.0
13/06/2024 21:00:00;0.0;0.0
13/06/2024 21:30:00;0.0;0.0
13/06/2024 22:00:00;0.0;0.0
13/06/2024 22:30:00;0.0;0.0
13/06/2024 23:00:00;0.0;0.0
13/06/2024 23:30:00;0.0;0.0
14/06/2024 00:00:00;0.0;0.0
14/06/2024 00:30:00;0.0;0.0
14/06/2024 01:00:00;0.0;0.0
14/06/2024 01:30:00;0.0;0.0
14/06/2024 02:00:00;0.0;0.0
14/06/2024 02:30:00;0.0;0.0
14/06/2024 03:00:00;0.0;0.0
14/06/2024 03:30:00;0.0;0.0
14/06/2024 04:00:00;0.0;774.684518149166
14/06/2024 04:30:00;0.0;1441.1415341423653
14/06/2024 05:00:00;0.0;2107.5985501355644
14/06/2024 05:30:00;583.7453885195285;5400.04903840748
14/06/2024 06:00:00;1167.490777039057;8692.499526679396
14/06/2024 06:30:00;3637.287886464847;12698.840543137485
14/06/2024 07:00:00;6107.084995890637;16705.181559595574
14/06/2024 07:30:00;10068.711211785645;20586.950224597356
14/06/2024 08:00:00;14030.33742768065;24468.71888959914
14/06/2024 08:30:00;18539.325687654527;27741.99203572958
14/06/2024 09:00:00;23048.313947628412;31015.26518186002
14/06/2024 09:30:00;26901.007734053626;33317.17898346405
14/06/2024 10:00:00;30753.701520478844;35619.09278506808
14/06/2024 10:30:00;32980.69553615114;36809.58642787472
14/06/2024 11:00:00;35207.68955182343;38000.08007068135
14/06/2024 11:30:00;35018.59476963397;37647.849999344246
14/06/2024 12:00:00;34829.49998744452;37295.61992800714
14/06/2024 12:30:00;32285.082166618486;34724.00016669215
14/06/2024 13:00:00;29740.664345792447;32152.380405377164
14/06/2024 13:30:00;25727.62865582177;28140.952412583694
14/06/2024 14:00:00;21714.592965851087;24129.52441979022
14/06/2024 14:30:00;17219.96724774605;19602.997476519187
14/06/2024 15:00:00;12725.341529641013;15076.470533248155
14/06/2024 15:30:00;9024.618731787068;11327.999601243171
14/06/2024 16:00:00;5323.895933933121;7579.528669238184
14/06/2024 16:30:00;3092.966665157454;5039.467713542657
14/06/2024 17:00:00;862.0373963817867;2499.406757847129
14/06/2024 17:30:00;431.01869819089336;1665.0301765865518
14/06/2024 18:00:00;0.0;830.6535953259744
14/06/2024 18:30:00;0.0;431.61802653011
14/06/2024 19:00:00;0.0;32.58245773424548
14/06/2024 19:30:00;0.0;77.24501022756624
14/06/2024 20:00:00;0.0;0.0
14/06/2024 20:30:00;0.0;0.0
14/06/2024 21:00:00;0.0;0.0
14/06/2024 21:30:00;0.0;0.0
14/06/2024 22:00:00;0.0;0.0
14/06/2024 22:30:00;0.0;0.0
14/06/2024 23:00:00;0.0;0.0
14/06/2024 23:30:00;0.0;0.0
15/06/2024 00:00:00;0.0;0.0
15/06/2024 00:30:00;0.0;0.0
15/06/2024 01:00:00;0.0;0.0
15/06/2024 01:30:00;0.0;0.0
15/06/2024 02:00:00;0.0;0.0
15/06/2024 02:30:00;0.0;0.0
15/06/2024 03:00:00;0.0;0.0
15/06/2024 03:30:00;0.0;0.0
15/06/2024 04:00:00;0.0;836.508402614019
15/06/2024 04:30:00;0.0;1534.0758595229152
15/06/2024 05:00:00;0.0;2231.643316431811
15/06/2024 05:30:00;569.350998663704;5383.732760415969
15/06/2024 06:00:00;1138.701997327408;8535.822204400127
15/06/2024 06:30:00;3565.024168900475;12480.954684377728
15/06/2024 07:00:00;5991.346340473541;16426.087164355333
15/06/2024 07:30:00;9896.34541471229;20265.009408199956
15/06/2024 08:00:00;13801.344488951041;24103.931652044583
15/06/2024 08:30:00;18306.90943729989;27416.841597457205
15/06/2024 09:00:00;22812.47438564874;30729.751542869824
15/06/2024 09:30:00;26629.015192545994;33007.079117957204
15/06/2024 10:00:00;30445.55599944324;35284.406693044584
15/06/2024 10:30:00;32551.368265293004;36352.5295653388
15/06/2024 11:00:00;34657.18053114277;37420.65243763303
15/06/2024 11:30:00;33905.889385385104;36465.84046697401
15/06/2024 12:00:00;33154.59823962744;35511.028496315
15/06/2024 12:30:00;29298.85512394251;31511.5462966402
15/06/2024 13:00:00;25443.112008257584;27512.064096965405
15/06/2024 13:30:00;23482.790306439663;25716.58733675272
15/06/2024 14:00:00;21522.46860462174;23921.11057654003
15/06/2024 14:30:00;17052.741832300922;19415.670464320017
15/06/2024 15:00:00;12583.015059980105;14910.230352100007
15/06/2024 15:30:00;8658.240948894305;10824.542376934302
15/06/2024 16:00:00;4733.4668378085025;6738.854401768596
15/06/2024 16:30:00;2717.189236560697;4380.931356434303
15/06/2024 17:00:00;700.911635312891;2023.0083111000104
15/06/2024 17:30:00;350.4558176564455;1484.6469002469976
15/06/2024 18:00:00;0.0;946.2854893939844
15/06/2024 18:30:00;0.0;489.43120130823604
15/06/2024 19:00:00;0.0;32.576913222487775
15/06/2024 19:30:00;0.0;75.51982883173977
15/06/2024 20:00:00;0.0;0.0
15/06/2024 20:30:00;0.0;0.0
15/06/2024 21:00:00;0.0;0.0
15/06/2024 21:30:00;0.0;0.0
15/06/2024 22:00:00;0.0;0.0
15/06/2024 22:30:00;0.0;0.0
15/06/2024 23:00:00;0.0;0.0
15/06/2024 23:30:00;0.0;0.0
16/06/2024 00:00:00;0.0;0.0
16/06/2024 00:30:00;0.0;0.0
16/06/2024 01:00:00;0.0;0.0
16/06/2024 01:30:00;0.0;0.0
16/06/2024 02:00:00;0.0;0.0
16/06/2024 02:30:00;0.0;0.0
16/06/2024 03:00:00;0.0;0.0
16/06/2024 03:30:00;0.0;0.0
16/06/2024 04:00:00;0.0;805.5493941890236
16/06/2024 04:30:00;0.0;1534.0401177397769
16/06/2024 05:00:00;0.0;2262.5308412905306
16/06/2024 05:30:00;542.4720904849685;5222.078709581693
16/06/2024 06:00:00;1084.944180969937;8181.626577872857
16/06/2024 06:30:00;3473.365600006039;12147.125689490984
16/06/2024 07:00:00;5861.787019042142;16112.624801109112
16/06/2024 07:30:00;9718.168514229104;19928.665390279286
16/06/2024 08:00:00;13574.550009416067;23744.705979449463
16/06/2024 08:30:00;18064.5593362579;27077.209813300215
16/06/2024 09:00:00;22554.56866309973;30409.713647150966
16/06/2024 09:30:00;25149.914536000942;31292.194126356266
16/06/2024 10:00:00;27745.260408902155;32174.674605561566
16/06/2024 10:30:00;27650.90183104375;30969.890978089286
16/06/2024 11:00:00;27556.54325318534;29765.107350617007
16/06/2024 11:30:00;29018.34236939844;31208.77394094393
16/06/2024 12:00:00;30480.141485611533;32652.44053127085
16/06/2024 12:30:00;27479.712769938746;29563.210830046057
16/06/2024 13:00:00;24479.28405426596;26473.98112882126
16/06/2024 13:30:00;19406.65584450462;21204.037774701264
16/06/2024 14:00:00;14334.027634743281;15934.094420581272
16/06/2024 14:30:00;13160.150787518385;15069.742617035403
16/06/2024 15:00:00;11986.27394029349;14205.390813489532
16/06/2024 15:30:00;8295.295436382015;10378.331812296865
16/06/2024 16:00:00;4604.316932470541;6551.272811104199
16/06/2024 16:30:00;2738.8924397107335;4531.766615998521
16/06/2024 17:00:00;873.4679469509259;2512.260420892842
16/06/2024 17:30:00;436.73397347546296;1697.6880744507464
16/06/2024 18:00:00;0.0;883.115728008651
16/06/2024 18:30:00;0.0;457.83895188403534
16/06/2024 19:00:00;0.0;32.562175759419695
16/06/2024 19:30:00;0.0;41.08186369364889
16/06/2024 20:00:00;0.0;0.0
16/06/2024 20:30:00;0.0;0.0
16/06/2024 21:00:00;0.0;0.0
16/06/2024 21:30:00;0.0;0.0
16/06/2024 22:00:00;0.0;0.0
16/06/2024 22:30:00;0.0;0.0
16/06/2024 23:00:00;0.0;0.0
16/06/2024 23:30:00;0.0;0.0
17/06/2024 00:00:00;0.0;0.0
17/06/2024 00:30:00;0.0;0.0
17/06/2024 01:00:00;0.0;0.0
17/06/2024 01:30:00;0.0;0.0
17/06/2024 02:00:00;0.0;0.0
17/06/2024 02:30:00;0.0;0.0
17/06/2024 03:00:00;0.0;0.0
17/06/2024 03:30:00;0.0;0.0
17/06/2024 04:00:00;0.0;185.91655857554528
17/06/2024 04:30:00;0.0;1549.54270355488
17/06/2024 05:00:00;0.0;2913.1688485342142
17/06/2024 05:30:00;543.3958833947565;5582.973996033008
17/06/2024 06:00:00;1086.791766789513;8252.779143531803
17/06/2024 06:30:00;3452.4945052284406;12138.936378967463
17/06/2024 07:00:00;5818.197243667369;16025.093614403122
17/06/2024 07:30:00;9711.59648374582;19926.499135805563
17/06/2024 08:00:00;13604.995723824268;23827.904657208004
17/06/2024 08:30:00;17553.84877024482;26422.78063366578
17/06/2024 09:00:00;21502.70181666537;29017.65661012356
17/06/2024 09:30:00;25703.530345565247;31857.82299682209
17/06/2024 10:00:00;29904.358874465124;34697.98938352063
17/06/2024 10:30:00;31900.302640838483;35660.23934535897
17/06/2024 11:00:00;33896.246407211846;36622.489307197306
17/06/2024 11:30:00;33647.37370587573;36203.91260293594
17/06/2024 12:00:00;33398.50100453962;35785.33589867457
17/06/2024 12:30:00;31069.155178278324;33435.59078195682
17/06/2024 13:00:00;28739.809352017037;31085.845665239052
17/06/2024 13:30:00;24695.000048349917;27021.826476579652
17/06/2024 14:00:00;20650.190744682797;22957.807287920252
17/06/2024 14:30:00;16426.582850220373;18710.39784610498
17/06/2024 15:00:00;12202.974955757942;14462.98840428971
17/06/2024 15:30:00;8567.18227550218;10738.81706685689
17/06/2024 16:00:00;4931.389595246419;7014.645729424068
17/06/2024 16:30:00;2882.189814937008;4699.3823295316115
17/06/2024 17:00:00;832.9900346275971;2384.1189296391535
17/06/2024 17:30:00;416.49501731379854;1608.0892893949
17/06/2024 18:00:00;0.0;832.059649150647
17/06/2024 18:30:00;0.0;440.43306443492236
17/06/2024 19:00:00;0.0;48.8064797191978
17/06/2024 19:30:00;0.0;87.40790732021678
17/06/2024 20:00:00;0.0;0.0
17/06/2024 20:30:00;0.0;0.0
17/06/2024 21:00:00;0.0;0.0
17/06/2024 21:30:00;0.0;0.0
17/06/2024 22:00:00;0.0;0.0
17/06/2024 22:30:00;0.0;0.0
17/06/2024 23:00:00;0.0;0.0
17/06/2024 23:30:00;0.0;0.0
18/06/2024 00:00:00;0.0;0.0
18/06/2024 00:30:00;0.0;0.0
18/06/2024 01:00:00;0.0;0.0
18/06/2024 01:30:00;0.0;0.0
18/06/2024 02:00:00;0.0;0.0
18/06/2024 02:30:00;0.0;0.0
18/06/2024 03:00:00;0.0;0.0
18/06/2024 03:30:00;0.0;0.0
18/06/2024 04:00:00;0.0;743.6321765375394
18/06/2024 04:30:00;0.0;1781.9828965685406
18/06/2024 05:00:00;0.0;2820.333616599542
18/06/2024 05:30:00;535.5256135472972;5505.381979585723
18/06/2024 06:00:00;1071.0512270945944;8190.430342571902
18/06/2024 06:30:00;3407.5871599356537;12026.464921511137
18/06/2024 07:00:00;5744.123092776713;15862.499500450373
18/06/2024 07:30:00;9512.854625295864;19578.262172794894
18/06/2024 08:00:00;13281.586157815016;23294.024845139415
18/06/2024 08:30:00;17523.485921780193;26345.72247871956
18/06/2024 09:00:00;21765.38568574537;29397.4201122997
18/06/2024 09:30:00;20139.8718629992;25445.68360086146
18/06/2024 10:00:00;18514.35804025303;21493.94708942322
18/06/2024 10:30:00;25549.442806184983;28353.946091403468
18/06/2024 11:00:00;32584.52757211694;35213.945093383714
18/06/2024 11:30:00;32436.858701561076;34907.32933921933
18/06/2024 12:00:00;32289.18983100521;34600.71358505495
18/06/2024 12:30:00;29396.86214724227;31635.5773326288
18/06/2024 13:00:00;26504.53446347933;28670.44108020265
18/06/2024 13:30:00;19354.03491604142;21118.88342576973
18/06/2024 14:00:00;12203.53536860351;13567.325771336811
18/06/2024 14:30:00;6988.370779380728;7834.365787743437
18/06/2024 15:00:00;1773.2061901579445;2101.4058041500625
18/06/2024 15:30:00;1285.5102507228166;1617.6528273721608
18/06/2024 16:00:00;797.814311287689;1133.899850594259
18/06/2024 16:30:00;612.2695907923879;1174.9610633050343
18/06/2024 17:00:00;426.72487029708697;1216.0222760158094
18/06/2024 17:30:00;213.36243514854348;883.2710721788159
18/06/2024 18:00:00;0.0;550.5198683418223
18/06/2024 18:30:00;0.0;316.0073034058049
18/06/2024 19:00:00;0.0;81.49473846978749
18/06/2024 19:30:00;0.0;95.90478955284185
18/06/2024 20:00:00;0.0;0.0
18/06/2024 20:30:00;0.0;0.0
18/06/2024 21:00:00;0.0;0.0
18/06/2024 21:30:00;0.0;0.0
18/06/2024 22:00:00;0.0;0.0
18/06/2024 22:30:00;0.0;0.0
18/06/2024 23:00:00;0.0;0.0
18/06/2024 23:30:00;0.0;0.0
19/06/2024 00:00:00;0.0;0.0
19/06/2024 00:30:00;0.0;0.0
19/06/2024 01:00:00;0.0;0.0
19/06/2024 01:30:00;0.0;0.0
19/06/2024 02:00:00;0.0;0.0
19/06/2024 02:30:00;0.0;0.0
19/06/2024 03:00:00;0.0;0.0
19/06/2024 03:30:00;0.0;0.0
19/06/2024 04:00:00;0.0;340.8756579647657
19/06/2024 04:30:00;0.0;1658.098763204398
19/06/2024 05:00:00;0.0;2975.32186844403
19/06/2024 05:30:00;353.18900795775096;4202.977393436441
19/06/2024 06:00:00;706.3780159155019;5430.632918428853
19/06/2024 06:30:00;3205.820437847786;10608.961696221902
19/06/2024 07:00:00;5705.262859780069;15787.290474014955
19/06/2024 07:30:00;9437.819677323541;19459.076952116076
19/06/2024 08:00:00;13170.376494867014;23130.863430217196
19/06/2024 08:30:00;16868.80163060313;25466.962137242434
19/06/2024 09:00:00;20567.22676633925;27803.060844267668
19/06/2024 09:30:00;19970.96852320657;25152.921561794275
19/06/2024 10:00:00;19374.710280073898;22502.782279320883
19/06/2024 10:30:00;15009.088057830832;17003.80160861657
19/06/2024 11:00:00;10643.465835587765;11504.820937912255
19/06/2024 11:30:00;8973.085460606157;9665.363593467999
19/06/2024 12:00:00;7302.705085624547;7825.906249023743
19/06/2024 12:30:00;14173.412686901895;15295.29586954627
19/06/2024 13:00:00;21044.12028817924;22764.685490068798
19/06/2024 13:30:00;20335.12804506574;22292.134697774065
19/06/2024 14:00:00;19626.13580195224;21819.583905479336
19/06/2024 14:30:00;15128.773500076426;17207.82994772836
19/06/2024 15:00:00;10631.411198200607;12596.075989977395
19/06/2024 15:30:00;7792.124678575275;9814.740086335902
19/06/2024 16:00:00;4952.838158949941;7033.404182694407
19/06/2024 16:30:00;2810.9103867829463;4465.3680545049365
19/06/2024 17:00:00;668.9826146159512;1897.3319263154665
19/06/2024 17:30:00;334.4913073079756;1415.8404478752802
19/06/2024 18:00:00;0.0;934.3489694350941
19/06/2024 18:30:00;0.0;491.54043697989397
19/06/2024 19:00:00;0.0;48.731904524693824
19/06/2024 19:30:00;0.0;92.48732439294798
19/06/2024 20:00:00;0.0;0.0
19/06/2024 20:30:00;0.0;0.0
19/06/2024 21:00:00;0.0;0.0
19/06/2024 21:30:00;0.0;0.0
19/06/2024 22:00:00;0.0;0.0
19/06/2024 22:30:00;0.0;0.0
19/06/2024 23:00:00;0.0;0.0
19/06/2024 23:30:00;0.0;0.0
20/06/2024 00:00:00;0.0;0.0
20/06/2024 00:30:00;0.0;0.0
20/06/2024 01:00:00;0.0;0.0
20/06/2024 01:30:00;0.0;0.0
20/06/2024 02:00:00;0.0;0.0
20/06/2024 02:30:00;0.0;0.0
20/06/2024 03:00:00;0.0;0.0
20/06/2024 03:30:00;0.0;0.0
20/06/2024 04:00:00;0.0;836.3294621532685
20/06/2024 04:30:00;0.0;1843.7763092698526
20/06/2024 05:00:00;0.0;2851.223156386437
20/06/2024 05:30:00;525.3000095263059;5493.258490090053
20/06/2024 06:00:00;1050.6000190526117;8135.293823793669
20/06/2024 06:30:00;3313.0221988317858;11799.741668916797
20/06/2024 07:00:00;5575.44437861096;15464.189514039923
20/06/2024 07:30:00;9045.435086817022;18735.817841046617
20/06/2024 08:00:00;12515.425795023086;22007.44616805331
20/06/2024 08:30:00;16690.47382477319;25117.11123995034
20/06/2024 09:00:00;20865.521854523296;28226.776311847367
20/06/2024 09:30:00;23905.24295581651;29768.559054421603
20/06/2024 10:00:00;26944.96405710972;31310.341796995843
20/06/2024 10:30:00;29509.812265171335;32994.21078407041
20/06/2024 11:00:00;32074.660473232947;34678.079771144985
20/06/2024 11:30:00;32606.656876610028;35096.42329030801
20/06/2024 12:00:00;33138.653279987106;35514.766809471024
20/06/2024 12:30:00;29470.158365312356;31712.78870769981
20/06/2024 13:00:00;25801.663450637596;27910.810605928593
20/06/2024 13:30:00;22891.135064871127;25061.15857368348
20/06/2024 14:00:00;19980.606679104658;22211.506541438364
20/06/2024 14:30:00;10647.153504323915;11883.798435687402
20/06/2024 15:00:00;1313.70032954317;1556.0903299364393
20/06/2024 15:30:00;1288.7743588130118;1674.6816262926195
20/06/2024 16:00:00;1263.8483880828535;1793.2729226487997
20/06/2024 16:30:00;1027.7412818641467;2012.9198166481299
20/06/2024 17:00:00;791.6341756454398;2232.56671064746
20/06/2024 17:30:00;395.8170878227199;1525.6405862633328
20/06/2024 18:00:00;0.0;818.7144618792056
20/06/2024 18:30:00;0.0;417.4727742960967
20/06/2024 19:00:00;0.0;16.231086712987718
20/06/2024 19:30:00;0.0;54.9187244748237
20/06/2024 20:00:00;0.0;0.0
20/06/2024 20:30:00;0.0;0.0
20/06/2024 21:00:00;0.0;0.0
20/06/2024 21:30:00;0.0;0.0
20/06/2024 22:00:00;0.0;0.0
20/06/2024 22:30:00;0.0;0.0
20/06/2024 23:00:00;0.0;0.0
20/06/2024 23:30:00;0.0;0.0
21/06/2024 00:00:00;0.0;0.0
21/06/2024 00:30:00;0.0;0.0
21/06/2024 01:00:00;0.0;0.0
21/06/2024 01:30:00;0.0;0.0
21/06/2024 02:00:00;0.0;0.0
21/06/2024 02:30:00;0.0;0.0
21/06/2024 03:00:00;0.0;0.0
21/06/2024 03:30:00;0.0;0.0
21/06/2024 04:00:00;0.0;712.6085664260354
21/06/2024 04:30:00;0.0;1626.8950265881494
21/06/2024 05:00:00;0.0;2541.1814867502635
21/06/2024 05:30:00;63.585324538213655;1766.589705051636
21/06/2024 06:00:00;127.17064907642731;991.9979233530082
21/06/2024 06:30:00;1397.7437018412534;4205.17790978502
21/06/2024 07:00:00;2668.3167546060795;7418.357896217033
21/06/2024 07:30:00;5205.387132530031;10525.733737962368
21/06/2024 08:00:00;7742.457510453982;13633.109579707701
21/06/2024 08:30:00;14481.619044416768;21180.674605209686
21/06/2024 09:00:00;21220.780578379556;28728.239630711665
21/06/2024 09:30:00;22164.156078796343;27794.61183081288
21/06/2024 10:00:00;23107.531579213133;26860.984030914096
21/06/2024 10:30:00;23981.595994184732;26868.21545069236
21/06/2024 11:00:00;24855.660409156328;26875.446870470623
21/06/2024 11:30:00;26317.71738237388;28323.326221580737
21/06/2024 12:00:00;27779.774355591435;29771.205572690855
21/06/2024 12:30:00;16461.51481194364;17667.201230798455
21/06/2024 13:00:00;5143.25526829585;5563.196888906063
21/06/2024 13:30:00;4535.882267682474;4964.849694593067
21/06/2024 14:00:00;3928.5092670690983;4366.502500280073
21/06/2024 14:30:00;3211.588776052841;3660.1509520588997
21/06/2024 15:00:00;2494.6682850365833;2953.7994038377265
21/06/2024 15:30:00;3211.0644377875624;4259.407869152797
21/06/2024 16:00:00;3927.4605905385415;5565.016334467868
21/06/2024 16:30:00;2050.073124676551;3024.7705386198704
21/06/2024 17:00:00;172.68565881456004;484.5247427718737
21/06/2024 17:30:00;86.34282940728002;459.49612620316634
21/06/2024 18:00:00;0.0;434.46750963445896
21/06/2024 18:30:00;0.0;233.44736662214243
21/06/2024 19:00:00;0.0;32.42722360982591
21/06/2024 19:30:00;0.0;75.36635952259763
21/06/2024 20:00:00;0.0;0.0
21/06/2024 20:30:00;0.0;0.0
21/06/2024 21:00:00;0.0;0.0
21/06/2024 21:30:00;0.0;0.0
21/06/2024 22:00:00;0.0;0.0
21/06/2024 22:30:00;0.0;0.0
21/06/2024 23:00:00;0.0;0.0
21/06/2024 23:30:00;0.0;0.0
22/06/2024 00:00:00;0.0;0.0
22/06/2024 00:30:00;0.0;0.0
22/06/2024 01:00:00;0.0;0.0
22/06/2024 01:30:00;0.0;0.0
22/06/2024 02:00:00;0.0;0.0
22/06/2024 02:30:00;0.0;0.0
22/06/2024 03:00:00;0.0;0.0
22/06/2024 03:30:00;0.0;0.0
22/06/2024 04:00:00;0.0;805.331670039717
22/06/2024 04:30:00;0.0;1828.275435934307
22/06/2024 05:00:00;0.0;2851.2192018288974
22/06/2024 05:30:00;94.74749425724707;2169.5228395997588
22/06/2024 06:00:00;189.49498851449414;1487.8264773706203
22/06/2024 06:30:00;1715.0137404374495;5257.85640969668
22/06/2024 07:00:00;3240.532492360405;9027.88634202274
22/06/2024 07:30:00;4522.713887070474;9630.805494387621
22/06/2024 08:00:00;5804.895281780543;10233.724646752502
22/06/2024 08:30:00;5161.230306040839;8177.142809396863
22/06/2024 09:00:00;4517.565330301135;6120.560972041224
22/06/2024 09:30:00;5061.651334219187;6319.452743832134
22/06/2024 10:00:00;5605.73733813724;6518.344515623043
22/06/2024 10:30:00;8137.7166426400145;9028.373002086451
22/06/2024 11:00:00;10669.695947142789;11538.401488549862
22/06/2024 11:30:00;7498.792441901535;8088.093028383824
22/06/2024 12:00:00;4327.8889366602825;4637.784568217786
22/06/2024 12:30:00;3903.023884016052;4199.800674181066
22/06/2024 13:00:00;3478.158831371821;3761.816780144346
22/06/2024 13:30:00;9697.432495007819;10724.331324702309
22/06/2024 14:00:00;15916.706158643818;17686.84586926027
22/06/2024 14:30:00;9720.196222857036;10928.709341616159
22/06/2024 15:00:00;3523.6862870702503;4170.572813972049
22/06/2024 15:30:00;3581.6402135602875;4661.026319299626
22/06/2024 16:00:00;3639.594140050325;5151.479824627206
22/06/2024 16:30:00;1884.287310421253;2755.770732502112
22/06/2024 17:00:00;128.98048079218097;360.0616403770182
22/06/2024 17:30:00;64.49024039609048;275.7808915799217
22/06/2024 18:00:00;0.0;191.50014278282507
22/06/2024 18:30:00;0.0;103.8456971392687
22/06/2024 19:00:00;0.0;16.191251495712336
22/06/2024 19:30:00;0.0;60.03026958280598
22/06/2024 20:00:00;0.0;0.0
22/06/2024 20:30:00;0.0;0.0
22/06/2024 21:00:00;0.0;0.0
22/06/2024 21:30:00;0.0;0.0
22/06/2024 22:00:00;0.0;0.0
22/06/2024 22:30:00;0.0;0.0
22/06/2024 23:00:00;0.0;0.0
22/06/2024 23:30:00;0.0;0.0
23/06/2024 00:00:00;0.0;0.0
23/06/2024 00:30:00;0.0;0.0
23/06/2024 01:00:00;0.0;0.0
23/06/2024 01:30:00;0.0;0.0
23/06/2024 02:00:00;0.0;0.0
23/06/2024 02:30:00;0.0;0.0
23/06/2024 03:00:00;0.0;0.0
23/06/2024 03:30:00;0.0;0.0
23/06/2024 04:00:00;0.0;805.2935770633977
23/06/2024 04:30:00;0.0;1890.3282300484295
23/06/2024 05:00:00;0.0;2975.3628830334615
23/06/2024 05:30:00;504.94694874822284;5478.389225035846
23/06/2024 06:00:00;1009.8938974964457;7981.41556703823
23/06/2024 06:30:00;3285.350311194982;11755.140800611778
23/06/2024 07:00:00;5560.806724893519;15528.866034185325
23/06/2024 07:30:00;8973.895900646956;18694.656895373686
23/06/2024 08:00:00;12386.985076400393;21860.44775656205
23/06/2024 08:30:00;16996.773947240916;25576.348927148785
23/06/2024 09:00:00;21606.56281808144;29292.250097735516
23/06/2024 09:30:00;24450.05792298511;30519.325501198826
23/06/2024 10:00:00;27293.553027888785;31746.400904662132
23/06/2024 10:30:00;30021.049308737525;33581.14937651278
23/06/2024 11:00:00;32748.545589586265;35415.89784836344
23/06/2024 11:30:00;30449.02944922046;32788.43193970523
23/06/2024 12:00:00;28149.513308854654;30160.96603104703
23/06/2024 12:30:00;27629.42940882884;29738.219829112644
23/06/2024 13:00:00;27109.34550880303;29315.473627178253
23/06/2024 13:30:00;21362.25548460355;23331.457040454996
23/06/2024 14:00:00;15615.165460404065;17347.44045373173
23/06/2024 14:30:00;9863.421916735471;11105.519125476676
23/06/2024 15:00:00;4111.6783730668785;4863.5977972216215
23/06/2024 15:30:00;4213.493422154683;5480.7436641130835
23/06/2024 16:00:00;4315.308471242488;6097.889531004546
23/06/2024 16:30:00;2621.8720209631283;4337.162876536752
23/06/2024 17:00:00;928.4355706837687;2576.436222068958
23/06/2024 17:30:00;464.21778534188434;1670.9210035161484
23/06/2024 18:00:00;0.0;765.4057849633381
23/06/2024 18:30:00;0.0;415.13465372161136
23/06/2024 19:00:00;0.0;64.86352247988467
23/06/2024 19:30:00;0.0;105.99641402996282
23/06/2024 20:00:00;0.0;0.0
23/06/2024 20:30:00;0.0;0.0
23/06/2024 21:00:00;0.0;0.0
23/06/2024 21:30:00;0.0;0.0
23/06/2024 22:00:00;0.0;0.0
23/06/2024 22:30:00;0.0;0.0
23/06/2024 23:00:00;0.0;0.0
23/06/2024 23:30:00;0.0;0.0
24/06/2024 00:00:00;0.0;0.0
24/06/2024 00:30:00;0.0;0.0
24/06/2024 01:00:00;0.0;0.0
24/06/2024 01:30:00;0.0;0.0
24/06/2024 02:00:00;0.0;0.0
24/06/2024 02:30:00;0.0;0.0
24/06/2024 03:00:00;0.0;0.0
24/06/2024 03:30:00;0.0;0.0
24/06/2024 04:00:00;0.0;805.2555703812915
24/06/2024 04:30:00;0.0;1533.861972253961
24/06/2024 05:00:00;0.0;2262.468374126631
24/06/2024 05:30:00;515.9150615881315;5236.059823521298
24/06/2024 06:00:00;1031.830123176263;8209.651272915964
24/06/2024 06:30:00;3398.1418592447135;12170.456542601025
24/06/2024 07:00:00;5764.4535953131635;16131.261812286088
24/06/2024 07:30:00;9632.598821569014;19992.792836819095
24/06/2024 08:00:00;13500.744047824863;23854.3238613521
24/06/2024 08:30:00;18003.73003691624;27192.513860822437
24/06/2024 09:00:00;22506.716026007616;30530.703860292775
24/06/2024 09:30:00;26371.530847914422;32854.36922450022
24/06/2024 10:00:00;30236.345669821225;35178.03458870766
24/06/2024 10:30:00;32417.055656017892;36297.09686294517
24/06/2024 11:00:00;34597.76564221456;37416.159137182665
24/06/2024 11:30:00;34405.357834742164;37034.275200409975
24/06/2024 12:00:00;34212.95002726976;36652.391263637284
24/06/2024 12:30:00;31486.123952845515;33872.372822170226
24/06/2024 13:00:00;28759.29787842127;31092.354380703156
24/06/2024 13:30:00;25331.2242959987;27708.41459075292
24/06/2024 14:00:00;21903.15071357613;24324.474800802687
24/06/2024 14:30:00;17430.107420016484;19820.612778444247
24/06/2024 15:00:00;12957.064126456838;15316.750756085808
24/06/2024 15:30:00;9137.92504865972;11410.188019240924
24/06/2024 16:00:00;5318.785970862601;7503.6252823960385
24/06/2024 16:30:00;3129.38966134115;5048.986678446795
24/06/2024 17:00:00;939.9933518196991;2594.3480744975504
24/06/2024 17:30:00;469.99667590984956;1679.4311651969404
24/06/2024 18:00:00;0.0;764.51425589633
24/06/2024 18:30:00;0.0;414.6434130671709
24/06/2024 19:00:00;0.0;64.7725702380118
24/06/2024 19:30:00;0.0;105.908028980122
24/06/2024 20:00:00;0.0;0.0
24/06/2024 20:30:00;0.0;0.0
24/06/2024 21:00:00;0.0;0.0
24/06/2024 21:30:00;0.0;0.0
24/06/2024 22:00:00;0.0;0.0
24/06/2024 22:30:00;0.0;0.0
24/06/2024 23:00:00;0.0;0.0
24/06/2024 23:30:00;0.0;0.0
25/06/2024 00:00:00;0.0;0.0
25/06/2024 00:30:00;0.0;0.0
25/06/2024 01:00:00;0.0;0.0
25/06/2024 01:30:00;0.0;0.0
25/06/2024 02:00:00;0.0;0.0
25/06/2024 02:30:00;0.0;0.0
25/06/2024 03:00:00;0.0;0.0
25/06/2024 03:30:00;0.0;0.0
25/06/2024 04:00:00;0.0;805.2108275959956
25/06/2024 04:30:00;0.0;1471.9952414655859
25/06/2024 05:00:00;0.0;2138.7796553351764
25/06/2024 05:30:00;516.1982896220545;5204.709523054595
25/06/2024 06:00:00;1032.396579244109;8270.639390774013
25/06/2024 06:30:00;3426.321154800664;12296.10344492693
25/06/2024 07:00:00;5820.245730357218;16321.567499079845
25/06/2024 07:30:00;9728.800341178583;20222.731309959217
25/06/2024 08:00:00;13637.354951999952;24123.89512083859
25/06/2024 08:30:00;18149.521410317135;27441.720157447122
25/06/2024 09:00:00;22661.68786863432;30759.545194055656
25/06/2024 09:30:00;26464.63296399521;32991.07767762265
25/06/2024 10:00:00;30267.578059356096;35222.610161189645
25/06/2024 10:30:00;32473.538040282987;36362.71182391454
25/06/2024 11:00:00;34679.49802120988;37502.81348663945
25/06/2024 11:30:00;34584.89126217405;37222.46824625959
25/06/2024 12:00:00;34490.28450313823;36942.12300587973
25/06/2024 12:30:00;32147.53707610105;34578.59852580609
25/06/2024 13:00:00;29804.78964906387;32215.074045732457
25/06/2024 13:30:00;25965.989412985786;28389.244450563972
25/06/2024 14:00:00;22127.189176907694;24563.414855395484
25/06/2024 14:30:00;17613.134164319374;20018.724951091463
25/06/2024 15:00:00;13099.07915173105;15474.035046787443
25/06/2024 15:30:00;9244.110183762055;11532.275963858508
25/06/2024 16:00:00;5389.14121579306;7590.516880929573
25/06/2024 16:30:00;3171.5560463612183;5104.05117117153
25/06/2024 17:00:00;953.9708769293769;2617.5854614134873
25/06/2024 17:30:00;476.98543846468846;1684.054367692532
25/06/2024 18:00:00;0.0;750.5232739715764
25/06/2024 18:30:00;0.0;423.71213027071303
25/06/2024 19:00:00;0.0;96.90098656984968
25/06/2024 19:30:00;0.0;134.53228506332334
25/06/2024 20:00:00;0.0;0.0
25/06/2024 20:30:00;0.0;0.0
25/06/2024 21:00:00;0.0;0.0
25/06/2024 21:30:00;0.0;0.0
25/06/2024 22:00:00;0.0;0.0
25/06/2024 22:30:00;0.0;0.0
25/06/2024 23:00:00;0.0;0.0
25/06/2024 23:30:00;0.0;0.0
26/06/2024 00:00:00;0.0;0.0
26/06/2024 00:30:00;0.0;0.0
26/06/2024 01:00:00;0.0;0.0
26/06/2024 01:30:00;0.0;0.0
26/06/2024 02:00:00;0.0;0.0
26/06/2024 02:30:00;0.0;0.0
26/06/2024 03:00:00;0.0;0.0
26/06/2024 03:30:00;0.0;0.0
26/06/2024 04:00:00;0.0;774.2643594523755
26/06/2024 04:30:00;0.0;1611.3984010048125
26/06/2024 05:00:00;0.0;2448.5324425572494
26/06/2024 05:30:00;497.4538098291042;5232.992263100624
26/06/2024 06:00:00;994.9076196582084;8017.452083643998
26/06/2024 06:30:00;3278.2964874736745;11823.453397087696
26/06/2024 07:00:00;5561.685355289141;15629.454710531392
26/06/2024 07:30:00;9421.971832551637;19574.461591384592
26/06/2024 08:00:00;13282.258309814131;23519.468472237782
26/06/2024 08:30:00;17680.505931483094;26750.74676232978
26/06/2024 09:00:00;22078.75355315206;29982.025052421784
26/06/2024 09:30:00;25546.460239361462;31874.974631512934
26/06/2024 10:00:00;29014.166925570862;33767.924210604084
26/06/2024 10:30:00;31409.332931451496;35160.01228074959
26/06/2024 11:00:00;33804.49893733213;36552.1003508951
26/06/2024 11:30:00;33825.11960663772;36398.209836277696
26/06/2024 12:00:00;33845.740275943324;36244.31932166029
26/06/2024 12:30:00;31620.370630221092;34004.165071631134
26/06/2024 13:00:00;29395.000984498864;31764.010821601976
26/06/2024 13:30:00;25445.837369904086;27807.73452310544
26/06/2024 14:00:00;21496.673755309308;23851.458224608894
26/06/2024 14:30:00;17122.03008814582;19449.097063095247
26/06/2024 15:00:00;12747.38642098233;15046.735901581596
26/06/2024 15:30:00;9029.417603814;11256.826060981697
26/06/2024 16:00:00;5311.44878664567;7466.916220381798
26/06/2024 16:30:00;3134.2178707847725;5037.612274006703
26/06/2024 17:00:00;956.9869549238749;2608.308327631609
26/06/2024 17:30:00;478.49347746193746;1767.5473633404445
26/06/2024 18:00:00;0.0;926.7863990492804
26/06/2024 18:30:00;0.0;544.0370250233641
26/06/2024 19:00:00;0.0;161.2876509974479
26/06/2024 19:30:00;0.0;190.16761290793485
26/06/2024 20:00:00;0.0;0.0
26/06/2024 20:30:00;0.0;0.0
26/06/2024 21:00:00;0.0;0.0
26/06/2024 21:30:00;0.0;0.0
26/06/2024 22:00:00;0.0;0.0
26/06/2024 22:30:00;0.0;0.0
26/06/2024 23:00:00;0.0;0.0
26/06/2024 23:30:00;0.0;0.0
27/06/2024 00:00:00;0.0;0.0
27/06/2024 00:30:00;0.0;0.0
27/06/2024 01:00:00;0.0;0.0
27/06/2024 01:30:00;0.0;0.0
27/06/2024 02:00:00;0.0;0.0
27/06/2024 02:30:00;0.0;0.0
27/06/2024 03:00:00;0.0;0.0
27/06/2024 03:30:00;0.0;0.0
27/06/2024 04:00:00;0.0;681.1269653862129
27/06/2024 04:30:00;0.0;1022.4103991421928
27/06/2024 05:00:00;0.0;1363.6938328981728
27/06/2024 05:30:00;221.87714129281594;2484.115608878686
27/06/2024 06:00:00;443.75428258563187;3604.5373848592
27/06/2024 06:30:00;2768.497715783203;8971.834831031636
27/06/2024 07:00:00;5093.241148980774;14339.132277204071
27/06/2024 07:30:00;8145.718079455372;17092.54201406066
27/06/2024 08:00:00;11198.19500992997;19845.95175091725
27/06/2024 08:30:00;13265.818113908585;20338.951298232885
27/06/2024 09:00:00;15333.441217887195;20831.95084554852
27/06/2024 09:30:00;19777.218110294943;24512.335042642855
27/06/2024 10:00:00;24220.995002702693;28192.71923973719
27/06/2024 10:30:00;26482.881137123233;29634.73553773899
27/06/2024 11:00:00;28744.767271543773;31076.751835740786
27/06/2024 11:30:00;30267.81548386934;32554.674864866975
27/06/2024 12:00:00;31790.863696194912;34032.59789399316
27/06/2024 12:30:00;28996.607637032386;31167.898504136057
27/06/2024 13:00:00;26202.351577869864;28303.199114278952
27/06/2024 13:30:00;22353.957458114415;24412.787378191217
27/06/2024 14:00:00;18505.563338358967;20522.375642103474
27/06/2024 14:30:00;15433.438804059706;17549.890096308096
27/06/2024 15:00:00;12361.314269760445;14577.40455051272
27/06/2024 15:30:00;8812.91416515542;10981.179962508346
27/06/2024 16:00:00;5264.514060550395;7384.955374503971
27/06/2024 16:30:00;3113.555722406511;4996.14572428601
27/06/2024 17:00:00;962.5973842626278;2607.336074068049
27/06/2024 17:30:00;481.2986921313139;1702.737543799624
27/06/2024 18:00:00;0.0;798.1390135311992
27/06/2024 18:30:00;0.0;479.5735736655068
27/06/2024 19:00:00;0.0;161.00813379981435
27/06/2024 19:30:00;0.0;162.38645611993545
27/06/2024 20:00:00;0.0;0.0
27/06/2024 20:30:00;0.0;0.0
27/06/2024 21:00:00;0.0;0.0
27/06/2024 21:30:00;0.0;0.0
27/06/2024 22:00:00;0.0;0.0
27/06/2024 22:30:00;0.0;0.0
27/06/2024 23:00:00;0.0;0.0
27/06/2024 23:30:00;0.0;0.0
28/06/2024 00:00:00;0.0;0.0
28/06/2024 00:30:00;0.0;0.0
28/06/2024 01:00:00;0.0;0.0
28/06/2024 01:30:00;0.0;0.0
28/06/2024 02:00:00;0.0;0.0
28/06/2024 02:30:00;0.0;0.0
28/06/2024 03:00:00;0.0;0.0
28/06/2024 03:30:00;0.0;0.0
28/06/2024 04:00:00;0.0;185.81793556199418
28/06/2024 04:30:00;0.0;681.7858553080428
28/06/2024 05:00:00;0.0;1177.7537750540912
28/06/2024 05:30:00;129.4995962413697;1647.1962593486987
28/06/2024 06:00:00;258.9991924827394;2116.6387436433065
28/06/2024 06:30:00;1247.9675070978965;4213.883645660344
28/06/2024 07:00:00;2236.9358217130534;6311.128547677381
28/06/2024 07:30:00;5520.363076096682;10963.427902872749
28/06/2024 08:00:00;8803.79033048031;15615.727258068116
28/06/2024 08:30:00;13124.880878486605;19662.6774998269
28/06/2024 09:00:00;17445.9714264929;23709.627741585682
28/06/2024 09:30:00;21710.089346756948;26972.2863565396
28/06/2024 10:00:00;25974.207267020993;30234.94497149352
28/06/2024 10:30:00;24409.034928177887;27463.590789682698
28/06/2024 11:00:00;22843.862589334778;24692.236607871873
28/06/2024 11:30:00;24373.920689108163;26206.85704549706
28/06/2024 12:00:00;25903.978788881544;27721.477483122246
28/06/2024 12:30:00;26395.422639666598;28376.47801527503
28/06/2024 13:00:00;26886.86649045165;29031.478547427818
28/06/2024 13:30:00;24099.624246284555;26326.13706688493
28/06/2024 14:00:00;21312.382002117458;23620.79558634205
28/06/2024 14:30:00;17017.0105018878;19304.573997349078
28/06/2024 15:00:00;12721.639001658137;14988.352408356108
28/06/2024 15:30:00;8961.971417858309;11135.148541741828
28/06/2024 16:00:00;5202.303834058483;7281.944675127549
28/06/2024 16:30:00;3084.9253021600102;4943.250651654344
28/06/2024 17:00:00;967.5467702615371;2604.556628181139
28/06/2024 17:30:00;483.77338513076853;1706.7622626920095
28/06/2024 18:00:00;0.0;808.96789720288
28/06/2024 18:30:00;0.0;476.7164103248269
28/06/2024 19:00:00;0.0;144.46492344677384
28/06/2024 19:30:00;0.0;148.47899113402443
28/06/2024 20:00:00;0.0;0.0
28/06/2024 20:30:00;0.0;0.0
28/06/2024 21:00:00;0.0;0.0
28/06/2024 21:30:00;0.0;0.0
28/06/2024 22:00:00;0.0;0.0
28/06/2024 22:30:00;0.0;0.0
28/06/2024 23:00:00;0.0;0.0
28/06/2024 23:30:00;0.0;0.0
29/06/2024 00:00:00;0.0;0.0
29/06/2024 00:30:00;0.0;0.0
29/06/2024 01:00:00;0.0;0.0
29/06/2024 01:30:00;0.0;0.0
29/06/2024 02:00:00;0.0;0.0
29/06/2024 02:30:00;0.0;0.0
29/06/2024 03:00:00;0.0;0.0
29/06/2024 03:30:00;0.0;0.0
29/06/2024 04:00:00;0.0;216.7181418172846
29/06/2024 04:30:00;0.0;1410.2622017660356
29/06/2024 05:00:00;0.0;2603.8062617147866
29/06/2024 05:30:00;477.3203496008655;5227.085031836534
29/06/2024 06:00:00;954.640699201731;7850.363801958279
29/06/2024 06:30:00;3145.66984370904;11467.322206178636
29/06/2024 07:00:00;5336.698988216349;15084.280610398993
29/06/2024 07:30:00;8895.113357710594;18597.581518779207
29/06/2024 08:00:00;12453.527727204839;22110.88242715942
29/06/2024 08:30:00;16706.62750091608;25304.000864310925
29/06/2024 09:00:00;20959.727274627323;28497.119301462433
29/06/2024 09:30:00;22426.14690224634;28154.46264440009
29/06/2024 10:00:00;23892.566529865348;27811.80598733775
29/06/2024 10:30:00;26361.443491252783;29484.37467137823
29/06/2024 11:00:00;28830.32045264022;31156.943355418716
29/06/2024 11:30:00;22111.104900314713;23811.682470514363
29/06/2024 12:00:00;15391.88934798921;16466.421585610005
29/06/2024 12:30:00;18559.894612064163;19959.23356142154
29/06/2024 13:00:00;21727.89987613912;23452.04553723308
29/06/2024 13:30:00;21100.932447955853;23064.38813132143
29/06/2024 14:00:00;20473.96501977259;22676.730725409783
29/06/2024 14:30:00;15894.570814979736;17997.127073102645
29/06/2024 15:00:00;11315.17661018688;13317.523420795509
29/06/2024 15:30:00;7421.6372898977415;9122.004299293347
29/06/2024 16:00:00;3528.097969608604;4926.4851777911845
29/06/2024 16:30:00;2074.345373487388;3292.665265392265
29/06/2024 17:00:00;620.592777366171;1658.8453529933454
29/06/2024 17:30:00;310.2963886830855;905.0725699988145
29/06/2024 18:00:00;0.0;151.29978700428364
29/06/2024 18:30:00;0.0;83.64909914716789
29/06/2024 19:00:00;0.0;15.998411290052122
29/06/2024 19:30:00;0.0;23.715081068223455
29/06/2024 20:00:00;0.0;0.0
29/06/2024 20:30:00;0.0;0.0
29/06/2024 21:00:00;0.0;0.0
29/06/2024 21:30:00;0.0;0.0
29/06/2024 22:00:00;0.0;0.0
29/06/2024 22:30:00;0.0;0.0
29/06/2024 23:00:00;0.0;0.0
29/06/2024 23:30:00;0.0;0.0
30/06/2024 00:00:00;0.0;0.0
30/06/2024 00:30:00;0.0;0.0
30/06/2024 01:00:00;0.0;0.0
30/06/2024 01:30:00;0.0;0.0
30/06/2024 02:00:00;0.0;0.0
30/06/2024 02:30:00;0.0;0.0
30/06/2024 03:00:00;0.0;0.0
30/06/2024 03:30:00;0.0;0.0
30/06/2024 04:00:00;0.0;154.89846729713616
30/06/2024 04:30:00;0.0;309.85162514020755
30/06/2024 05:00:00;0.0;464.8047829832789
30/06/2024 05:30:00;103.81025991465006;1092.316747446945
30/06/2024 06:00:00;207.62051982930012;1719.8287119106112
30/06/2024 06:30:00;688.0796708840336;2513.916056698778
30/06/2024 07:00:00;1168.5388219387671;3308.0034014869448
30/06/2024 07:30:00;1748.0166532593357;3721.5765490312397
30/06/2024 08:00:00;2327.494484579904;4135.149696575535
30/06/2024 08:30:00;3462.858739778843;5194.346626876325
30/06/2024 09:00:00;4598.222994977781;6253.543557177116
30/06/2024 09:30:00;9626.674370564384;11655.866072448669
30/06/2024 10:00:00;14655.125746150989;17058.188587720226
30/06/2024 10:30:00;7327.562873075494;8529.094293860113
30/06/2024 11:00:00;0.0;0.0
30/06/2024 11:30:00;4513.834905781748;4826.767077287981
30/06/2024 12:00:00;9027.669811563495;9653.534154575962
30/06/2024 12:30:00;10237.313538083952;11001.595362145212
30/06/2024 13:00:00;11446.95726460441;12349.656569714463
30/06/2024 13:30:00;8833.209213942222;9616.698465494066
30/06/2024 14:00:00;6219.461163280033;6883.74036127367
30/06/2024 14:30:00;8148.2535137532195;9365.357596821459
30/06/2024 15:00:00;10077.045864226408;11846.974832369247
30/06/2024 15:30:00;6243.280457064263;7601.684020513877
30/06/2024 16:00:00;2409.515049902119;3356.393208658506
30/06/2024 16:30:00;1583.5342236336057;2683.5851409398188
30/06/2024 17:00:00;757.5533973650927;2010.7770732211322
30/06/2024 17:30:00;378.77669868254634;1105.904033296626
30/06/2024 18:00:00;0.0;201.03099337211987
30/06/2024 18:30:00;0.0;108.49597149009988
30/06/2024 19:00:00;0.0;15.96094960807988
30/06/2024 19:30:00;0.0;54.64945821177335
30/06/2024 20:00:00;0.0;0.0
30/06/2024 20:30:00;0.0;0.0
30/06/2024 21:00:00;0.0;0.0
30/06/2024 21:30:00;0.0;0.0
30/06/2024 22:00:00;0.0;0.0
30/06/2024 22:30:00;0.0;0.0
30/06/2024 23:00:00;0.0;0.0
30/06/2024 23:30:00;0.0;0.0
01/07/2024 00:00:00;0.0;0.0
01/07/2024 00:30:00;0.0;0.0
01/07/2024 01:00:00;0.0;0.0
01/07/2024 01:30:00;0.0;0.0
01/07/2024 02:00:00;0.0;0.0
01/07/2024 02:30:00;0.0;0.0
01/07/2024 03:00:00;0.0;0.0
01/07/2024 03:30:00;0.0;0.0
01/07/2024 04:00:00;0.0;712.3541044745624
01/07/2024 04:30:00;0.0;1689.1256888831247
01/07/2024 05:00:00;0.0;2665.897273291687
01/07/2024 05:30:00;467.81669068060074;5233.014037597761
01/07/2024 06:00:00;935.6333813612015;7800.130801903834
01/07/2024 06:30:00;3224.432029810133;11718.202933280427
01/07/2024 07:00:00;5513.230678259064;15636.275064657022
01/07/2024 07:30:00;8785.710037380899;18538.3890330614
01/07/2024 08:00:00;12058.189396502736;21440.503001465786
01/07/2024 08:30:00;14297.413913789786;21967.737512310152
01/07/2024 09:00:00;16536.638431076834;22494.972023154525
01/07/2024 09:30:00;19684.245495741136;24533.732221540762
01/07/2024 10:00:00;22831.852560405438;26572.492419927
01/07/2024 10:30:00;19457.33265161314;21971.189918664833
01/07/2024 11:00:00;16082.812742820837;17369.887417402664
01/07/2024 11:30:00;12511.576648901637;13462.858400075924
01/07/2024 12:00:00;8940.340554982437;9555.829382749183
01/07/2024 12:30:00;8697.679733610174;9336.384428843478
01/07/2024 13:00:00;8455.018912237914;9116.939474937772
01/07/2024 13:30:00;9197.65499579988;10055.307066883895
01/07/2024 14:00:00;9940.291079361847;10993.67465883002
01/07/2024 14:30:00;8426.232931678274;9555.166147949678
01/07/2024 15:00:00;6912.174783994703;8116.657637069336
01/07/2024 15:30:00;5315.9699778229515;6642.120660454703
01/07/2024 16:00:00;3719.765171651201;5167.58368384007
01/07/2024 16:30:00;2121.478492705559;3273.603059316265
01/07/2024 17:00:00;523.1918137599163;1379.62243479246
01/07/2024 17:30:00;261.59590687995814;852.6592361315043
01/07/2024 18:00:00;0.0;325.6960374705488
01/07/2024 18:30:00;0.0;170.809599707307
01/07/2024 19:00:00;0.0;15.92316194406521
01/07/2024 19:30:00;0.0;20.19044474285012
01/07/2024 20:00:00;0.0;0.0
01/07/2024 20:30:00;0.0;0.0
01/07/2024 21:00:00;0.0;0.0
01/07/2024 21:30:00;0.0;0.0
01/07/2024 22:00:00;0.0;0.0
01/07/2024 22:30:00;0.0;0.0
01/07/2024 23:00:00;0.0;0.0
01/07/2024 23:30:00;0.0;0.0
02/07/2024 00:00:00;0.0;0.0
02/07/2024 00:30:00;0.0;0.0
02/07/2024 01:00:00;0.0;0.0
02/07/2024 01:30:00;0.0;0.0
02/07/2024 02:00:00;0.0;0.0
02/07/2024 02:30:00;0.0;0.0
02/07/2024 03:00:00;0.0;0.0
02/07/2024 03:30:00;0.0;0.0
02/07/2024 04:00:00;0.0;92.73425232219358
02/07/2024 04:30:00;0.0;542.3317385353137
02/07/2024 05:00:00;0.0;991.929224748434
02/07/2024 05:30:00;195.3031011239929;2133.1369269186007
02/07/2024 06:00:00;390.6062022479858;3274.3446290887678
02/07/2024 06:30:00;2067.333612599214;6954.775784023821
02/07/2024 07:00:00;3744.0610229504423;10635.206938958876
02/07/2024 07:30:00;5255.179321231095;11336.999796479886
02/07/2024 08:00:00;6766.297619511748;12038.792654000898
02/07/2024 08:30:00;12975.165686346178;19070.01815749834
02/07/2024 09:00:00;19184.033753180607;26101.24366099578
02/07/2024 09:30:00;20263.134055035607;25468.353876529036
02/07/2024 10:00:00;21342.234356890607;24835.464092062295
02/07/2024 10:30:00;23941.322263438225;26744.654719447062
02/07/2024 11:00:00;26540.410169985844;28653.845346831833
02/07/2024 11:30:00;29616.111377588906;31789.16927903664
02/07/2024 12:00:00;32691.812585191972;34924.49321124145
02/07/2024 12:30:00;29936.471402848543;32108.23149157891
02/07/2024 13:00:00;27181.130220505107;29291.969771916374
02/07/2024 13:30:00;24060.014373480146;26215.543335656123
02/07/2024 14:00:00;20938.89852645518;23139.11689939587
02/07/2024 14:30:00;16473.880835444732;18610.62332282451
02/07/2024 15:00:00;12008.863144434285;14082.129746253147
02/07/2024 15:30:00;8690.20181241499;10762.162270591729
02/07/2024 16:00:00;5371.540480395699;7442.1947949303085
02/07/2024 16:30:00;3183.943535104832;5025.024422914896
02/07/2024 17:00:00;996.3465898139641;2607.8540508994824
02/07/2024 17:30:00;498.17329490698205;1778.498790823828
02/07/2024 18:00:00;0.0;949.1435307481731
02/07/2024 18:30:00;0.0;554.1816890245758
02/07/2024 19:00:00;0.0;159.2198473009785
02/07/2024 19:30:00;0.0;155.52660112046252
02/07/2024 20:00:00;0.0;0.0
02/07/2024 20:30:00;0.0;0.0
02/07/2024 21:00:00;0.0;0.0
02/07/2024 21:30:00;0.0;0.0
02/07/2024 22:00:00;0.0;0.0
02/07/2024 22:30:00;0.0;0.0
02/07/2024 23:00:00;0.0;0.0
02/07/2024 23:30:00;0.0;0.0
03/07/2024 00:00:00;0.0;0.0
03/07/2024 00:30:00;0.0;0.0
03/07/2024 01:00:00;0.0;0.0
03/07/2024 01:30:00;0.0;0.0
03/07/2024 02:00:00;0.0;0.0
03/07/2024 02:30:00;0.0;0.0
03/07/2024 03:00:00;0.0;0.0
03/07/2024 03:30:00;0.0;0.0
03/07/2024 04:00:00;0.0;92.74141605169088
03/07/2024 04:30:00;0.0;542.3602084866184
03/07/2024 05:00:00;0.0;991.9790009215459
03/07/2024 05:30:00;330.54212456647286;3285.114078293826
03/07/2024 06:00:00;661.0842491329457;5578.249155666107
03/07/2024 06:30:00;2535.4347125045147;9063.923800726097
03/07/2024 07:00:00;4409.7851758760835;12549.598445786085
03/07/2024 07:30:00;7036.900776951073;14877.369918206434
03/07/2024 08:00:00;9664.016378026063;17205.141390626784
03/07/2024 08:30:00;15751.871946319427;23462.647384814933
03/07/2024 09:00:00;21839.72751461279;29720.153379003084
03/07/2024 09:30:00;23517.163241737333;29515.73559330039
03/07/2024 10:00:00;25194.598968861876;29311.317807597698
03/07/2024 10:30:00;25219.375044483106;28277.05218805033
03/07/2024 11:00:00;25244.151120104332;27242.786568502965
03/07/2024 11:30:00;16507.172115819023;17769.691828132993
03/07/2024 12:00:00;7770.19311153372;8296.597087763023
03/07/2024 12:30:00;14889.257197270486;16000.112176364059
03/07/2024 13:00:00;22008.321283007255;23703.627264965096
03/07/2024 13:30:00;16185.570707455432;17572.46470296528
03/07/2024 14:00:00;10362.820131903607;11441.302140965468
03/07/2024 14:30:00;11378.440219494085;12977.609039563004
03/07/2024 15:00:00;12394.060307084561;14513.915938160542
03/07/2024 15:30:00;8901.450718172544;10993.827845247113
03/07/2024 16:00:00;5408.841129260527;7473.739752333688
03/07/2024 16:30:00;3208.309491606567;5047.407877391627
03/07/2024 17:00:00;1007.7778539526063;2621.076002449566
03/07/2024 17:30:00;503.88892697630314;1721.1723315079548
03/07/2024 18:00:00;0.0;821.2686605663433
03/07/2024 18:30:00;0.0;490.02982870725083
03/07/2024 19:00:00;0.0;158.7909968481583
03/07/2024 19:30:00;0.0;180.94530302283795
03/07/2024 20:00:00;0.0;0.0
03/07/2024 20:30:00;0.0;0.0
03/07/2024 21:00:00;0.0;0.0
03/07/2024 21:30:00;0.0;0.0
03/07/2024 22:00:00;0.0;0.0
03/07/2024 22:30:00;0.0;0.0
03/07/2024 23:00:00;0.0;0.0
03/07/2024 23:30:00;0.0;0.0
04/07/2024 00:00:00;0.0;0.0
04/07/2024 00:30:00;0.0;0.0
04/07/2024 01:00:00;0.0;0.0
04/07/2024 01:30:00;0.0;0.0
04/07/2024 02:00:00;0.0;0.0
04/07/2024 02:30:00;0.0;0.0
04/07/2024 03:00:00;0.0;0.0
04/07/2024 03:30:00;0.0;0.0
04/07/2024 04:00:00;0.0;557.5685079923919
04/07/2024 04:30:00;0.0;1379.4762269020657
04/07/2024 05:00:00;0.0;2201.3839458117395
04/07/2024 05:30:00;404.83695553488315;4539.390257522045
04/07/2024 06:00:00;809.6739110697663;6877.39656923235
04/07/2024 06:30:00;2636.2595925735814;9797.040876912437
04/07/2024 07:00:00;4462.845274077396;12716.685184592525
04/07/2024 07:30:00;4998.779761800061;11288.194151189638
04/07/2024 08:00:00;5534.714249522726;9859.703117786756
04/07/2024 08:30:00;10426.233911609797;15353.238239581493
04/07/2024 09:00:00;15317.75357369687;20846.77336137623
04/07/2024 09:30:00;19788.96585611626;24531.879297348463
04/07/2024 10:00:00;24260.178138535655;28216.985233320698
04/07/2024 10:30:00;24652.31873152294;27615.62510857883
04/07/2024 11:00:00;25044.459324510222;27014.264983836965
04/07/2024 11:30:00;17000.586653853385;18286.133502014836
04/07/2024 12:00:00;8956.713983196549;9558.002020192707
04/07/2024 12:30:00;12255.222972270638;13149.417901165414
04/07/2024 13:00:00;15553.731961344729;16740.833782138125
04/07/2024 13:30:00;17407.633490565655;18993.28560713765
04/07/2024 14:00:00;19261.535019786574;21245.73743213717
04/07/2024 14:30:00;16179.73806609816;18281.46565054495
04/07/2024 15:00:00;13097.941112409744;15317.19386895273
04/07/2024 15:30:00;9222.477029133543;11341.777675571639
04/07/2024 16:00:00;5347.012945857339;7366.361482190548
04/07/2024 16:30:00;3175.402647775753;4979.239399848565
04/07/2024 17:00:00;1003.7923496941664;2592.1173175065837
04/07/2024 17:30:00;501.8961748470832;1661.6357887758754
04/07/2024 18:00:00;0.0;731.1542600451673
04/07/2024 18:30:00;0.0;436.766384352743
04/07/2024 19:00:00;0.0;142.3785086603186
04/07/2024 19:30:00;0.0;160.2739820575488
04/07/2024 20:00:00;0.0;0.0
04/07/2024 20:30:00;0.0;0.0
04/07/2024 21:00:00;0.0;0.0
04/07/2024 21:30:00;0.0;0.0
04/07/2024 22:00:00;0.0;0.0
04/07/2024 22:30:00;0.0;0.0
04/07/2024 23:00:00;0.0;0.0
04/07/2024 23:30:00;0.0;0.0
05/07/2024 00:00:00;0.0;0.0
05/07/2024 00:30:00;0.0;0.0
05/07/2024 01:00:00;0.0;0.0
05/07/2024 01:30:00;0.0;0.0
05/07/2024 02:00:00;0.0;0.0
05/07/2024 02:30:00;0.0;0.0
05/07/2024 03:00:00;0.0;0.0
05/07/2024 03:30:00;0.0;0.0
05/07/2024 04:00:00;0.0;464.49702981046175
05/07/2024 04:30:00;0.0;1565.4484104901858
05/07/2024 05:00:00;0.0;2666.3997911699103
05/07/2024 05:30:00;172.309027945966;2805.153919695265
05/07/2024 06:00:00;344.618055891932;2943.9080482206205
05/07/2024 06:30:00;172.309027945966;1471.9540241103102
05/07/2024 07:00:00;0.0;0.0
05/07/2024 07:30:00;5800.9940078795225;10338.47535606162
05/07/2024 08:00:00;11601.988015759045;20676.95071212324
05/07/2024 08:30:00;16230.343100787119;24531.62741432431
05/07/2024 09:00:00;20858.698185815192;28386.304116525378
05/07/2024 09:30:00;25189.84179860412;31355.74779891197
05/07/2024 10:00:00;29520.98541139304;34325.191481298556
05/07/2024 10:30:00;32025.0582063128;35775.3817938646
05/07/2024 11:00:00;34529.131001232556;37225.572106430656
05/07/2024 11:30:00;34610.85360850879;37111.79052100255
05/07/2024 12:00:00;34692.576215785026;36998.00893557444
05/07/2024 12:30:00;32307.009608490196;34590.99759714761
05/07/2024 13:00:00;29921.443001195366;32183.986258720764
05/07/2024 13:30:00;26071.777753653656;28335.235661571078
05/07/2024 14:00:00;22222.112506111942;24486.485064421384
05/07/2024 14:30:00;17673.71835110124;19905.426752993382
05/07/2024 15:00:00;13125.324196090542;15324.368441565386
05/07/2024 15:30:00;9241.624997830078;11340.982578530711
05/07/2024 16:00:00;5357.925799569614;7357.596715496037
05/07/2024 16:30:00;3188.204565975589;4983.9081649573955
05/07/2024 17:00:00;1018.4833323815632;2610.2196144187533
05/07/2024 17:30:00;509.2416661907816;1675.448940316001
05/07/2024 18:00:00;0.0;740.6782662132484
05/07/2024 18:30:00;0.0;441.3337943460805
05/07/2024 19:00:00;0.0;141.9893224789125
05/07/2024 19:30:00;0.0;146.14602520899743
05/07/2024 20:00:00;0.0;0.0
05/07/2024 20:30:00;0.0;0.0
05/07/2024 21:00:00;0.0;0.0
05/07/2024 21:30:00;0.0;0.0
05/07/2024 22:00:00;0.0;0.0
05/07/2024 22:30:00;0.0;0.0
05/07/2024 23:00:00;0.0;0.0
05/07/2024 23:30:00;0.0;0.0
06/07/2024 00:00:00;0.0;0.0
06/07/2024 00:30:00;0.0;0.0
06/07/2024 01:00:00;0.0;0.0
06/07/2024 01:30:00;0.0;0.0
06/07/2024 02:00:00;0.0;0.0
06/07/2024 02:30:00;0.0;0.0
06/07/2024 03:00:00;0.0;0.0
06/07/2024 03:30:00;0.0;0.0
06/07/2024 04:00:00;0.0;216.8099716204414
06/07/2024 04:30:00;0.0;1441.6711502973276
06/07/2024 05:00:00;0.0;2666.532328974214
06/07/2024 05:30:00;424.48785857908075;4980.624576592393
06/07/2024 06:00:00;848.9757171581615;7294.716824210573
06/07/2024 06:30:00;3200.17541964063;11579.001544695899
06/07/2024 07:00:00;5551.375122123099;15863.286265181227
06/07/2024 07:30:00;9176.00070356097;19341.439248944982
06/07/2024 08:00:00;12800.626284998843;22819.59223270874
06/07/2024 08:30:00;17643.501579877626;26709.671442914067
06/07/2024 09:00:00;22486.376874756406;30599.750653119394
06/07/2024 09:30:00;26279.673168831596;32776.756067949325
06/07/2024 10:00:00;30072.96946290678;34953.76148277925
06/07/2024 10:30:00;32269.492849248298;36044.93016052609
06/07/2024 11:00:00;34466.016235589814;37136.09883827294
06/07/2024 11:30:00;34552.09795432292;37026.301270646516
06/07/2024 12:00:00;34638.179673056016;36916.50370302009
06/07/2024 12:30:00;32276.294319052726;34533.83623894384
06/07/2024 13:00:00;29914.408965049435;32151.16877486759
06/07/2024 13:30:00;25955.674360877798;28181.846757599043
06/07/2024 14:00:00;21996.939756706164;24212.524740330493
06/07/2024 14:30:00;17643.1009323052;19852.013170932092
06/07/2024 15:00:00;13289.262107904227;15491.50160153369
06/07/2024 15:30:00;9413.415796554456;11535.548439541682
06/07/2024 16:00:00;5537.569485204683;7579.595277549678
06/07/2024 16:30:00;3285.8856607345547;5105.0619291676985
06/07/2024 17:00:00;1034.201836264427;2630.5285807857185
06/07/2024 17:30:00;517.1009181322135;1696.1173993274078
06/07/2024 18:00:00;0.0;761.7062178690971
06/07/2024 18:30:00;0.0;435.93886807758906
06/07/2024 19:00:00;0.0;110.17151828608091
06/07/2024 19:30:00;0.0;128.14277118869066
06/07/2024 20:00:00;0.0;0.0
06/07/2024 20:30:00;0.0;0.0
06/07/2024 21:00:00;0.0;0.0
06/07/2024 21:30:00;0.0;0.0
06/07/2024 22:00:00;0.0;0.0
06/07/2024 22:30:00;0.0;0.0
06/07/2024 23:00:00;0.0;0.0
06/07/2024 23:30:00;0.0;0.0
07/07/2024 00:00:00;0.0;0.0
07/07/2024 00:30:00;0.0;0.0
07/07/2024 01:00:00;0.0;0.0
07/07/2024 01:30:00;0.0;0.0
07/07/2024 02:00:00;0.0;0.0
07/07/2024 02:30:00;0.0;0.0
07/07/2024 03:00:00;0.0;0.0
07/07/2024 03:30:00;0.0;0.0
07/07/2024 04:00:00;0.0;433.654070533056
07/07/2024 04:30:00;0.0;1333.1573654719718
07/07/2024 05:00:00;0.0;2232.660660410888
07/07/2024 05:30:00;447.12182785109405;4976.924053246483
07/07/2024 06:00:00;894.2436557021881;7721.18744608208
07/07/2024 06:30:00;3163.1224404534237;11631.510675185225
07/07/2024 07:00:00;5432.001225204659;15541.833904288374
07/07/2024 07:30:00;9315.81648583243;19542.979780212976
07/07/2024 08:00:00;13199.631746460202;23544.125656137578
07/07/2024 08:30:00;17744.623804413757;26938.011287402296
07/07/2024 09:00:00;22289.61586236732;30331.896918667015
07/07/2024 09:30:00;26067.113685558124;32503.529480059693
07/07/2024 10:00:00;29844.611508748934;34675.16204145237
07/07/2024 10:30:00;32205.20446300029;35948.660984782604
07/07/2024 11:00:00;34565.79741725165;37222.15992811283
07/07/2024 11:30:00;34371.406577569054;36810.97917185248
07/07/2024 12:00:00;34177.01573788645;36399.79841559212
07/07/2024 12:30:00;32096.478334666364;34318.59988193221
07/07/2024 13:00:00;30015.94093144628;32237.401348272306
07/07/2024 13:30:00;26161.925831857236;28382.41983138958
07/07/2024 14:00:00;22307.910732268192;24527.43831450685
07/07/2024 14:30:00;17650.066470975158;19823.72687707696
07/07/2024 15:00:00;12992.222209682117;15120.01543964707
07/07/2024 15:30:00;9242.442635781073;11305.86622474617
07/07/2024 16:00:00;5492.66306188003;7491.717009845272
07/07/2024 16:30:00;3261.2308216782912;5046.16550826502
07/07/2024 17:00:00;1029.798581476552;2600.61400668477
07/07/2024 17:30:00;514.899290738276;1667.1882716388313
07/07/2024 18:00:00;0.0;733.7625365928924
07/07/2024 18:30:00;0.0;429.63008589238603
07/07/2024 19:00:00;0.0;125.49763519187954
07/07/2024 19:30:00;0.0;123.67998333034973
07/07/2024 20:00:00;0.0;0.0
07/07/2024 20:30:00;0.0;0.0
07/07/2024 21:00:00;0.0;0.0
07/07/2024 21:30:00;0.0;0.0
07/07/2024 22:00:00;0.0;0.0
07/07/2024 22:30:00;0.0;0.0
07/07/2024 23:00:00;0.0;0.0
07/07/2024 23:30:00;0.0;0.0
08/07/2024 00:00:00;0.0;0.0
08/07/2024 00:30:00;0.0;0.0
08/07/2024 01:00:00;0.0;0.0
08/07/2024 01:30:00;0.0;0.0
08/07/2024 02:00:00;0.0;0.0
08/07/2024 02:30:00;0.0;0.0
08/07/2024 03:00:00;0.0;0.0
08/07/2024 03:30:00;0.0;0.0
08/07/2024 04:00:00;0.0;92.77990168434282
08/07/2024 04:30:00;0.0;1395.2660606523796
08/07/2024 05:00:00;0.0;2697.752219620416
08/07/2024 05:30:00;265.54824805650117;3655.4136147745376
08/07/2024 06:00:00;531.0964961130023;4613.075009928659
08/07/2024 06:30:00;1395.7048044791868;5544.200588798193
08/07/2024 07:00:00;2260.3131128453715;6475.326167667729
08/07/2024 07:30:00;2252.2983841209534;5239.392224286288
08/07/2024 08:00:00;2244.283655396535;4003.4582809048475
08/07/2024 08:30:00;5716.051606433112;8251.8971853247
08/07/2024 09:00:00;9187.81955746969;12500.336089744556
08/07/2024 09:30:00;12826.163520783632;15810.054634858196
08/07/2024 10:00:00;16464.507484097572;19119.773179971835
08/07/2024 10:30:00;18231.0397804954;20319.835996723752
08/07/2024 11:00:00;19997.572076893226;21519.898813475673
08/07/2024 11:30:00;26529.801611646864;28352.82755204538
08/07/2024 12:00:00;33062.031146400506;35185.75629061509
08/07/2024 12:30:00;31366.89043628932;33513.389871582745
08/07/2024 13:00:00;29671.749726178132;31841.023452550402
08/07/2024 13:30:00;25861.730569784755;28029.874344712305
08/07/2024 14:00:00;22051.711413391382;24218.72523687421
08/07/2024 14:30:00;17578.627860110155;19721.845429664358
08/07/2024 15:00:00;13105.544306828931;15224.96562245451
08/07/2024 15:30:00;9220.126145342967;11238.795519194497
08/07/2024 16:00:00;5334.707983857004;7252.625415934481
08/07/2024 16:30:00;3135.5869013865795;4799.796011913403
08/07/2024 17:00:00;936.465818916155;2346.9666078923256
08/07/2024 17:30:00;468.2329094580775;1538.5311826625964
08/07/2024 18:00:00;0.0;730.0957574328672
08/07/2024 18:30:00;0.0;427.60187964015483
08/07/2024 19:00:00;0.0;125.10800184744247
08/07/2024 19:30:00;0.0;145.69047931803684
08/07/2024 20:00:00;0.0;0.0
08/07/2024 20:30:00;0.0;0.0
08/07/2024 21:00:00;0.0;0.0
08/07/2024 21:30:00;0.0;0.0
08/07/2024 22:00:00;0.0;0.0
08/07/2024 22:30:00;0.0;0.0
08/07/2024 23:00:00;0.0;0.0
08/07/2024 23:30:00;0.0;0.0
09/07/2024 00:00:00;0.0;0.0
09/07/2024 00:30:00;0.0;0.0
09/07/2024 01:00:00;0.0;0.0
09/07/2024 01:30:00;0.0;0.0
09/07/2024 02:00:00;0.0;0.0
09/07/2024 02:30:00;0.0;0.0
09/07/2024 03:00:00;0.0;0.0
09/07/2024 03:30:00;0.0;0.0
09/07/2024 04:00:00;0.0;495.59259631814126
09/07/2024 04:30:00;0.0;1348.761709426691
09/07/2024 05:00:00;0.0;2201.9308225352406
09/07/2024 05:30:00;433.95134403631073;4892.872648538887
09/07/2024 06:00:00;867.9026880726215;7583.814474542534
09/07/2024 06:30:00;3111.8903804324245;11473.34424031345
09/07/2024 07:00:00;5355.878072792228;15362.87400608437
09/07/2024 07:30:00;9156.335812432268;19240.46003855322
09/07/2024 08:00:00;12956.79355207231;23118.04607102207
09/07/2024 08:30:00;17007.81598151176;25881.701130803584
09/07/2024 09:00:00;21058.838410951215;28645.356190585095
09/07/2024 09:30:00;24041.79190712301;30006.293780068172
09/07/2024 10:00:00;27024.745403294797;31367.231369551257
09/07/2024 10:30:00;30349.632933479388;33789.40912487397
09/07/2024 11:00:00;33674.52046366398;36211.58688019669
09/07/2024 11:30:00;33597.39016936107;35927.85998201838
09/07/2024 12:00:00;33520.25987505815;35644.133083840075
09/07/2024 12:30:00;31490.741793295907;33616.04913834137
09/07/2024 13:00:00;29461.223711533657;31587.96519284267
09/07/2024 13:30:00;23698.109626528912;25630.170473156566
09/07/2024 14:00:00;17934.995541524164;19672.375753470467
09/07/2024 14:30:00;15245.814113930868;17116.232198056878
09/07/2024 15:00:00;12556.63268633757;14560.088642643288
09/07/2024 15:30:00;8945.723703696707;10893.379094293135
09/07/2024 16:00:00;5334.814721055843;7226.669545942984
09/07/2024 16:30:00;3183.508515508116;4896.953755500504
09/07/2024 17:00:00;1032.2023099603884;2567.237965058022
09/07/2024 17:30:00;516.1011549801942;1658.9151935955856
09/07/2024 18:00:00;0.0;750.5924221331492
09/07/2024 18:30:00;0.0;429.8541157845695
09/07/2024 19:00:00;0.0;109.11580943598986
09/07/2024 19:30:00;0.0;106.49075001941974
09/07/2024 20:00:00;0.0;0.0
09/07/2024 20:30:00;0.0;0.0
09/07/2024 21:00:00;0.0;0.0
09/07/2024 21:30:00;0.0;0.0
09/07/2024 22:00:00;0.0;0.0
09/07/2024 22:30:00;0.0;0.0
09/07/2024 23:00:00;0.0;0.0
09/07/2024 23:30:00;0.0;0.0
10/07/2024 00:00:00;0.0;0.0
10/07/2024 00:30:00;0.0;0.0
10/07/2024 01:00:00;0.0;0.0
10/07/2024 01:30:00;0.0;0.0
10/07/2024 02:00:00;0.0;0.0
10/07/2024 02:30:00;0.0;0.0
10/07/2024 03:00:00;0.0;0.0
10/07/2024 03:30:00;0.0;0.0
10/07/2024 04:00:00;0.0;61.86473993772764
10/07/2024 04:30:00;0.0;1023.4311460603762
10/07/2024 05:00:00;0.0;1984.9975521830247
10/07/2024 05:30:00;391.8862238680556;4434.059258920721
10/07/2024 06:00:00;783.7724477361112;6883.120965658417
10/07/2024 06:30:00;2940.59481169239;10759.291998558838
10/07/2024 07:00:00;5097.4171756486685;14635.46303145926
10/07/2024 07:30:00;8488.1936993719;17915.725237775885
10/07/2024 08:00:00;11878.970223095132;21195.98744409251
10/07/2024 08:30:00;15592.292362337117;23724.898807463956
10/07/2024 09:00:00;19305.6145015791;26253.810170835408
10/07/2024 09:30:00;23545.708386949642;29242.03816818289
10/07/2024 10:00:00;27785.802272320183;32230.266165530367
10/07/2024 10:30:00;29632.891338249985;33028.318662909434
10/07/2024 11:00:00;31479.980404179794;33826.3711602885
10/07/2024 11:30:00;32072.568338721216;34266.46266437447
10/07/2024 12:00:00;32665.156273262637;34706.55416846045
10/07/2024 12:30:00;29441.283544484217;31395.732627616013
10/07/2024 13:00:00;26217.4108157058;28084.91108677158
10/07/2024 13:30:00;23267.459181917755;25171.104556518367
10/07/2024 14:00:00;20317.507548129714;22257.298026265158
10/07/2024 14:30:00;16382.342631372563;18331.774611997706
10/07/2024 15:00:00;12447.177714615416;14406.251197730258
10/07/2024 15:30:00;8767.39960253489;10637.903835477944
10/07/2024 16:00:00;5087.621490454363;6869.5564732256325
10/07/2024 16:30:00;3049.971151713143;4684.558116837123
10/07/2024 17:00:00;1012.3208129719227;2499.559760448613
10/07/2024 17:30:00;506.16040648596135;1677.0807555258043
10/07/2024 18:00:00;0.0;854.6017506029957
10/07/2024 18:30:00;0.0;473.93008349274163
10/07/2024 19:00:00;0.0;93.25841638248758
10/07/2024 19:30:00;0.0;115.61531982629043
10/07/2024 20:00:00;0.0;0.0
10/07/2024 20:30:00;0.0;0.0
10/07/2024 21:00:00;0.0;0.0
10/07/2024 21:30:00;0.0;0.0
10/07/2024 22:00:00;0.0;0.0
10/07/2024 22:30:00;0.0;0.0
10/07/2024 23:00:00;0.0;0.0
10/07/2024 23:30:00;0.0;0.0
11/07/2024 00:00:00;0.0;0.0
11/07/2024 00:30:00;0.0;0.0
11/07/2024 01:00:00;0.0;0.0
11/07/2024 01:30:00;0.0;0.0
11/07/2024 02:00:00;0.0;0.0
11/07/2024 02:30:00;0.0;0.0
11/07/2024 03:00:00;0.0;0.0
11/07/2024 03:30:00;0.0;0.0
11/07/2024 04:00:00;0.0;495.68267837093873
11/07/2024 04:30:00;0.0;1550.476694430491
11/07/2024 05:00:00;0.0;2605.2707104900437
11/07/2024 05:30:00;415.22613670388614;4963.891748525231
11/07/2024 06:00:00;830.4522734077723;7322.512786560419
11/07/2024 06:30:00;2995.101566620984;11073.23628238359
11/07/2024 07:00:00;5159.7508598341965;14823.959778206761
11/07/2024 07:30:00;8929.320088060378;18741.661082428236
11/07/2024 08:00:00;12698.889316286562;22659.36238664971
11/07/2024 08:30:00;17102.679933107196;25947.811953870023
11/07/2024 09:00:00;21506.470549927835;29236.26152109034
11/07/2024 09:30:00;25284.662969839428;31463.262928090156
11/07/2024 10:00:00;29062.855389751025;33690.26433508998
11/07/2024 10:30:00;31482.455757745178;35044.94954337486
11/07/2024 11:00:00;33902.056125739335;36399.63475165974
11/07/2024 11:30:00;33928.360592876175;36222.43722171761
11/07/2024 12:00:00;33954.66506001303;36045.23969177548
11/07/2024 12:30:00;31661.14749567932;33738.03088158975
11/07/2024 13:00:00;29367.62993134561;31430.822071404014
11/07/2024 13:30:00;25602.718180537126;27660.96453007634
11/07/2024 14:00:00;21837.806429728636;23891.106988748663
11/07/2024 14:30:00;17416.251928068894;19450.739996621436
11/07/2024 15:00:00;12994.69742640915;15010.373004494215
11/07/2024 15:30:00;9191.842420809186;11130.78774156812
11/07/2024 16:00:00;5388.987415209221;7251.202478642023
11/07/2024 16:30:00;3194.7388519161004;4850.795938905663
11/07/2024 17:00:00;1000.4902886229806;2450.389399169302
11/07/2024 17:30:00;500.2451443114903;1308.958402990246
11/07/2024 18:00:00;0.0;167.52740681118985
11/07/2024 18:30:00;0.0;122.50061691635763
11/07/2024 19:00:00;0.0;77.47382702152541
11/07/2024 19:30:00;0.0;80.06481860281554
11/07/2024 20:00:00;0.0;0.0
11/07/2024 20:30:00;0.0;0.0
11/07/2024 21:00:00;0.0;0.0
11/07/2024 21:30:00;0.0;0.0
11/07/2024 22:00:00;0.0;0.0
11/07/2024 22:30:00;0.0;0.0
11/07/2024 23:00:00;0.0;0.0
11/07/2024 23:30:00;0.0;0.0
12/07/2024 00:00:00;0.0;0.0
12/07/2024 00:30:00;0.0;0.0
12/07/2024 01:00:00;0.0;0.0
12/07/2024 01:30:00;0.0;0.0
12/07/2024 02:00:00;0.0;0.0
12/07/2024 02:30:00;0.0;0.0
12/07/2024 03:00:00;0.0;0.0
12/07/2024 03:30:00;0.0;0.0
12/07/2024 04:00:00;0.0;124.1116754847478
12/07/2024 04:30:00;0.0;1318.1285379871617
12/07/2024 05:00:00;0.0;2512.1454004895754
12/07/2024 05:30:00;385.3491081019456;4667.927013975631
12/07/2024 06:00:00;770.6982162038912;6823.708627461684
12/07/2024 06:30:00;2902.4598265318386;10650.335982985987
12/07/2024 07:00:00;5034.221436859786;14476.96333851029
12/07/2024 07:30:00;8237.874304630352;17446.464979587112
12/07/2024 08:00:00;11441.52717240092;20415.96662066393
12/07/2024 08:30:00;15301.15981771832;23225.702776860886
12/07/2024 09:00:00;19160.79246303572;26035.438933057834
12/07/2024 09:30:00;17905.202823332107;22661.35609770582
12/07/2024 10:00:00;16649.6131836285;19287.2732623538
12/07/2024 10:30:00;22023.62727119326;24339.52080882468
12/07/2024 11:00:00;27397.641358758032;29391.768355295568
12/07/2024 11:30:00;25290.80561019231;26990.810863375227
12/07/2024 12:00:00;23183.96986162659;24589.853371454883
12/07/2024 12:30:00;23008.867827874834;24502.078527292906
12/07/2024 13:00:00;22833.765794123075;24414.303683130925
12/07/2024 13:30:00;17761.38519947195;19138.627792881045
12/07/2024 14:00:00;12689.00460482083;13862.951902631166
12/07/2024 14:30:00;9722.644909142637;10825.745704159935
12/07/2024 15:00:00;6756.285213464444;7788.539505688702
12/07/2024 15:30:00;5115.388420506897;6223.1518389775
12/07/2024 16:00:00;3474.49162754935;4657.7641722662975
12/07/2024 16:30:00;2206.9007071734814;3470.2565003071722
12/07/2024 17:00:00;939.3097867976122;2282.7488283480466
12/07/2024 17:30:00;469.6548933988061;1516.215089519902
12/07/2024 18:00:00;0.0;749.6813506917578
12/07/2024 18:30:00;0.0;413.44153800553164
12/07/2024 19:00:00;0.0;77.20172531930541
12/07/2024 19:30:00;0.0;76.35060292466282
12/07/2024 20:00:00;0.0;0.0
12/07/2024 20:30:00;0.0;0.0
12/07/2024 21:00:00;0.0;0.0
12/07/2024 21:30:00;0.0;0.0
12/07/2024 22:00:00;0.0;0.0
12/07/2024 22:30:00;0.0;0.0
12/07/2024 23:00:00;0.0;0.0
12/07/2024 23:30:00;0.0;0.0
13/07/2024 00:00:00;0.0;0.0
13/07/2024 00:30:00;0.0;0.0
13/07/2024 01:00:00;0.0;0.0
13/07/2024 01:30:00;0.0;0.0
13/07/2024 02:00:00;0.0;0.0
13/07/2024 02:30:00;0.0;0.0
13/07/2024 03:00:00;0.0;0.0
13/07/2024 03:30:00;0.0;0.0
13/07/2024 04:00:00;0.0;61.881522215738876
13/07/2024 04:30:00;0.0;465.0664522504029
13/07/2024 05:00:00;0.0;868.2513822850669
13/07/2024 05:30:00;369.15994250473153;3723.081566771896
13/07/2024 06:00:00;738.3198850094631;6577.911751258725
13/07/2024 06:30:00;3007.6318038806344;10881.207292265397
13/07/2024 07:00:00;5276.943722751806;15184.50283327207
13/07/2024 07:30:00;8836.987105893133;18650.884643782225
13/07/2024 08:00:00;12397.030489034463;22117.26645429238
13/07/2024 08:30:00;16878.642076308108;25564.595511469222
13/07/2024 09:00:00;21360.253663581756;29011.924568646064
13/07/2024 09:30:00;24601.10958307461;30620.91012832071
13/07/2024 10:00:00;27841.965502567462;32229.89568799535
13/07/2024 10:30:00;30866.874750910207;34277.83888570623
13/07/2024 11:00:00;33891.783999252955;36325.782083417114
13/07/2024 11:30:00;34118.67186595291;36360.06962323976
13/07/2024 12:00:00;34345.55973265285;36394.3571630624
13/07/2024 12:30:00;31859.957206414587;33884.954176042185
13/07/2024 13:00:00;29374.354680176315;31375.55118902197
13/07/2024 13:30:00;25760.83273544729;27768.567326449313
13/07/2024 14:00:00;22147.310790718268;24161.583463876654
13/07/2024 14:30:00;17629.731730304524;19622.880562859158
13/07/2024 15:00:00;13112.152669890782;15084.177661841662
13/07/2024 15:30:00;9317.929824567693;11230.59849035893
13/07/2024 16:00:00;5523.706979244603;7377.0193188762
13/07/2024 16:30:00;3286.410526570882;4952.8254319198895
13/07/2024 17:00:00;1049.114073897161;2528.631544963578
13/07/2024 17:30:00;524.5570369485805;1601.2412190284726
13/07/2024 18:00:00;0.0;673.8508930933672
13/07/2024 18:30:00;0.0;375.37744365522474
13/07/2024 19:00:00;0.0;76.90399421708231
13/07/2024 19:30:00;0.0;95.01955713369196
13/07/2024 20:00:00;0.0;0.0
13/07/2024 20:30:00;0.0;0.0
13/07/2024 21:00:00;0.0;0.0
13/07/2024 21:30:00;0.0;0.0
13/07/2024 22:00:00;0.0;0.0
13/07/2024 22:30:00;0.0;0.0
13/07/2024 23:00:00;0.0;0.0
13/07/2024 23:30:00;0.0;0.0
14/07/2024 00:00:00;0.0;0.0
14/07/2024 00:30:00;0.0;0.0
14/07/2024 01:00:00;0.0;0.0
14/07/2024 01:30:00;0.0;0.0
14/07/2024 02:00:00;0.0;0.0
14/07/2024 02:30:00;0.0;0.0
14/07/2024 03:00:00;0.0;0.0
14/07/2024 03:30:00;0.0;0.0
14/07/2024 04:00:00;0.0;402.98412671605564
14/07/2024 04:30:00;0.0;1473.1314558495822
14/07/2024 05:00:00;0.0;2543.278784983109
14/07/2024 05:30:00;420.4276006479765;5029.029575413558
14/07/2024 06:00:00;840.855201295953;7514.780365844006
14/07/2024 06:30:00;3009.6554209091337;11210.261101348176
14/07/2024 07:00:00;5178.455640522314;14905.741836852347
14/07/2024 07:30:00;8556.635255853495;18097.02887181068
14/07/2024 08:00:00;11934.814871184675;21288.315906769007
14/07/2024 08:30:00;16540.191673729336;24995.386576194785
14/07/2024 09:00:00;21145.568476274;28702.457245620564
14/07/2024 09:30:00;24846.68425106657;30863.163481014788
14/07/2024 10:00:00;28547.800025859142;33023.86971640901
14/07/2024 10:30:00;29425.747223831382;32736.358745414123
14/07/2024 11:00:00;30303.694421803622;32448.847774419235
14/07/2024 11:30:00;28136.070744760673;29969.529092284592
14/07/2024 12:00:00;25968.44706771772;27490.210410149946
14/07/2024 12:30:00;25375.115314039376;26965.913028225823
14/07/2024 13:00:00;24781.783560361033;26441.615646301692
14/07/2024 13:30:00;23186.700604113546;24981.568641703256
14/07/2024 14:00:00;21591.617647866064;23521.521637104815
14/07/2024 14:30:00;17508.895885498914;19466.689561762054
14/07/2024 15:00:00;13426.17412313177;15411.857486419292
14/07/2024 15:30:00;9310.46544894393;11161.70697241362
14/07/2024 16:00:00;5194.756774756092;6911.556458407947
14/07/2024 16:30:00;3126.153980786041;4719.732340820661
14/07/2024 17:00:00;1057.5511868159892;2527.908223233374
14/07/2024 17:30:00;528.7755934079946;1592.8353333948114
14/07/2024 18:00:00;0.0;657.7624435562486
14/07/2024 18:30:00;0.0;328.8812217781243
14/07/2024 19:00:00;0.0;0.0
14/07/2024 19:30:00;0.0;17.232222984126373
14/07/2024 20:00:00;0.0;0.0
14/07/2024 20:30:00;0.0;0.0
14/07/2024 21:00:00;0.0;0.0
14/07/2024 21:30:00;0.0;0.0
14/07/2024 22:00:00;0.0;0.0
14/07/2024 22:30:00;0.0;0.0
14/07/2024 23:00:00;0.0;0.0
14/07/2024 23:30:00;0.0;0.0
15/07/2024 00:00:00;0.0;0.0
15/07/2024 00:30:00;0.0;0.0
15/07/2024 01:00:00;0.0;0.0
15/07/2024 01:30:00;0.0;0.0
15/07/2024 02:00:00;0.0;0.0
15/07/2024 02:30:00;0.0;0.0
15/07/2024 03:00:00;0.0;0.0
15/07/2024 03:30:00;0.0;0.0
15/07/2024 04:00:00;0.0;310.1800137142747
15/07/2024 04:30:00;0.0;1380.325350053942
15/07/2024 05:00:00;0.0;2450.4706863936094
15/07/2024 05:30:00;408.2133101196553;4888.855949061964
15/07/2024 06:00:00;816.4266202393106;7327.2412117303165
15/07/2024 06:30:00;3013.0837877347562;11166.078186690927
15/07/2024 07:00:00;5209.740955230202;15004.915161651537
15/07/2024 07:30:00;5026.968776229043;11821.874993364718
15/07/2024 08:00:00;4844.196597227885;8638.8348250779
15/07/2024 08:30:00;4921.823800103681;7710.5178183787775
15/07/2024 09:00:00;4999.451002979476;6782.200811679656
15/07/2024 09:30:00;17094.8223148125;20264.277556764293
15/07/2024 10:00:00;29190.193626645523;33746.35430184893
15/07/2024 10:30:00;31459.860206084788;34913.72047018667
15/07/2024 11:00:00;33729.52678552405;36081.08663852442
15/07/2024 11:30:00;33764.455776760806;35912.91583692085
15/07/2024 12:00:00;33799.38476799756;35744.745035317275
15/07/2024 12:30:00;20961.72419854233;22201.805935435437
15/07/2024 13:00:00;8124.06362908711;8658.866835553596
15/07/2024 13:30:00;15015.149514795326;16243.163368718187
15/07/2024 14:00:00;21906.235400503545;23827.459901882776
15/07/2024 14:30:00;17471.00934853186;19378.92203159432
15/07/2024 15:00:00;13035.783296560181;14930.384161305868
15/07/2024 15:30:00;9235.199993363209;11066.881204914424
15/07/2024 16:00:00;5434.616690166236;7203.3782485229785
15/07/2024 16:30:00;2958.9829047547564;4174.579251329528
15/07/2024 17:00:00;483.34911934327573;1145.7802541360784
15/07/2024 17:30:00;241.67455967163787;730.3109867545573
15/07/2024 18:00:00;0.0;314.8417193730365
15/07/2024 18:30:00;0.0;157.42085968651824
15/07/2024 19:00:00;0.0;0.0
15/07/2024 19:30:00;0.0;1.7193554827799513
15/07/2024 20:00:00;0.0;0.0
15/07/2024 20:30:00;0.0;0.0
15/07/2024 21:00:00;0.0;0.0
15/07/2024 21:30:00;0.0;0.0
15/07/2024 22:00:00;0.0;0.0
15/07/2024 22:30:00;0.0;0.0
15/07/2024 23:00:00;0.0;0.0
15/07/2024 23:30:00;0.0;0.0
16/07/2024 00:00:00;0.0;0.0
16/07/2024 00:30:00;0.0;0.0
16/07/2024 01:00:00;0.0;0.0
16/07/2024 01:30:00;0.0;0.0
16/07/2024 02:00:00;0.0;0.0
16/07/2024 02:30:00;0.0;0.0
16/07/2024 03:00:00;0.0;0.0
16/07/2024 03:30:00;0.0;0.0
16/07/2024 04:00:00;0.0;30.948398690039124
16/07/2024 04:30:00;0.0;1070.0975920917288
16/07/2024 05:00:00;0.0;2109.246785493419
16/07/2024 05:30:00;237.64854029544236;3194.252393412406
16/07/2024 06:00:00;475.2970805908847;4279.258001331394
16/07/2024 06:30:00;1847.8651098449325;6778.65229383889
16/07/2024 07:00:00;3220.4331390989805;9278.046586346385
16/07/2024 07:30:00;5833.007516658153;12166.736911979755
16/07/2024 08:00:00;8445.581894217325;15055.427237613127
16/07/2024 08:30:00;14012.8337106929;20799.66201027084
16/07/2024 09:00:00;19580.085527168478;26543.896782928554
16/07/2024 09:30:00;21610.084840558327;26927.74299657073
16/07/2024 10:00:00;23640.08415394818;27311.58921021291
16/07/2024 10:30:00;24900.970619284173;27635.249670488738
16/07/2024 11:00:00;26161.857084620162;27958.910130764565
16/07/2024 11:30:00;29581.446287949268;31410.308120248905
16/07/2024 12:00:00;33001.035491278366;34861.70610973324
16/07/2024 12:30:00;30767.27920421401;32619.278792025856
16/07/2024 13:00:00;28533.522917149658;30376.851474318475
16/07/2024 13:30:00;24784.615359299663;26610.409491197872
16/07/2024 14:00:00;21035.707801449676;22843.967508077272
16/07/2024 14:30:00;15907.10217517433;17580.108721175086
16/07/2024 15:00:00;10778.49654889898;12316.2499342729
16/07/2024 15:30:00;7874.292874192663;9438.626085343603
16/07/2024 16:00:00;4970.089199486346;6561.002236414303
16/07/2024 16:30:00;2941.693465228489;4354.33387641743
16/07/2024 17:00:00;913.2977309706323;2147.6655164205554
16/07/2024 17:30:00;456.64886548531615;1455.8244203561521
16/07/2024 18:00:00;0.0;763.9833242917495
16/07/2024 18:30:00;0.0;381.9916621458747
16/07/2024 19:00:00;0.0;0.0
16/07/2024 19:30:00;0.0;5.158454955547372
16/07/2024 20:00:00;0.0;0.0
16/07/2024 20:30:00;0.0;0.0
16/07/2024 21:00:00;0.0;0.0
16/07/2024 21:30:00;0.0;0.0
16/07/2024 22:00:00;0.0;0.0
16/07/2024 22:30:00;0.0;0.0
16/07/2024 23:00:00;0.0;0.0
16/07/2024 23:30:00;0.0;0.0
17/07/2024 00:00:00;0.0;0.0
17/07/2024 00:30:00;0.0;0.0
17/07/2024 01:00:00;0.0;0.0
17/07/2024 01:30:00;0.0;0.0
17/07/2024 02:00:00;0.0;0.0
17/07/2024 02:30:00;0.0;0.0
17/07/2024 03:00:00;0.0;0.0
17/07/2024 03:30:00;0.0;0.0
17/07/2024 04:00:00;0.0;92.85218919985269
17/07/2024 04:30:00;0.0;1256.2268027252073
17/07/2024 05:00:00;0.0;2419.601416250562
17/07/2024 05:30:00;381.0145154950037;4651.066355556835
17/07/2024 06:00:00;762.0290309900074;6882.531294863108
17/07/2024 06:30:00;2460.640470847744;9432.44224144982
17/07/2024 07:00:00;4159.2519107054795;11982.353188036532
17/07/2024 07:30:00;8260.841474504932;17003.76132038603
17/07/2024 08:00:00;12362.431038304385;22025.169452735525
17/07/2024 08:30:00;12243.682923585457;19225.506011178823
17/07/2024 09:00:00;12124.934808866527;16425.842569622127
17/07/2024 09:30:00;14828.596545067508;18333.105799306046
17/07/2024 10:00:00;17532.25828126849;20240.369028989964
17/07/2024 10:30:00;20618.602358840606;22776.684339636686
17/07/2024 11:00:00;23704.946436412723;25312.999650283404
17/07/2024 11:30:00;26705.341459027666;28330.377308527284
17/07/2024 12:00:00;29705.73648164261;31347.75496677117
17/07/2024 12:30:00;28627.217657963327;30321.485081726347
17/07/2024 13:00:00;27548.69883428405;29295.21519668153
17/07/2024 13:30:00;23811.002948772802;25529.04091295253
17/07/2024 14:00:00;20073.307063261553;21762.86662922352
17/07/2024 14:30:00;16289.571614301572;18009.384906113995
17/07/2024 15:00:00;12505.836165341594;14255.903183004471
17/07/2024 15:30:00;9038.607098775627;10790.312257337398
17/07/2024 16:00:00;5571.378032209659;7324.7213316703255
17/07/2024 16:30:00;3307.596291622982;4879.195076181034
17/07/2024 17:00:00;1043.814551036304;2433.6688206917433
17/07/2024 17:30:00;521.907275518152;1561.5848867934317
17/07/2024 18:00:00;0.0;689.5009528951202
17/07/2024 18:30:00;0.0;344.7504764475601
17/07/2024 19:00:00;0.0;0.0
17/07/2024 19:30:00;0.0;1.7195964992649386
17/07/2024 20:00:00;0.0;0.0
17/07/2024 20:30:00;0.0;0.0
17/07/2024 21:00:00;0.0;0.0
17/07/2024 21:30:00;0.0;0.0
17/07/2024 22:00:00;0.0;0.0
17/07/2024 22:30:00;0.0;0.0
17/07/2024 23:00:00;0.0;0.0
17/07/2024 23:30:00;0.0;0.0
18/07/2024 00:00:00;0.0;0.0
18/07/2024 00:30:00;0.0;0.0
18/07/2024 01:00:00;0.0;0.0
18/07/2024 01:30:00;0.0;0.0
18/07/2024 02:00:00;0.0;0.0
18/07/2024 02:30:00;0.0;0.0
18/07/2024 03:00:00;0.0;0.0
18/07/2024 03:30:00;0.0;0.0
18/07/2024 04:00:00;0.0;30.952736986768894
18/07/2024 04:30:00;0.0;1163.1846845439036
18/07/2024 05:00:00;0.0;2295.416632101038
18/07/2024 05:30:00;390.96324671507796;4690.249694196095
18/07/2024 06:00:00;781.9264934301559;7085.082756291154
18/07/2024 06:30:00;2966.635773949118;10962.40698719907
18/07/2024 07:00:00;5151.345054468081;14839.731218106986
18/07/2024 07:30:00;8901.750869666872;18685.538373207855
18/07/2024 08:00:00;12652.156684865666;22531.345528308728
18/07/2024 08:30:00;13420.304625600847;20869.091424928534
18/07/2024 09:00:00;14188.45256633603;19206.83732154834
18/07/2024 09:30:00;8542.138458878608;11273.655129419376
18/07/2024 10:00:00;2895.824351421186;3340.472937290409
18/07/2024 10:30:00;2703.0988221870552;3009.415392439101
18/07/2024 11:00:00;2510.373292952925;2678.3578475877935
18/07/2024 11:30:00;7390.837357729821;7806.843390893614
18/07/2024 12:00:00;12271.301422506716;12935.328934199435
18/07/2024 12:30:00;20644.095742984202;21877.592846845488
18/07/2024 13:00:00;29016.890063461684;30819.856759491548
18/07/2024 13:30:00;25254.369904536245;27042.59433648765
18/07/2024 14:00:00;21491.8497456108;23265.331913483755
18/07/2024 14:30:00;17191.661807925368;18962.442516685835
18/07/2024 15:00:00;12891.47387023993;14659.553119887914
18/07/2024 15:30:00;9195.01763409688;10928.602117403896
18/07/2024 16:00:00;5498.5613979538275;7197.651114919878
18/07/2024 16:30:00;3269.423229108681;4801.546403682164
18/07/2024 17:00:00;1040.2850602635342;2405.44169244445
18/07/2024 17:30:00;520.1425301317671;1561.8806012719
18/07/2024 18:00:00;0.0;718.3195100993502
18/07/2024 18:30:00;0.0;359.1597550496751
18/07/2024 19:00:00;0.0;0.0
18/07/2024 19:30:00;0.0;3.439407812761146
18/07/2024 20:00:00;0.0;0.0
18/07/2024 20:30:00;0.0;0.0
18/07/2024 21:00:00;0.0;0.0
18/07/2024 21:30:00;0.0;0.0
18/07/2024 22:00:00;0.0;0.0
18/07/2024 22:30:00;0.0;0.0
18/07/2024 23:00:00;0.0;0.0
18/07/2024 23:30:00;0.0;0.0
19/07/2024 00:00:00;0.0;0.0
19/07/2024 00:30:00;0.0;0.0
19/07/2024 01:00:00;0.0;0.0
19/07/2024 01:30:00;0.0;0.0
19/07/2024 02:00:00;0.0;0.0
19/07/2024 02:30:00;0.0;0.0
19/07/2024 03:00:00;0.0;0.0
19/07/2024 03:30:00;0.0;0.0
19/07/2024 04:00:00;0.0;61.90934062970062
19/07/2024 04:30:00;0.0;1163.1778313556538
19/07/2024 05:00:00;0.0;2264.4463220816074
19/07/2024 05:30:00;392.37203181276243;4698.95959280846
19/07/2024 06:00:00;784.7440636255249;7133.472863535313
19/07/2024 06:30:00;2993.1445110987315;11058.391488228366
19/07/2024 07:00:00;5201.544958571939;14983.310112921421
19/07/2024 07:30:00;9034.390377691228;18941.66165170253
19/07/2024 08:00:00;12867.235796810519;22900.013190483638
19/07/2024 08:30:00;17298.608014055386;26145.181613717938
19/07/2024 09:00:00;21729.980231300255;29390.350036952237
19/07/2024 09:30:00;24913.68080304565;30888.082444931802
19/07/2024 10:00:00;28097.38137479104;32385.814852911375
19/07/2024 10:30:00;29378.157961154353;32533.729943305756
19/07/2024 11:00:00;30658.934547517667;32681.645033700137
19/07/2024 11:30:00;30823.576236042314;32654.25433073814
19/07/2024 12:00:00;30988.217924566954;32626.863627776136
19/07/2024 12:30:00;29954.542292578713;31652.97201005347
19/07/2024 13:00:00;28920.866660590473;30679.080392330805
19/07/2024 13:30:00;25181.366564822143;26928.535848777305
19/07/2024 14:00:00;21441.866469053813;23177.991305223804
19/07/2024 14:30:00;16843.6115254704;18534.336885230732
19/07/2024 15:00:00;12245.356581886981;13890.682465237658
19/07/2024 15:30:00;8347.512605982973;9845.602168496025
19/07/2024 16:00:00;4449.668630078963;5800.52187175439
19/07/2024 16:30:00;2745.5759373352953;4093.9615352537
19/07/2024 17:00:00;1041.4832445916272;2387.40119875301
19/07/2024 17:30:00;520.7416222958136;1521.708559549008
19/07/2024 18:00:00;0.0;656.0159203450061
19/07/2024 18:30:00;0.0;328.00796017250303
19/07/2024 19:00:00;0.0;0.0
19/07/2024 19:30:00;0.0;1.7197923255904253
19/07/2024 20:00:00;0.0;0.0
19/07/2024 20:30:00;0.0;0.0
19/07/2024 21:00:00;0.0;0.0
19/07/2024 21:30:00;0.0;0.0
19/07/2024 22:00:00;0.0;0.0
19/07/2024 22:30:00;0.0;0.0
19/07/2024 23:00:00;0.0;0.0
19/07/2024 23:30:00;0.0;0.0
20/07/2024 00:00:00;0.0;0.0
20/07/2024 00:30:00;0.0;0.0
20/07/2024 01:00:00;0.0;0.0
20/07/2024 01:30:00;0.0;0.0
20/07/2024 02:00:00;0.0;0.0
20/07/2024 02:30:00;0.0;0.0
20/07/2024 03:00:00;0.0;0.0
20/07/2024 03:30:00;0.0;0.0
20/07/2024 04:00:00;0.0;30.956261860627652
20/07/2024 04:30:00;0.0;1178.6470942845892
20/07/2024 05:00:00;0.0;2326.337926708551
20/07/2024 05:30:00;320.819978278388;4085.7446142992544
20/07/2024 06:00:00;641.639956556776;5845.151301889958
20/07/2024 06:30:00;2588.2661434523666;9453.510578298969
20/07/2024 07:00:00;4534.892330347957;13061.869854707978
20/07/2024 07:30:00;8621.354159589268;17830.023789259536
20/07/2024 08:00:00;12707.815988830578;22598.177723811088
20/07/2024 08:30:00;15546.032666718062;23719.546159533027
20/07/2024 09:00:00;18384.249344605545;24840.91459525497
20/07/2024 09:30:00;22137.172955151575;27328.425788393204
20/07/2024 10:00:00;25890.0965656976;29815.936981531435
20/07/2024 10:30:00;29351.12348608705;32379.886348976666
20/07/2024 11:00:00;32812.150406476496;34943.8357164219
20/07/2024 11:30:00;32589.763062923135;34490.60744843015
20/07/2024 12:00:00;32367.375719369775;34037.37918043839
20/07/2024 12:30:00;29372.240135558535;30991.632388360573
20/07/2024 13:00:00;26377.104551747296;27945.885596282755
20/07/2024 13:30:00;23512.60901726452;25116.931048821145
20/07/2024 14:00:00;20648.113482781748;22287.97650135954
20/07/2024 14:30:00;16625.0599794602;18272.94756636184
20/07/2024 15:00:00;12602.006476138651;14257.91863136414
20/07/2024 15:30:00;8719.209766840555;10267.444230372936
20/07/2024 16:00:00;4836.413057542459;6276.969829381733
20/07/2024 16:30:00;2940.3699247213326;4325.8056197198675
20/07/2024 17:00:00;1044.3267919002071;2374.641410058002
20/07/2024 17:30:00;522.1633959501036;1490.0767303478565
20/07/2024 18:00:00;0.0;605.5120506377111
20/07/2024 18:30:00;0.0;302.75602531885556
20/07/2024 19:00:00;0.0;0.0
20/07/2024 19:30:00;0.0;1.7198701644416767
20/07/2024 20:00:00;0.0;0.0
20/07/2024 20:30:00;0.0;0.0
20/07/2024 21:00:00;0.0;0.0
20/07/2024 21:30:00;0.0;0.0
20/07/2024 22:00:00;0.0;0.0
20/07/2024 22:30:00;0.0;0.0
20/07/2024 23:00:00;0.0;0.0
20/07/2024 23:30:00;0.0;0.0
21/07/2024 00:00:00;0.0;0.0
21/07/2024 00:30:00;0.0;0.0
21/07/2024 01:00:00;0.0;0.0
21/07/2024 01:30:00;0.0;0.0
21/07/2024 02:00:00;0.0;0.0
21/07/2024 02:30:00;0.0;0.0
21/07/2024 03:00:00;0.0;0.0
21/07/2024 03:30:00;0.0;0.0
21/07/2024 04:00:00;0.0;30.95766295995018
21/07/2024 04:30:00;0.0;930.5840563041977
21/07/2024 05:00:00;0.0;1830.210449648445
21/07/2024 05:30:00;387.6415199296446;4454.153523286894
21/07/2024 06:00:00;775.2830398592891;7078.096596925343
21/07/2024 06:30:00;2890.022826196436;10743.681364889922
21/07/2024 07:00:00;5004.762612533582;14409.2661328545
21/07/2024 07:30:00;8662.130740249262;18152.527957477207
21/07/2024 08:00:00;12319.498867964943;21895.789782099913
21/07/2024 08:30:00;13495.802458588178;20851.128823149655
21/07/2024 09:00:00;14672.106049211408;19806.467864199403
21/07/2024 09:30:00;9679.323977109929;12599.334573051603
21/07/2024 10:00:00;4686.541905008449;5392.2012819038055
21/07/2024 10:30:00;16697.639131156466;17968.551743346656
21/07/2024 11:00:00;28708.736357304482;30544.902204789505
21/07/2024 11:30:00;18982.530836395377;20133.44729820537
21/07/2024 12:00:00;9256.325315486274;9721.99239162124
21/07/2024 12:30:00;7563.2390096525605;7966.596504258085
21/07/2024 13:00:00;5870.152703818847;6211.200616894931
21/07/2024 13:30:00;10459.960648155924;11216.067188154122
21/07/2024 14:00:00;15049.768592493003;16220.933759413312
21/07/2024 14:30:00;10597.361070165945;11577.37250156105
21/07/2024 15:00:00;6144.953547838889;6933.811243708791
21/07/2024 15:30:00;4837.289636632162;5746.659819516657
21/07/2024 16:00:00;3529.6257254254347;4559.508395324523
21/07/2024 16:30:00;2148.202363273403;3143.721574171493
21/07/2024 17:00:00;766.7790011213721;1727.934753018463
21/07/2024 17:30:00;383.38950056068603;1119.6641346530555
21/07/2024 18:00:00;0.0;511.3935162876478
21/07/2024 18:30:00;0.0;255.6967581438239
21/07/2024 19:00:00;0.0;0.0
21/07/2024 19:30:00;0.0;1.719933177300182
21/07/2024 20:00:00;0.0;0.0
21/07/2024 20:30:00;0.0;0.0
21/07/2024 21:00:00;0.0;0.0
21/07/2024 21:30:00;0.0;0.0
21/07/2024 22:00:00;0.0;0.0
21/07/2024 22:30:00;0.0;0.0
21/07/2024 23:00:00;0.0;0.0
21/07/2024 23:30:00;0.0;0.0
22/07/2024 00:00:00;0.0;0.0
22/07/2024 00:30:00;0.0;0.0
22/07/2024 01:00:00;0.0;0.0
22/07/2024 01:30:00;0.0;0.0
22/07/2024 02:00:00;0.0;0.0
22/07/2024 02:30:00;0.0;0.0
22/07/2024 03:00:00;0.0;0.0
22/07/2024 03:30:00;0.0;0.0
22/07/2024 04:00:00;0.0;30.958797191403278
22/07/2024 04:30:00;0.0;1163.1020578826767
22/07/2024 05:00:00;0.0;2295.24531857395
22/07/2024 05:30:00;390.1319478332744;4713.090415441251
22/07/2024 06:00:00;780.2638956665488;7130.9355123085525
22/07/2024 06:30:00;3009.882414397386;11104.69360430608
22/07/2024 07:00:00;5239.500933128224;15078.451696303606
22/07/2024 07:30:00;8955.69151016642;18790.358779646398
22/07/2024 08:00:00;12671.882087204616;22502.26586298919
22/07/2024 08:30:00;17155.458675155838;25841.499341936265
22/07/2024 09:00:00;21639.035263107053;29180.732820883346
22/07/2024 09:30:00;24771.614005983767;30628.277760847996
22/07/2024 10:00:00;27904.192748860478;32075.822700812652
22/07/2024 10:30:00;31024.135271829502;34183.50376087098
22/07/2024 11:00:00;34144.077794798526;36291.18482092932
22/07/2024 11:30:00;34416.392430547836;36340.5570199199
22/07/2024 12:00:00;34688.70706629714;36389.929218910474
22/07/2024 12:30:00;32271.78736292825;33968.254754785936
22/07/2024 13:00:00;29854.867659559368;31546.580290661404
22/07/2024 13:30:00;26183.249995407376;27887.021042010656
22/07/2024 14:00:00;22511.632331255383;24227.461793359904
22/07/2024 14:30:00;17986.83642611031;19691.426651335783
22/07/2024 15:00:00;13462.040520965236;15155.39150931166
22/07/2024 15:30:00;9566.41330018616;11224.058308297615
22/07/2024 16:00:00;5670.786079407082;7292.725107283575
22/07/2024 16:30:00;3360.283832074405;4818.892036458125
22/07/2024 17:00:00;1049.7815847417269;2345.0589656326774
22/07/2024 17:30:00;524.8907923708634;1475.5128579605891
22/07/2024 18:00:00;0.0;605.966750288501
22/07/2024 18:30:00;0.0;302.9833751442505
22/07/2024 19:00:00;0.0;0.0
22/07/2024 19:30:00;0.0;0.0
22/07/2024 20:00:00;0.0;0.0
22/07/2024 20:30:00;0.0;0.0
22/07/2024 21:00:00;0.0;0.0
22/07/2024 21:30:00;0.0;0.0
22/07/2024 22:00:00;0.0;0.0
22/07/2024 22:30:00;0.0;0.0
22/07/2024 23:00:00;0.0;0.0
22/07/2024 23:30:00;0.0;0.0
23/07/2024 00:00:00;0.0;0.0
23/07/2024 00:30:00;0.0;0.0
23/07/2024 01:00:00;0.0;0.0
23/07/2024 01:30:00;0.0;0.0
23/07/2024 02:00:00;0.0;0.0
23/07/2024 02:30:00;0.0;0.0
23/07/2024 03:00:00;0.0;0.0
23/07/2024 03:30:00;0.0;0.0
23/07/2024 04:00:00;0.0;0.0
23/07/2024 04:30:00;0.0;496.210508403289
23/07/2024 05:00:00;0.0;992.421016806578
23/07/2024 05:30:00;357.9568182244243;3771.124010412768
23/07/2024 06:00:00;715.9136364488486;6549.827004018958
23/07/2024 06:30:00;2881.051133866594;10532.631954988094
23/07/2024 07:00:00;5046.18863128434;14515.436905957227
23/07/2024 07:30:00;7429.687533759116;15964.28871855519
23/07/2024 08:00:00;9813.186436233893;17413.140531153153
23/07/2024 08:30:00;15723.097842648967;23275.894576783623
23/07/2024 09:00:00;21633.009249064045;29138.648622414094
23/07/2024 09:30:00;23601.716816284694;29250.44333480994
23/07/2024 10:00:00;25570.424383505342;29362.23804720579
23/07/2024 10:30:00;18197.606241347323;20428.04928291685
23/07/2024 11:00:00;10824.788099189303;11493.860518627918
23/07/2024 11:30:00;19584.84622073401;20600.04810953229
23/07/2024 12:00:00;28344.90434227872;29706.23570043666
23/07/2024 12:30:00;22599.53756161299;23745.643626701236
23/07/2024 13:00:00;16854.170780947254;17785.05155296582
23/07/2024 13:30:00;16818.831900888374;17910.033616660814
23/07/2024 14:00:00;16783.49302082949;18035.015680355802
23/07/2024 14:30:00;14619.587530017518;16012.80376235215
23/07/2024 15:00:00;12455.682039205547;13990.591844348495
23/07/2024 15:30:00;8837.174689711572;10334.862942651562
23/07/2024 16:00:00;5218.667340217594;6679.134040954627
23/07/2024 16:30:00;3117.295144172341;4464.283735734895
23/07/2024 17:00:00;1015.9229481270885;2249.4334305151624
23/07/2024 17:30:00;507.96147406354424;1419.42871234465
23/07/2024 18:00:00;0.0;589.4239941741374
23/07/2024 18:30:00;0.0;294.7119970870687
23/07/2024 19:00:00;0.0;0.0
23/07/2024 19:30:00;0.0;0.0
23/07/2024 20:00:00;0.0;0.0
23/07/2024 20:30:00;0.0;0.0
23/07/2024 21:00:00;0.0;0.0
23/07/2024 21:30:00;0.0;0.0
23/07/2024 22:00:00;0.0;0.0
23/07/2024 22:30:00;0.0;0.0
23/07/2024 23:00:00;0.0;0.0
23/07/2024 23:30:00;0.0;0.0
24/07/2024 00:00:00;0.0;0.0
24/07/2024 00:30:00;0.0;0.0
24/07/2024 01:00:00;0.0;0.0
24/07/2024 01:30:00;0.0;0.0
24/07/2024 02:00:00;0.0;0.0
24/07/2024 02:30:00;0.0;0.0
24/07/2024 03:00:00;0.0;0.0
24/07/2024 03:30:00;0.0;0.0
24/07/2024 04:00:00;0.0;0.0
24/07/2024 04:30:00;0.0;418.6121918267868
24/07/2024 05:00:00;0.0;837.2243836535736
24/07/2024 05:30:00;262.2211896184717;2822.8266360463963
24/07/2024 06:00:00;524.4423792369435;4808.428888439218
24/07/2024 06:30:00;682.0546688232323;3611.2912381480387
24/07/2024 07:00:00;839.6669584095213;2414.1535878568593
24/07/2024 07:30:00;1678.9181342240338;3438.877356547342
24/07/2024 08:00:00;2518.1693100385464;4463.601125237825
24/07/2024 08:30:00;2266.201702821058;3586.915877831359
24/07/2024 09:00:00;2014.23409560357;2710.2306304248937
24/07/2024 09:30:00;13022.098351952356;15137.12027517935
24/07/2024 10:00:00;24029.962608301146;27564.009919933804
24/07/2024 10:30:00;16480.496938131426;18518.434026352345
24/07/2024 11:00:00;8931.031267961707;9472.858132770885
24/07/2024 11:30:00;6289.445038590145;6646.027331366052
24/07/2024 12:00:00;3647.858809218583;3819.1965299612193
24/07/2024 12:30:00;3318.7414661104276;3484.7426795393826
24/07/2024 13:00:00;2989.6241230022715;3150.288829117545
24/07/2024 13:30:00;11764.537829263929;12592.760267602236
24/07/2024 14:00:00;20539.451535525586;22035.231706086925
24/07/2024 14:30:00;16327.328407364723;17805.29997990633
24/07/2024 15:00:00;12115.20527920386;13575.368253725732
24/07/2024 15:30:00;7915.719826079674;9154.43601401576
24/07/2024 16:00:00;3716.2343729554887;4733.503774305791
24/07/2024 16:30:00;2214.652842279134;3149.3992660952326
24/07/2024 17:00:00;713.0713116027787;1565.294757884674
24/07/2024 17:30:00;356.53565580138934;1112.3743098438845
24/07/2024 18:00:00;0.0;659.4538618030952
24/07/2024 18:30:00;0.0;329.7269309015476
24/07/2024 19:00:00;0.0;0.0
24/07/2024 19:30:00;0.0;0.0
24/07/2024 20:00:00;0.0;0.0
24/07/2024 20:30:00;0.0;0.0
24/07/2024 21:00:00;0.0;0.0
24/07/2024 21:30:00;0.0;0.0
24/07/2024 22:00:00;0.0;0.0
24/07/2024 22:30:00;0.0;0.0
24/07/2024 23:00:00;0.0;0.0
24/07/2024 23:30:00;0.0;0.0
25/07/2024 00:00:00;0.0;0.0
25/07/2024 00:30:00;0.0;0.0
25/07/2024 01:00:00;0.0;0.0
25/07/2024 01:30:00;0.0;0.0
25/07/2024 02:00:00;0.0;0.0
25/07/2024 02:30:00;0.0;0.0
25/07/2024 03:00:00;0.0;0.0
25/07/2024 03:30:00;0.0;0.0
25/07/2024 04:00:00;0.0;0.0
25/07/2024 04:30:00;0.0;263.63729360242644
25/07/2024 05:00:00;0.0;527.2745872048529
25/07/2024 05:30:00;383.1621919300884;3776.465675234686
25/07/2024 06:00:00;766.3243838601768;7025.656763264519
25/07/2024 06:30:00;2510.5989083075738;9622.571975471277
25/07/2024 07:00:00;4254.87343275497;12219.487187678036
25/07/2024 07:30:00;7097.307897040346;14912.160939788027
25/07/2024 08:00:00;9939.742361325722;17604.834691898017
25/07/2024 08:30:00;12801.805230798926;19327.358697342795
25/07/2024 09:00:00;15663.86810027213;21049.88270278757
25/07/2024 09:30:00;18118.08795418943;22311.218942329477
25/07/2024 10:00:00;20572.307808106725;23572.555181871383
25/07/2024 10:30:00;22588.078697604924;24820.217716984822
25/07/2024 11:00:00;24603.84958710312;26067.880252098264
25/07/2024 11:30:00;28490.88660613675;29966.195514651063
25/07/2024 12:00:00;32377.923625170384;33864.51077720387
25/07/2024 12:30:00;28466.33910967861;29851.13929150659
25/07/2024 13:00:00;24554.75459418684;25837.767805809315
25/07/2024 13:30:00;19418.782162391646;20567.90537425244
25/07/2024 14:00:00;14282.809730596451;15298.042942695569
25/07/2024 14:30:00;8457.335719631754;9119.916694075768
25/07/2024 15:00:00;2631.861708667056;2941.790445455966
25/07/2024 15:30:00;1629.4917360762686;1868.3549846971696
25/07/2024 16:00:00;627.1217634854812;794.9195239383731
25/07/2024 16:30:00;399.8314761435007;585.0324448193444
25/07/2024 17:00:00;172.54118880152012;375.1453657003155
25/07/2024 17:30:00;86.27059440076006;492.74344885817146
25/07/2024 18:00:00;0.0;610.3415320160274
25/07/2024 18:30:00;0.0;305.1707660080137
25/07/2024 19:00:00;0.0;0.0
25/07/2024 19:30:00;0.0;91.48200531194254
25/07/2024 20:00:00;0.0;0.0
25/07/2024 20:30:00;0.0;0.0
25/07/2024 21:00:00;0.0;0.0
25/07/2024 21:30:00;0.0;0.0
25/07/2024 22:00:00;0.0;0.0
25/07/2024 22:30:00;0.0;0.0
25/07/2024 23:00:00;0.0;0.0
25/07/2024 23:30:00;0.0;0.0
26/07/2024 00:00:00;0.0;0.0
26/07/2024 00:30:00;0.0;0.0
26/07/2024 01:00:00;0.0;0.0
26/07/2024 01:30:00;0.0;0.0
26/07/2024 02:00:00;0.0;0.0
26/07/2024 02:30:00;0.0;0.0
26/07/2024 03:00:00;0.0;0.0
26/07/2024 03:30:00;0.0;0.0
26/07/2024 04:00:00;0.0;0.0
26/07/2024 04:30:00;0.0;0.0
26/07/2024 05:00:00;0.0;1829.6401062388509
26/07/2024 05:30:00;386.3926781906309;4460.8459140000405
26/07/2024 06:00:00;772.7853563812617;7092.051721761229
26/07/2024 06:30:00;2996.961550848722;11036.881725172138
26/07/2024 07:00:00;5221.137745316181;14981.711728583045
26/07/2024 07:30:00;8809.88503199378;18458.338788476343
26/07/2024 08:00:00;12398.632318671376;21934.965848369644
26/07/2024 08:30:00;16231.927614797794;24438.20189488071
26/07/2024 09:00:00;20065.222910924214;26941.43794139177
26/07/2024 09:30:00;18357.61947026756;22998.994673171506
26/07/2024 10:00:00;16650.016029610906;19056.55140495124
26/07/2024 10:30:00;24249.009185257368;26381.28919457009
26/07/2024 11:00:00;31848.002340903826;33706.026984188946
26/07/2024 11:30:00;22717.61901455023;23951.089164407305
26/07/2024 12:00:00;13587.235688196633;14196.151344625672
26/07/2024 12:30:00;13785.272949672359;14444.234407632423
26/07/2024 13:00:00;13983.310211148088;14692.317470639175
26/07/2024 13:30:00;15361.330633135003;16296.067868173408
26/07/2024 14:00:00;16739.35105512192;17899.81826570764
26/07/2024 14:30:00;14728.530687549614;16040.237044633639
26/07/2024 15:00:00;12717.710319977308;14180.65582355964
26/07/2024 15:30:00;9167.114021299596;10632.511438002335
26/07/2024 16:00:00;5616.517722621884;7084.367052445029
26/07/2024 16:30:00;3324.2246447775983;4653.84453034057
26/07/2024 17:00:00;1031.9315669333128;2223.3220082361104
26/07/2024 17:30:00;515.9657834666564;1408.5592627150895
26/07/2024 18:00:00;0.0;593.7965171940688
26/07/2024 18:30:00;0.0;296.8982585970344
26/07/2024 19:00:00;0.0;0.0
26/07/2024 19:30:00;0.0;26.35841569898726
26/07/2024 20:00:00;0.0;0.0
26/07/2024 20:30:00;0.0;0.0
26/07/2024 21:00:00;0.0;0.0
26/07/2024 21:30:00;0.0;0.0
26/07/2024 22:00:00;0.0;0.0
26/07/2024 22:30:00;0.0;0.0
26/07/2024 23:00:00;0.0;0.0
26/07/2024 23:30:00;0.0;0.0
27/07/2024 00:00:00;0.0;0.0
27/07/2024 00:30:00;0.0;0.0
27/07/2024 01:00:00;0.0;0.0
27/07/2024 01:30:00;0.0;0.0
27/07/2024 02:00:00;0.0;0.0
27/07/2024 02:30:00;0.0;0.0
27/07/2024 03:00:00;0.0;0.0
27/07/2024 03:30:00;0.0;0.0
27/07/2024 04:00:00;0.0;0.0
27/07/2024 04:30:00;0.0;0.0
27/07/2024 05:00:00;0.0;527.1683139797451
27/07/2024 05:30:00;186.67044279527914;1976.5339005134354
27/07/2024 06:00:00;373.3408855905583;3425.899487047125
27/07/2024 06:30:00;1694.781898087352;6035.288399718204
27/07/2024 07:00:00;3016.222910584145;8644.677312389285
27/07/2024 07:30:00;7506.380015319351;14921.896954453214
27/07/2024 08:00:00;11996.537120054556;21199.116596517142
27/07/2024 08:30:00;10222.180718780623;16264.921452040211
27/07/2024 09:00:00;8447.824317506691;11330.72630756328
27/07/2024 09:30:00;11423.054522079487;13895.105119563534
27/07/2024 10:00:00;14398.284726652284;16459.48393156379
27/07/2024 10:30:00;21219.675689022628;23050.353203152674
27/07/2024 11:00:00;28041.06665139297;29641.222474741564
27/07/2024 11:30:00;24106.19837678557;25346.723129431313
27/07/2024 12:00:00;20171.33010217817;21052.223784121066
27/07/2024 12:30:00;19956.315231332457;20881.96672226843
27/07/2024 13:00:00;19741.300360486744;20711.709660415792
27/07/2024 13:30:00;15842.453851827822;16730.930116573516
27/07/2024 14:00:00;11943.607343168898;12750.150572731234
27/07/2024 14:30:00;12517.909740961299;13655.714092428183
27/07/2024 15:00:00;13092.212138753699;14561.27761212513
27/07/2024 15:30:00;9336.823429588212;10784.297340303552
27/07/2024 16:00:00;5581.434720422725;7007.317068481975
27/07/2024 16:30:00;3305.398722113383;4602.534179966284
27/07/2024 17:00:00;1029.3627238040413;2197.7512914505933
27/07/2024 17:30:00;514.6813619020206;1361.115236741
27/07/2024 18:00:00;0.0;524.4791820314068
27/07/2024 18:30:00;0.0;262.2395910157034
27/07/2024 19:00:00;0.0;0.0
27/07/2024 19:30:00;0.0;96.10145565798969
27/07/2024 20:00:00;0.0;0.0
27/07/2024 20:30:00;0.0;0.0
27/07/2024 21:00:00;0.0;0.0
27/07/2024 21:30:00;0.0;0.0
27/07/2024 22:00:00;0.0;0.0
27/07/2024 22:30:00;0.0;0.0
27/07/2024 23:00:00;0.0;0.0
27/07/2024 23:30:00;0.0;0.0
28/07/2024 00:00:00;0.0;0.0
28/07/2024 00:30:00;0.0;0.0
28/07/2024 01:00:00;0.0;0.0
28/07/2024 01:30:00;0.0;0.0
28/07/2024 02:00:00;0.0;0.0
28/07/2024 02:30:00;0.0;0.0
28/07/2024 03:00:00;0.0;0.0
28/07/2024 03:30:00;0.0;0.0
28/07/2024 04:00:00;0.0;0.0
28/07/2024 04:30:00;0.0;0.0
28/07/2024 05:00:00;0.0;1922.0291131597937
28/07/2024 05:30:00;310.3733185842523;3805.635606442952
28/07/2024 06:00:00;620.7466371685045;5689.24209972611
28/07/2024 06:30:00;2687.124701909915;9648.259883345052
28/07/2024 07:00:00;4753.502766651325;13607.277666963993
28/07/2024 07:30:00;7863.293668192622;16487.254235928154
28/07/2024 08:00:00;10973.084569733917;19367.23080489232
28/07/2024 08:30:00;14909.607556785662;22309.48649911244
28/07/2024 09:00:00;18846.130543837407;25251.742193332557
28/07/2024 09:30:00;13910.061094596662;17748.67614860544
28/07/2024 10:00:00;8973.99164535592;10245.610103878318
28/07/2024 10:30:00;7965.211143626138;8795.221807778678
28/07/2024 11:00:00;6956.430641896357;7344.833511679037
28/07/2024 11:30:00;10310.09332225072;10794.870943117874
28/07/2024 12:00:00;13663.756002605081;14244.908374556711
28/07/2024 12:30:00;10325.681409715118;10783.759496786777
28/07/2024 13:00:00;6987.606816825157;7322.610619016844
28/07/2024 13:30:00;12670.776672922824;13441.024230955405
28/07/2024 14:00:00;18353.946529020493;19559.43784289397
28/07/2024 14:30:00;12346.096065128353;13295.202756941608
28/07/2024 15:00:00;6338.2456012362145;7030.967670989242
28/07/2024 15:30:00;4458.198261056536;5126.699447259791
28/07/2024 16:00:00;2578.1509208768566;3222.4312235303387
28/07/2024 16:30:00;1768.3299292896181;2625.373272655937
28/07/2024 17:00:00;958.5089377023797;2028.3153217815352
28/07/2024 17:30:00;479.25446885118987;1304.7282983573905
28/07/2024 18:00:00;0.0;581.1412749332462
28/07/2024 18:30:00;0.0;290.5706374666231
28/07/2024 19:00:00;0.0;0.0
28/07/2024 19:30:00;0.0;49.59068487322169
28/07/2024 20:00:00;0.0;0.0
28/07/2024 20:30:00;0.0;0.0
28/07/2024 21:00:00;0.0;0.0
28/07/2024 21:30:00;0.0;0.0
28/07/2024 22:00:00;0.0;0.0
28/07/2024 22:30:00;0.0;0.0
28/07/2024 23:00:00;0.0;0.0
28/07/2024 23:30:00;0.0;0.0
29/07/2024 00:00:00;0.0;0.0
29/07/2024 00:30:00;0.0;0.0
29/07/2024 01:00:00;0.0;0.0
29/07/2024 01:30:00;0.0;0.0
29/07/2024 02:00:00;0.0;0.0
29/07/2024 02:30:00;0.0;0.0
29/07/2024 03:00:00;0.0;0.0
29/07/2024 03:30:00;0.0;0.0
29/07/2024 04:00:00;0.0;0.0
29/07/2024 04:30:00;0.0;0.0
29/07/2024 05:00:00;0.0;991.8136974644337
29/07/2024 05:30:00;184.61591991546896;2185.964974031612
29/07/2024 06:00:00;369.23183983093793;3380.11625059879
29/07/2024 06:30:00;2762.639922526145;9060.723677118705
29/07/2024 07:00:00;5156.0480052213525;14741.331103638622
29/07/2024 07:30:00;8395.292858872723;17624.985632847816
29/07/2024 08:00:00;11634.537712524094;20508.64016205701
29/07/2024 08:30:00;13953.164517267454;21144.224052166355
29/07/2024 09:00:00;16271.791322010813;21779.807942275704
29/07/2024 09:30:00;21092.85791680826;25663.823483987777
29/07/2024 10:00:00;25913.92451160571;29547.839025699854
29/07/2024 10:30:00;20491.72791008564;22719.594369994484
29/07/2024 11:00:00;15069.531308565569;15891.349714289117
29/07/2024 11:30:00;13815.774926054952;14486.392468318096
29/07/2024 12:00:00;12562.018543544336;13081.435222347072
29/07/2024 12:30:00;10349.44179906664;10799.14904200268
29/07/2024 13:00:00;8136.865054588944;8516.862861658286
29/07/2024 13:30:00;5933.829600157859;6242.8753860266215
29/07/2024 14:00:00;3730.794145726774;3968.8879103949557
29/07/2024 14:30:00;3878.978436808842;4212.285987596779
29/07/2024 15:00:00;4027.1627278909104;4455.684064798602
29/07/2024 15:30:00;2876.506706225482;3301.2836768103302
29/07/2024 16:00:00;1725.8506845600539;2146.883288822058
29/07/2024 16:30:00;960.1631432659347;1277.41217727498
29/07/2024 17:00:00;194.47560197181542;407.94106572790184
29/07/2024 17:30:00;97.23780098590771;404.04083323588617
29/07/2024 18:00:00;0.0;400.1406007438705
29/07/2024 18:30:00;0.0;200.07030037193525
29/07/2024 19:00:00;0.0;0.0
29/07/2024 19:30:00;0.0;97.63787631658658
29/07/2024 20:00:00;0.0;0.0
29/07/2024 20:30:00;0.0;0.0
29/07/2024 21:00:00;0.0;0.0
29/07/2024 21:30:00;0.0;0.0
29/07/2024 22:00:00;0.0;0.0
29/07/2024 22:30:00;0.0;0.0
29/07/2024 23:00:00;0.0;0.0
29/07/2024 23:30:00;0.0;0.0
30/07/2024 00:00:00;0.0;0.0
30/07/2024 00:30:00;0.0;0.0
30/07/2024 01:00:00;0.0;0.0
30/07/2024 01:30:00;0.0;0.0
30/07/2024 02:00:00;0.0;0.0
30/07/2024 02:30:00;0.0;0.0
30/07/2024 03:00:00;0.0;0.0
30/07/2024 03:30:00;0.0;0.0
30/07/2024 04:00:00;0.0;0.0
30/07/2024 04:30:00;0.0;0.0
30/07/2024 05:00:00;0.0;1952.7575263317317
30/07/2024 05:30:00;54.15878657979992;1472.2009716924197
30/07/2024 06:00:00;108.31757315959985;991.6444170531076
30/07/2024 06:30:00;679.0415413522333;2279.984090463668
30/07/2024 07:00:00;1249.7655095448665;3568.3237638742285
30/07/2024 07:30:00;2466.9497150710326;5027.517353803547
30/07/2024 08:00:00;3684.133920597199;6486.710943732866
30/07/2024 08:30:00;10487.222638510999;14801.602632935994
30/07/2024 09:00:00;17290.311356424798;23116.494322139122
30/07/2024 09:30:00;23316.296224736274;28266.601784002476
30/07/2024 10:00:00;29342.28109304775;33416.70924586583
30/07/2024 10:30:00;31802.366388585953;34750.82184616925
30/07/2024 11:00:00;34262.45168412416;36084.93444647268
30/07/2024 11:30:00;33880.95527757315;35464.97539584694
30/07/2024 12:00:00;33499.45887102214;34845.016345221185
30/07/2024 12:30:00;29927.677111275003;31199.521419181714
30/07/2024 13:00:00;26355.89535152786;27554.026493142243
30/07/2024 13:30:00;22805.73958841655;24000.913314059537
30/07/2024 14:00:00;19255.58382530524;20447.80013497683
30/07/2024 14:30:00;15916.784106150853;17163.559877344054
30/07/2024 15:00:00;12577.984386996468;13879.319619711277
30/07/2024 15:30:00;8866.863459594528;10131.070027187916
30/07/2024 16:00:00;5155.742532192589;6382.8204346645525
30/07/2024 16:30:00;3072.262334555686;4218.446226471229
30/07/2024 17:00:00;988.782136918782;2054.072018277906
30/07/2024 17:30:00;494.391068459391;1255.3086069108786
30/07/2024 18:00:00;0.0;456.5451955438515
30/07/2024 18:30:00;0.0;228.27259777192575
30/07/2024 19:00:00;0.0;0.0
30/07/2024 19:30:00;0.0;74.37148256235432
30/07/2024 20:00:00;0.0;0.0
30/07/2024 20:30:00;0.0;0.0
30/07/2024 21:00:00;0.0;0.0
30/07/2024 21:30:00;0.0;0.0
30/07/2024 22:00:00;0.0;0.0
30/07/2024 22:30:00;0.0;0.0
30/07/2024 23:00:00;0.0;0.0
30/07/2024 23:30:00;0.0;0.0
31/07/2024 00:00:00;0.0;0.0
31/07/2024 00:30:00;0.0;0.0
31/07/2024 01:00:00;0.0;0.0
31/07/2024 01:30:00;0.0;0.0
31/07/2024 02:00:00;0.0;0.0
31/07/2024 02:30:00;0.0;0.0
31/07/2024 03:00:00;0.0;0.0
31/07/2024 03:30:00;0.0;0.0
31/07/2024 04:00:00;0.0;0.0
31/07/2024 04:30:00;0.0;0.0
31/07/2024 05:00:00;0.0;1487.4296512470862
31/07/2024 05:30:00;226.6866127616379;2816.8073489188823
31/07/2024 06:00:00;453.3732255232758;4146.185046590679
31/07/2024 06:30:00;2363.756170268178;8166.936475980185
31/07/2024 07:00:00;4274.13911501308;12187.68790536969
31/07/2024 07:30:00;8075.169591396785;16536.933646498303
31/07/2024 08:00:00;11876.20006778049;20886.17938762691
31/07/2024 08:30:00;16562.93791631135;24631.000031327618
31/07/2024 09:00:00;21249.67576484221;28375.820675028324
31/07/2024 09:30:00;24518.072972029368;29990.41683965985
31/07/2024 10:00:00;27786.470179216525;31605.01300429137
31/07/2024 10:30:00;26239.44762593314;28788.567598359226
31/07/2024 11:00:00;24692.42507264976;25972.12219242708
31/07/2024 11:30:00;28403.654134464552;29668.83119316526
31/07/2024 12:00:00;32114.883196279345;33365.54019390344
31/07/2024 12:30:00;30212.16682095112;31462.779775563806
31/07/2024 13:00:00;28309.45044562289;29560.019357224162
31/07/2024 13:30:00;22593.86243812344;23725.144366972752
31/07/2024 14:00:00;16878.27443062399;17890.269376721346
31/07/2024 14:30:00;10230.430094768017;10916.310203983576
31/07/2024 15:00:00;3582.585758912044;3942.351031245806
31/07/2024 15:30:00;3720.3904831576647;4347.785762173941
31/07/2024 16:00:00;3858.195207403286;4753.220493102076
31/07/2024 16:30:00;2420.7217647926286;3388.7060620125726
31/07/2024 17:00:00;983.2483221819714;2024.1916309230699
31/07/2024 17:30:00;491.6241610909857;1247.6778997149697
31/07/2024 18:00:00;0.0;471.16416850686966
31/07/2024 18:30:00;0.0;235.58208425343483
31/07/2024 19:00:00;0.0;0.0
31/07/2024 19:30:00;0.0;20.145411623904945
31/07/2024 20:00:00;0.0;0.0
31/07/2024 20:30:00;0.0;0.0
31/07/2024 21:00:00;0.0;0.0
31/07/2024 21:30:00;0.0;0.0
31/07/2024 22:00:00;0.0;0.0
31/07/2024 22:30:00;0.0;0.0
31/07/2024 23:00:00;0.0;0.0
31/07/2024 23:30:00;0.0;0.0
01/08/2024 00:00:00;0.0;0.0
01/08/2024 00:30:00;0.0;0.0
01/08/2024 01:00:00;0.0;0.0
01/08/2024 01:30:00;0.0;0.0
01/08/2024 02:00:00;0.0;0.0
01/08/2024 02:30:00;0.0;0.0
01/08/2024 03:00:00;0.0;0.0
01/08/2024 03:30:00;0.0;0.0
01/08/2024 04:00:00;0.0;0.0
01/08/2024 04:30:00;0.0;0.0
01/08/2024 05:00:00;0.0;402.9082324780989
01/08/2024 05:30:00;229.59094161453075;2296.5006922876964
01/08/2024 06:00:00;459.1818832290615;4190.093152097294
01/08/2024 06:30:00;1327.9350929406232;5222.424967690769
01/08/2024 07:00:00;2196.688302652185;6254.756783284245
01/08/2024 07:30:00;3360.4441708380255;7100.824618557031
01/08/2024 08:00:00;4524.200039023866;7946.892453829817
01/08/2024 08:30:00;4606.048986435791;7099.623395118895
01/08/2024 09:00:00;4687.8979338477175;6252.354336407973
01/08/2024 09:30:00;5066.960889764225;6219.317292695435
01/08/2024 10:00:00;5446.023845680731;6186.2802489828955
01/08/2024 10:30:00;5761.715486927279;6285.322882827068
01/08/2024 11:00:00;6077.407128173828;6384.365516671241
01/08/2024 11:30:00;19710.970600863035;20493.370664181046
01/08/2024 12:00:00;33344.53407355224;34602.37581169085
01/08/2024 12:30:00;28481.847726789845;29616.950249821948
01/08/2024 13:00:00;23619.161380027446;24631.52468795304
01/08/2024 13:30:00;15419.306856572712;16134.998936288137
01/08/2024 14:00:00;7219.452333117975;7638.473184623233
01/08/2024 14:30:00;4465.213199246321;4758.054231733959
01/08/2024 15:00:00;1710.9740653746665;1877.6352788446848
01/08/2024 15:30:00;2955.555257858192;3513.3844879250123
01/08/2024 16:00:00;4200.136450341717;5149.13369700534
01/08/2024 16:30:00;2523.2950197232108;3437.630289034893
01/08/2024 17:00:00;846.453589104704;1726.126881064447
01/08/2024 17:30:00;423.226794552352;1071.0971574311295
01/08/2024 18:00:00;0.0;416.06743379781244
01/08/2024 18:30:00;0.0;208.03371689890622
01/08/2024 19:00:00;0.0;0.0
01/08/2024 19:30:00;0.0;61.985519334797964
01/08/2024 20:00:00;0.0;0.0
01/08/2024 20:30:00;0.0;0.0
01/08/2024 21:00:00;0.0;0.0
01/08/2024 21:30:00;0.0;0.0
01/08/2024 22:00:00;0.0;0.0
01/08/2024 22:30:00;0.0;0.0
01/08/2024 23:00:00;0.0;0.0
01/08/2024 23:30:00;0.0;0.0
02/08/2024 00:00:00;0.0;0.0
02/08/2024 00:30:00;0.0;0.0
02/08/2024 01:00:00;0.0;0.0
02/08/2024 01:30:00;0.0;0.0
02/08/2024 02:00:00;0.0;0.0
02/08/2024 02:30:00;0.0;0.0
02/08/2024 03:00:00;0.0;0.0
02/08/2024 03:30:00;0.0;0.0
02/08/2024 04:00:00;0.0;0.0
02/08/2024 04:30:00;0.0;0.0
02/08/2024 05:00:00;0.0;1239.7103866959592
02/08/2024 05:30:00;74.43015247615263;1297.5119601873987
02/08/2024 06:00:00;148.86030495230526;1355.3135336788384
02/08/2024 06:30:00;1145.4534941466213;3723.6685583457183
02/08/2024 07:00:00;2142.0466833409373;6092.023583012598
02/08/2024 07:30:00;4233.50018043283;8592.41406895972
02/08/2024 08:00:00;6324.953677524723;11092.804554906841
02/08/2024 08:30:00;8290.989676594101;12377.26903233945
02/08/2024 09:00:00;10257.025675663477;13661.73350977206
02/08/2024 09:30:00;16979.58782465956;20274.863270413658
02/08/2024 10:00:00;23702.149973655647;26887.993031055255
02/08/2024 10:30:00;20483.446864857528;22500.491961304688
02/08/2024 11:00:00;17264.74375605941;18112.990891554116
02/08/2024 11:30:00;21136.11393147629;22016.130918894512
02/08/2024 12:00:00;25007.484106893167;25919.27094623491
02/08/2024 12:30:00;14895.766872032724;15451.011271644767
02/08/2024 13:00:00;4784.049637172284;4982.751597054628
02/08/2024 13:30:00;3900.569739256633;4084.441524259285
02/08/2024 14:00:00;3017.0898413409827;3186.131451463942
02/08/2024 14:30:00;3302.3644825881147;3556.04132151839
02/08/2024 15:00:00;3587.6391238352476;3925.951191572837
02/08/2024 15:30:00;4314.360176775925;5037.120423353358
02/08/2024 16:00:00;5041.081229716602;6148.289655133879
02/08/2024 16:30:00;2675.4097013340493;3386.8485587630553
02/08/2024 17:00:00;309.7381729514964;625.4074623922314
02/08/2024 17:30:00;154.8690864757482;405.6631446869197
02/08/2024 18:00:00;0.0;185.91882698160788
02/08/2024 18:30:00;0.0;92.95941349080394
02/08/2024 19:00:00;0.0;0.0
02/08/2024 19:30:00;0.0;58.892698718146534
02/08/2024 20:00:00;0.0;0.0
02/08/2024 20:30:00;0.0;0.0
02/08/2024 21:00:00;0.0;0.0
02/08/2024 21:30:00;0.0;0.0
02/08/2024 22:00:00;0.0;0.0
02/08/2024 22:30:00;0.0;0.0
02/08/2024 23:00:00;0.0;0.0
02/08/2024 23:30:00;0.0;0.0
03/08/2024 00:00:00;0.0;0.0
03/08/2024 00:30:00;0.0;0.0
03/08/2024 01:00:00;0.0;0.0
03/08/2024 01:30:00;0.0;0.0
03/08/2024 02:00:00;0.0;0.0
03/08/2024 02:30:00;0.0;0.0
03/08/2024 03:00:00;0.0;0.0
03/08/2024 03:30:00;0.0;0.0
03/08/2024 04:00:00;0.0;0.0
03/08/2024 04:30:00;0.0;0.0
03/08/2024 05:00:00;0.0;1177.8539743629308
03/08/2024 05:30:00;338.07346058269343;3659.8580723296836
03/08/2024 06:00:00;676.1469211653869;6141.8621702964365
03/08/2024 06:30:00;2978.714944535467;10571.970366970392
03/08/2024 07:00:00;5281.282967905548;15002.078563644349
03/08/2024 07:30:00;8657.896718555354;18039.17754114795
03/08/2024 08:00:00;12034.510469205163;21076.27651865155
03/08/2024 08:30:00;15860.386361106188;23631.583773035687
03/08/2024 09:00:00;19686.26225300721;26186.891027419828
03/08/2024 09:30:00;24590.348334774957;29799.483082930572
03/08/2024 10:00:00;29494.434416542703;33412.075138441316
03/08/2024 10:30:00;30642.22297296996;33360.12001447893
03/08/2024 11:00:00;31790.011529397223;33308.164890516564
03/08/2024 11:30:00;24623.22406160389;25689.5455244263
03/08/2024 12:00:00;17456.436593810555;18070.926158336035
03/08/2024 12:30:00;22305.646529089157;23158.408260906835
03/08/2024 13:00:00;27154.85646436776;28245.890363477632
03/08/2024 13:30:00;23962.724910815537;25069.60909204115
03/08/2024 14:00:00;20770.59335726332;21893.327820604667
03/08/2024 14:30:00;14455.013192931381;15387.604517333857
03/08/2024 15:00:00;8139.4330285994465;8881.881214063049
03/08/2024 15:30:00;5702.53823166577;6422.286942610938
03/08/2024 16:00:00;3265.643434732092;3962.6926711588276
03/08/2024 16:30:00;2091.5650667556647;2898.792757352139
03/08/2024 17:00:00;917.4866987792374;1834.8928435454495
03/08/2024 17:30:00;458.7433493896187;1149.1958451822286
03/08/2024 18:00:00;0.0;463.49884681900727
03/08/2024 18:30:00;0.0;231.74942340950363
03/08/2024 19:00:00;0.0;0.0
03/08/2024 19:30:00;0.0;27.899437932153504
03/08/2024 20:00:00;0.0;0.0
03/08/2024 20:30:00;0.0;0.0
03/08/2024 21:00:00;0.0;0.0
03/08/2024 21:30:00;0.0;0.0
03/08/2024 22:00:00;0.0;0.0
03/08/2024 22:30:00;0.0;0.0
03/08/2024 23:00:00;0.0;0.0
03/08/2024 23:30:00;0.0;0.0
04/08/2024 00:00:00;0.0;0.0
04/08/2024 00:30:00;0.0;0.0
04/08/2024 01:00:00;0.0;0.0
04/08/2024 01:30:00;0.0;0.0
04/08/2024 02:00:00;0.0;0.0
04/08/2024 02:30:00;0.0;0.0
04/08/2024 03:00:00;0.0;0.0
04/08/2024 03:30:00;0.0;0.0
04/08/2024 04:00:00;0.0;0.0
04/08/2024 04:30:00;0.0;0.0
04/08/2024 05:00:00;0.0;557.98875864307
04/08/2024 05:30:00;188.4278457065053;1986.6476834697728
04/08/2024 06:00:00;376.8556914130106;3415.3066082964756
04/08/2024 06:30:00;1502.725179613938;5434.179176003797
04/08/2024 07:00:00;2628.5946678148653;7453.051743711118
04/08/2024 07:30:00;4816.556254268898;9851.22797274932
04/08/2024 08:00:00;7004.517840722929;12249.404201787522
04/08/2024 08:30:00;10715.15519393953;15705.800943979506
04/08/2024 09:00:00;14425.792547156132;19162.197686171487
04/08/2024 09:30:00;17256.57688302295;20942.7511150898
04/08/2024 10:00:00;20087.361218889768;22723.304544008108
04/08/2024 10:30:00;13662.75828873404;15148.352825736678
04/08/2024 11:00:00;7238.155358578311;7573.401107465248
04/08/2024 11:30:00;9845.5474098728;10224.253907825358
04/08/2024 12:00:00;12452.939461167287;12875.106708185467
04/08/2024 12:30:00;11226.948927860862;11632.241917359766
04/08/2024 13:00:00;10000.958394554438;10389.377126534067
04/08/2024 13:30:00;7593.039294559763;7922.023148531068
04/08/2024 14:00:00;5185.120194565089;5454.669170528067
04/08/2024 14:30:00;4000.5000989397304;4259.139974991308
04/08/2024 15:00:00;2815.880003314372;3063.6107794545487
04/08/2024 15:30:00;2695.9569883345553;3086.5068498128426
04/08/2024 16:00:00;2576.0339733547376;3109.402920171136
04/08/2024 16:30:00;1699.2618477371511;2368.9720752126154
04/08/2024 17:00:00;822.4897221195647;1628.541230254095
04/08/2024 17:30:00;411.24486105978235;976.2546991578218
04/08/2024 18:00:00;0.0;323.9681680615487
04/08/2024 18:30:00;0.0;161.98408403077434
04/08/2024 19:00:00;0.0;0.0
04/08/2024 19:30:00;0.0;85.24271727433953
04/08/2024 20:00:00;0.0;0.0
04/08/2024 20:30:00;0.0;0.0
04/08/2024 21:00:00;0.0;0.0
04/08/2024 21:30:00;0.0;0.0
04/08/2024 22:00:00;0.0;0.0
04/08/2024 22:30:00;0.0;0.0
04/08/2024 23:00:00;0.0;0.0
04/08/2024 23:30:00;0.0;0.0
05/08/2024 00:00:00;0.0;0.0
05/08/2024 00:30:00;0.0;0.0
05/08/2024 01:00:00;0.0;0.0
05/08/2024 01:30:00;0.0;0.0
05/08/2024 02:00:00;0.0;0.0
05/08/2024 02:30:00;0.0;0.0
05/08/2024 03:00:00;0.0;0.0
05/08/2024 03:30:00;0.0;0.0
05/08/2024 04:00:00;0.0;0.0
05/08/2024 04:30:00;0.0;0.0
05/08/2024 05:00:00;0.0;1704.8543454867904
05/08/2024 05:30:00;332.26007503859006;3850.576289860343
05/08/2024 06:00:00;664.5201500771801;5996.298234233896
05/08/2024 06:30:00;2453.87986003758;9004.318587407504
05/08/2024 07:00:00;4243.23956999798;12012.33894058111
05/08/2024 07:30:00;8123.4985461834385;16486.469462784247
05/08/2024 08:00:00;12003.757522368896;20960.599984987388
05/08/2024 08:30:00;15621.077469438222;23239.426431138494
05/08/2024 09:00:00;19238.397416507545;25518.252877289604
05/08/2024 09:30:00;24818.635742185754;29927.648004839175
05/08/2024 10:00:00;30398.874067863962;34337.04313238875
05/08/2024 10:30:00;32516.432050023683;35262.65970149356
05/08/2024 11:00:00;34633.99003218341;36188.27627059837
05/08/2024 11:30:00;34891.609225727516;36241.747604263255
05/08/2024 12:00:00;35149.228419271625;36295.21893792813
05/08/2024 12:30:00;32641.61846705077;33778.70769654239
05/08/2024 13:00:00;30134.00851482992;31262.196455156653
05/08/2024 13:30:00;26093.799194954714;27208.132356898943
05/08/2024 14:00:00;22053.58987507951;23154.068258641233
05/08/2024 14:30:00;17446.97400174479;18541.200484876124
05/08/2024 15:00:00;12840.358128410078;13928.332711111016
05/08/2024 15:30:00;7953.494513813118;8805.30553376362
05/08/2024 16:00:00;3066.630899216158;3682.2783564162232
05/08/2024 16:30:00;1706.1792973355462;2180.106235119131
05/08/2024 17:00:00;345.7276954549341;677.9341138220382
05/08/2024 17:30:00;172.86384772746706;555.2324933097402
05/08/2024 18:00:00;0.0;432.5308727974421
05/08/2024 18:30:00;0.0;488.95328217132794
05/08/2024 19:00:00;0.0;0.0
05/08/2024 19:30:00;0.0;0.0
05/08/2024 20:00:00;0.0;0.0
05/08/2024 20:30:00;0.0;0.0
05/08/2024 21:00:00;0.0;0.0
05/08/2024 21:30:00;0.0;0.0
05/08/2024 22:00:00;0.0;0.0
05/08/2024 22:30:00;0.0;0.0
05/08/2024 23:00:00;0.0;0.0
05/08/2024 23:30:00;0.0;0.0
06/08/2024 00:00:00;0.0;0.0
06/08/2024 00:30:00;0.0;0.0
06/08/2024 01:00:00;0.0;0.0
06/08/2024 01:30:00;0.0;0.0
06/08/2024 02:00:00;0.0;0.0
06/08/2024 02:30:00;0.0;0.0
06/08/2024 03:00:00;0.0;0.0
06/08/2024 03:30:00;0.0;0.0
06/08/2024 04:00:00;0.0;0.0
06/08/2024 04:30:00;0.0;0.0
06/08/2024 05:00:00;0.0;1673.8238790229311
06/08/2024 05:30:00;150.71360616940737;2192.5559830166194
06/08/2024 06:00:00;301.42721233881474;2711.2880870103077
06/08/2024 06:30:00;1902.6104006182093;6304.192456826357
06/08/2024 07:00:00;3503.793588897604;9897.096826642406
06/08/2024 07:30:00;3936.8189761569665;8756.80401812468
06/08/2024 08:00:00;4369.8443634163295;7616.511209606953
06/08/2024 08:30:00;7475.868390830352;10815.381830017352
06/08/2024 09:00:00;10581.892418244375;14014.252450427748
06/08/2024 09:30:00;13240.866946954136;15973.55925470191
06/08/2024 10:00:00;15899.841475663898;17932.86605897607
06/08/2024 10:30:00;19134.826536981494;20636.983369418544
06/08/2024 11:00:00;22369.811598299093;23341.10067986102
06/08/2024 11:30:00;24883.148429211265;25797.018466915273
06/08/2024 12:00:00;27396.485260123438;28252.93625396952
06/08/2024 12:30:00;28733.641875192072;29703.980522105212
06/08/2024 13:00:00;30070.79849026071;31155.024790240903
06/08/2024 13:30:00;20378.66536916983;21177.991988874848
06/08/2024 14:00:00;10686.532248078951;11200.959187508795
06/08/2024 14:30:00;9053.690713947557;9614.416624440886
06/08/2024 15:00:00;7420.849179816161;8027.874061372975
06/08/2024 15:30:00;6169.521520309909;6950.727508231557
06/08/2024 16:00:00;4918.193860803657;5873.5809550901395
06/08/2024 16:30:00;2923.9467933815363;3838.35778731086
06/08/2024 17:00:00;929.6997259594148;1803.134619531582
06/08/2024 17:30:00;464.8498629797074;1100.9377021706694
06/08/2024 18:00:00;0.0;398.7407848097568
06/08/2024 18:30:00;0.0;411.5995823469299
06/08/2024 19:00:00;0.0;0.0
06/08/2024 19:30:00;0.0;0.0
06/08/2024 20:00:00;0.0;0.0
06/08/2024 20:30:00;0.0;0.0
06/08/2024 21:00:00;0.0;0.0
06/08/2024 21:30:00;0.0;0.0
06/08/2024 22:00:00;0.0;0.0
06/08/2024 22:30:00;0.0;0.0
06/08/2024 23:00:00;0.0;0.0
06/08/2024 23:30:00;0.0;0.0
07/08/2024 00:00:00;0.0;0.0
07/08/2024 00:30:00;0.0;0.0
07/08/2024 01:00:00;0.0;0.0
07/08/2024 01:30:00;0.0;0.0
07/08/2024 02:00:00;0.0;0.0
07/08/2024 02:30:00;0.0;0.0
07/08/2024 03:00:00;0.0;0.0
07/08/2024 03:30:00;0.0;0.0
07/08/2024 04:00:00;0.0;0.0
07/08/2024 04:30:00;0.0;0.0
07/08/2024 05:00:00;0.0;681.6343306275652
07/08/2024 05:30:00;181.4307371237973;1967.4826730329667
07/08/2024 06:00:00;362.8614742475946;3253.3310154383685
07/08/2024 06:30:00;1838.7917099739711;6299.12524136814
07/08/2024 07:00:00;3314.721945700348;9344.919467297912
07/08/2024 07:30:00;5222.776673662747;10876.211752632187
07/08/2024 08:00:00;7130.831401625147;12407.504037966464
07/08/2024 08:30:00;10173.6465482757;14942.151211829243
07/08/2024 09:00:00;13216.461694926254;17476.798385692022
07/08/2024 09:30:00;9485.635052969568;11978.817016011451
07/08/2024 10:00:00;5754.808411012885;6480.835646330879
07/08/2024 10:30:00;14951.046103294615;15820.157866842712
07/08/2024 11:00:00;24147.283795576346;25159.480087354543
07/08/2024 11:30:00;21805.618000975897;22602.916915717153
07/08/2024 12:00:00;19463.952206375456;20046.353744079763
07/08/2024 12:30:00;21950.02670204378;22664.32306937358
07/08/2024 13:00:00;24436.101197712098;25282.292394667395
07/08/2024 13:30:00;13719.675871827343;14212.620975723577
07/08/2024 14:00:00;3003.250545942586;3142.949556779756
07/08/2024 14:30:00;6578.580227608185;7050.183217163667
07/08/2024 15:00:00;10153.909909273783;10957.416877547575
07/08/2024 15:30:00;7596.757061840322;8471.210364541537
07/08/2024 16:00:00;5039.604214406863;5985.003851535498
07/08/2024 16:30:00;2828.5706957052926;3585.4585169328197
07/08/2024 17:00:00;617.5371770037216;1185.9131823301414
07/08/2024 17:30:00;308.7685885018608;752.857099110842
07/08/2024 18:00:00;0.0;319.80101589154265
07/08/2024 18:30:00;0.0;353.1554954002718
07/08/2024 19:00:00;0.0;0.0
07/08/2024 19:30:00;0.0;0.0
07/08/2024 20:00:00;0.0;0.0
07/08/2024 20:30:00;0.0;0.0
07/08/2024 21:00:00;0.0;0.0
07/08/2024 21:30:00;0.0;0.0
07/08/2024 22:00:00;0.0;0.0
07/08/2024 22:30:00;0.0;0.0
07/08/2024 23:00:00;0.0;0.0
07/08/2024 23:30:00;0.0;0.0
08/08/2024 00:00:00;0.0;0.0
08/08/2024 00:30:00;0.0;0.0
08/08/2024 01:00:00;0.0;0.0
08/08/2024 01:30:00;0.0;0.0
08/08/2024 02:00:00;0.0;0.0
08/08/2024 02:30:00;0.0;0.0
08/08/2024 03:00:00;0.0;0.0
08/08/2024 03:30:00;0.0;0.0
08/08/2024 04:00:00;0.0;0.0
08/08/2024 04:30:00;0.0;0.0
08/08/2024 05:00:00;0.0;1053.599565083583
08/08/2024 05:30:00;291.6694004687593;3133.374028484191
08/08/2024 06:00:00;583.3388009375186;5213.148491884799
08/08/2024 06:30:00;2406.311111171134;8554.651522674478
08/08/2024 07:00:00;4229.28342140475;11896.154553464154
08/08/2024 07:30:00;8778.95097396287;17523.642479793656
08/08/2024 08:00:00;13328.618526520992;23151.130406123157
08/08/2024 08:30:00;16071.765893248816;23995.12264966581
08/08/2024 09:00:00;18814.91325997664;24839.11489320846
08/08/2024 09:30:00;24501.404490718745;29390.936727429853
08/08/2024 10:00:00;30187.89572146085;33942.758561651244
08/08/2024 10:30:00;31888.756818818165;34449.361438655804
08/08/2024 11:00:00;33589.617916175484;34955.96431566037
08/08/2024 11:30:00;31186.934942189873;32280.89253943016
08/08/2024 12:00:00;28784.251968204262;29605.820763199943
08/08/2024 12:30:00;29764.393134711467;30684.888983852226
08/08/2024 13:00:00;30744.53430121867;31763.957204504517
08/08/2024 13:30:00;26741.889689563806;27762.00837546058
08/08/2024 14:00:00;22739.245077908938;23760.05954641664
08/08/2024 14:30:00;18102.731498457135;19127.81739458319
08/08/2024 15:00:00;13466.217919005328;14495.575242749741
08/08/2024 15:30:00;9312.551669521878;10295.72897270783
08/08/2024 16:00:00;5158.885420038428;6095.882702665917
08/08/2024 16:30:00;3043.4040100721672;3929.767638564209
08/08/2024 17:00:00;927.9226001059072;1763.6525744625008
08/08/2024 17:30:00;463.9613000529536;1057.410165560492
08/08/2024 18:00:00;0.0;351.1677566584835
08/08/2024 18:30:00;0.0;361.9767482380512
08/08/2024 19:00:00;0.0;0.0
08/08/2024 19:30:00;0.0;0.0
08/08/2024 20:00:00;0.0;0.0
08/08/2024 20:30:00;0.0;0.0
08/08/2024 21:00:00;0.0;0.0
08/08/2024 21:30:00;0.0;0.0
08/08/2024 22:00:00;0.0;0.0
08/08/2024 22:30:00;0.0;0.0
08/08/2024 23:00:00;0.0;0.0
08/08/2024 23:30:00;0.0;0.0
09/08/2024 00:00:00;0.0;0.0
09/08/2024 00:30:00;0.0;0.0
09/08/2024 01:00:00;0.0;0.0
09/08/2024 01:30:00;0.0;0.0
09/08/2024 02:00:00;0.0;0.0
09/08/2024 02:30:00;0.0;0.0
09/08/2024 03:00:00;0.0;0.0
09/08/2024 03:30:00;0.0;0.0
09/08/2024 04:00:00;0.0;0.0
09/08/2024 04:30:00;0.0;0.0
09/08/2024 05:00:00;0.0;588.9655714089739
09/08/2024 05:30:00;148.71130709859395;1617.6509885469682
09/08/2024 06:00:00;297.4226141971879;2646.3364056849628
09/08/2024 06:30:00;1117.3869349739734;4042.405705642536
09/08/2024 07:00:00;1937.351255750759;5438.475005600109
09/08/2024 07:30:00;2714.5411164565417;5745.839890514338
09/08/2024 08:00:00;3491.7309771623245;6053.204775428566
09/08/2024 08:30:00;7531.528312429853;10652.040071129273
09/08/2024 09:00:00;11571.325647697382;15250.87536682998
09/08/2024 09:30:00;14272.070809918683;17155.050066746328
09/08/2024 10:00:00;16972.815972139982;19059.224766662675
09/08/2024 10:30:00;16938.93526671739;18316.74651898884
09/08/2024 11:00:00;16905.054561294794;17574.268271315
09/08/2024 11:30:00;23659.246020365492;24407.013485368458
09/08/2024 12:00:00;30413.437479436183;31239.758699421916
09/08/2024 12:30:00;23580.166912343964;24259.160053721957
09/08/2024 13:00:00;16746.89634525174;17278.561408022
09/08/2024 13:30:00;12560.43706903442;13007.253232340992
09/08/2024 14:00:00;8373.977792817099;8735.94505665998
09/08/2024 14:30:00;6689.690049206853;7055.096424945354
09/08/2024 15:00:00;5005.402305596607;5374.247793230725
09/08/2024 15:30:00;3634.7552595320476;4018.4123176867165
09/08/2024 16:00:00;2264.108213467488;2662.5768421427088
09/08/2024 16:30:00;1488.5818975398838;2001.5222255398448
09/08/2024 17:00:00;713.0555816122794;1340.4676089369812
09/08/2024 17:30:00;356.5277908061397;838.6975197656202
09/08/2024 18:00:00;0.0;336.9274305942593
09/08/2024 18:30:00;0.0;389.2470005637133
09/08/2024 19:00:00;0.0;0.0
09/08/2024 19:30:00;0.0;0.0
09/08/2024 20:00:00;0.0;0.0
09/08/2024 20:30:00;0.0;0.0
09/08/2024 21:00:00;0.0;0.0
09/08/2024 21:30:00;0.0;0.0
09/08/2024 22:00:00;0.0;0.0
09/08/2024 22:30:00;0.0;0.0
09/08/2024 23:00:00;0.0;0.0
09/08/2024 23:30:00;0.0;0.0
10/08/2024 00:00:00;0.0;0.0
10/08/2024 00:30:00;0.0;0.0
10/08/2024 01:00:00;0.0;0.0
10/08/2024 01:30:00;0.0;0.0
10/08/2024 02:00:00;0.0;0.0
10/08/2024 02:30:00;0.0;0.0
10/08/2024 03:00:00;0.0;0.0
10/08/2024 03:30:00;0.0;0.0
10/08/2024 04:00:00;0.0;0.0
10/08/2024 04:30:00;0.0;0.0
10/08/2024 05:00:00;0.0;1487.9579699222484
10/08/2024 05:30:00;368.00635955606214;4000.4321994500706
10/08/2024 06:00:00;736.0127191121243;6512.906428977893
10/08/2024 06:30:00;2981.2708292422058;10575.192687523497
10/08/2024 07:00:00;5226.528939372287;14637.478946069103
10/08/2024 07:30:00;9320.395138414735;18924.871399370342
10/08/2024 08:00:00;13414.261337457183;23212.263852671582
10/08/2024 08:30:00;17928.012066702984;26368.737616148173
10/08/2024 09:00:00;22441.762795948787;29525.211379624765
10/08/2024 09:30:00;26854.499477026493;32296.373534696577
10/08/2024 10:00:00;31267.236158104195;35067.53568976839
10/08/2024 10:30:00;33220.46300847235;35797.10404278945
10/08/2024 11:00:00;35173.689858840495;36526.672395810514
10/08/2024 11:30:00;35420.291737908425;36555.96967095587
10/08/2024 12:00:00;35666.893616976355;36585.266946101234
10/08/2024 12:30:00;33173.423852139684;34096.38277750448
10/08/2024 13:00:00;30679.95408730301;31607.498608907714
10/08/2024 13:30:00;25573.05952724091;26462.080776030252
10/08/2024 14:00:00;20466.164967178807;21316.66294315279
10/08/2024 14:30:00;15169.234189944546;15944.35710736135
10/08/2024 15:00:00;9872.303412710286;10572.051271569908
10/08/2024 15:30:00;6940.155567263756;7630.81360458827
10/08/2024 16:00:00;4008.0077218172273;4689.5759376066335
10/08/2024 16:30:00;2382.1562166183066;3047.663571343406
10/08/2024 17:00:00;756.304711419386;1405.7512050801793
10/08/2024 17:30:00;378.152355709693;864.4984158286844
10/08/2024 18:00:00;0.0;323.2456265771898
10/08/2024 18:30:00;0.0;373.3835360697262
10/08/2024 19:00:00;0.0;0.0
10/08/2024 19:30:00;0.0;0.0
10/08/2024 20:00:00;0.0;0.0
10/08/2024 20:30:00;0.0;0.0
10/08/2024 21:00:00;0.0;0.0
10/08/2024 21:30:00;0.0;0.0
10/08/2024 22:00:00;0.0;0.0
10/08/2024 22:30:00;0.0;0.0
10/08/2024 23:00:00;0.0;0.0
10/08/2024 23:30:00;0.0;0.0
11/08/2024 00:00:00;0.0;0.0
11/08/2024 00:30:00;0.0;0.0
11/08/2024 01:00:00;0.0;0.0
11/08/2024 01:30:00;0.0;0.0
11/08/2024 02:00:00;0.0;0.0
11/08/2024 02:30:00;0.0;0.0
11/08/2024 03:00:00;0.0;0.0
11/08/2024 03:30:00;0.0;0.0
11/08/2024 04:00:00;0.0;0.0
11/08/2024 04:30:00;0.0;0.0
11/08/2024 05:00:00;0.0;1426.2796354129898
11/08/2024 05:30:00;368.7177534466506;3961.414180587138
11/08/2024 06:00:00;737.4355068933012;6496.548725761287
11/08/2024 06:30:00;2990.6982742363357;10573.96150567529
11/08/2024 07:00:00;5243.9610415793695;14651.374285589292
11/08/2024 07:30:00;9185.154321291991;18658.152727450164
11/08/2024 08:00:00;13126.347601004614;22664.93116931104
11/08/2024 08:30:00;17763.742462892817;26042.514576037134
11/08/2024 09:00:00;22401.137324781022;29420.097982763233
11/08/2024 09:30:00;26711.81260975336;32083.923054755593
11/08/2024 10:00:00;31022.487894725702;34747.74812674795
11/08/2024 10:30:00;33048.17390953059;35565.195271853896
11/08/2024 11:00:00;35073.859924335484;36382.64241695985
11/08/2024 11:30:00;35203.219159937275;36291.453464112885
11/08/2024 12:00:00;35332.578395539065;36200.26451126592
11/08/2024 12:30:00;33053.948777242804;33929.94594623369
11/08/2024 13:00:00;30775.319158946546;31659.62738120146
11/08/2024 13:30:00;26715.301836535233;27609.122765085693
11/08/2024 14:00:00;22655.284514123923;23558.618148969927
11/08/2024 14:30:00;18046.030877319186;18955.44743330054
11/08/2024 15:00:00;13436.777240514448;14352.27671763115
11/08/2024 15:30:00;9361.452836227754;10252.888485619129
11/08/2024 16:00:00;5286.128431941061;6153.500253607106
11/08/2024 16:30:00;3070.474037003104;3863.3867662715725
11/08/2024 17:00:00;854.8196420651482;1573.2732789360384
11/08/2024 17:30:00;427.4098210325741;932.8681995255832
11/08/2024 18:00:00;0.0;292.4631201151278
11/08/2024 18:30:00;0.0;341.1940834439743
11/08/2024 19:00:00;0.0;0.0
11/08/2024 19:30:00;0.0;0.0
11/08/2024 20:00:00;0.0;0.0
11/08/2024 20:30:00;0.0;0.0
11/08/2024 21:00:00;0.0;0.0
11/08/2024 21:30:00;0.0;0.0
11/08/2024 22:00:00;0.0;0.0
11/08/2024 22:30:00;0.0;0.0
11/08/2024 23:00:00;0.0;0.0
11/08/2024 23:30:00;0.0;0.0
12/08/2024 00:00:00;0.0;0.0
12/08/2024 00:30:00;0.0;0.0
12/08/2024 01:00:00;0.0;0.0
12/08/2024 01:30:00;0.0;0.0
12/08/2024 02:00:00;0.0;0.0
12/08/2024 02:30:00;0.0;0.0
12/08/2024 03:00:00;0.0;0.0
12/08/2024 03:30:00;0.0;0.0
12/08/2024 04:00:00;0.0;0.0
12/08/2024 04:30:00;0.0;0.0
12/08/2024 05:00:00;0.0;1364.5443133497515
12/08/2024 05:30:00;361.29338073018727;3847.57595305582
12/08/2024 06:00:00;722.5867614603745;6330.607592761888
12/08/2024 06:30:00;574.9612170740307;3760.842097390801
12/08/2024 07:00:00;427.33567268768695;1191.0766020197136
12/08/2024 07:30:00;2586.0676428042093;4684.4537565793
12/08/2024 08:00:00;4744.799612920732;8177.8309111388835
12/08/2024 08:30:00;9089.904142573674;12895.547825350604
12/08/2024 09:00:00;13435.008672226615;17613.264739562328
12/08/2024 09:30:00;13142.413019710328;15993.189138510132
12/08/2024 10:00:00;12849.81736719404;14373.113537457935
12/08/2024 10:30:00;21988.29464694422;23312.460868705486
12/08/2024 11:00:00;31126.771926694404;32251.80819995304
12/08/2024 11:30:00;25830.703599845183;26635.644279299213
12/08/2024 12:00:00;20534.63527299596;21019.480358645385
12/08/2024 12:30:00;16195.711014585586;16599.68938247338
12/08/2024 13:00:00;11856.78675617521;12179.898406301374
12/08/2024 13:30:00;15311.519542863523;15831.116640092485
12/08/2024 14:00:00;18766.252329551837;19482.3348738836
12/08/2024 14:30:00;14832.994362442114;15546.674115501351
12/08/2024 15:00:00;10899.736395332391;11611.013357119105
12/08/2024 15:30:00;8121.339019043419;8899.125040322562
12/08/2024 16:00:00;5342.9416427544475;6187.236723526018
12/08/2024 16:30:00;3087.309749582878;3850.4916186636187
12/08/2024 17:00:00;831.6778564113085;1513.74651380122
12/08/2024 17:30:00;415.83892820565427;896.5339087925762
12/08/2024 18:00:00;0.0;279.3213037839322
12/08/2024 18:30:00;0.0;321.603439290509
12/08/2024 19:00:00;0.0;0.0
12/08/2024 19:30:00;0.0;0.0
12/08/2024 20:00:00;0.0;0.0
12/08/2024 20:30:00;0.0;0.0
12/08/2024 21:00:00;0.0;0.0
12/08/2024 21:30:00;0.0;0.0
12/08/2024 22:00:00;0.0;0.0
12/08/2024 22:30:00;0.0;0.0
12/08/2024 23:00:00;0.0;0.0
12/08/2024 23:30:00;0.0;0.0
13/08/2024 00:00:00;0.0;0.0
13/08/2024 00:30:00;0.0;0.0
13/08/2024 01:00:00;0.0;0.0
13/08/2024 01:30:00;0.0;0.0
13/08/2024 02:00:00;0.0;0.0
13/08/2024 02:30:00;0.0;0.0
13/08/2024 03:00:00;0.0;0.0
13/08/2024 03:30:00;0.0;0.0
13/08/2024 04:00:00;0.0;0.0
13/08/2024 04:30:00;0.0;0.0
13/08/2024 05:00:00;0.0;1209.5282849286225
13/08/2024 05:30:00;321.27569889832387;3403.817029470786
13/08/2024 06:00:00;642.5513977966477;5598.105774012949
13/08/2024 06:30:00;2305.860733614011;8315.285774535125
13/08/2024 07:00:00;3969.1700694313745;11032.465775057299
13/08/2024 07:30:00;7027.845155482613;14191.472748918173
13/08/2024 08:00:00;10086.520241533852;17350.479722779048
13/08/2024 08:30:00;14765.820585160265;21399.13679706074
13/08/2024 09:00:00;19445.12092878668;25447.793871342426
13/08/2024 09:30:00;21011.825764268247;25334.646045010053
13/08/2024 10:00:00;22578.530599749818;25221.498218677687
13/08/2024 10:30:00;28011.627172714132;29918.227140642888
13/08/2024 11:00:00;33444.72374567845;34614.956062608086
13/08/2024 11:30:00;33571.9105713544;34538.462340461
13/08/2024 12:00:00;33699.09739703035;34461.96861831391
13/08/2024 12:30:00;31408.426286232418;32164.157060453028
13/08/2024 13:00:00;29117.75517543448;29866.34550259214
13/08/2024 13:30:00;21273.647029857297;21892.547321496033
13/08/2024 14:00:00;13429.53888428011;13918.749140399927
13/08/2024 14:30:00;8258.673233657775;8599.681285271612
13/08/2024 15:00:00;3087.8075830354405;3280.6134301432976
13/08/2024 15:30:00;3461.5667768355106;3849.3171194643746
13/08/2024 16:00:00;3835.3259706355807;4418.020808785453
13/08/2024 16:30:00;2317.749751851462;2929.098732038747
13/08/2024 17:00:00;800.1735330673428;1440.1766552920421
13/08/2024 17:30:00;400.0867665336714;849.1952660364649
13/08/2024 18:00:00;0.0;258.21387678088774
13/08/2024 18:30:00;0.0;302.86654350327336
13/08/2024 19:00:00;0.0;0.0
13/08/2024 19:30:00;0.0;0.0
13/08/2024 20:00:00;0.0;0.0
13/08/2024 20:30:00;0.0;0.0
13/08/2024 21:00:00;0.0;0.0
13/08/2024 21:30:00;0.0;0.0
13/08/2024 22:00:00;0.0;0.0
13/08/2024 22:30:00;0.0;0.0
13/08/2024 23:00:00;0.0;0.0
13/08/2024 23:30:00;0.0;0.0
14/08/2024 00:00:00;0.0;0.0
14/08/2024 00:30:00;0.0;0.0
14/08/2024 01:00:00;0.0;0.0
14/08/2024 01:30:00;0.0;0.0
14/08/2024 02:00:00;0.0;0.0
14/08/2024 02:30:00;0.0;0.0
14/08/2024 03:00:00;0.0;0.0
14/08/2024 03:30:00;0.0;0.0
14/08/2024 04:00:00;0.0;0.0
14/08/2024 04:30:00;0.0;0.0
14/08/2024 05:00:00;0.0;1240.5725446733713
14/08/2024 05:30:00;304.9464388814756;3262.186167003458
14/08/2024 06:00:00;609.8928777629512;5283.799789333545
14/08/2024 06:30:00;2667.511358757809;9190.443997324113
14/08/2024 07:00:00;4725.129839752667;13097.088205314682
14/08/2024 07:30:00;7016.388895542723;14539.30862986582
14/08/2024 08:00:00;9307.64795133278;15981.529054416957
14/08/2024 08:30:00;12104.033274711801;17724.353414893878
14/08/2024 09:00:00;14900.418598090822;19467.1777753708
14/08/2024 09:30:00;16888.487537311194;20261.962499756748
14/08/2024 10:00:00;18876.556476531565;21056.747224142695
14/08/2024 10:30:00;20888.914216315334;22365.998629823473
14/08/2024 11:00:00;22901.271956099106;23675.250035504258
14/08/2024 11:30:00;19439.9031564259;19999.99090865381
14/08/2024 12:00:00;15978.534356752692;16324.73178180336
14/08/2024 12:30:00;18313.277055030994;18738.825036094306
14/08/2024 13:00:00;20648.01975330929;21152.918290385245
14/08/2024 13:30:00;18000.933455320333;18519.51217560788
14/08/2024 14:00:00;15353.847157331375;15886.106060830518
14/08/2024 14:30:00;13386.677992007873;13992.813374757325
14/08/2024 15:00:00;11419.508826684374;12099.520688684133
14/08/2024 15:30:00;8170.523820678569;8869.142553319276
14/08/2024 16:00:00;4921.5388146727655;5638.764417954418
14/08/2024 16:30:00;2834.040758053391;3483.6500492482974
14/08/2024 17:00:00;746.5427014340163;1328.5356805421775
14/08/2024 17:30:00;373.27135071700815;717.4895903142998
14/08/2024 18:00:00;0.0;106.44350008642206
14/08/2024 18:30:00;0.0;128.39376989331453
14/08/2024 19:00:00;0.0;0.0
14/08/2024 19:30:00;0.0;0.0
14/08/2024 20:00:00;0.0;0.0
14/08/2024 20:30:00;0.0;0.0
14/08/2024 21:00:00;0.0;0.0
14/08/2024 21:30:00;0.0;0.0
14/08/2024 22:00:00;0.0;0.0
14/08/2024 22:30:00;0.0;0.0
14/08/2024 23:00:00;0.0;0.0
14/08/2024 23:30:00;0.0;0.0
15/08/2024 00:00:00;0.0;0.0
15/08/2024 00:30:00;0.0;0.0
15/08/2024 01:00:00;0.0;0.0
15/08/2024 01:30:00;0.0;0.0
15/08/2024 02:00:00;0.0;0.0
15/08/2024 02:30:00;0.0;0.0
15/08/2024 03:00:00;0.0;0.0
15/08/2024 03:30:00;0.0;0.0
15/08/2024 04:00:00;0.0;0.0
15/08/2024 04:30:00;0.0;0.0
15/08/2024 05:00:00;0.0;589.3494358380564
15/08/2024 05:30:00;212.7509990688561;2127.4827078772882
15/08/2024 06:00:00;425.5019981377122;3665.61597991652
15/08/2024 06:30:00;2196.828209621579;7316.760064240056
15/08/2024 07:00:00;3968.1544211054456;10967.904148563593
15/08/2024 07:30:00;4590.366980576411;9949.31267419303
15/08/2024 08:00:00;5212.579540047376;8930.721199822467
15/08/2024 08:30:00;10833.30761564605;15195.978838867362
15/08/2024 09:00:00;16454.035691244724;21461.236477912258
15/08/2024 09:30:00;21581.641612716976;25606.63299456971
15/08/2024 10:00:00;26709.247534189228;29752.029511227163
15/08/2024 10:30:00;15213.183947217394;16795.14852662116
15/08/2024 11:00:00;3717.1203602455575;3838.2675420151586
15/08/2024 11:30:00;17872.596683964035;18264.11177425791
15/08/2024 12:00:00;32028.07300768251;32689.956006500666
15/08/2024 12:30:00;30801.109200198294;31478.196366699194
15/08/2024 13:00:00;29574.14539271408;30266.436726897726
15/08/2024 13:30:00;25770.13989589299;26477.502848432512
15/08/2024 14:00:00;21966.1343990719;22688.568969967295
15/08/2024 14:30:00;17412.54903291219;18137.62583689052
15/08/2024 15:00:00;12858.96366675248;13586.682703813744
15/08/2024 15:30:00;8941.324561459036;9655.595522743091
15/08/2024 16:00:00;5023.685456165593;5724.508341672443
15/08/2024 16:30:00;2900.0717332077866;3545.161856824098
15/08/2024 17:00:00;776.4580102499792;1365.8153719757534
15/08/2024 17:30:00;388.2290051249896;791.5968462089735
15/08/2024 18:00:00;0.0;217.37832044219348
15/08/2024 18:30:00;0.0;261.0752269272401
15/08/2024 19:00:00;0.0;0.0
15/08/2024 19:30:00;0.0;0.0
15/08/2024 20:00:00;0.0;0.0
15/08/2024 20:30:00;0.0;0.0
15/08/2024 21:00:00;0.0;0.0
15/08/2024 21:30:00;0.0;0.0
15/08/2024 22:00:00;0.0;0.0
15/08/2024 22:30:00;0.0;0.0
15/08/2024 23:00:00;0.0;0.0
15/08/2024 23:30:00;0.0;0.0
16/08/2024 00:00:00;0.0;0.0
16/08/2024 00:30:00;0.0;0.0
16/08/2024 01:00:00;0.0;0.0
16/08/2024 01:30:00;0.0;0.0
16/08/2024 02:00:00;0.0;0.0
16/08/2024 02:30:00;0.0;0.0
16/08/2024 03:00:00;0.0;0.0
16/08/2024 03:30:00;0.0;0.0
16/08/2024 04:00:00;0.0;0.0
16/08/2024 04:30:00;0.0;0.0
16/08/2024 05:00:00;0.0;1178.71026311322
16/08/2024 05:30:00;352.32177289748455;3604.20166022008
16/08/2024 06:00:00;704.6435457949691;6029.693057326941
16/08/2024 06:30:00;2887.3405881464255;10001.477356947107
16/08/2024 07:00:00;5070.037630497883;13973.261656567274
16/08/2024 07:30:00;8849.544720827467;17784.711701147873
16/08/2024 08:00:00;12629.051811157053;21596.161745728474
16/08/2024 08:30:00;17235.16852422461;25016.681488445753
16/08/2024 09:00:00;21841.285237292162;28437.201231163028
16/08/2024 09:30:00;26325.852454546835;31353.439485160736
16/08/2024 10:00:00;30810.419671801505;34269.67773915844
16/08/2024 10:30:00;32800.98209657099;35076.08779011611
16/08/2024 11:00:00;34791.544521340475;35882.49784107378
16/08/2024 11:30:00;32949.42344272782;33800.83766676807
16/08/2024 12:00:00;31107.302364115152;31719.177492462375
16/08/2024 12:30:00;30528.876813484094;31169.583523855617
16/08/2024 13:00:00;29950.451262853032;30619.98955524886
16/08/2024 13:30:00;25957.32780130666;26633.72902468066
16/08/2024 14:00:00;21964.204339760294;22647.468494112458
16/08/2024 14:30:00;17496.142964550294;18187.19241338168
16/08/2024 15:00:00;13028.081589340294;13726.916332650908
16/08/2024 15:30:00;8369.692737730275;8966.21565698834
16/08/2024 16:00:00;3711.3038861202563;4205.514981325774
16/08/2024 16:30:00;2238.4315810701455;2768.201795339352
16/08/2024 17:00:00;765.559276020034;1330.8886093529304
16/08/2024 17:30:00;382.779638010017;772.1951688565538
16/08/2024 18:00:00;0.0;213.5017283601773
16/08/2024 18:30:00;0.0;248.9134466850026
16/08/2024 19:00:00;0.0;0.0
16/08/2024 19:30:00;0.0;0.0
16/08/2024 20:00:00;0.0;0.0
16/08/2024 20:30:00;0.0;0.0
16/08/2024 21:00:00;0.0;0.0
16/08/2024 21:30:00;0.0;0.0
16/08/2024 22:00:00;0.0;0.0
16/08/2024 22:30:00;0.0;0.0
16/08/2024 23:00:00;0.0;0.0
16/08/2024 23:30:00;0.0;0.0
17/08/2024 00:00:00;0.0;0.0
17/08/2024 00:30:00;0.0;0.0
17/08/2024 01:00:00;0.0;0.0
17/08/2024 01:30:00;0.0;0.0
17/08/2024 02:00:00;0.0;0.0
17/08/2024 02:30:00;0.0;0.0
17/08/2024 03:00:00;0.0;0.0
17/08/2024 03:30:00;0.0;0.0
17/08/2024 04:00:00;0.0;0.0
17/08/2024 04:30:00;0.0;0.0
17/08/2024 05:00:00;0.0;992.5595315063338
17/08/2024 05:30:00;326.1223139581038;3265.3461594771843
17/08/2024 06:00:00;652.2446279162076;5538.132787448035
17/08/2024 06:30:00;2105.605893117752;7657.739550987444
17/08/2024 07:00:00;3558.9671583192962;9777.346314526854
17/08/2024 07:30:00;7639.346311165672;14888.254940965808
17/08/2024 08:00:00;11719.725464012048;19999.16356740476
17/08/2024 08:30:00;16681.265927674485;24063.566839483672
17/08/2024 09:00:00;21642.80639133692;28127.97011156258
17/08/2024 09:30:00;15708.721969896264;19491.902083682347
17/08/2024 10:00:00;9774.637548455608;10855.83405580212
17/08/2024 10:30:00;10032.56369222949;10728.185217561944
17/08/2024 11:00:00;10290.489836003373;10600.536379321771
17/08/2024 11:30:00;21778.069100339486;22243.159955573334
17/08/2024 12:00:00;33265.6483646756;33885.7835318249
17/08/2024 12:30:00;30697.773205370908;31307.58131000299
17/08/2024 13:00:00;28129.89804606621;28729.37908818109
17/08/2024 13:30:00;21899.057292034064;22428.421853594376
17/08/2024 14:00:00;15668.216538001918;16127.46461900766
17/08/2024 14:30:00;9520.145769677858;9835.216760256784
17/08/2024 15:00:00;3372.0750013537977;3542.9689015059066
17/08/2024 15:30:00;3897.2152291030143;4263.489534425614
17/08/2024 16:00:00;4422.355456852231;4984.010167345322
17/08/2024 16:30:00;2529.298443942162;3038.3040080171745
17/08/2024 17:00:00;636.2414310320933;1092.5978486890274
17/08/2024 17:30:00;318.12071551604663;627.8103580090645
17/08/2024 18:00:00;0.0;163.02286732910144
17/08/2024 18:30:00;0.0;206.35581797763075
17/08/2024 19:00:00;0.0;0.0
17/08/2024 19:30:00;0.0;0.0
17/08/2024 20:00:00;0.0;0.0
17/08/2024 20:30:00;0.0;0.0
17/08/2024 21:00:00;0.0;0.0
17/08/2024 21:30:00;0.0;0.0
17/08/2024 22:00:00;0.0;0.0
17/08/2024 22:30:00;0.0;0.0
17/08/2024 23:00:00;0.0;0.0
17/08/2024 23:30:00;0.0;0.0
18/08/2024 00:00:00;0.0;0.0
18/08/2024 00:30:00;0.0;0.0
18/08/2024 01:00:00;0.0;0.0
18/08/2024 01:30:00;0.0;0.0
18/08/2024 02:00:00;0.0;0.0
18/08/2024 02:30:00;0.0;0.0
18/08/2024 03:00:00;0.0;0.0
18/08/2024 03:30:00;0.0;0.0
18/08/2024 04:00:00;0.0;0.0
18/08/2024 04:30:00;0.0;0.0
18/08/2024 05:00:00;0.0;1116.3477815967462
18/08/2024 05:30:00;360.3678797836666;3597.3997687715964
18/08/2024 06:00:00;720.7357595673332;6078.4517559464475
18/08/2024 06:30:00;2909.926649471227;10020.725303194204
18/08/2024 07:00:00;5099.117539375121;13962.998850441962
18/08/2024 07:30:00;9078.36106564135;18097.092903575776
18/08/2024 08:00:00;13057.604591907579;22231.18695670959
18/08/2024 08:30:00;17605.18313356421;25484.665075946195
18/08/2024 09:00:00;22152.76167522084;28738.1431951828
18/08/2024 09:30:00;26141.59552193914;31076.755667862428
18/08/2024 10:00:00;30130.42936865744;33415.36814054206
18/08/2024 10:30:00;32357.06519968455;34498.77792603757
18/08/2024 11:00:00;34583.70103071166;35582.18771153308
18/08/2024 11:30:00;34544.262235025206;35348.05796695477
18/08/2024 12:00:00;34504.823439338754;35113.92822237645
18/08/2024 12:30:00;32109.450847828553;32714.676191484283
18/08/2024 13:00:00;29714.07825631835;30315.424160592112
18/08/2024 13:30:00;25869.01837369221;26472.317247805615
18/08/2024 14:00:00;22023.958491066078;22629.210335019117
18/08/2024 14:30:00;17524.533368095617;18139.99919473787
18/08/2024 15:00:00;13025.108245125157;13650.788054456627
18/08/2024 15:30:00;8947.781766444263;9556.708638626327
18/08/2024 16:00:00;4870.45528776337;5462.629222796028
18/08/2024 16:30:00;2805.9500112832657;3360.158383473957
18/08/2024 17:00:00;741.4447348031607;1257.687544151886
18/08/2024 17:30:00;370.72236740158036;712.7746765960658
18/08/2024 18:00:00;0.0;167.8618090402458
18/08/2024 18:30:00;0.0;208.15609809074382
18/08/2024 19:00:00;0.0;0.0
18/08/2024 19:30:00;0.0;0.0
18/08/2024 20:00:00;0.0;0.0
18/08/2024 20:30:00;0.0;0.0
18/08/2024 21:00:00;0.0;0.0
18/08/2024 21:30:00;0.0;0.0
18/08/2024 22:00:00;0.0;0.0
18/08/2024 22:30:00;0.0;0.0
18/08/2024 23:00:00;0.0;0.0
18/08/2024 23:30:00;0.0;0.0
19/08/2024 00:00:00;0.0;0.0
19/08/2024 00:30:00;0.0;0.0
19/08/2024 01:00:00;0.0;0.0
19/08/2024 01:30:00;0.0;0.0
19/08/2024 02:00:00;0.0;0.0
19/08/2024 02:30:00;0.0;0.0
19/08/2024 03:00:00;0.0;0.0
19/08/2024 03:30:00;0.0;0.0
19/08/2024 04:00:00;0.0;0.0
19/08/2024 04:30:00;0.0;0.0
19/08/2024 05:00:00;0.0;1054.3361681512029
19/08/2024 05:30:00;338.9437906549565;3366.357749985017
19/08/2024 06:00:00;677.887581309913;5678.379331818832
19/08/2024 06:30:00;2777.6036875598643;9495.087998347672
19/08/2024 07:00:00;4877.319793809816;13311.796664876514
19/08/2024 07:30:00;8686.493368337557;17270.203988768386
19/08/2024 08:00:00;12495.666942865299;21228.61131266026
19/08/2024 08:30:00;14542.660611406889;21357.5176461844
19/08/2024 09:00:00;16589.654279948478;21486.42397970854
19/08/2024 09:30:00;23174.90783331307;27223.384891799415
19/08/2024 10:00:00;29760.161386677668;32960.34580389029
19/08/2024 10:30:00;32195.155928338518;34273.350608616645
19/08/2024 11:00:00;34630.15046999937;35586.35541334301
19/08/2024 11:30:00;34565.467701608584;35329.93432875184
19/08/2024 12:00:00;34500.784933217794;35073.513244160684
19/08/2024 12:30:00;30205.689096613503;30739.94686872101
19/08/2024 13:00:00;25910.593260009213;26406.380493281336
19/08/2024 13:30:00;18596.32270384;18989.064831863237
19/08/2024 14:00:00;11282.052147670784;11571.749170445139
19/08/2024 14:30:00;9674.32967874724;10003.64960350926
19/08/2024 15:00:00;8066.607209823698;8435.550036573384
19/08/2024 15:30:00;5619.572054317369;5988.151406289865
19/08/2024 16:00:00;3172.53689881104;3540.7527760063463
19/08/2024 16:30:00;1764.9688752382513;2069.637590319212
19/08/2024 17:00:00;357.4008516654626;598.5224046320769
19/08/2024 17:30:00;178.7004258327313;329.2272678725311
19/08/2024 18:00:00;0.0;59.93213111298534
19/08/2024 18:30:00;0.0;96.6683544492864
19/08/2024 19:00:00;0.0;0.0
19/08/2024 19:30:00;0.0;0.0
19/08/2024 20:00:00;0.0;0.0
19/08/2024 20:30:00;0.0;0.0
19/08/2024 21:00:00;0.0;0.0
19/08/2024 21:30:00;0.0;0.0
19/08/2024 22:00:00;0.0;0.0
19/08/2024 22:30:00;0.0;0.0
19/08/2024 23:00:00;0.0;0.0
19/08/2024 23:30:00;0.0;0.0
20/08/2024 00:00:00;0.0;0.0
20/08/2024 00:30:00;0.0;0.0
20/08/2024 01:00:00;0.0;0.0
20/08/2024 01:30:00;0.0;0.0
20/08/2024 02:00:00;0.0;0.0
20/08/2024 02:30:00;0.0;0.0
20/08/2024 03:00:00;0.0;0.0
20/08/2024 03:30:00;0.0;0.0
20/08/2024 04:00:00;0.0;0.0
20/08/2024 04:30:00;0.0;0.0
20/08/2024 05:00:00;0.0;868.1290445116086
20/08/2024 05:30:00;299.06918412164526;2919.718068641055
20/08/2024 06:00:00;598.1383682432905;4971.307092770502
20/08/2024 06:30:00;2763.2170999277996;9190.168219630306
20/08/2024 07:00:00;4928.295831612309;13409.02934649011
20/08/2024 07:30:00;8343.606352679184;16669.542680871207
20/08/2024 08:00:00;11758.91687374606;19930.056015252307
20/08/2024 08:30:00;16374.344886004621;23536.551113410496
20/08/2024 09:00:00;20989.772898263185;27143.046211568686
20/08/2024 09:30:00;25353.950244804233;30006.11137258296
20/08/2024 10:00:00;29718.127591345277;32869.17653359723
20/08/2024 10:30:00;31677.11129827519;33694.98463223693
20/08/2024 11:00:00;33636.095005205105;34520.79273087662
20/08/2024 11:30:00;34356.82897844464;35072.50198313594
20/08/2024 12:00:00;35077.56295168417;35624.21123539526
20/08/2024 12:30:00;32232.363360355834;32770.77771474178
20/08/2024 13:00:00;29387.16376902749;29917.344194088302
20/08/2024 13:30:00;23712.274529907754;24195.74809619237
20/08/2024 14:00:00;18037.385290788017;18474.151998296435
20/08/2024 14:30:00;15182.936283150442;15669.030513659627
20/08/2024 15:00:00;12328.487275512869;12863.909029022816
20/08/2024 15:30:00;8494.598411214522;9019.834651078478
20/08/2024 16:00:00;4660.709546916176;5175.760273134139
20/08/2024 16:30:00;2666.0918984950063;3142.8922594996825
20/08/2024 17:00:00;671.4742500738371;1110.0242458652262
20/08/2024 17:30:00;335.73712503691854;617.5554080361669
20/08/2024 18:00:00;0.0;125.08657020710756
20/08/2024 18:30:00;0.0;163.09182215488804
20/08/2024 19:00:00;0.0;0.0
20/08/2024 19:30:00;0.0;0.0
20/08/2024 20:00:00;0.0;0.0
20/08/2024 20:30:00;0.0;0.0
20/08/2024 21:00:00;0.0;0.0
20/08/2024 21:30:00;0.0;0.0
20/08/2024 22:00:00;0.0;0.0
20/08/2024 22:30:00;0.0;0.0
20/08/2024 23:00:00;0.0;0.0
20/08/2024 23:30:00;0.0;0.0
21/08/2024 00:00:00;0.0;0.0
21/08/2024 00:30:00;0.0;0.0
21/08/2024 01:00:00;0.0;0.0
21/08/2024 01:30:00;0.0;0.0
21/08/2024 02:00:00;0.0;0.0
21/08/2024 02:30:00;0.0;0.0
21/08/2024 03:00:00;0.0;0.0
21/08/2024 03:30:00;0.0;0.0
21/08/2024 04:00:00;0.0;0.0
21/08/2024 04:30:00;0.0;0.0
21/08/2024 05:00:00;0.0;961.2021130582782
21/08/2024 05:30:00;350.9556871495577;3374.7107692160034
21/08/2024 06:00:00;701.9113742991154;5788.219425373729
21/08/2024 06:30:00;2841.8216579617992;9650.99812658565
21/08/2024 07:00:00;4981.7319416244845;13513.77682779757
21/08/2024 07:30:00;8861.280443956948;17529.754074060027
21/08/2024 08:00:00;12740.828946289412;21545.731320322488
21/08/2024 08:30:00;17385.73799118389;24994.86939087236
21/08/2024 09:00:00;22030.647036078368;28444.00746142223
21/08/2024 09:30:00;26171.90934055818;30962.68258677327
21/08/2024 10:00:00;30313.17164503799;33481.35771212431
21/08/2024 10:30:00;32546.910351921426;34565.93222887373
21/08/2024 11:00:00;34780.649058804855;35650.506745623155
21/08/2024 11:30:00;34925.80712133673;35615.673393464705
21/08/2024 12:00:00;35070.9651838686;35580.84004130624
21/08/2024 12:30:00;32495.00655075077;33003.47548852132
21/08/2024 13:00:00;29919.047917632954;30426.1109357364
21/08/2024 13:30:00;25721.012982220862;26221.538150129345
21/08/2024 14:00:00;21522.978046808774;22016.96536452229
21/08/2024 14:30:00;17013.217021858865;17516.9657608789
21/08/2024 15:00:00;12503.455996908959;13016.966157235505
21/08/2024 15:30:00;8584.877832595139;9086.251437689005
21/08/2024 16:00:00;4666.299668281316;5155.536718142507
21/08/2024 16:30:00;2660.234762884173;3111.5031071769936
21/08/2024 17:00:00;654.1698574870306;1067.4694962114788
21/08/2024 17:30:00;327.0849287435153;584.2410494089321
21/08/2024 18:00:00;0.0;101.01260260638536
21/08/2024 18:30:00;0.0;137.27439917178745
21/08/2024 19:00:00;0.0;0.0
21/08/2024 19:30:00;0.0;0.0
21/08/2024 20:00:00;0.0;0.0
21/08/2024 20:30:00;0.0;0.0
21/08/2024 21:00:00;0.0;0.0
21/08/2024 21:30:00;0.0;0.0
21/08/2024 22:00:00;0.0;0.0
21/08/2024 22:30:00;0.0;0.0
21/08/2024 23:00:00;0.0;0.0
21/08/2024 23:30:00;0.0;0.0
22/08/2024 00:00:00;0.0;0.0
22/08/2024 00:30:00;0.0;0.0
22/08/2024 01:00:00;0.0;0.0
22/08/2024 01:30:00;0.0;0.0
22/08/2024 02:00:00;0.0;0.0
22/08/2024 02:30:00;0.0;0.0
22/08/2024 03:00:00;0.0;0.0
22/08/2024 03:30:00;0.0;0.0
22/08/2024 04:00:00;0.0;0.0
22/08/2024 04:30:00;0.0;0.0
22/08/2024 05:00:00;0.0;898.7721270452314
22/08/2024 05:30:00;359.6323188942781;3391.8244604030688
22/08/2024 06:00:00;719.2646377885562;5884.8767937609055
22/08/2024 06:30:00;2906.7104704670487;9830.97091678212
22/08/2024 07:00:00;5094.156303145542;13777.065039803336
22/08/2024 07:30:00;8971.29285425434;17725.825057360722
22/08/2024 08:00:00;12848.429405363138;21674.58507491811
22/08/2024 08:30:00;17458.150545356224;25061.31722719919
22/08/2024 09:00:00;22067.871685349313;28448.049379480264
22/08/2024 09:30:00;25935.347777767198;30659.207828794744
22/08/2024 10:00:00;29802.823870185082;32870.36627810923
22/08/2024 10:30:00;32214.01041441564;34158.01838143796
22/08/2024 11:00:00;34625.1969586462;35445.6704847667
22/08/2024 11:30:00;34765.067640244604;35410.81874308728
22/08/2024 12:00:00;34904.93832184301;35375.96700140785
22/08/2024 12:30:00;32325.948754832403;32797.27203677155
22/08/2024 13:00:00;29746.959187821798;30218.577072135253
22/08/2024 13:30:00;25555.256436627562;26022.80863771532
22/08/2024 14:00:00;21363.553685433322;21827.040203295386
22/08/2024 14:30:00;16828.81656330902;17298.45342442407
22/08/2024 15:00:00;12294.07944118472;12769.866645552756
22/08/2024 15:30:00;8444.98974116808;8910.710952903537
22/08/2024 16:00:00;4595.90004115144;5051.555260254317
22/08/2024 16:30:00;2616.143038837833;3038.3448115563056
22/08/2024 17:00:00;636.3860365242263;1025.1343628582945
22/08/2024 17:30:00;318.1930182621131;558.5483448339986
22/08/2024 18:00:00;0.0;91.96232680970269
22/08/2024 18:30:00;0.0;125.81386129152722
22/08/2024 19:00:00;0.0;0.0
22/08/2024 19:30:00;0.0;0.0
22/08/2024 20:00:00;0.0;0.0
22/08/2024 20:30:00;0.0;0.0
22/08/2024 21:00:00;0.0;0.0
22/08/2024 21:30:00;0.0;0.0
22/08/2024 22:00:00;0.0;0.0
22/08/2024 22:30:00;0.0;0.0
22/08/2024 23:00:00;0.0;0.0
22/08/2024 23:30:00;0.0;0.0
23/08/2024 00:00:00;0.0;0.0
23/08/2024 00:30:00;0.0;0.0
23/08/2024 01:00:00;0.0;0.0
23/08/2024 01:30:00;0.0;0.0
23/08/2024 02:00:00;0.0;0.0
23/08/2024 02:30:00;0.0;0.0
23/08/2024 03:00:00;0.0;0.0
23/08/2024 03:30:00;0.0;0.0
23/08/2024 04:00:00;0.0;0.0
23/08/2024 04:30:00;0.0;0.0
23/08/2024 05:00:00;0.0;836.6960854098426
23/08/2024 05:30:00;347.4159955330888;3238.526342009733
23/08/2024 06:00:00;694.8319910661776;5640.356598609624
23/08/2024 06:30:00;2797.636082038607;9426.440850277862
23/08/2024 07:00:00;4900.440173011037;13212.525101946101
23/08/2024 07:30:00;8756.275037390385;17219.647208348884
23/08/2024 08:00:00;12612.109901769732;21226.76931475167
23/08/2024 08:30:00;17267.08693438759;24718.962338866615
23/08/2024 09:00:00;21922.063967005444;28211.155362981568
23/08/2024 09:30:00;25960.51044293609;30624.890917380075
23/08/2024 10:00:00;29998.956918866734;33038.62647177858
23/08/2024 10:30:00;32181.925447135167;34086.64050299044
23/08/2024 11:00:00;34364.893975403604;35134.654534202295
23/08/2024 11:30:00;34380.22248029029;34978.729212508864
23/08/2024 12:00:00;34395.550985177;34822.80389081544
23/08/2024 12:30:00;31942.6750867054;32373.50555864143
23/08/2024 13:00:00;29489.79918823381;29924.207226467424
23/08/2024 13:30:00;25244.14014049381;25675.708027098626
23/08/2024 14:00:00;20998.48109275381;21427.208827729824
23/08/2024 14:30:00;16417.623956691386;16846.960492342845
23/08/2024 15:00:00;11836.766820628965;12266.712156955868
23/08/2024 15:30:00;8093.21478989345;8511.154993602757
23/08/2024 16:00:00;4349.662759157935;4755.597830249645
23/08/2024 16:30:00;2472.9734926751526;2851.300419586032
23/08/2024 17:00:00;596.2842261923698;947.0030089224193
23/08/2024 17:30:00;298.1421130961849;504.71277763122464
23/08/2024 18:00:00;0.0;62.422546340029974
23/08/2024 18:30:00;0.0;97.60630299280416
23/08/2024 19:00:00;0.0;0.0
23/08/2024 19:30:00;0.0;0.0
23/08/2024 20:00:00;0.0;0.0
23/08/2024 20:30:00;0.0;0.0
23/08/2024 21:00:00;0.0;0.0
23/08/2024 21:30:00;0.0;0.0
23/08/2024 22:00:00;0.0;0.0
23/08/2024 22:30:00;0.0;0.0
23/08/2024 23:00:00;0.0;0.0
23/08/2024 23:30:00;0.0;0.0
24/08/2024 00:00:00;0.0;0.0
24/08/2024 00:30:00;0.0;0.0
24/08/2024 01:00:00;0.0;0.0
24/08/2024 01:30:00;0.0;0.0
24/08/2024 02:00:00;0.0;0.0
24/08/2024 02:30:00;0.0;0.0
24/08/2024 03:00:00;0.0;0.0
24/08/2024 03:30:00;0.0;0.0
24/08/2024 04:00:00;0.0;0.0
24/08/2024 04:30:00;0.0;0.0
24/08/2024 05:00:00;0.0;836.4651927010619
24/08/2024 05:30:00;209.10060404768333;2100.727965768817
24/08/2024 06:00:00;418.20120809536667;3364.990738836571
24/08/2024 06:30:00;2448.4720818155447;7698.070607079985
24/08/2024 07:00:00;4478.742955535722;12031.1504753234
24/08/2024 07:30:00;8388.521972453362;16341.501409600389
24/08/2024 08:00:00;12298.300989370999;20651.852343877377
24/08/2024 08:30:00;16770.019988209264;23971.90476786716
24/08/2024 09:00:00;21241.738987047524;27291.957191856938
24/08/2024 09:30:00;25343.07893862807;29837.007765869166
24/08/2024 10:00:00;29444.418890208613;32382.058339881387
24/08/2024 10:30:00;31702.112142155835;33529.42591230953
24/08/2024 11:00:00;33959.80539410305;34676.793484737675
24/08/2024 11:30:00;34086.45620270138;34639.1210965023
24/08/2024 12:00:00;34213.10701129971;34601.448708266915
24/08/2024 12:30:00;31761.52362349293;32155.10512190413
24/08/2024 13:00:00;29309.94023568615;29708.76153554134
24/08/2024 13:30:00;23764.598272478703;24138.333848299055
24/08/2024 14:00:00;18219.256309271248;18567.906161056766
24/08/2024 14:30:00;13926.885606043943;14264.469452384323
24/08/2024 15:00:00;9634.514902816636;9961.03274371188
24/08/2024 15:30:00;5124.5846912469315;5314.72463605978
24/08/2024 16:00:00;614.6544796772265;668.4165284076797
24/08/2024 16:30:00;341.8475406484072;388.2864540043445
24/08/2024 17:00:00;69.04060161958785;108.15637960100918
24/08/2024 17:30:00;34.52030080979392;74.50409878867465
24/08/2024 18:00:00;0.0;40.851817976340136
24/08/2024 18:30:00;0.0;44.633544102896735
24/08/2024 19:00:00;0.0;0.0
24/08/2024 19:30:00;0.0;0.0
24/08/2024 20:00:00;0.0;0.0
24/08/2024 20:30:00;0.0;0.0
24/08/2024 21:00:00;0.0;0.0
24/08/2024 21:30:00;0.0;0.0
24/08/2024 22:00:00;0.0;0.0
24/08/2024 22:30:00;0.0;0.0
24/08/2024 23:00:00;0.0;0.0
24/08/2024 23:30:00;0.0;0.0
25/08/2024 00:00:00;0.0;0.0
25/08/2024 00:30:00;0.0;0.0
25/08/2024 01:00:00;0.0;0.0
25/08/2024 01:30:00;0.0;0.0
25/08/2024 02:00:00;0.0;0.0
25/08/2024 02:30:00;0.0;0.0
25/08/2024 03:00:00;0.0;0.0
25/08/2024 03:30:00;0.0;0.0
25/08/2024 04:00:00;0.0;0.0
25/08/2024 04:30:00;0.0;0.0
25/08/2024 05:00:00;0.0;124.04979276058515
25/08/2024 05:30:00;35.18495336512979;342.8029859437597
25/08/2024 06:00:00;70.36990673025959;561.5561791269342
25/08/2024 06:30:00;263.58282706092353;892.2954271799914
25/08/2024 07:00:00;456.79574739158744;1223.0346752330486
25/08/2024 07:30:00;909.0491334731477;1751.9726846989859
25/08/2024 08:00:00;1361.302519554708;2280.910694164923
25/08/2024 08:30:00;2756.8323421199107;3803.390318341196
25/08/2024 09:00:00;4152.362164685113;5325.869942517469
25/08/2024 09:30:00;6695.002050383591;7735.047541844145
25/08/2024 10:00:00;9237.64193608207;10144.225141170822
25/08/2024 10:30:00;6757.514772650638;7254.161962480716
25/08/2024 11:00:00;4277.387609219209;4364.098783790613
25/08/2024 11:30:00;10685.801920823249;10817.057594697246
25/08/2024 12:00:00;17094.21623242729;17270.01640560388
25/08/2024 12:30:00;11329.584367523621;11452.162209668884
25/08/2024 13:00:00;5564.95250261995;5634.308013733889
25/08/2024 13:30:00;3596.5442448995527;3645.746748354642
25/08/2024 14:00:00;1628.135987179155;1657.1854829753943
25/08/2024 14:30:00;4072.867584316791;4190.039915587212
25/08/2024 15:00:00;6517.599181454428;6722.894348199029
25/08/2024 15:30:00;3552.3586184171772;3679.0402872523778
25/08/2024 16:00:00;587.1180553799264;635.1862263057267
25/08/2024 16:30:00;558.8392052228759;727.316143364154
25/08/2024 17:00:00;530.5603550658254;819.4460604225812
25/08/2024 17:30:00;265.2801775329127;419.7166318507284
25/08/2024 18:00:00;0.0;19.987203278875477
25/08/2024 18:30:00;0.0;52.8769430832756
25/08/2024 19:00:00;0.0;0.0
25/08/2024 19:30:00;0.0;0.0
25/08/2024 20:00:00;0.0;0.0
25/08/2024 20:30:00;0.0;0.0
25/08/2024 21:00:00;0.0;0.0
25/08/2024 21:30:00;0.0;0.0
25/08/2024 22:00:00;0.0;0.0
25/08/2024 22:30:00;0.0;0.0
25/08/2024 23:00:00;0.0;0.0
25/08/2024 23:30:00;0.0;0.0
26/08/2024 00:00:00;0.0;0.0
26/08/2024 00:30:00;0.0;0.0
26/08/2024 01:00:00;0.0;0.0
26/08/2024 01:30:00;0.0;0.0
26/08/2024 02:00:00;0.0;0.0
26/08/2024 02:30:00;0.0;0.0
26/08/2024 03:00:00;0.0;0.0
26/08/2024 03:30:00;0.0;0.0
26/08/2024 04:00:00;0.0;0.0
26/08/2024 04:30:00;0.0;0.0
26/08/2024 05:00:00;0.0;743.5614789756783
26/08/2024 05:30:00;95.93215099140168;1131.8480790126189
26/08/2024 06:00:00;191.86430198280337;1520.1346790495593
26/08/2024 06:30:00;1313.0359891605272;4009.4978632394705
26/08/2024 07:00:00;2434.207676338251;6498.861047429382
26/08/2024 07:30:00;4613.145897792529;8926.717978299124
26/08/2024 08:00:00;6792.084119246806;11354.574909168867
26/08/2024 08:30:00;4778.18284482939;7446.933656968312
26/08/2024 09:00:00;2764.281570411975;3539.2924047677584
26/08/2024 09:30:00;2739.043046715645;3257.4842928518515
26/08/2024 10:00:00;2713.804523019315;2975.6761809359446
26/08/2024 10:30:00;3254.3653343010383;3422.138375845593
26/08/2024 11:00:00;3794.926145582761;3868.600570755241
26/08/2024 11:30:00;3865.293134543383;3920.392924286591
26/08/2024 12:00:00;3935.6601235040052;3972.1852778179414
26/08/2024 12:30:00;2956.493957178367;2985.9466292082648
26/08/2024 13:00:00;1977.3277908527284;1999.7079805985882
26/08/2024 13:30:00;4636.830226586328;4708.379312141009
26/08/2024 14:00:00;7296.332662319927;7417.050643683429
26/08/2024 14:30:00;4826.609038189935;4921.142741423753
26/08/2024 15:00:00;2356.8854140599415;2425.2348391640767
26/08/2024 15:30:00;1842.403133801848;1927.7459225644932
26/08/2024 16:00:00;1327.9208535437547;1430.2570059649092
26/08/2024 16:30:00;705.1381078876504;777.7990234989276
26/08/2024 17:00:00;82.35536223154628;125.34104103294602
26/08/2024 17:30:00;41.17768111577314;65.93570494813483
26/08/2024 18:00:00;0.0;6.530368863323609
26/08/2024 18:30:00;0.0;10.449851681753382
26/08/2024 19:00:00;0.0;0.0
26/08/2024 19:30:00;0.0;0.0
26/08/2024 20:00:00;0.0;0.0
26/08/2024 20:30:00;0.0;0.0
26/08/2024 21:00:00;0.0;0.0
26/08/2024 21:30:00;0.0;0.0
26/08/2024 22:00:00;0.0;0.0
26/08/2024 22:30:00;0.0;0.0
26/08/2024 23:00:00;0.0;0.0
26/08/2024 23:30:00;0.0;0.0
27/08/2024 00:00:00;0.0;0.0
27/08/2024 00:30:00;0.0;0.0
27/08/2024 01:00:00;0.0;0.0
27/08/2024 01:30:00;0.0;0.0
27/08/2024 02:00:00;0.0;0.0
27/08/2024 02:30:00;0.0;0.0
27/08/2024 03:00:00;0.0;0.0
27/08/2024 03:30:00;0.0;0.0
27/08/2024 04:00:00;0.0;0.0
27/08/2024 04:30:00;0.0;0.0
27/08/2024 05:00:00;0.0;92.75899086877862
27/08/2024 05:30:00;169.8908637635489;1381.5061379721114
27/08/2024 06:00:00;339.7817275270978;2670.253285075444
27/08/2024 06:30:00;499.3027965945021;2211.536727928112
27/08/2024 07:00:00;658.8238656619063;1752.8201707807805
27/08/2024 07:30:00;1795.9583274314093;3322.5155446278277
27/08/2024 08:00:00;2933.0927892009126;4892.210918474874
27/08/2024 08:30:00;4119.086672254556;5836.49036328789
27/08/2024 09:00:00;5305.0805553082;6780.7698081009075
27/08/2024 09:30:00;4358.439348412696;5258.410514830379
27/08/2024 10:00:00;3411.798141517191;3736.051221559849
27/08/2024 10:30:00;5601.904667624304;5836.361699538425
27/08/2024 11:00:00;7792.011193731418;7936.672177517
27/08/2024 11:30:00;6109.0742185688905;6200.728096920298
27/08/2024 12:00:00;4426.137243406365;4464.784016323597
27/08/2024 12:30:00;5438.072696436123;5490.23699750286
27/08/2024 13:00:00;6450.008149465881;6515.689978682123
27/08/2024 13:30:00;5469.14890481425;5536.134543109157
27/08/2024 14:00:00;4488.289660162621;4556.579107536191
27/08/2024 14:30:00;3340.121697128719;3403.354184284198
27/08/2024 15:00:00;2191.9537340948173;2250.1292610322043
27/08/2024 15:30:00;1858.3282527462657;1942.4226945970725
27/08/2024 16:00:00;1524.7027713977138;1634.7161281619408
27/08/2024 16:30:00;907.2084296144719;1034.50084426158
27/08/2024 17:00:00;289.71408783122996;434.2855603612191
27/08/2024 17:30:00;144.85704391561498;217.14278018060955
27/08/2024 18:00:00;0.0;0.0
27/08/2024 18:30:00;0.0;9.85670714652055
27/08/2024 19:00:00;0.0;0.0
27/08/2024 19:30:00;0.0;0.0
27/08/2024 20:00:00;0.0;0.0
27/08/2024 20:30:00;0.0;0.0
27/08/2024 21:00:00;0.0;0.0
27/08/2024 21:30:00;0.0;0.0
27/08/2024 22:00:00;0.0;0.0
27/08/2024 22:30:00;0.0;0.0
27/08/2024 23:00:00;0.0;0.0
27/08/2024 23:30:00;0.0;0.0
28/08/2024 00:00:00;0.0;0.0
28/08/2024 00:30:00;0.0;0.0
28/08/2024 01:00:00;0.0;0.0
28/08/2024 01:30:00;0.0;0.0
28/08/2024 02:00:00;0.0;0.0
28/08/2024 02:30:00;0.0;0.0
28/08/2024 03:00:00;0.0;0.0
28/08/2024 03:30:00;0.0;0.0
28/08/2024 04:00:00;0.0;0.0
28/08/2024 04:30:00;0.0;0.0
28/08/2024 05:00:00;0.0;216.8475572234521
28/08/2024 05:30:00;65.75458788942683;620.9798486142737
28/08/2024 06:00:00;131.50917577885366;1025.1121400050952
28/08/2024 06:30:00;265.2550888152736;1041.781815875377
28/08/2024 07:00:00;399.0010018516935;1058.4514917456588
28/08/2024 07:30:00;1182.721897144056;2165.661443070882
28/08/2024 08:00:00;1966.4427924364188;3272.8713943961043
28/08/2024 08:30:00;2525.4506463450316;3604.2156792674828
28/08/2024 09:00:00;3084.4585002536446;3935.559964138861
28/08/2024 09:30:00;4278.06361995456;4960.4107927419545
28/08/2024 10:00:00;5471.668739655474;5985.261621345048
28/08/2024 10:30:00;5449.433075207714;5754.258354297461
28/08/2024 11:00:00;5427.1974107599535;5523.255087249873
28/08/2024 11:30:00;7095.193619385724;7179.0778882915065
28/08/2024 12:00:00;8763.189828011495;8834.900689333139
28/08/2024 12:30:00;7485.613233960753;7549.946121150795
28/08/2024 13:00:00;6208.036639910011;6264.991552968452
28/08/2024 13:30:00;5557.507394345509;5620.043609061078
28/08/2024 14:00:00;4906.978148781007;4975.095665153706
28/08/2024 14:30:00;3619.3436049745287;3681.7843583040717
28/08/2024 15:00:00;2331.7090611680505;2388.473051454437
28/08/2024 15:30:00;1573.7209493449968;1629.569119855204
28/08/2024 16:00:00;815.7328375219425;870.6651882559705
28/08/2024 16:30:00;551.418080639428;647.0350447026672
28/08/2024 17:00:00;287.1033237569136;423.4049011493636
28/08/2024 17:30:00;143.5516618784568;211.7024505746818
28/08/2024 18:00:00;0.0;0.0
28/08/2024 18:30:00;0.0;5.641067513775006
28/08/2024 19:00:00;0.0;0.0
28/08/2024 19:30:00;0.0;0.0
28/08/2024 20:00:00;0.0;0.0
28/08/2024 20:30:00;0.0;0.0
28/08/2024 21:00:00;0.0;0.0
28/08/2024 21:30:00;0.0;0.0
28/08/2024 22:00:00;0.0;0.0
28/08/2024 22:30:00;0.0;0.0
28/08/2024 23:00:00;0.0;0.0
28/08/2024 23:30:00;0.0;0.0
29/08/2024 00:00:00;0.0;0.0
29/08/2024 00:30:00;0.0;0.0
29/08/2024 01:00:00;0.0;0.0
29/08/2024 01:30:00;0.0;0.0
29/08/2024 02:00:00;0.0;0.0
29/08/2024 02:30:00;0.0;0.0
29/08/2024 03:00:00;0.0;0.0
29/08/2024 03:30:00;0.0;0.0
29/08/2024 04:00:00;0.0;0.0
29/08/2024 04:30:00;0.0;0.0
29/08/2024 05:00:00;0.0;124.10348530305014
29/08/2024 05:30:00;225.70578244238652;1807.1495579554548
29/08/2024 06:00:00;451.41156488477304;3490.195630607859
29/08/2024 06:30:00;1635.256528255663;5471.046282059563
29/08/2024 07:00:00;2819.101491626553;7451.896933511267
29/08/2024 07:30:00;4172.193660641316;8314.8085186412
29/08/2024 08:00:00;5525.28582965608;9177.720103771135
29/08/2024 08:30:00;7304.023919182191;10373.705075012467
29/08/2024 09:00:00;9082.762008708301;11569.6900462538
29/08/2024 09:30:00;7265.444697829767;8761.351285795452
29/08/2024 10:00:00;5448.127386951234;5953.012525337101
29/08/2024 10:30:00;8488.588070973332;8838.551972001165
29/08/2024 11:00:00;11529.04875499543;11724.091418665226
29/08/2024 11:30:00;10025.649921076234;10155.707607862205
29/08/2024 12:00:00;8522.251087157038;8587.323797059182
29/08/2024 12:30:00;5645.934575217624;5690.365074718736
29/08/2024 13:00:00;2769.618063278211;2793.4063523782884
29/08/2024 13:30:00;3640.5090461902237;3680.743265448057
29/08/2024 14:00:00;4511.400029102236;4568.0801785178255
29/08/2024 14:30:00;4810.655603850249;4896.942056948809
29/08/2024 15:00:00;5109.9111785982595;5225.803935379792
29/08/2024 15:30:00;3577.0901131162245;3698.6969778178627
29/08/2024 16:00:00;2044.2690476341902;2171.5900202559337
29/08/2024 16:30:00;1189.0413788411433;1328.2424554884208
29/08/2024 17:00:00;333.81371004809665;484.8948907209083
29/08/2024 17:30:00;166.90685502404833;242.44744536045414
29/08/2024 18:00:00;0.0;0.0
29/08/2024 18:30:00;0.0;7.04910780162352
29/08/2024 19:00:00;0.0;0.0
29/08/2024 19:30:00;0.0;0.0
29/08/2024 20:00:00;0.0;0.0
29/08/2024 20:30:00;0.0;0.0
29/08/2024 21:00:00;0.0;0.0
29/08/2024 21:30:00;0.0;0.0
29/08/2024 22:00:00;0.0;0.0
29/08/2024 22:30:00;0.0;0.0
29/08/2024 23:00:00;0.0;0.0
29/08/2024 23:30:00;0.0;0.0
30/08/2024 00:00:00;0.0;0.0
30/08/2024 00:30:00;0.0;0.0
30/08/2024 01:00:00;0.0;0.0
30/08/2024 01:30:00;0.0;0.0
30/08/2024 02:00:00;0.0;0.0
30/08/2024 02:30:00;0.0;0.0
30/08/2024 03:00:00;0.0;0.0
30/08/2024 03:30:00;0.0;0.0
30/08/2024 04:00:00;0.0;0.0
30/08/2024 04:30:00;0.0;0.0
30/08/2024 05:00:00;0.0;155.08037163571743
30/08/2024 05:30:00;230.5255400524634;1843.8052898926169
30/08/2024 06:00:00;461.0510801049268;3532.5302081495165
30/08/2024 06:30:00;1940.7511115000998;6272.197242258152
30/08/2024 07:00:00;3420.451142895273;9011.864276366789
30/08/2024 07:30:00;6956.9780199076085;13203.329057759722
30/08/2024 08:00:00;10493.504896919943;17394.793839152655
30/08/2024 08:30:00;14666.328829389498;20678.74968363616
30/08/2024 09:00:00;18839.15276185905;23962.705528119663
30/08/2024 09:30:00;22330.28749108081;26072.887353938706
30/08/2024 10:00:00;25821.42222030256;28183.06917975775
30/08/2024 10:30:00;26685.281141824136;28088.6640218797
30/08/2024 11:00:00;27549.140063345712;27994.25886400165
30/08/2024 11:30:00;31340.740820305542;31687.578943679495
30/08/2024 12:00:00;35132.341577265375;35380.899023357335
30/08/2024 12:30:00;32318.521025424296;32560.86715835295
30/08/2024 13:00:00;29504.700473583216;29740.83529334856
30/08/2024 13:30:00;25446.562948041497;25684.66070622751
30/08/2024 14:00:00;21388.425422499775;21628.486119106463
30/08/2024 14:30:00;16563.643860386266;16806.78869771929
30/08/2024 15:00:00;11738.862298272756;11985.091276332116
30/08/2024 15:30:00;7911.972174691988;8151.885513533529
30/08/2024 16:00:00;4085.082051111221;4318.679750734941
30/08/2024 16:30:00;2282.2649481917592;2502.12684841834
30/08/2024 17:00:00;479.44784527229757;685.5739461017396
30/08/2024 17:30:00;239.72392263614879;342.7869730508698
30/08/2024 18:00:00;0.0;0.0
30/08/2024 18:30:00;0.0;11.271211897187547
30/08/2024 19:00:00;0.0;0.0
30/08/2024 19:30:00;0.0;0.0
30/08/2024 20:00:00;0.0;0.0
30/08/2024 20:30:00;0.0;0.0
30/08/2024 21:00:00;0.0;0.0
30/08/2024 21:30:00;0.0;0.0
30/08/2024 22:00:00;0.0;0.0
30/08/2024 22:30:00;0.0;0.0
30/08/2024 23:00:00;0.0;0.0
30/08/2024 23:30:00;0.0;0.0
31/08/2024 00:00:00;0.0;0.0
31/08/2024 00:30:00;0.0;0.0
31/08/2024 01:00:00;0.0;0.0
31/08/2024 01:30:00;0.0;0.0
31/08/2024 02:00:00;0.0;0.0
31/08/2024 02:30:00;0.0;0.0
31/08/2024 03:00:00;0.0;0.0
31/08/2024 03:30:00;0.0;0.0
31/08/2024 04:00:00;0.0;0.0
31/08/2024 04:30:00;0.0;0.0
31/08/2024 05:00:00;0.0;247.96666173812602
31/08/2024 05:30:00;250.83526288095632;2028.525991563038
31/08/2024 06:00:00;501.67052576191264;3809.08532138795
31/08/2024 06:30:00;1740.1260275043;5815.338120804979
31/08/2024 07:00:00;2978.581529246687;7821.590920222006
31/08/2024 07:30:00;4741.624373444074;9291.730043309884
31/08/2024 08:00:00;6504.667217641461;10761.86916639776
31/08/2024 08:30:00;6761.2714370666945;9837.337014973888
31/08/2024 09:00:00;7017.875656491927;8912.804863550013
31/08/2024 09:30:00;9717.090889877856;11224.732691483045
31/08/2024 10:00:00;12416.306123263785;13536.660519416078
31/08/2024 10:30:00;13586.197603204862;14260.056807823597
31/08/2024 11:00:00;14756.08908314594;14983.453096231113
31/08/2024 11:30:00;13872.595176530041;14028.57839599612
31/08/2024 12:00:00;12989.101269914143;13073.703695761129
31/08/2024 12:30:00;13750.475590580803;13846.59540920087
31/08/2024 13:00:00;14511.849911247466;14619.487122640616
31/08/2024 13:30:00;10860.22760546979;10949.615984567277
31/08/2024 14:00:00;7208.605299692116;7279.7448464939425
31/08/2024 14:30:00;6168.04740084501;6253.003168343388
31/08/2024 15:00:00;5127.489501997905;5226.261490192835
31/08/2024 15:30:00;3319.4563897662038;3408.272469474697
31/08/2024 16:00:00;1511.423277534503;1590.2834487565606
31/08/2024 16:30:00;947.7617033190947;1065.3030350040726
31/08/2024 17:00:00;384.10012910368647;540.3226212515845
31/08/2024 17:30:00;192.05006455184323;270.1613106257922
31/08/2024 18:00:00;0.0;0.0
31/08/2024 18:30:00;0.0;4.22133222553658
31/08/2024 19:00:00;0.0;0.0
31/08/2024 19:30:00;0.0;0.0
31/08/2024 20:00:00;0.0;0.0
31/08/2024 20:30:00;0.0;0.0
31/08/2024 21:00:00;0.0;0.0
31/08/2024 21:30:00;0.0;0.0
31/08/2024 22:00:00;0.0;0.0
31/08/2024 22:30:00;0.0;0.0
31/08/2024 23:00:00;0.0;0.0
31/08/2024 23:30:00;0.0;0.0
01/09/2024 00:00:00;0.0;0.0
01/09/2024 00:30:00;0.0;0.0
01/09/2024 01:00:00;0.0;0.0
01/09/2024 01:30:00;0.0;0.0
01/09/2024 02:00:00;0.0;0.0
01/09/2024 02:30:00;0.0;0.0
01/09/2024 03:00:00;0.0;0.0
01/09/2024 03:30:00;0.0;0.0
01/09/2024 04:00:00;0.0;0.0
01/09/2024 04:30:00;0.0;0.0
01/09/2024 05:00:00;0.0;92.86930896180478
01/09/2024 05:30:00;319.57158759763786;2451.027104221616
01/09/2024 06:00:00;639.1431751952757;4809.184899481427
01/09/2024 06:30:00;919.9553359925561;3975.873916386982
01/09/2024 07:00:00;1200.7674967898365;3142.562933292537
01/09/2024 07:30:00;3391.8072317289357;6179.26462137687
01/09/2024 08:00:00;5582.846966668035;9215.966309461204
01/09/2024 08:30:00;13865.693916366441;18650.068440283907
01/09/2024 09:00:00;22148.540866064846;28084.17057110661
01/09/2024 09:30:00;20529.164110318306;24337.943051765706
01/09/2024 10:00:00;18909.78735457177;20591.71553242481
01/09/2024 10:30:00;22920.346375662866;23958.48464826774
01/09/2024 11:00:00;26930.905396753966;27325.253764110676
01/09/2024 11:30:00;29569.219345178488;29862.27410622942
01/09/2024 12:00:00;32207.533293603006;32399.29444834816
01/09/2024 12:30:00;30702.505012957536;30897.884704987187
01/09/2024 13:00:00;29197.476732312065;29396.47496162621
01/09/2024 13:30:00;25074.34819998162;25267.33622437894
01/09/2024 14:00:00;20951.219667651174;21138.197487131674
01/09/2024 14:30:00;16386.844480480355;16583.836207604138
01/09/2024 15:00:00;11822.469293309536;12029.474928076606
01/09/2024 15:30:00;7999.639507393816;8202.445866526643
01/09/2024 16:00:00;4176.809721478096;4375.416804976683
01/09/2024 16:30:00;2313.1936843253284;2498.3051126339387
01/09/2024 17:00:00;449.57764717256043;621.193420291195
01/09/2024 17:30:00;224.78882358628022;310.5967101455975
01/09/2024 18:00:00;0.0;0.0
01/09/2024 18:30:00;0.0;11.274835651503313
01/09/2024 19:00:00;0.0;0.0
01/09/2024 19:30:00;0.0;0.0
01/09/2024 20:00:00;0.0;0.0
01/09/2024 20:30:00;0.0;0.0
01/09/2024 21:00:00;0.0;0.0
01/09/2024 21:30:00;0.0;0.0
01/09/2024 22:00:00;0.0;0.0
01/09/2024 22:30:00;0.0;0.0
01/09/2024 23:00:00;0.0;0.0
01/09/2024 23:30:00;0.0;0.0
02/09/2024 00:00:00;0.0;0.0
02/09/2024 00:30:00;0.0;0.0
02/09/2024 01:00:00;0.0;0.0
02/09/2024 01:30:00;0.0;0.0
02/09/2024 02:00:00;0.0;0.0
02/09/2024 02:30:00;0.0;0.0
02/09/2024 03:00:00;0.0;0.0
02/09/2024 03:30:00;0.0;0.0
02/09/2024 04:00:00;0.0;0.0
02/09/2024 04:30:00;0.0;0.0
02/09/2024 05:00:00;0.0;248.0463843330729
02/09/2024 05:30:00;315.8980812082608;2481.73486651737
02/09/2024 06:00:00;631.7961624165216;4715.423348701667
02/09/2024 06:30:00;3034.4790265510937;9446.34049959538
02/09/2024 07:00:00;5437.161890685667;14177.25765048909
02/09/2024 07:30:00;9477.996673577387;18224.648577244287
02/09/2024 08:00:00;13518.831456469106;22272.039503999484
02/09/2024 08:30:00;18246.389467016845;25678.34832422276
02/09/2024 09:00:00;22973.947477564583;29084.65714444603
02/09/2024 09:30:00;27085.26479527056;31508.550446431964
02/09/2024 10:00:00;31196.58211297653;33932.44374841789
02/09/2024 10:30:00;33247.62710152037;34860.447161617834
02/09/2024 11:00:00;35298.67209006421;35788.450574817776
02/09/2024 11:30:00;34713.26390736189;35050.21464051681
02/09/2024 12:00:00;34127.85572465958;34311.978706215836
02/09/2024 12:30:00;31950.40618121708;32134.965144349193
02/09/2024 13:00:00;29772.95663777458;29957.95158248255
02/09/2024 13:30:00;25329.814466365595;25508.37032099214
02/09/2024 14:00:00;20886.672294956614;21058.789059501734
02/09/2024 14:30:00;15766.366985108349;15936.248429191355
02/09/2024 15:00:00;10646.061675260084;10813.707798880976
02/09/2024 15:30:00;7372.352409134182;7545.398244595374
02/09/2024 16:00:00;4098.64314300828;4277.088690309773
02/09/2024 16:30:00;2257.333154404406;2420.889312447965
02/09/2024 17:00:00;416.0231658005321;564.6899345861569
02/09/2024 17:30:00;208.01158290026606;282.34496729307847
02/09/2024 18:00:00;0.0;0.0
02/09/2024 18:30:00;0.0;12.683336694932017
02/09/2024 19:00:00;0.0;0.0
02/09/2024 19:30:00;0.0;0.0
02/09/2024 20:00:00;0.0;0.0
02/09/2024 20:30:00;0.0;0.0
02/09/2024 21:00:00;0.0;0.0
02/09/2024 21:30:00;0.0;0.0
02/09/2024 22:00:00;0.0;0.0
02/09/2024 22:30:00;0.0;0.0
02/09/2024 23:00:00;0.0;0.0
02/09/2024 23:30:00;0.0;0.0
03/09/2024 00:00:00;0.0;0.0
03/09/2024 00:30:00;0.0;0.0
03/09/2024 01:00:00;0.0;0.0
03/09/2024 01:30:00;0.0;0.0
03/09/2024 02:00:00;0.0;0.0
03/09/2024 02:30:00;0.0;0.0
03/09/2024 03:00:00;0.0;0.0
03/09/2024 03:30:00;0.0;0.0
03/09/2024 04:00:00;0.0;0.0
03/09/2024 04:30:00;0.0;0.0
03/09/2024 05:00:00;0.0;279.03340728850435
03/09/2024 05:30:00;271.1312316606517;2144.928414147593
03/09/2024 06:00:00;542.2624633213034;4010.823421006681
03/09/2024 06:30:00;2835.4490153226625;8668.907534830634
03/09/2024 07:00:00;5128.635567324022;13326.991648654586
03/09/2024 07:30:00;8397.102110379392;16251.970272007362
03/09/2024 08:00:00;11665.568653434762;19176.94889536014
03/09/2024 08:30:00;15946.051028275739;22370.641343641735
03/09/2024 09:00:00;20226.533403116715;25564.333791923338
03/09/2024 09:30:00;24527.094752172354;28442.664990746413
03/09/2024 10:00:00;28827.656101227993;31320.99618956949
03/09/2024 10:30:00;28981.453232749333;30419.03241385045
03/09/2024 11:00:00;29135.250364270672;29517.068638131408
03/09/2024 11:30:00;27515.621783202205;27769.157838488358
03/09/2024 12:00:00;25895.993202133737;26021.247038845304
03/09/2024 12:30:00;24912.42076307732;25042.237196853774
03/09/2024 13:00:00;23928.8483240209;24063.227354862243
03/09/2024 13:30:00;19637.17540989202;19762.211558926563
03/09/2024 14:00:00;15345.50249576314;15461.195762990883
03/09/2024 14:30:00;12164.02878727335;12284.801123299794
03/09/2024 15:00:00;8982.555078783564;9108.406483608702
03/09/2024 15:30:00;6047.582436529274;6172.12168816504
03/09/2024 16:00:00;3112.6097942749852;3235.836892721376
03/09/2024 16:30:00;1696.5675416920178;1805.1071792143455
03/09/2024 17:00:00;280.52528910905033;374.3774657073148
03/09/2024 17:30:00;140.26264455452517;187.1887328536574
03/09/2024 18:00:00;0.0;0.0
03/09/2024 18:30:00;0.0;5.646437803082199
03/09/2024 19:00:00;0.0;0.0
03/09/2024 19:30:00;0.0;0.0
03/09/2024 20:00:00;0.0;0.0
03/09/2024 20:30:00;0.0;0.0
03/09/2024 21:00:00;0.0;0.0
03/09/2024 21:30:00;0.0;0.0
03/09/2024 22:00:00;0.0;0.0
03/09/2024 22:30:00;0.0;0.0
03/09/2024 23:00:00;0.0;0.0
03/09/2024 23:30:00;0.0;0.0
04/09/2024 00:00:00;0.0;0.0
04/09/2024 00:30:00;0.0;0.0
04/09/2024 01:00:00;0.0;0.0
04/09/2024 01:30:00;0.0;0.0
04/09/2024 02:00:00;0.0;0.0
04/09/2024 02:30:00;0.0;0.0
04/09/2024 03:00:00;0.0;0.0
04/09/2024 03:30:00;0.0;0.0
04/09/2024 04:00:00;0.0;0.0
04/09/2024 04:30:00;0.0;0.0
04/09/2024 05:00:00;0.0;124.22163166780838
04/09/2024 05:30:00;214.73332740946995;1636.1263637874304
04/09/2024 06:00:00;429.4666548189399;3148.031095907052
04/09/2024 06:30:00;2922.743166792438;8584.479843838328
04/09/2024 07:00:00;5416.019678765936;14020.928591769603
04/09/2024 07:30:00;9283.807877618323;17798.183462809277
04/09/2024 08:00:00;13151.596076470712;21575.43833384895
04/09/2024 08:30:00;18117.620862129;25353.20706633421
04/09/2024 09:00:00;23083.645647787285;29130.975798819472
04/09/2024 09:30:00;27012.475657965384;31357.045072353045
04/09/2024 10:00:00;30941.305668143483;33583.11434588662
04/09/2024 10:30:00;32927.538190870306;34463.484690169054
04/09/2024 11:00:00;34913.77071359712;35343.85503445149
04/09/2024 11:30:00;34771.9759596779;35060.81830567255
04/09/2024 12:00:00;34630.18120575867;34777.781576893605
04/09/2024 12:30:00;32091.233255955154;32239.172140541436
04/09/2024 13:00:00;29552.285306151633;29700.56270418927
04/09/2024 13:30:00;25314.51510855168;25460.69299397092
04/09/2024 14:00:00;21076.744910951733;21220.82328375257
04/09/2024 14:30:00;16279.8206989519;16421.88833825675
04/09/2024 15:00:00;11482.896486952066;11622.953392760937
04/09/2024 15:30:00;7723.1893687547545;7863.589327230739
04/09/2024 16:00:00;3963.482250557441;4104.2252617005415
04/09/2024 16:30:00;2168.6005833962263;2297.112841366844
04/09/2024 17:00:00;373.7189162350111;490.0004210331473
04/09/2024 17:30:00;186.85945811750554;245.00021051657365
04/09/2024 18:00:00;0.0;0.0
04/09/2024 18:30:00;0.0;9.869094105731838
04/09/2024 19:00:00;0.0;0.0
04/09/2024 19:30:00;0.0;0.0
04/09/2024 20:00:00;0.0;0.0
04/09/2024 20:30:00;0.0;0.0
04/09/2024 21:00:00;0.0;0.0
04/09/2024 21:30:00;0.0;0.0
04/09/2024 22:00:00;0.0;0.0
04/09/2024 22:30:00;0.0;0.0
04/09/2024 23:00:00;0.0;0.0
04/09/2024 23:30:00;0.0;0.0
05/09/2024 00:00:00;0.0;0.0
05/09/2024 00:30:00;0.0;0.0
05/09/2024 01:00:00;0.0;0.0
05/09/2024 01:30:00;0.0;0.0
05/09/2024 02:00:00;0.0;0.0
05/09/2024 02:30:00;0.0;0.0
05/09/2024 03:00:00;0.0;0.0
05/09/2024 03:30:00;0.0;0.0
05/09/2024 04:00:00;0.0;0.0
05/09/2024 04:30:00;0.0;0.0
05/09/2024 05:00:00;0.0;217.12007032610043
05/09/2024 05:30:00;386.67801965554213;2917.5675656626263
05/09/2024 06:00:00;773.3560393110843;5618.015060999153
05/09/2024 06:30:00;3132.014573107962;9890.904189696987
05/09/2024 07:00:00;5490.67310690484;14163.793318394819
05/09/2024 07:30:00;8977.89252322557;17283.581620641937
05/09/2024 08:00:00;12465.111939546303;20403.369922889055
05/09/2024 08:30:00;17596.907750713563;24518.840040524
05/09/2024 09:00:00;22728.703561880822;28634.310158158944
05/09/2024 09:30:00;26530.67423362677;30762.45729942645
05/09/2024 10:00:00;30332.64490537272;32890.60444069395
05/09/2024 10:30:00;32775.9094600876;34258.173260142736
05/09/2024 11:00:00;35219.174014802484;35625.74207959152
05/09/2024 11:30:00;34823.40901774031;35090.20452070385
05/09/2024 12:00:00;34427.64402067814;34554.66696181619
05/09/2024 12:30:00;32113.692707836508;32242.81405132884
05/09/2024 13:00:00;29799.741394994875;29930.961140841497
05/09/2024 13:30:00;25357.006686890465;25486.818586553647
05/09/2024 14:00:00;20914.271978786048;21042.676032265797
05/09/2024 14:30:00;16232.145979336954;16356.643712431343
05/09/2024 15:00:00;11550.01997988786;11670.611392596888
05/09/2024 15:30:00;7780.927175066909;7904.394323101954
05/09/2024 16:00:00;4011.8343702459565;4138.17725360702
05/09/2024 16:30:00;2189.2248229468396;2304.8247636504866
05/09/2024 17:00:00;366.61527564772297;471.47227369395335
05/09/2024 17:30:00;183.30763782386148;235.73613684697668
05/09/2024 18:00:00;0.0;0.0
05/09/2024 18:30:00;0.0;5.646303040859918
05/09/2024 19:00:00;0.0;0.0
05/09/2024 19:30:00;0.0;0.0
05/09/2024 20:00:00;0.0;0.0
05/09/2024 20:30:00;0.0;0.0
05/09/2024 21:00:00;0.0;0.0
05/09/2024 21:30:00;0.0;0.0
05/09/2024 22:00:00;0.0;0.0
05/09/2024 22:30:00;0.0;0.0
05/09/2024 23:00:00;0.0;0.0
05/09/2024 23:30:00;0.0;0.0
06/09/2024 00:00:00;0.0;0.0
06/09/2024 00:30:00;0.0;0.0
06/09/2024 01:00:00;0.0;0.0
06/09/2024 01:30:00;0.0;0.0
06/09/2024 02:00:00;0.0;0.0
06/09/2024 02:30:00;0.0;0.0
06/09/2024 03:00:00;0.0;0.0
06/09/2024 03:30:00;0.0;0.0
06/09/2024 04:00:00;0.0;0.0
06/09/2024 04:30:00;0.0;0.0
06/09/2024 05:00:00;0.0;124.21866689891822
06/09/2024 05:30:00;385.34132652886467;2836.3673576397496
06/09/2024 06:00:00;770.6826530577293;5548.516048380581
06/09/2024 06:30:00;3117.2697803097312;9799.702422212064
06/09/2024 07:00:00;5463.856907561733;14050.888796043544
06/09/2024 07:30:00;9656.623822911508;18334.255190113723
06/09/2024 08:00:00;13849.390738261283;22617.6215841839
06/09/2024 08:30:00;18393.677736010453;25734.988434642073
06/09/2024 09:00:00;22937.96473375962;28852.355285100246
06/09/2024 09:30:00;27122.185457832573;31382.96310233441
06/09/2024 10:00:00;31306.406181905524;33913.57091956857
06/09/2024 10:30:00;33411.00313614413;34905.76493961938
06/09/2024 11:00:00;35515.600090382744;35897.958959670184
06/09/2024 11:30:00;35111.124798533354;35356.400494627924
06/09/2024 12:00:00;34706.64950668398;34814.84202958567
06/09/2024 12:30:00;32132.825830942213;32242.916119649246
06/09/2024 13:00:00;29559.002155200447;29670.99020971282
06/09/2024 13:30:00;25367.368506340674;25480.971358195337
06/09/2024 14:00:00;21175.7348574809;21290.952506677855
06/09/2024 14:30:00;16419.730072068403;16529.67437351521
06/09/2024 15:00:00;11663.725286655908;11768.396240352562
06/09/2024 15:30:00;7814.689542915918;7921.297466034164
06/09/2024 16:00:00;3965.6537991759265;4074.1986917157674
06/09/2024 16:30:00;2157.8763072504003;2257.890120683553
06/09/2024 17:00:00;350.09881532487464;441.5815496513386
06/09/2024 17:30:00;175.04940766243732;220.7907748256693
06/09/2024 18:00:00;0.0;0.0
06/09/2024 18:30:00;0.0;4.222122085404383
06/09/2024 19:00:00;0.0;0.0
06/09/2024 19:30:00;0.0;0.0
06/09/2024 20:00:00;0.0;0.0
06/09/2024 20:30:00;0.0;0.0
06/09/2024 21:00:00;0.0;0.0
06/09/2024 21:30:00;0.0;0.0
06/09/2024 22:00:00;0.0;0.0
06/09/2024 22:30:00;0.0;0.0
06/09/2024 23:00:00;0.0;0.0
06/09/2024 23:30:00;0.0;0.0
07/09/2024 00:00:00;0.0;0.0
07/09/2024 00:30:00;0.0;0.0
07/09/2024 01:00:00;0.0;0.0
07/09/2024 01:30:00;0.0;0.0
07/09/2024 02:00:00;0.0;0.0
07/09/2024 02:30:00;0.0;0.0
07/09/2024 03:00:00;0.0;0.0
07/09/2024 03:30:00;0.0;0.0
07/09/2024 04:00:00;0.0;0.0
07/09/2024 04:30:00;0.0;0.0
07/09/2024 05:00:00;0.0;92.88668587889643
07/09/2024 05:30:00;373.1338956177223;2708.823226030886
07/09/2024 06:00:00;746.2677912354446;5324.759766182876
07/09/2024 06:30:00;3040.818801760687;9501.105276267965
07/09/2024 07:00:00;5335.3698122859305;13677.450786353054
07/09/2024 07:30:00;9459.695235382444;17906.687195004288
07/09/2024 08:00:00;13584.020658478958;22135.92360365552
07/09/2024 08:30:00;18305.742045244777;25525.872470715396
07/09/2024 09:00:00;23027.46343201059;28915.82133777527
07/09/2024 09:30:00;27000.793196665396;31218.99146029887
07/09/2024 10:00:00;30974.1229613202;33522.16158282247
07/09/2024 10:30:00;33063.557109267145;34512.85540853563
07/09/2024 11:00:00;35152.9912572141;35503.54923424879
07/09/2024 11:30:00;34715.453753139016;34934.35955943571
07/09/2024 12:00:00;34277.916249063936;34365.16988462262
07/09/2024 12:30:00;31709.872416346243;31799.734861326444
07/09/2024 13:00:00;29141.828583628554;29234.299838030263
07/09/2024 13:30:00;24916.53451347537;25011.718573530845
07/09/2024 14:00:00;20691.240443322185;20789.13730903143
07/09/2024 14:30:00;16006.532143121285;16101.13906440618
07/09/2024 15:00:00;11321.823842920381;11413.14081978093
07/09/2024 15:30:00;7564.289417889678;7655.12975699101
07/09/2024 16:00:00;3806.754992858973;3897.1186942010886
07/09/2024 16:30:00;2063.4181044263305;2146.7913067606028
07/09/2024 17:00:00;320.0812159936885;396.46391932011704
07/09/2024 17:30:00;306.74449866061815;381.23452021828825
07/09/2024 18:00:00;0.0;0.0
07/09/2024 18:30:00;0.0;0.0
07/09/2024 19:00:00;0.0;0.0
07/09/2024 19:30:00;0.0;0.0
07/09/2024 20:00:00;0.0;0.0
07/09/2024 20:30:00;0.0;0.0
07/09/2024 21:00:00;0.0;0.0
07/09/2024 21:30:00;0.0;0.0
07/09/2024 22:00:00;0.0;0.0
07/09/2024 22:30:00;0.0;0.0
07/09/2024 23:00:00;0.0;0.0
07/09/2024 23:30:00;0.0;0.0
08/09/2024 00:00:00;0.0;0.0
08/09/2024 00:30:00;0.0;0.0
08/09/2024 01:00:00;0.0;0.0
08/09/2024 01:30:00;0.0;0.0
08/09/2024 02:00:00;0.0;0.0
08/09/2024 02:30:00;0.0;0.0
08/09/2024 03:00:00;0.0;0.0
08/09/2024 03:30:00;0.0;0.0
08/09/2024 04:00:00;0.0;0.0
08/09/2024 04:30:00;0.0;0.0
08/09/2024 05:00:00;0.0;30.95834087622573
08/09/2024 05:30:00;367.88388912080455;2616.9965519602642
08/09/2024 06:00:00;735.7677782416091;5203.034763044302
08/09/2024 06:30:00;3002.2660605827255;9331.655899578218
08/09/2024 07:00:00;5268.7643429238415;13460.277036112135
08/09/2024 07:30:00;9347.99445734168;17647.906128814866
08/09/2024 08:00:00;13427.224571759518;21835.53522151759
08/09/2024 08:30:00;18171.535947851236;25288.211612784682
08/09/2024 09:00:00;22915.847323942955;28740.888004051776
08/09/2024 09:30:00;26761.20755914786;30916.057179613665
08/09/2024 10:00:00;30606.56779435277;33091.22635517556
08/09/2024 10:30:00;32499.906052656148;33907.142660254285
08/09/2024 11:00:00;34393.24431095953;34723.05896533302
08/09/2024 11:30:00;33840.01501831919;34037.52120747399
08/09/2024 12:00:00;33286.78572567885;33351.98344961497
08/09/2024 12:30:00;29825.4364466671;29891.74042755132
08/09/2024 13:00:00;26364.087167655347;26431.497405487677
08/09/2024 13:30:00;21834.12257346299;21902.54507160563
08/09/2024 14:00:00;17304.15797927064;17373.592737723586
08/09/2024 14:30:00;14228.108462110704;14302.706540895266
08/09/2024 15:00:00;11152.058944950768;11231.820344066948
08/09/2024 15:30:00;7402.825413039845;7480.92437588055
08/09/2024 16:00:00;3653.5918811289202;3730.028407694153
08/09/2024 16:30:00;1977.909943683749;2048.4988698927796
08/09/2024 17:00:00;302.22800623857745;366.96933209140616
08/09/2024 17:30:00;319.2188120172264;553.2346649956547
08/09/2024 18:00:00;0.0;0.0
08/09/2024 18:30:00;0.0;0.0
08/09/2024 19:00:00;0.0;0.0
08/09/2024 19:30:00;0.0;0.0
08/09/2024 20:00:00;0.0;0.0
08/09/2024 20:30:00;0.0;0.0
08/09/2024 21:00:00;0.0;0.0
08/09/2024 21:30:00;0.0;0.0
08/09/2024 22:00:00;0.0;0.0
08/09/2024 22:30:00;0.0;0.0
08/09/2024 23:00:00;0.0;0.0
08/09/2024 23:30:00;0.0;0.0
09/09/2024 00:00:00;0.0;0.0
09/09/2024 00:30:00;0.0;0.0
09/09/2024 01:00:00;0.0;0.0
09/09/2024 01:30:00;0.0;0.0
09/09/2024 02:00:00;0.0;0.0
09/09/2024 02:30:00;0.0;0.0
09/09/2024 03:00:00;0.0;0.0
09/09/2024 03:30:00;0.0;0.0
09/09/2024 04:00:00;0.0;0.0
09/09/2024 04:30:00;0.0;0.0
09/09/2024 05:00:00;0.0;0.0
09/09/2024 05:30:00;0.0;0.0
09/09/2024 06:00:00;743.9889564834508;5209.867987601869
09/09/2024 06:30:00;3015.6680825990443;9337.209263392302
09/09/2024 07:00:00;5287.347208714637;13464.550539182736
09/09/2024 07:30:00;9353.047520914519;17617.26986957348
09/09/2024 08:00:00;13418.7478331144;21769.98919996423
09/09/2024 08:30:00;18140.74612906837;25203.046766435276
09/09/2024 09:00:00;22862.744425022345;28636.104332906325
09/09/2024 09:30:00;26786.114400309594;30903.453799115385
09/09/2024 10:00:00;30709.484375596847;33170.80326532445
09/09/2024 10:30:00;32617.776897789317;34009.993028269935
09/09/2024 11:00:00;34526.06941998179;34849.18279121542
09/09/2024 11:30:00;32287.919247944134;32474.42543126224
09/09/2024 12:00:00;30049.769075906483;30099.668071309065
09/09/2024 12:30:00;29375.76978045914;29428.626264378283
09/09/2024 13:00:00;28701.770485011795;28757.584457447494
09/09/2024 13:30:00;24424.72323394625;24485.78821634157
09/09/2024 14:00:00;20147.675982880704;20213.99197523565
09/09/2024 14:30:00;15538.535162868826;15605.673834229056
09/09/2024 15:00:00;10929.394342856946;10997.355693222462
09/09/2024 15:30:00;7281.623894096598;7348.3371350076995
09/09/2024 16:00:00;3633.8534453362495;3699.3185767929367
09/09/2024 16:30:00;1952.9339232326047;2011.5107100489072
09/09/2024 17:00:00;272.0144011289598;323.70284330487743
09/09/2024 17:30:00;290.2032223417475;510.19443386976036
09/09/2024 18:00:00;0.0;0.0
09/09/2024 18:30:00;0.0;0.0
09/09/2024 19:00:00;0.0;0.0
09/09/2024 19:30:00;0.0;0.0
09/09/2024 20:00:00;0.0;0.0
09/09/2024 20:30:00;0.0;0.0
09/09/2024 21:00:00;0.0;0.0
09/09/2024 21:30:00;0.0;0.0
09/09/2024 22:00:00;0.0;0.0
09/09/2024 22:30:00;0.0;0.0
09/09/2024 23:00:00;0.0;0.0
09/09/2024 23:30:00;0.0;0.0
10/09/2024 00:00:00;0.0;0.0
10/09/2024 00:30:00;0.0;0.0
10/09/2024 01:00:00;0.0;0.0
10/09/2024 01:30:00;0.0;0.0
10/09/2024 02:00:00;0.0;0.0
10/09/2024 02:30:00;0.0;0.0
10/09/2024 03:00:00;0.0;0.0
10/09/2024 03:30:00;0.0;0.0
10/09/2024 04:00:00;0.0;0.0
10/09/2024 04:30:00;0.0;0.0
10/09/2024 05:00:00;0.0;0.0
10/09/2024 05:30:00;0.0;0.0
10/09/2024 06:00:00;744.9237526614398;5172.484197991833
10/09/2024 06:30:00;3065.2731485294285;9421.502901119835
10/09/2024 07:00:00;5385.622544397417;13670.521604247833
10/09/2024 07:30:00;9506.148230966583;17863.762955864662
10/09/2024 08:00:00;13626.673917535749;22057.00430748149
10/09/2024 08:30:00;18407.623333410593;25533.226071361954
10/09/2024 09:00:00;23188.572749285442;29009.44783524242
10/09/2024 09:30:00;27164.455886388874;31306.28452213681
10/09/2024 10:00:00;31140.339023492314;33603.1212090312
10/09/2024 10:30:00;32933.61713838884;34323.45417964328
10/09/2024 11:00:00;34726.89525328537;35043.78715025537
10/09/2024 11:30:00;34369.498203237636;34556.183464889866
10/09/2024 12:00:00;34012.10115318989;34068.57977952436
10/09/2024 12:30:00;31411.261353339887;31463.421168009358
10/09/2024 13:00:00;28810.421553489883;28858.262556494356
10/09/2024 13:30:00;24495.37040823593;24545.291659473936
10/09/2024 14:00:00;20180.319262981975;20232.32076245352
10/09/2024 14:30:00;15597.432546516851;15652.594264911399
10/09/2024 15:00:00;11014.54583005173;11072.867767369278
10/09/2024 15:30:00;7323.13492424188;7379.798747717488
10/09/2024 16:00:00;3631.724018432032;3686.7297280656967
10/09/2024 16:30:00;1943.1163713205165;1991.9769608041827
10/09/2024 17:00:00;254.50872420900106;297.2241935426688
10/09/2024 17:30:00;273.6608394365836;484.8963267532385
10/09/2024 18:00:00;0.0;0.0
10/09/2024 18:30:00;0.0;0.0
10/09/2024 19:00:00;0.0;0.0
10/09/2024 19:30:00;0.0;0.0
10/09/2024 20:00:00;0.0;0.0
10/09/2024 20:30:00;0.0;0.0
10/09/2024 21:00:00;0.0;0.0
10/09/2024 21:30:00;0.0;0.0
10/09/2024 22:00:00;0.0;0.0
10/09/2024 22:30:00;0.0;0.0
10/09/2024 23:00:00;0.0;0.0
10/09/2024 23:30:00;0.0;0.0
11/09/2024 00:00:00;0.0;0.0
11/09/2024 00:30:00;0.0;0.0
11/09/2024 01:00:00;0.0;0.0
11/09/2024 01:30:00;0.0;0.0
11/09/2024 02:00:00;0.0;0.0
11/09/2024 02:30:00;0.0;0.0
11/09/2024 03:00:00;0.0;0.0
11/09/2024 03:30:00;0.0;0.0
11/09/2024 04:00:00;0.0;0.0
11/09/2024 04:30:00;0.0;0.0
11/09/2024 05:00:00;0.0;0.0
11/09/2024 05:30:00;0.0;0.0
11/09/2024 06:00:00;752.4637201261469;5176.699657017482
11/09/2024 06:30:00;3058.6056585295873;9374.917255480936
11/09/2024 07:00:00;5364.747596933027;13573.134853944388
11/09/2024 07:30:00;9468.125762439728;17746.452109565573
11/09/2024 08:00:00;13571.503927946427;21919.769365186756
11/09/2024 08:30:00;18343.69896344542;25400.464494415133
11/09/2024 09:00:00;23115.893998944408;28881.15962364351
11/09/2024 09:30:00;26965.501224715954;31050.28246223181
11/09/2024 10:00:00;30815.108450487496;33219.405300820115
11/09/2024 10:30:00;32690.008279489386;34045.767491488594
11/09/2024 11:00:00;34564.90810849128;34872.12968215708
11/09/2024 11:30:00;33960.660035433764;34141.96573471263
11/09/2024 12:00:00;33356.41196237625;33411.80178726818
11/09/2024 12:30:00;30564.284385067178;30615.037756321417
11/09/2024 13:00:00;27772.156807758096;27818.273725374653
11/09/2024 13:30:00;23737.38615575361;23778.67757737684
11/09/2024 14:00:00;19702.615503749126;19739.081429379024
11/09/2024 14:30:00;14518.957368437088;14557.485721768557
11/09/2024 15:00:00;9335.299233125046;9375.89001415809
11/09/2024 15:30:00;6392.1820744348515;6433.513372797025
11/09/2024 16:00:00;3449.064915744655;3491.1367314359604
11/09/2024 16:30:00;1843.5927321554143;1881.8488648452405
11/09/2024 17:00:00;238.12054856617334;272.56099825452054
11/09/2024 17:30:00;244.30208359513026;366.7293668232919
11/09/2024 18:00:00;0.0;0.0
11/09/2024 18:30:00;0.0;0.0
11/09/2024 19:00:00;0.0;0.0
11/09/2024 19:30:00;0.0;0.0
11/09/2024 20:00:00;0.0;0.0
11/09/2024 20:30:00;0.0;0.0
11/09/2024 21:00:00;0.0;0.0
11/09/2024 21:30:00;0.0;0.0
11/09/2024 22:00:00;0.0;0.0
11/09/2024 22:30:00;0.0;0.0
11/09/2024 23:00:00;0.0;0.0
11/09/2024 23:30:00;0.0;0.0
12/09/2024 00:00:00;0.0;0.0
12/09/2024 00:30:00;0.0;0.0
12/09/2024 01:00:00;0.0;0.0
12/09/2024 01:30:00;0.0;0.0
12/09/2024 02:00:00;0.0;0.0
12/09/2024 02:30:00;0.0;0.0
12/09/2024 03:00:00;0.0;0.0
12/09/2024 03:30:00;0.0;0.0
12/09/2024 04:00:00;0.0;0.0
12/09/2024 04:30:00;0.0;0.0
12/09/2024 05:00:00;0.0;0.0
12/09/2024 05:30:00;0.0;0.0
12/09/2024 06:00:00;398.8404593190528;2720.938581042576
12/09/2024 06:30:00;2814.55605865063;7955.147122045542
12/09/2024 07:00:00;5230.271657982207;13189.355663048507
12/09/2024 07:30:00;8155.620970486833;15524.529549854255
12/09/2024 08:00:00;11080.970282991459;17859.703436660002
12/09/2024 08:30:00;16330.549590239476;22394.141173763208
12/09/2024 09:00:00;21580.128897487495;26928.578910866418
12/09/2024 09:30:00;25855.41670220549;29692.546954312475
12/09/2024 10:00:00;30130.70450692348;32456.514997758528
12/09/2024 10:30:00;31471.08474123535;32775.858883591885
12/09/2024 11:00:00;32811.46497554722;33095.202769425225
12/09/2024 11:30:00;29862.79245191682;30027.00740321607
12/09/2024 12:00:00;26914.119928286418;26958.812037006912
12/09/2024 12:30:00;27527.609700588426;27573.320536715786
12/09/2024 13:00:00;28141.099472890433;28187.829036424657
12/09/2024 13:30:00;23364.94190328915;23403.74044199568
12/09/2024 14:00:00;18588.78433368787;18619.651847566704
12/09/2024 14:30:00;14505.306741209688;14538.435571769842
12/09/2024 15:00:00;10421.829148731505;10457.21929597298
12/09/2024 15:30:00;7084.836530976485;7119.9732978654465
12/09/2024 16:00:00;3747.843913221463;3782.7272997579134
12/09/2024 16:30:00;1981.1896116972373;2011.777590762447
12/09/2024 17:00:00;214.53531017301117;240.82788176698068
12/09/2024 17:30:00;221.63281595314453;335.40246452885617
12/09/2024 18:00:00;0.0;0.0
12/09/2024 18:30:00;0.0;0.0
12/09/2024 19:00:00;0.0;0.0
12/09/2024 19:30:00;0.0;0.0
12/09/2024 20:00:00;0.0;0.0
12/09/2024 20:30:00;0.0;0.0
12/09/2024 21:00:00;0.0;0.0
12/09/2024 21:30:00;0.0;0.0
12/09/2024 22:00:00;0.0;0.0
12/09/2024 22:30:00;0.0;0.0
12/09/2024 23:00:00;0.0;0.0
12/09/2024 23:30:00;0.0;0.0
13/09/2024 00:00:00;0.0;0.0
13/09/2024 00:30:00;0.0;0.0
13/09/2024 01:00:00;0.0;0.0
13/09/2024 01:30:00;0.0;0.0
13/09/2024 02:00:00;0.0;0.0
13/09/2024 02:30:00;0.0;0.0
13/09/2024 03:00:00;0.0;0.0
13/09/2024 03:30:00;0.0;0.0
13/09/2024 04:00:00;0.0;0.0
13/09/2024 04:30:00;0.0;0.0
13/09/2024 05:00:00;0.0;0.0
13/09/2024 05:30:00;0.0;0.0
13/09/2024 06:00:00;399.0704604564791;2699.767033575745
13/09/2024 06:30:00;739.0782260361644;2705.920384483741
13/09/2024 07:00:00;1079.0859916158497;2712.073735391737
13/09/2024 07:30:00;3335.025187750051;5852.741306117966
13/09/2024 08:00:00;5590.964383884251;8993.408876844194
13/09/2024 08:30:00;6379.876070554405;8965.087202954595
13/09/2024 09:00:00;7168.787757224558;8936.765529064996
13/09/2024 09:30:00;10292.822006599063;11691.279812540379
13/09/2024 10:00:00;13416.856255973567;14445.794096015763
13/09/2024 10:30:00;14132.209075322387;14709.060578296756
13/09/2024 11:00:00;14847.56189467121;14972.32706057775
13/09/2024 11:30:00;13704.577412937146;13777.389541394408
13/09/2024 12:00:00;12561.592931203082;12582.452022211066
13/09/2024 12:30:00;14948.55052495428;14973.373266587862
13/09/2024 13:00:00;17335.50811870548;17364.294510964657
13/09/2024 13:30:00;12627.11985684624;12648.087758266482
13/09/2024 14:00:00;7918.731594987001;7931.881005568307
13/09/2024 14:30:00;6253.966620202838;6266.135507146461
13/09/2024 15:00:00;4589.201645418678;4600.3900087246175
13/09/2024 15:30:00;2844.492071837268;2854.3747257796535
13/09/2024 16:00:00;1099.7824982558584;1108.3594428346892
13/09/2024 16:30:00;599.8381259866336;609.2412748430171
13/09/2024 17:00:00;99.89375371740877;110.12310685134489
13/09/2024 17:30:00;107.6447656940574;183.66332455797098
13/09/2024 18:00:00;0.0;0.0
13/09/2024 18:30:00;0.0;0.0
13/09/2024 19:00:00;0.0;0.0
13/09/2024 19:30:00;0.0;0.0
13/09/2024 20:00:00;0.0;0.0
13/09/2024 20:30:00;0.0;0.0
13/09/2024 21:00:00;0.0;0.0
13/09/2024 21:30:00;0.0;0.0
13/09/2024 22:00:00;0.0;0.0
13/09/2024 22:30:00;0.0;0.0
13/09/2024 23:00:00;0.0;0.0
13/09/2024 23:30:00;0.0;0.0
14/09/2024 00:00:00;0.0;0.0
14/09/2024 00:30:00;0.0;0.0
14/09/2024 01:00:00;0.0;0.0
14/09/2024 01:30:00;0.0;0.0
14/09/2024 02:00:00;0.0;0.0
14/09/2024 02:30:00;0.0;0.0
14/09/2024 03:00:00;0.0;0.0
14/09/2024 03:30:00;0.0;0.0
14/09/2024 04:00:00;0.0;0.0
14/09/2024 04:30:00;0.0;0.0
14/09/2024 05:00:00;0.0;0.0
14/09/2024 05:30:00;0.0;0.0
14/09/2024 06:00:00;301.4200651102729;2022.1687672236237
14/09/2024 06:30:00;941.2687898361626;2991.341758424985
14/09/2024 07:00:00;1581.1175145620523;3960.514749626347
14/09/2024 07:30:00;2532.710656450133;4778.622411562412
14/09/2024 08:00:00;3484.303798338213;5596.7300734984765
14/09/2024 08:30:00;3880.2017147788456;5461.111123726601
14/09/2024 09:00:00;4276.099631219478;5325.492173954725
14/09/2024 09:30:00;7124.241799545457;8028.481529143699
14/09/2024 10:00:00;9972.383967871436;10731.470884332673
14/09/2024 10:30:00;16498.586477566005;16972.189688385413
14/09/2024 11:00:00;23024.78898726057;23212.908492438157
14/09/2024 11:30:00;27454.204834733187;27574.736681630264
14/09/2024 12:00:00;31883.6206822058;31936.564870822367
14/09/2024 12:30:00;29998.08501580645;30047.898187498682
14/09/2024 13:00:00;28112.5493494071;28159.231504174993
14/09/2024 13:30:00;22450.07456398749;22487.35392425899
14/09/2024 14:00:00;16787.59977856788;16815.476344342984
14/09/2024 14:30:00;12033.77324701721;12053.755869659395
14/09/2024 15:00:00;7279.946715466538;7292.035394975805
14/09/2024 15:30:00;4533.707913401623;4545.333584671007
14/09/2024 16:00:00;1787.4691113367078;1798.6317743662094
14/09/2024 16:30:00;953.462003696143;963.8912473098709
14/09/2024 17:00:00;119.45489605557837;129.15072025353257
14/09/2024 17:30:00;133.65927795989484;249.25192488162352
14/09/2024 18:00:00;0.0;0.0
14/09/2024 18:30:00;0.0;0.0
14/09/2024 19:00:00;0.0;0.0
14/09/2024 19:30:00;0.0;0.0
14/09/2024 20:00:00;0.0;0.0
14/09/2024 20:30:00;0.0;0.0
14/09/2024 21:00:00;0.0;0.0
14/09/2024 21:30:00;0.0;0.0
14/09/2024 22:00:00;0.0;0.0
14/09/2024 22:30:00;0.0;0.0
14/09/2024 23:00:00;0.0;0.0
14/09/2024 23:30:00;0.0;0.0
15/09/2024 00:00:00;0.0;0.0
15/09/2024 00:30:00;0.0;0.0
15/09/2024 01:00:00;0.0;0.0
15/09/2024 01:30:00;0.0;0.0
15/09/2024 02:00:00;0.0;0.0
15/09/2024 02:30:00;0.0;0.0
15/09/2024 03:00:00;0.0;0.0
15/09/2024 03:30:00;0.0;0.0
15/09/2024 04:00:00;0.0;0.0
15/09/2024 04:30:00;0.0;0.0
15/09/2024 05:00:00;0.0;0.0
15/09/2024 05:30:00;0.0;0.0
15/09/2024 06:00:00;488.76882556780714;3251.7820405838975
15/09/2024 06:30:00;2624.87722025653;7570.139231311303
15/09/2024 07:00:00;4760.9856149452535;11888.496422038708
15/09/2024 07:30:00;8396.557368193871;15593.069435751539
15/09/2024 08:00:00;12032.12912144249;19297.64244946437
15/09/2024 08:30:00;17024.199807557954;23345.967879596177
15/09/2024 09:00:00;22016.270493673415;27394.29330972799
15/09/2024 09:30:00;25340.90009768939;29113.661955400657
15/09/2024 10:00:00;28665.529701705364;30833.030601073333
15/09/2024 10:30:00;30967.5710948806;32183.04503116606
15/09/2024 11:00:00;33269.61248805584;33533.05946125879
15/09/2024 11:30:00;28611.708864423425;28763.320537429347
15/09/2024 12:00:00;23953.805240791004;23993.5816135999
15/09/2024 12:30:00;17504.711933946488;17533.77929676412
15/09/2024 13:00:00;11055.61862710197;11073.976979928342
15/09/2024 13:30:00;14019.78583836461;14043.06632439186
15/09/2024 14:00:00;16983.953049627253;17012.155668855383
15/09/2024 14:30:00;13648.207129011673;13670.870591851062
15/09/2024 15:00:00;10312.461208396091;10329.585514846742
15/09/2024 15:30:00;6869.857182489211;6886.483449044101
15/09/2024 16:00:00;3427.25315658233;3443.3813832414594
15/09/2024 16:30:00;1792.1872711687406;1805.2611332813979
15/09/2024 17:00:00;157.1213857551509;167.1408833213361
15/09/2024 17:30:00;173.61933624342868;309.3162764622467
15/09/2024 18:00:00;0.0;0.0
15/09/2024 18:30:00;0.0;0.0
15/09/2024 19:00:00;0.0;0.0
15/09/2024 19:30:00;0.0;0.0
15/09/2024 20:00:00;0.0;0.0
15/09/2024 20:30:00;0.0;0.0
15/09/2024 21:00:00;0.0;0.0
15/09/2024 21:30:00;0.0;0.0
15/09/2024 22:00:00;0.0;0.0
15/09/2024 22:30:00;0.0;0.0
15/09/2024 23:00:00;0.0;0.0
15/09/2024 23:30:00;0.0;0.0
16/09/2024 00:00:00;0.0;0.0
16/09/2024 00:30:00;0.0;0.0
16/09/2024 01:00:00;0.0;0.0
16/09/2024 01:30:00;0.0;0.0
16/09/2024 02:00:00;0.0;0.0
16/09/2024 02:30:00;0.0;0.0
16/09/2024 03:00:00;0.0;0.0
16/09/2024 03:30:00;0.0;0.0
16/09/2024 04:00:00;0.0;0.0
16/09/2024 04:30:00;0.0;0.0
16/09/2024 05:00:00;0.0;0.0
16/09/2024 05:30:00;0.0;0.0
16/09/2024 06:00:00;586.0680984503732;3863.7011049850125
16/09/2024 06:30:00;1598.1666498662055;5178.842617650412
16/09/2024 07:00:00;2610.2652012820377;6493.984130315812
16/09/2024 07:30:00;4223.657977191735;7920.626666055921
16/09/2024 08:00:00;5837.050753101433;9347.269201796033
16/09/2024 08:30:00;5021.390264005394;7287.499830206143
16/09/2024 09:00:00;4205.729774909355;5227.730458616254
16/09/2024 09:30:00;13953.96617265803;15354.534933862768
16/09/2024 10:00:00;23702.20257040671;25481.33940910928
16/09/2024 10:30:00;25983.936652767436;26982.041159015505
16/09/2024 11:00:00;28265.670735128162;28482.742908921722
16/09/2024 11:30:00;26206.223579456033;26334.80807142897
16/09/2024 12:00:00;24146.7764237839;24186.873233936218
16/09/2024 12:30:00;19627.694831779467;19660.2875033471
16/09/2024 13:00:00;15108.61323977503;15133.70177275798
16/09/2024 13:30:00;10307.295432633991;10324.41116108125
16/09/2024 14:00:00;5505.977625492955;5515.1205494045225
16/09/2024 14:30:00;3984.2978594685155;3990.913965571359
16/09/2024 15:00:00;2462.6180934440763;2466.707381738195
16/09/2024 15:30:00;1837.4665925790982;1841.4213755813876
16/09/2024 16:00:00;1212.31509171412;1216.1353694245797
16/09/2024 16:30:00;660.3237574150384;664.7493913064949
16/09/2024 17:00:00;108.33242311595687;113.3634131884099
16/09/2024 17:30:00;118.19452161183274;200.7417865952967
16/09/2024 18:00:00;0.0;0.0
16/09/2024 18:30:00;0.0;0.0
16/09/2024 19:00:00;0.0;0.0
16/09/2024 19:30:00;0.0;0.0
16/09/2024 20:00:00;0.0;0.0
16/09/2024 20:30:00;0.0;0.0
16/09/2024 21:00:00;0.0;0.0
16/09/2024 21:30:00;0.0;0.0
16/09/2024 22:00:00;0.0;0.0
16/09/2024 22:30:00;0.0;0.0
16/09/2024 23:00:00;0.0;0.0
16/09/2024 23:30:00;0.0;0.0
17/09/2024 00:00:00;0.0;0.0
17/09/2024 00:30:00;0.0;0.0
17/09/2024 01:00:00;0.0;0.0
17/09/2024 01:30:00;0.0;0.0
17/09/2024 02:00:00;0.0;0.0
17/09/2024 02:30:00;0.0;0.0
17/09/2024 03:00:00;0.0;0.0
17/09/2024 03:30:00;0.0;0.0
17/09/2024 04:00:00;0.0;0.0
17/09/2024 04:30:00;0.0;0.0
17/09/2024 05:00:00;0.0;0.0
17/09/2024 05:30:00;0.0;0.0
17/09/2024 06:00:00;364.7469840087292;2385.2011217674676
17/09/2024 06:30:00;1648.6804082949773;4830.284364464916
17/09/2024 07:00:00;2932.613832581226;7275.367607162363
17/09/2024 07:30:00;6908.891128409402;12340.869416738604
17/09/2024 08:00:00;10885.168424237576;17406.371226314845
17/09/2024 08:30:00;14987.650835187045;20557.09913660236
17/09/2024 09:00:00;19090.133246136513;23707.827046889874
17/09/2024 09:30:00;23046.775132797884;26361.80753447701
17/09/2024 10:00:00;27003.417019459255;29015.788022064153
17/09/2024 10:30:00;29476.80758351603;30601.78846750439
17/09/2024 11:00:00;31950.198147572806;32187.788912944627
17/09/2024 11:30:00;30363.857149903393;30506.545713640888
17/09/2024 12:00:00;28777.51615223398;28825.302514337156
17/09/2024 12:30:00;26777.78007343522;26822.245783684124
17/09/2024 13:00:00;24778.043994636457;24819.18905303109
17/09/2024 13:30:00;21279.78400627154;21315.12004634608
17/09/2024 14:00:00;17781.524017906624;17811.051039661073
17/09/2024 14:30:00;13306.931781055886;13329.028540804291
17/09/2024 15:00:00;8832.339544205146;8847.00604194751
17/09/2024 15:30:00;5768.089888574123;5777.668061707653
17/09/2024 16:00:00;2703.840232943099;2708.3300814677964
17/09/2024 16:30:00;1410.0532976834656;1414.158546685627
17/09/2024 17:00:00;116.26636242383239;119.98701190345744
17/09/2024 17:30:00;115.12646966214552;136.98817819839743
17/09/2024 18:00:00;0.0;0.0
17/09/2024 18:30:00;0.0;0.0
17/09/2024 19:00:00;0.0;0.0
17/09/2024 19:30:00;0.0;0.0
17/09/2024 20:00:00;0.0;0.0
17/09/2024 20:30:00;0.0;0.0
17/09/2024 21:00:00;0.0;0.0
17/09/2024 21:30:00;0.0;0.0
17/09/2024 22:00:00;0.0;0.0
17/09/2024 22:30:00;0.0;0.0
17/09/2024 23:00:00;0.0;0.0
17/09/2024 23:30:00;0.0;0.0
18/09/2024 00:00:00;0.0;0.0
18/09/2024 00:30:00;0.0;0.0
18/09/2024 01:00:00;0.0;0.0
18/09/2024 01:30:00;0.0;0.0
18/09/2024 02:00:00;0.0;0.0
18/09/2024 02:30:00;0.0;0.0
18/09/2024 03:00:00;0.0;0.0
18/09/2024 03:30:00;0.0;0.0
18/09/2024 04:00:00;0.0;0.0
18/09/2024 04:30:00;0.0;0.0
18/09/2024 05:00:00;0.0;0.0
18/09/2024 05:30:00;0.0;0.0
18/09/2024 06:00:00;86.62915061997383;562.0173355718972
18/09/2024 06:30:00;230.35008120724555;743.6922900052006
18/09/2024 07:00:00;374.0710117945173;925.367244438504
18/09/2024 07:30:00;829.3194370104304;1488.2615062948323
18/09/2024 08:00:00;1284.5678622263433;2051.155768151161
18/09/2024 08:30:00;1709.016846688236;2349.0380464834266
18/09/2024 09:00:00;2133.4658311501285;2646.9203248156923
18/09/2024 09:30:00;3931.3242497742754;4400.092245353707
18/09/2024 10:00:00;5729.182668398423;6153.264165891721
18/09/2024 10:30:00;7863.203146004496;8111.26427237621
18/09/2024 11:00:00;9997.223623610571;10069.264378860698
18/09/2024 11:30:00;12334.025872781627;12382.227035942184
18/09/2024 12:00:00;14670.828121952683;14695.189693023669
18/09/2024 12:30:00;12978.686425856595;13000.238119404037
18/09/2024 13:00:00;11286.544729760508;11305.28654578441
18/09/2024 13:30:00;10025.489195932994;10042.13697242781
18/09/2024 14:00:00;8764.43366210548;8778.987399071211
18/09/2024 14:30:00;7481.111388221741;7493.534110733322
18/09/2024 15:00:00;6197.789114338001;6208.0808223954355
18/09/2024 15:30:00;4505.344836142378;4512.826164225061
18/09/2024 16:00:00;2812.900557946755;2817.5715060546872
18/09/2024 16:30:00;1449.012560786294;1452.1897534899445
18/09/2024 17:00:00;85.12456362583322;86.80800092520171
18/09/2024 17:30:00;94.09079384320115;162.31501548888104
18/09/2024 18:00:00;0.0;0.0
18/09/2024 18:30:00;0.0;0.0
18/09/2024 19:00:00;0.0;0.0
18/09/2024 19:30:00;0.0;0.0
18/09/2024 20:00:00;0.0;0.0
18/09/2024 20:30:00;0.0;0.0
18/09/2024 21:00:00;0.0;0.0
18/09/2024 21:30:00;0.0;0.0
18/09/2024 22:00:00;0.0;0.0
18/09/2024 22:30:00;0.0;0.0
18/09/2024 23:00:00;0.0;0.0
18/09/2024 23:30:00;0.0;0.0
19/09/2024 00:00:00;0.0;0.0
19/09/2024 00:30:00;0.0;0.0
19/09/2024 01:00:00;0.0;0.0
19/09/2024 01:30:00;0.0;0.0
19/09/2024 02:00:00;0.0;0.0
19/09/2024 02:30:00;0.0;0.0
19/09/2024 03:00:00;0.0;0.0
19/09/2024 03:30:00;0.0;0.0
19/09/2024 04:00:00;0.0;0.0
19/09/2024 04:30:00;0.0;0.0
19/09/2024 05:00:00;0.0;0.0
19/09/2024 05:30:00;0.0;0.0
19/09/2024 06:00:00;318.2465492773997;2049.9903795808646
19/09/2024 06:30:00;2327.2284925644813;6372.943207068925
19/09/2024 07:00:00;4336.210435851563;10695.896034556987
19/09/2024 07:30:00;7605.1586015511375;14015.452287418248
19/09/2024 08:00:00;10874.106767250712;17335.00854027951
19/09/2024 08:30:00;13103.28634286253;18169.759662698787
19/09/2024 09:00:00;15332.465918474347;19004.510785118066
19/09/2024 09:30:00;22635.628282767844;25571.95426543281
19/09/2024 10:00:00;29938.790647061345;32139.397745747563
19/09/2024 10:30:00;30204.51103311116;31410.785702124962
19/09/2024 11:00:00;30470.231419160977;30682.173658502365
19/09/2024 11:30:00;25374.90343424985;25497.71212827189
19/09/2024 12:00:00;20279.57544933872;20313.25059804142
19/09/2024 12:30:00;23689.784269601998;23729.122223693128
19/09/2024 13:00:00;27099.993089865275;27144.993849344835
19/09/2024 13:30:00;23076.59269984473;23114.91242170775
19/09/2024 14:00:00;19053.19230982419;19084.830994070675
19/09/2024 14:30:00;14480.821398514925;14504.867454861143
19/09/2024 15:00:00;9908.45048720566;9924.903915651612
19/09/2024 15:30:00;6416.629482008742;6427.284584356253
19/09/2024 16:00:00;2924.808476811825;2929.665253060894
19/09/2024 16:30:00;1508.0335162389633;1510.886274225375
19/09/2024 17:00:00;91.25855566610151;92.10729538985613
19/09/2024 17:30:00;104.15104606983799;193.30800129089172
19/09/2024 18:00:00;0.0;0.0
19/09/2024 18:30:00;0.0;0.0
19/09/2024 19:00:00;0.0;0.0
19/09/2024 19:30:00;0.0;0.0
19/09/2024 20:00:00;0.0;0.0
19/09/2024 20:30:00;0.0;0.0
19/09/2024 21:00:00;0.0;0.0
19/09/2024 21:30:00;0.0;0.0
19/09/2024 22:00:00;0.0;0.0
19/09/2024 22:30:00;0.0;0.0
19/09/2024 23:00:00;0.0;0.0
19/09/2024 23:30:00;0.0;0.0
20/09/2024 00:00:00;0.0;0.0
20/09/2024 00:30:00;0.0;0.0
20/09/2024 01:00:00;0.0;0.0
20/09/2024 01:30:00;0.0;0.0
20/09/2024 02:00:00;0.0;0.0
20/09/2024 02:30:00;0.0;0.0
20/09/2024 03:00:00;0.0;0.0
20/09/2024 03:30:00;0.0;0.0
20/09/2024 04:00:00;0.0;0.0
20/09/2024 04:30:00;0.0;0.0
20/09/2024 05:00:00;0.0;0.0
20/09/2024 05:30:00;0.0;0.0
20/09/2024 06:00:00;426.46330616324974;2723.3256488167813
20/09/2024 06:30:00;2931.9599050253464;8049.694242329561
20/09/2024 07:00:00;5437.456503887443;13376.062835842342
20/09/2024 07:30:00;9521.752224962998;17518.158166852518
20/09/2024 08:00:00;13606.047946038556;21660.25349786269
20/09/2024 08:30:00;18357.373666979645;25137.798945373263
20/09/2024 09:00:00;23108.699387920737;28615.344392883828
20/09/2024 09:30:00;27119.531374155293;31008.640069713896
20/09/2024 10:00:00;31130.363360389852;33401.93574654396
20/09/2024 10:30:00;32784.889408534225;34036.369251834876
20/09/2024 11:00:00;34439.4154566786;34670.80275712579
20/09/2024 11:30:00;33540.46964135522;33683.264652045415
20/09/2024 12:00:00;32641.52382603184;32695.72654696504
20/09/2024 12:30:00;30073.826166179646;30123.76510946449
20/09/2024 13:00:00;27506.12850632746;27551.80367196394
20/09/2024 13:30:00;23233.691208719247;23272.27179973412
20/09/2024 14:00:00;18961.253911111038;18992.7399275043
20/09/2024 14:30:00;14393.333303425898;14417.23408184856
20/09/2024 15:00:00;9825.412695740755;9841.728236192823
20/09/2024 15:30:00;6358.6638652853035;6369.222713114682
20/09/2024 16:00:00;2891.9150348298526;2896.7171900365406
20/09/2024 16:30:00;1482.7807281143762;1485.330615344438
20/09/2024 17:00:00;73.64642139889978;73.94404065233546
20/09/2024 17:30:00;85.15476865482947;161.96028665860362
20/09/2024 18:00:00;0.0;0.0
20/09/2024 18:30:00;0.0;0.0
20/09/2024 19:00:00;0.0;0.0
20/09/2024 19:30:00;0.0;0.0
20/09/2024 20:00:00;0.0;0.0
20/09/2024 20:30:00;0.0;0.0
20/09/2024 21:00:00;0.0;0.0
20/09/2024 21:30:00;0.0;0.0
20/09/2024 22:00:00;0.0;0.0
20/09/2024 22:30:00;0.0;0.0
20/09/2024 23:00:00;0.0;0.0
20/09/2024 23:30:00;0.0;0.0
21/09/2024 00:00:00;0.0;0.0
21/09/2024 00:30:00;0.0;0.0
21/09/2024 01:00:00;0.0;0.0
21/09/2024 01:30:00;0.0;0.0
21/09/2024 02:00:00;0.0;0.0
21/09/2024 02:30:00;0.0;0.0
21/09/2024 03:00:00;0.0;0.0
21/09/2024 03:30:00;0.0;0.0
21/09/2024 04:00:00;0.0;0.0
21/09/2024 04:30:00;0.0;0.0
21/09/2024 05:00:00;0.0;0.0
21/09/2024 05:30:00;0.0;0.0
21/09/2024 06:00:00;372.86345005307174;2362.3664368153077
21/09/2024 06:30:00;1584.369956533521;4611.577485062426
21/09/2024 07:00:00;2795.8764630139694;6860.788533309543
21/09/2024 07:30:00;6270.779973549649;11175.773664976694
21/09/2024 08:00:00;9745.683484085328;15490.758796643842
21/09/2024 08:30:00;13359.448479445266;18244.788551729955
21/09/2024 09:00:00;16973.213474805205;20998.818306816072
21/09/2024 09:30:00;14607.76580537335;17064.039025035316
21/09/2024 10:00:00;12242.318135941494;13129.259743254557
21/09/2024 10:30:00;11754.886438461925;12235.655874022123
21/09/2024 11:00:00;11267.454740982355;11342.052004789684
21/09/2024 11:30:00;11034.9588944214;11081.226514615792
21/09/2024 12:00:00;10802.463047860443;10820.401024441899
21/09/2024 12:30:00;12073.760736290673;12093.809759960379
21/09/2024 13:00:00;13345.0584247209;13367.218495478857
21/09/2024 13:30:00;11758.787345052673;11778.313341215524
21/09/2024 14:00:00;10172.516265384442;10189.408186952189
21/09/2024 14:30:00;9457.694708028648;9473.39963619508
21/09/2024 15:00:00;8742.873150672856;8757.391085437972
21/09/2024 15:30:00;4459.691804292819;4467.09732345928
21/09/2024 16:00:00;176.51045791278338;176.80356148058948
21/09/2024 16:30:00;106.91693315658252;107.09447354108804
21/09/2024 17:00:00;37.32340840038165;37.38538560158659
21/09/2024 17:30:00;55.82082724952195;161.3452217309636
21/09/2024 18:00:00;0.0;0.0
21/09/2024 18:30:00;0.0;0.0
21/09/2024 19:00:00;0.0;0.0
21/09/2024 19:30:00;0.0;0.0
21/09/2024 20:00:00;0.0;0.0
21/09/2024 20:30:00;0.0;0.0
21/09/2024 21:00:00;0.0;0.0
21/09/2024 21:30:00;0.0;0.0
21/09/2024 22:00:00;0.0;0.0
21/09/2024 22:30:00;0.0;0.0
21/09/2024 23:00:00;0.0;0.0
21/09/2024 23:30:00;0.0;0.0
22/09/2024 00:00:00;0.0;0.0
22/09/2024 00:30:00;0.0;0.0
22/09/2024 01:00:00;0.0;0.0
22/09/2024 01:30:00;0.0;0.0
22/09/2024 02:00:00;0.0;0.0
22/09/2024 02:30:00;0.0;0.0
22/09/2024 03:00:00;0.0;0.0
22/09/2024 03:30:00;0.0;0.0
22/09/2024 04:00:00;0.0;0.0
22/09/2024 04:30:00;0.0;0.0
22/09/2024 05:00:00;0.0;0.0
22/09/2024 05:30:00;0.0;0.0
22/09/2024 06:00:00;518.2562984780293;3260.3411249653886
22/09/2024 06:30:00;1315.4462731318263;4215.775655619064
22/09/2024 07:00:00;2112.636247785623;5171.210186272741
22/09/2024 07:30:00;7854.877944601296;13376.359070684088
22/09/2024 08:00:00;13597.11964141697;21581.507955095432
22/09/2024 08:30:00;10261.603970190698;15071.168855523247
22/09/2024 09:00:00;6926.088298964424;8560.829755951063
22/09/2024 09:30:00;11828.91822574477;13250.236802569289
22/09/2024 10:00:00;16731.748152525113;17939.643849187512
22/09/2024 10:30:00;23377.329761344365;24085.683931367133
22/09/2024 11:00:00;30022.911370163616;30231.72401354676
22/09/2024 11:30:00;28748.570323804513;28880.7461070993
22/09/2024 12:00:00;27474.229277445407;27529.768200651844
22/09/2024 12:30:00;25621.253759279534;25673.312981306888
22/09/2024 13:00:00;23768.278241113658;23816.857761961932
22/09/2024 13:30:00;16735.359537845048;16769.754718728702
22/09/2024 14:00:00;9702.440834576444;9722.65167549547
22/09/2024 14:30:00;5575.054358020244;5586.708919241712
22/09/2024 15:00:00;1447.6678814640436;1450.766162987953
22/09/2024 15:30:00;811.6631640390037;813.4125006404995
22/09/2024 16:00:00;175.65844661396392;176.058838293046
22/09/2024 16:30:00;108.35188512895884;108.61730730258992
22/09/2024 17:00:00;41.04532364395378;41.175776312133856
22/09/2024 17:30:00;70.35371915001237;232.53268870217
22/09/2024 18:00:00;0.0;0.0
22/09/2024 18:30:00;0.0;0.0
22/09/2024 19:00:00;0.0;0.0
22/09/2024 19:30:00;0.0;0.0
22/09/2024 20:00:00;0.0;0.0
22/09/2024 20:30:00;0.0;0.0
22/09/2024 21:00:00;0.0;0.0
22/09/2024 21:30:00;0.0;0.0
22/09/2024 22:00:00;0.0;0.0
22/09/2024 22:30:00;0.0;0.0
22/09/2024 23:00:00;0.0;0.0
22/09/2024 23:30:00;0.0;0.0
23/09/2024 00:00:00;0.0;0.0
23/09/2024 00:30:00;0.0;0.0
23/09/2024 01:00:00;0.0;0.0
23/09/2024 01:30:00;0.0;0.0
23/09/2024 02:00:00;0.0;0.0
23/09/2024 02:30:00;0.0;0.0
23/09/2024 03:00:00;0.0;0.0
23/09/2024 03:30:00;0.0;0.0
23/09/2024 04:00:00;0.0;0.0
23/09/2024 04:30:00;0.0;0.0
23/09/2024 05:00:00;0.0;0.0
23/09/2024 05:30:00;0.0;0.0
23/09/2024 06:00:00;803.0636068014771;5016.455498453073
23/09/2024 06:30:00;3113.734506293525;9131.98694900634
23/09/2024 07:00:00;5424.405405785573;13247.518399559603
23/09/2024 07:30:00;9549.630003822665;17461.930179673538
23/09/2024 08:00:00;13674.854601859757;21676.341959787474
23/09/2024 08:30:00;18413.05713211732;25133.239141595324
23/09/2024 09:00:00;23151.259662374883;28590.136323403178
23/09/2024 09:30:00;27000.458701188865;30829.70102145669
23/09/2024 10:00:00;30849.657740002844;33069.26571951021
23/09/2024 10:30:00;31210.620994462406;32435.701756667353
23/09/2024 11:00:00;31571.584248921965;31802.137793824502
23/09/2024 11:30:00;22266.438780116452;22398.732964410818
23/09/2024 12:00:00;12961.293311310947;12995.328134997131
23/09/2024 12:30:00;19201.724646370738;19253.147885190363
23/09/2024 13:00:00;25442.155981430526;25510.967635383593
23/09/2024 13:30:00;21881.28490111143;21941.733873875928
23/09/2024 14:00:00;18320.413820792335;18372.500112368263
23/09/2024 14:30:00;12978.507385616276;13016.603302936779
23/09/2024 15:00:00;7636.600950440216;7660.706493505294
23/09/2024 15:30:00;4498.3542836052575;4513.093751984027
23/09/2024 16:00:00;1360.1076167702984;1365.4810104627604
23/09/2024 16:30:00;688.2138911641241;690.975385573185
23/09/2024 17:00:00;16.320165557949867;16.469760683609866
23/09/2024 17:30:00;42.9440366165029;184.74115146483388
23/09/2024 18:00:00;0.0;0.0
23/09/2024 18:30:00;0.0;0.0
23/09/2024 19:00:00;0.0;0.0
23/09/2024 19:30:00;0.0;0.0
23/09/2024 20:00:00;0.0;0.0
23/09/2024 20:30:00;0.0;0.0
23/09/2024 21:00:00;0.0;0.0
23/09/2024 21:30:00;0.0;0.0
23/09/2024 22:00:00;0.0;0.0
23/09/2024 22:30:00;0.0;0.0
23/09/2024 23:00:00;0.0;0.0
23/09/2024 23:30:00;0.0;0.0
24/09/2024 00:00:00;0.0;0.0
24/09/2024 00:30:00;0.0;0.0
24/09/2024 01:00:00;0.0;0.0
24/09/2024 01:30:00;0.0;0.0
24/09/2024 02:00:00;0.0;0.0
24/09/2024 02:30:00;0.0;0.0
24/09/2024 03:00:00;0.0;0.0
24/09/2024 03:30:00;0.0;0.0
24/09/2024 04:00:00;0.0;0.0
24/09/2024 04:30:00;0.0;0.0
24/09/2024 05:00:00;0.0;0.0
24/09/2024 05:30:00;0.0;0.0
24/09/2024 06:00:00;708.5408130803288;4391.525920995435
24/09/2024 06:30:00;3068.697142933478;8807.990274598767
24/09/2024 07:00:00;5428.853472786628;13224.454628202098
24/09/2024 07:30:00;9540.774087264468;17416.609581645407
24/09/2024 08:00:00;13652.69470174231;21608.76453508871
24/09/2024 08:30:00;18473.73056860943;25174.33490220514
24/09/2024 09:00:00;23294.766435476544;28739.90526932157
24/09/2024 09:30:00;27284.644626253124;31127.876735729835
24/09/2024 10:00:00;31274.522817029705;33515.848202138106
24/09/2024 10:30:00;32991.66730279418;34245.03375839344
24/09/2024 11:00:00;34708.811788558654;34974.21931464878
24/09/2024 11:30:00;33714.05852105519;33899.64633814288
24/09/2024 12:00:00;32719.305253551716;32825.07336163697
24/09/2024 12:30:00;30081.45011719116;30180.32044084098
24/09/2024 13:00:00;27443.594980830607;27535.567520044984
24/09/2024 13:30:00;23198.474007465993;23278.879625753387
24/09/2024 14:00:00;18953.353034101376;19022.191731461793
24/09/2024 14:30:00;14197.450916764234;14251.634194427521
24/09/2024 15:00:00;9441.548799427092;9481.07665739325
24/09/2024 15:30:00;5959.552202603205;5986.344789743236
24/09/2024 16:00:00;2477.5556057793196;2491.612922093221
24/09/2024 16:30:00;1249.9968462020367;1257.267627283612
24/09/2024 17:00:00;22.438086624753826;22.92233247400288
24/09/2024 17:30:00;49.99239225395148;196.86092412026466
24/09/2024 18:00:00;0.0;0.0
24/09/2024 18:30:00;0.0;0.0
24/09/2024 19:00:00;0.0;0.0
24/09/2024 19:30:00;0.0;0.0
24/09/2024 20:00:00;0.0;0.0
24/09/2024 20:30:00;0.0;0.0
24/09/2024 21:00:00;0.0;0.0
24/09/2024 21:30:00;0.0;0.0
24/09/2024 22:00:00;0.0;0.0
24/09/2024 22:30:00;0.0;0.0
24/09/2024 23:00:00;0.0;0.0
24/09/2024 23:30:00;0.0;0.0
25/09/2024 00:00:00;0.0;0.0
25/09/2024 00:30:00;0.0;0.0
25/09/2024 01:00:00;0.0;0.0
25/09/2024 01:30:00;0.0;0.0
25/09/2024 02:00:00;0.0;0.0
25/09/2024 02:30:00;0.0;0.0
25/09/2024 03:00:00;0.0;0.0
25/09/2024 03:30:00;0.0;0.0
25/09/2024 04:00:00;0.0;0.0
25/09/2024 04:30:00;0.0;0.0
25/09/2024 05:00:00;0.0;0.0
25/09/2024 05:30:00;0.0;0.0
25/09/2024 06:00:00;738.8500329838928;4545.325715276809
25/09/2024 06:30:00;3162.33079087642;9060.261777044954
25/09/2024 07:00:00;5585.811548768947;13575.197838813101
25/09/2024 07:30:00;9800.038590920203;17862.879229479637
25/09/2024 08:00:00;14014.265633071458;22150.560620146174
25/09/2024 08:30:00;18755.95027538713;25563.792953430264
25/09/2024 09:00:00;23497.63491770281;28977.025286714357
25/09/2024 09:30:00;27496.576623767232;31361.35719183622
25/09/2024 10:00:00;31495.51832983166;33745.689096958085
25/09/2024 10:30:00;33206.88139365994;34473.59680164058
25/09/2024 11:00:00;34918.24445748823;35201.50450632307
25/09/2024 11:30:00;33800.370521941884;34004.77860171725
25/09/2024 12:00:00;32682.49658639554;32808.05269711143
25/09/2024 12:30:00;30230.073592310408;30348.559565702977
25/09/2024 13:00:00;27777.65059822528;27889.06643429452
25/09/2024 13:30:00;23392.092835330874;23489.68210701449
25/09/2024 14:00:00;19006.535072436465;19090.297779734465
25/09/2024 14:30:00;14303.292660647516;14370.208895418144
25/09/2024 15:00:00;9600.050248858564;9650.120011101822
25/09/2024 15:30:00;6124.170968355729;6158.979658414308
25/09/2024 16:00:00;2648.291687852894;2667.839305726792
25/09/2024 16:30:00;1327.2995223693708;1337.1962131983153
25/09/2024 17:00:00;6.307356885847481;6.553120669838443
25/09/2024 17:30:00;32.51476725128991;167.95833471252976
25/09/2024 18:00:00;0.0;0.0
25/09/2024 18:30:00;0.0;0.0
25/09/2024 19:00:00;0.0;0.0
25/09/2024 19:30:00;0.0;0.0
25/09/2024 20:00:00;0.0;0.0
25/09/2024 20:30:00;0.0;0.0
25/09/2024 21:00:00;0.0;0.0
25/09/2024 21:30:00;0.0;0.0
25/09/2024 22:00:00;0.0;0.0
25/09/2024 22:30:00;0.0;0.0
25/09/2024 23:00:00;0.0;0.0
25/09/2024 23:30:00;0.0;0.0
26/09/2024 00:00:00;0.0;0.0
26/09/2024 00:30:00;0.0;0.0
26/09/2024 01:00:00;0.0;0.0
26/09/2024 01:30:00;0.0;0.0
26/09/2024 02:00:00;0.0;0.0
26/09/2024 02:30:00;0.0;0.0
26/09/2024 03:00:00;0.0;0.0
26/09/2024 03:30:00;0.0;0.0
26/09/2024 04:00:00;0.0;0.0
26/09/2024 04:30:00;0.0;0.0
26/09/2024 05:00:00;0.0;0.0
26/09/2024 05:30:00;0.0;0.0
26/09/2024 06:00:00;687.7000263873507;4203.088685779812
26/09/2024 06:30:00;3073.4707206034554;8719.802121418415
26/09/2024 07:00:00;5459.24141481956;13236.515557057017
26/09/2024 07:30:00;9591.286494039816;17448.401609410383
26/09/2024 08:00:00;13723.331573260068;21660.287661763752
26/09/2024 08:30:00;18560.035911292456;25249.32079519899
26/09/2024 09:00:00;23396.740249324852;28838.35392863422
26/09/2024 09:30:00;27253.014787784705;31081.04471781458
26/09/2024 10:00:00;31109.28932624456;33323.73550699494
26/09/2024 10:30:00;32656.940739144917;33911.135371735414
26/09/2024 11:00:00;34204.59215204527;34498.5352364759
26/09/2024 11:30:00;33222.96112366564;33441.42018290789
26/09/2024 12:00:00;32241.330095286023;32384.30512933987
26/09/2024 12:30:00;29799.55715930468;29934.80467675913
26/09/2024 13:00:00;27357.784223323342;27485.304224178384
26/09/2024 13:30:00;22935.95409173943;23047.640490464673
26/09/2024 14:00:00;18514.123960155517;18609.97675675096
26/09/2024 14:30:00;13853.445204129479;13930.14063956457
26/09/2024 15:00:00;9192.76644810344;9250.30452237818
26/09/2024 15:30:00;5829.17115444319;5869.166767400359
26/09/2024 16:00:00;2465.575860782939;2488.0290124225376
26/09/2024 16:30:00;1232.7879303914694;1244.0145062112688
26/09/2024 17:00:00;0.0;0.0
26/09/2024 17:30:00;27.405502415040115;166.4088310843398
26/09/2024 18:00:00;0.0;0.0
26/09/2024 18:30:00;0.0;0.0
26/09/2024 19:00:00;0.0;0.0
26/09/2024 19:30:00;0.0;0.0
26/09/2024 20:00:00;0.0;0.0
26/09/2024 20:30:00;0.0;0.0
26/09/2024 21:00:00;0.0;0.0
26/09/2024 21:30:00;0.0;0.0
26/09/2024 22:00:00;0.0;0.0
26/09/2024 22:30:00;0.0;0.0
26/09/2024 23:00:00;0.0;0.0
26/09/2024 23:30:00;0.0;0.0
27/09/2024 00:00:00;0.0;0.0
27/09/2024 00:30:00;0.0;0.0
27/09/2024 01:00:00;0.0;0.0
27/09/2024 01:30:00;0.0;0.0
27/09/2024 02:00:00;0.0;0.0
27/09/2024 02:30:00;0.0;0.0
27/09/2024 03:00:00;0.0;0.0
27/09/2024 03:30:00;0.0;0.0
27/09/2024 04:00:00;0.0;0.0
27/09/2024 04:30:00;0.0;0.0
27/09/2024 05:00:00;0.0;0.0
27/09/2024 05:30:00;0.0;0.0
27/09/2024 06:00:00;712.543062791043;4326.629608192835
27/09/2024 06:30:00;3063.86983657739;8714.34500500088
27/09/2024 07:00:00;5415.196610363737;13102.060401808923
27/09/2024 07:30:00;9595.606703670994;17409.383963188946
27/09/2024 08:00:00;13776.016796978252;21716.70752456897
27/09/2024 08:30:00;18440.228088108484;25092.649870394314
27/09/2024 09:00:00;23104.439379238716;28468.592216219655
27/09/2024 09:30:00;27156.299779080106;30951.539377194626
27/09/2024 10:00:00;31208.160178921495;33434.48653816959
27/09/2024 10:30:00;32457.43287752972;33723.65623165008
27/09/2024 11:00:00;33706.705576137945;34012.82592513056
27/09/2024 11:30:00;32866.42791750406;33100.25113413587
27/09/2024 12:00:00;32026.150258870162;32187.67634314118
27/09/2024 12:30:00;29564.21475679262;29717.193740659208
27/09/2024 13:00:00;27102.279254715075;27246.711138177234
27/09/2024 13:30:00;22692.660435305654;22819.35207641259
27/09/2024 14:00:00;18283.04161589623;18391.99301464794
27/09/2024 14:30:00;13035.604306936339;13118.457602122846
27/09/2024 15:00:00;7788.166997976447;7844.922189597753
27/09/2024 15:30:00;4984.135719552957;5025.972453125332
27/09/2024 16:00:00;2180.1044411294683;2207.0227166529107
27/09/2024 16:30:00;1090.0522205647342;1103.5113583264554
27/09/2024 17:00:00;0.0;0.0
27/09/2024 17:30:00;28.00590364485448;168.95164985308617
27/09/2024 18:00:00;0.0;0.0
27/09/2024 18:30:00;0.0;0.0
27/09/2024 19:00:00;0.0;0.0
27/09/2024 19:30:00;0.0;0.0
27/09/2024 20:00:00;0.0;0.0
27/09/2024 20:30:00;0.0;0.0
27/09/2024 21:00:00;0.0;0.0
27/09/2024 21:30:00;0.0;0.0
27/09/2024 22:00:00;0.0;0.0
27/09/2024 22:30:00;0.0;0.0
27/09/2024 23:00:00;0.0;0.0
27/09/2024 23:30:00;0.0;0.0
28/09/2024 00:00:00;0.0;0.0
28/09/2024 00:30:00;0.0;0.0
28/09/2024 01:00:00;0.0;0.0
28/09/2024 01:30:00;0.0;0.0
28/09/2024 02:00:00;0.0;0.0
28/09/2024 02:30:00;0.0;0.0
28/09/2024 03:00:00;0.0;0.0
28/09/2024 03:30:00;0.0;0.0
28/09/2024 04:00:00;0.0;0.0
28/09/2024 04:30:00;0.0;0.0
28/09/2024 05:00:00;0.0;0.0
28/09/2024 05:30:00;0.0;0.0
28/09/2024 06:00:00;728.1534947662166;4392.742896180241
28/09/2024 06:30:00;2780.605719762892;8030.682778018535
28/09/2024 07:00:00;4833.057944759567;11668.62265985683
28/09/2024 07:30:00;8726.023482256753;15771.630013294256
28/09/2024 08:00:00;12618.989019753939;19874.63736673168
28/09/2024 08:30:00;17322.143989968205;23500.68163698818
28/09/2024 09:00:00;22025.29896018247;27126.72590724468
28/09/2024 09:30:00;24837.742359444514;28379.72171221858
28/09/2024 10:00:00;27650.185758706564;29632.717517192475
28/09/2024 10:30:00;30033.358143206377;31179.71822181932
28/09/2024 11:00:00;32416.530527706193;32726.718926446163
28/09/2024 11:30:00;31809.923203527185;32053.247953679926
28/09/2024 12:00:00;31203.31587934818;31379.77698091369
28/09/2024 12:30:00;28716.6530556216;28883.351587156834
28/09/2024 13:00:00;26229.990231895015;26386.926193399977
28/09/2024 13:30:00;21834.8835762548;21972.162796583107
28/09/2024 14:00:00;17439.776920614586;17557.399399766236
28/09/2024 14:30:00;12980.17536225785;13074.537862147916
28/09/2024 15:00:00;8520.573803901116;8591.676324529593
28/09/2024 15:30:00;5291.733995061073;5343.692968979876
28/09/2024 16:00:00;2062.89418622103;2095.709613430158
28/09/2024 16:30:00;1031.447093110515;1047.854806715079
28/09/2024 17:00:00;0.0;0.0
28/09/2024 17:30:00;21.992841699402994;131.91406182380587
28/09/2024 18:00:00;0.0;0.0
28/09/2024 18:30:00;0.0;0.0
28/09/2024 19:00:00;0.0;0.0
28/09/2024 19:30:00;0.0;0.0
28/09/2024 20:00:00;0.0;0.0
28/09/2024 20:30:00;0.0;0.0
28/09/2024 21:00:00;0.0;0.0
28/09/2024 21:30:00;0.0;0.0
28/09/2024 22:00:00;0.0;0.0
28/09/2024 22:30:00;0.0;0.0
28/09/2024 23:00:00;0.0;0.0
28/09/2024 23:30:00;0.0;0.0
29/09/2024 00:00:00;0.0;0.0
29/09/2024 00:30:00;0.0;0.0
29/09/2024 01:00:00;0.0;0.0
29/09/2024 01:30:00;0.0;0.0
29/09/2024 02:00:00;0.0;0.0
29/09/2024 02:30:00;0.0;0.0
29/09/2024 03:00:00;0.0;0.0
29/09/2024 03:30:00;0.0;0.0
29/09/2024 04:00:00;0.0;0.0
29/09/2024 04:30:00;0.0;0.0
29/09/2024 05:00:00;0.0;0.0
29/09/2024 05:30:00;0.0;0.0
29/09/2024 06:00:00;571.8138841844778;3429.7656074189526
29/09/2024 06:30:00;2755.518868662987;7664.471873865771
29/09/2024 07:00:00;4939.223853141496;11899.178140312591
29/09/2024 07:30:00;8875.298374816097;16028.824796734314
29/09/2024 08:00:00;12811.3728964907;20158.47145315604
29/09/2024 08:30:00;17496.429481317744;23737.06436816135
29/09/2024 09:00:00;22181.48606614479;27315.657283166664
29/09/2024 09:30:00;25615.274092956348;29228.239917566603
29/09/2024 10:00:00;29049.062119767907;31140.822551966547
29/09/2024 10:30:00;29811.37719774421;31010.9601845693
29/09/2024 11:00:00;30573.692275720518;30881.09781717205
29/09/2024 11:30:00;27764.202322970898;27995.918065014113
29/09/2024 12:00:00;24954.712370221274;25110.738312856178
29/09/2024 12:30:00;24785.08621756031;24945.006718958943
29/09/2024 13:00:00;24615.46006489935;24779.275125061708
29/09/2024 13:30:00;19208.599454237738;19342.438491462606
29/09/2024 14:00:00;13801.738843576124;13905.601857863503
29/09/2024 14:30:00;8635.989815951345;8704.331117023401
29/09/2024 15:00:00;3470.240788326565;3503.0603761833017
29/09/2024 15:30:00;2737.198050828037;2773.1806511938007
29/09/2024 16:00:00;2004.1553133295095;2043.3009262042997
29/09/2024 16:30:00;1002.0776566647547;1021.6504631021498
29/09/2024 17:00:00;0.0;0.0
29/09/2024 17:30:00;12.026834301078104;71.67176587199722
29/09/2024 18:00:00;0.0;0.0
29/09/2024 18:30:00;0.0;0.0
29/09/2024 19:00:00;0.0;0.0
29/09/2024 19:30:00;0.0;0.0
29/09/2024 20:00:00;0.0;0.0
29/09/2024 20:30:00;0.0;0.0
29/09/2024 21:00:00;0.0;0.0
29/09/2024 21:30:00;0.0;0.0
29/09/2024 22:00:00;0.0;0.0
29/09/2024 22:30:00;0.0;0.0
29/09/2024 23:00:00;0.0;0.0
29/09/2024 23:30:00;0.0;0.0
30/09/2024 00:00:00;0.0;0.0
30/09/2024 00:30:00;0.0;0.0
30/09/2024 01:00:00;0.0;0.0
30/09/2024 01:30:00;0.0;0.0
30/09/2024 02:00:00;0.0;0.0
30/09/2024 02:30:00;0.0;0.0
30/09/2024 03:00:00;0.0;0.0
30/09/2024 03:30:00;0.0;0.0
30/09/2024 04:00:00;0.0;0.0
30/09/2024 04:30:00;0.0;0.0
30/09/2024 05:00:00;0.0;0.0
30/09/2024 05:30:00;0.0;0.0
30/09/2024 06:00:00;312.6976918280307;1863.4659126719278
30/09/2024 06:30:00;1861.2603099398063;5030.0862133985465
30/09/2024 07:00:00;3409.8229280515825;8196.706514125164
30/09/2024 07:30:00;5802.90201299159;10540.26494045153
30/09/2024 08:00:00;8195.981097931597;12883.823366777893
30/09/2024 08:30:00;12344.540609457528;16596.509065643593
30/09/2024 09:00:00;16493.10012098346;20309.194764509295
30/09/2024 09:30:00;22499.99279275847;25439.21466957074
30/09/2024 10:00:00;28506.88546453348;30569.234574632188
30/09/2024 10:30:00;27974.962698021372;29150.75057494186
30/09/2024 11:00:00;27443.039931509273;27732.26657525154
30/09/2024 11:30:00;28640.67260028149;28887.72075332814
30/09/2024 12:00:00;29838.30526905371;30043.17493140474
30/09/2024 12:30:00;25643.646500880684;25824.50805702768
30/09/2024 13:00:00;21448.987732707654;21605.841182650624
30/09/2024 13:30:00;15970.801721054942;16092.772311373394
30/09/2024 14:00:00;10492.615709402227;10579.703440096162
30/09/2024 14:30:00;8134.432897024773;8211.325146194675
30/09/2024 15:00:00;5776.250084647318;5842.94685229319
30/09/2024 15:30:00;3476.3091742174915;3523.2112832949824
30/09/2024 16:00:00;1176.3682637876666;1203.4757142967746
30/09/2024 16:30:00;588.1841318938333;601.7378571483873
30/09/2024 17:00:00;0.0;0.0
30/09/2024 17:30:00;21.684500756462672;128.4849692948461
30/09/2024 18:00:00;0.0;0.0
30/09/2024 18:30:00;0.0;0.0
30/09/2024 19:00:00;0.0;0.0
30/09/2024 19:30:00;0.0;0.0
30/09/2024 20:00:00;0.0;0.0
30/09/2024 20:30:00;0.0;0.0
30/09/2024 21:00:00;0.0;0.0
30/09/2024 21:30:00;0.0;0.0
30/09/2024 22:00:00;0.0;0.0
30/09/2024 22:30:00;0.0;0.0
30/09/2024 23:00:00;0.0;0.0
30/09/2024 23:30:00;0.0;0.0
01/10/2024 00:00:00;0.0;0.0
01/10/2024 00:30:00;0.0;0.0
01/10/2024 01:00:00;0.0;0.0
01/10/2024 01:30:00;0.0;0.0
01/10/2024 02:00:00;0.0;0.0
01/10/2024 02:30:00;0.0;0.0
01/10/2024 03:00:00;0.0;0.0
01/10/2024 03:30:00;0.0;0.0
01/10/2024 04:00:00;0.0;0.0
01/10/2024 04:30:00;0.0;0.0
01/10/2024 05:00:00;0.0;0.0
01/10/2024 05:30:00;0.0;0.0
01/10/2024 06:00:00;563.7970196680294;3340.6092016659986
01/10/2024 06:30:00;2833.752215874679;7791.009920223461
01/10/2024 07:00:00;5103.7074120813295;12241.410638780924
01/10/2024 07:30:00;9140.036663544462;16468.240778169216
01/10/2024 08:00:00;13176.365915007596;20695.07091755751
01/10/2024 08:30:00;17835.24069370544;24195.627949991413
01/10/2024 09:00:00;22494.11547240328;27696.184982425315
01/10/2024 09:30:00;26410.5631533981;30114.284000029773
01/10/2024 10:00:00;30327.010834392917;32532.383017634234
01/10/2024 10:30:00;31756.305890881817;33042.02762518864
01/10/2024 11:00:00;33185.600947370716;33551.67223274303
01/10/2024 11:30:00;32254.893845942286;32555.093436431136
01/10/2024 12:00:00;31324.186744513852;31558.51464011924
01/10/2024 12:30:00;28899.416526118897;29122.118973889315
01/10/2024 13:00:00;26474.646307723942;26685.723307659384
01/10/2024 13:30:00;21995.828926806742;22180.965234129246
01/10/2024 14:00:00;17517.011545889538;17676.207160599108
01/10/2024 14:30:00;13038.738450542109;13176.760574726946
01/10/2024 15:00:00;8560.465355194678;8677.313988854787
01/10/2024 15:30:00;5177.196492460594;5260.275629038192
01/10/2024 16:00:00;1793.92762972651;1843.2372692215981
01/10/2024 16:30:00;896.963814863255;921.6186346107991
01/10/2024 17:00:00;0.0;0.0
01/10/2024 17:30:00;20.012386352432753;117.89952136603624
01/10/2024 18:00:00;0.0;0.0
01/10/2024 18:30:00;0.0;0.0
01/10/2024 19:00:00;0.0;0.0
01/10/2024 19:30:00;0.0;0.0
01/10/2024 20:00:00;0.0;0.0
01/10/2024 20:30:00;0.0;0.0
01/10/2024 21:00:00;0.0;0.0
01/10/2024 21:30:00;0.0;0.0
01/10/2024 22:00:00;0.0;0.0
01/10/2024 22:30:00;0.0;0.0
01/10/2024 23:00:00;0.0;0.0
01/10/2024 23:30:00;0.0;0.0
02/10/2024 00:00:00;0.0;0.0
02/10/2024 00:30:00;0.0;0.0
02/10/2024 01:00:00;0.0;0.0
02/10/2024 01:30:00;0.0;0.0
02/10/2024 02:00:00;0.0;0.0
02/10/2024 02:30:00;0.0;0.0
02/10/2024 03:00:00;0.0;0.0
02/10/2024 03:30:00;0.0;0.0
02/10/2024 04:00:00;0.0;0.0
02/10/2024 04:30:00;0.0;0.0
02/10/2024 05:00:00;0.0;0.0
02/10/2024 05:30:00;0.0;0.0
02/10/2024 06:00:00;520.3220451632516;3065.3875555169425
02/10/2024 06:30:00;2739.9650537043613;7468.886891200511
02/10/2024 07:00:00;4959.608062245471;11872.386226884078
02/10/2024 07:30:00;8964.230491361148;16112.374462065738
02/10/2024 08:00:00;12968.852920476824;20352.362697247398
02/10/2024 08:30:00;17745.607599346866;24041.289163999838
02/10/2024 09:00:00;22522.362278216904;27730.21563075228
02/10/2024 09:30:00;26418.065624444298;30129.69199761378
02/10/2024 10:00:00;30313.7689706717;32529.16836447528
02/10/2024 10:30:00;31757.986262234375;33057.10408167342
02/10/2024 11:00:00;33202.20355379705;33585.039798871556
02/10/2024 11:30:00;32022.575994177918;32338.6166659084
02/10/2024 12:00:00;30842.948434558784;31092.193532945246
02/10/2024 12:30:00;28093.591878293806;28327.636123750417
02/10/2024 13:00:00;25344.23532202883;25563.078714555588
02/10/2024 13:30:00;21405.175351216094;21605.67724197976
02/10/2024 14:00:00;17466.115380403364;17648.275769403936
02/10/2024 14:30:00;12974.603243608082;13132.559270162092
02/10/2024 15:00:00;8483.091106812804;8616.84277092025
02/10/2024 15:30:00;5189.660579424812;5287.778561434863
02/10/2024 16:00:00;1896.2300520368183;1958.7143519494768
02/10/2024 16:30:00;948.1150260184091;979.3571759747384
02/10/2024 17:00:00;0.0;0.0
02/10/2024 17:30:00;19.316907027597985;113.15303490579765
02/10/2024 18:00:00;0.0;0.0
02/10/2024 18:30:00;0.0;0.0
02/10/2024 19:00:00;0.0;0.0
02/10/2024 19:30:00;0.0;0.0
02/10/2024 20:00:00;0.0;0.0
02/10/2024 20:30:00;0.0;0.0
02/10/2024 21:00:00;0.0;0.0
02/10/2024 21:30:00;0.0;0.0
02/10/2024 22:00:00;0.0;0.0
02/10/2024 22:30:00;0.0;0.0
02/10/2024 23:00:00;0.0;0.0
02/10/2024 23:30:00;0.0;0.0
03/10/2024 00:00:00;0.0;0.0
03/10/2024 00:30:00;0.0;0.0
03/10/2024 01:00:00;0.0;0.0
03/10/2024 01:30:00;0.0;0.0
03/10/2024 02:00:00;0.0;0.0
03/10/2024 02:30:00;0.0;0.0
03/10/2024 03:00:00;0.0;0.0
03/10/2024 03:30:00;0.0;0.0
03/10/2024 04:00:00;0.0;0.0
03/10/2024 04:30:00;0.0;0.0
03/10/2024 05:00:00;0.0;0.0
03/10/2024 05:30:00;0.0;0.0
03/10/2024 06:00:00;502.23958271754753;2941.978907550739
03/10/2024 06:30:00;2761.4807622491003;7468.363193716292
03/10/2024 07:00:00;5020.721941780654;11994.747479881846
03/10/2024 07:30:00;8930.682243139416;16069.59688481886
03/10/2024 08:00:00;12840.642544498178;20144.446289755873
03/10/2024 08:30:00;17114.214640612372;23239.23948081237
03/10/2024 09:00:00;21387.786736726564;26334.032671868867
03/10/2024 09:30:00;26638.17299875317;30282.92310764058
03/10/2024 10:00:00;31888.55926077978;34231.813543412296
03/10/2024 10:30:00;32007.937957700673;33372.6602699064
03/10/2024 11:00:00;32127.316654621565;32513.506996400512
03/10/2024 11:30:00;17661.428801797658;17868.399555843484
03/10/2024 12:00:00;3195.5409489737567;3223.2921152864624
03/10/2024 12:30:00;2844.3328310268566;2869.800253915387
03/10/2024 13:00:00;2493.124713079957;2516.308392544312
03/10/2024 13:30:00;3451.9838091315664;3489.9930872348923
03/10/2024 14:00:00;4410.842905183176;4463.677781925471
03/10/2024 14:30:00;3613.043161324812;3664.6900975514886
03/10/2024 15:00:00;2815.243417466447;2865.702413177505
03/10/2024 15:30:00;1629.0184090392493;1662.7667032860002
03/10/2024 16:00:00;442.79340061205113;459.83099339449507
03/10/2024 16:30:00;221.39670030602556;229.91549669724753
03/10/2024 17:00:00;0.0;0.0
03/10/2024 17:30:00;17.04793690825213;99.29338639231608
03/10/2024 18:00:00;0.0;0.0
03/10/2024 18:30:00;0.0;0.0
03/10/2024 19:00:00;0.0;0.0
03/10/2024 19:30:00;0.0;0.0
03/10/2024 20:00:00;0.0;0.0
03/10/2024 20:30:00;0.0;0.0
03/10/2024 21:00:00;0.0;0.0
03/10/2024 21:30:00;0.0;0.0
03/10/2024 22:00:00;0.0;0.0
03/10/2024 22:30:00;0.0;0.0
03/10/2024 23:00:00;0.0;0.0
03/10/2024 23:30:00;0.0;0.0
04/10/2024 00:00:00;0.0;0.0
04/10/2024 00:30:00;0.0;0.0
04/10/2024 01:00:00;0.0;0.0
04/10/2024 01:30:00;0.0;0.0
04/10/2024 02:00:00;0.0;0.0
04/10/2024 02:30:00;0.0;0.0
04/10/2024 03:00:00;0.0;0.0
04/10/2024 03:30:00;0.0;0.0
04/10/2024 04:00:00;0.0;0.0
04/10/2024 04:30:00;0.0;0.0
04/10/2024 05:00:00;0.0;0.0
04/10/2024 05:30:00;0.0;0.0
04/10/2024 06:00:00;443.24635961455544;2581.6280462002183
04/10/2024 06:30:00;1738.0937950118437;4907.357617653413
04/10/2024 07:00:00;3032.941230409132;7233.087189106607
04/10/2024 07:30:00;4942.125020438654;8988.797264707971
04/10/2024 08:00:00;6851.308810468176;10744.507340309336
04/10/2024 08:30:00;11727.867385876578;15594.675417617764
04/10/2024 09:00:00;16604.425961284982;20444.84349492619
04/10/2024 09:30:00;19939.461580979572;22719.33970307105
04/10/2024 10:00:00;23274.49720067416;24993.83591121591
04/10/2024 10:30:00;25256.62955948859;26287.745876144458
04/10/2024 11:00:00;27238.761918303015;27581.655841073
04/10/2024 11:30:00;23221.303738008504;23482.07476628972
04/10/2024 12:00:00;19203.84555771399;19382.493691506443
04/10/2024 12:30:00;15236.864728108865;15385.828819101967
04/10/2024 13:00:00;11269.88389850374;11389.16394669749
04/10/2024 13:30:00;10565.103038783716;10691.729236688661
04/10/2024 14:00:00;9860.322179063694;9994.29452667983
04/10/2024 14:30:00;8031.639295909406;8160.868468260833
04/10/2024 15:00:00;6202.956412755118;6327.442409841836
04/10/2024 15:30:00;3581.307842981386;3664.63412037043
04/10/2024 16:00:00;959.6592732076531;1001.8258308990249
04/10/2024 16:30:00;479.82963660382654;500.91291544951247
04/10/2024 17:00:00;0.0;0.0
04/10/2024 17:30:00;10.725032092021328;62.15519204868291
04/10/2024 18:00:00;0.0;0.0
04/10/2024 18:30:00;0.0;0.0
04/10/2024 19:00:00;0.0;0.0
04/10/2024 19:30:00;0.0;0.0
04/10/2024 20:00:00;0.0;0.0
04/10/2024 20:30:00;0.0;0.0
04/10/2024 21:00:00;0.0;0.0
04/10/2024 21:30:00;0.0;0.0
04/10/2024 22:00:00;0.0;0.0
04/10/2024 22:30:00;0.0;0.0
04/10/2024 23:00:00;0.0;0.0
04/10/2024 23:30:00;0.0;0.0
05/10/2024 00:00:00;0.0;0.0
05/10/2024 00:30:00;0.0;0.0
05/10/2024 01:00:00;0.0;0.0
05/10/2024 01:30:00;0.0;0.0
05/10/2024 02:00:00;0.0;0.0
05/10/2024 02:30:00;0.0;0.0
05/10/2024 03:00:00;0.0;0.0
05/10/2024 03:30:00;0.0;0.0
05/10/2024 04:00:00;0.0;0.0
05/10/2024 04:30:00;0.0;0.0
05/10/2024 05:00:00;0.0;0.0
05/10/2024 05:30:00;0.0;0.0
05/10/2024 06:00:00;278.85083439255453;1616.0349932657557
05/10/2024 06:30:00;1680.9501302988226;4476.811497152748
05/10/2024 07:00:00;3083.0494262050906;7337.58800103974
05/10/2024 07:30:00;7149.131470328302;12459.506959180799
05/10/2024 08:00:00;11215.213514451514;17581.42591732186
05/10/2024 08:30:00;8567.991932278233;12435.807145792232
05/10/2024 09:00:00;5920.770350104954;7290.188374262604
05/10/2024 09:30:00;16244.04483821202;17915.081803596026
05/10/2024 10:00:00;26567.319326319084;28539.975232929442
05/10/2024 10:30:00;26434.11673213613;27600.27016486104
05/10/2024 11:00:00;26300.91413795318;26660.565096792634
05/10/2024 11:30:00;28711.302371057893;29054.057795939978
05/10/2024 12:00:00;31121.69060416261;31447.550495087322
05/10/2024 12:30:00;22612.265585891913;22859.22251205368
05/10/2024 13:00:00;14102.840567621215;14270.89452902004
05/10/2024 13:30:00;10766.00695640075;10906.370840026899
05/10/2024 14:00:00;7429.173345180285;7541.847151033759
05/10/2024 14:30:00;4253.667634355159;4321.987622808824
05/10/2024 15:00:00;1078.1619235300325;1102.1280945838903
05/10/2024 15:30:00;807.7351831284867;833.0217398898047
05/10/2024 16:00:00;537.308442726941;563.9153851957192
05/10/2024 16:30:00;268.6542213634705;281.9576925978596
05/10/2024 17:00:00;0.0;0.0
05/10/2024 17:30:00;10.264975024232116;59.19291032318116
05/10/2024 18:00:00;0.0;0.0
05/10/2024 18:30:00;0.0;0.0
05/10/2024 19:00:00;0.0;0.0
05/10/2024 19:30:00;0.0;0.0
05/10/2024 20:00:00;0.0;0.0
05/10/2024 20:30:00;0.0;0.0
05/10/2024 21:00:00;0.0;0.0
05/10/2024 21:30:00;0.0;0.0
05/10/2024 22:00:00;0.0;0.0
05/10/2024 22:30:00;0.0;0.0
05/10/2024 23:00:00;0.0;0.0
05/10/2024 23:30:00;0.0;0.0
06/10/2024 00:00:00;0.0;0.0
06/10/2024 00:30:00;0.0;0.0
06/10/2024 01:00:00;0.0;0.0
06/10/2024 01:30:00;0.0;0.0
06/10/2024 02:00:00;0.0;0.0
06/10/2024 02:30:00;0.0;0.0
06/10/2024 03:00:00;0.0;0.0
06/10/2024 03:30:00;0.0;0.0
06/10/2024 04:00:00;0.0;0.0
06/10/2024 04:30:00;0.0;0.0
06/10/2024 05:00:00;0.0;0.0
06/10/2024 05:30:00;0.0;0.0
06/10/2024 06:00:00;266.88935063003504;1539.01566840271
06/10/2024 06:30:00;2481.584202582608;6350.098981022783
06/10/2024 07:00:00;4696.279054535182;11161.182293642856
06/10/2024 07:30:00;8663.149939071398;15477.68461190811
06/10/2024 08:00:00;12630.020823607614;19794.186930173364
06/10/2024 08:30:00;17392.027657625385;23535.896251769005
06/10/2024 09:00:00;22154.034491643157;27277.605573364646
06/10/2024 09:30:00;25507.629278716235;29146.341965089432
06/10/2024 10:00:00;28861.22406578931;31015.078356814214
06/10/2024 10:30:00;30809.375666720687;32128.206172721788
06/10/2024 11:00:00;32757.52726765207;33241.33398862936
06/10/2024 11:30:00;31542.362766175916;31961.380339171716
06/10/2024 12:00:00;30327.19826469977;30681.426689714066
06/10/2024 12:30:00;26315.533192813167;26640.17885748503
06/10/2024 13:00:00;22303.868120926563;22598.931025255995
06/10/2024 13:30:00;17818.180531468755;18077.291885937844
06/10/2024 14:00:00;13332.492942010951;13555.652746619695
06/10/2024 14:30:00;9941.270773721588;10132.611977033699
06/10/2024 15:00:00;6550.048605432225;6709.571207447702
06/10/2024 15:30:00;3749.913541760073;3856.729360533534
06/10/2024 16:00:00;949.7784780879213;1003.8875136193661
06/10/2024 16:30:00;931.3514129383428;1056.9960634825513
06/10/2024 17:00:00;0.0;0.0
06/10/2024 17:30:00;0.0;0.0
06/10/2024 18:00:00;0.0;0.0
06/10/2024 18:30:00;0.0;0.0
06/10/2024 19:00:00;0.0;0.0
06/10/2024 19:30:00;0.0;0.0
06/10/2024 20:00:00;0.0;0.0
06/10/2024 20:30:00;0.0;0.0
06/10/2024 21:00:00;0.0;0.0
06/10/2024 21:30:00;0.0;0.0
06/10/2024 22:00:00;0.0;0.0
06/10/2024 22:30:00;0.0;0.0
06/10/2024 23:00:00;0.0;0.0
06/10/2024 23:30:00;0.0;0.0
07/10/2024 00:00:00;0.0;0.0
07/10/2024 00:30:00;0.0;0.0
07/10/2024 01:00:00;0.0;0.0
07/10/2024 01:30:00;0.0;0.0
07/10/2024 02:00:00;0.0;0.0
07/10/2024 02:30:00;0.0;0.0
07/10/2024 03:00:00;0.0;0.0
07/10/2024 03:30:00;0.0;0.0
07/10/2024 04:00:00;0.0;0.0
07/10/2024 04:30:00;0.0;0.0
07/10/2024 05:00:00;0.0;0.0
07/10/2024 05:30:00;0.0;0.0
07/10/2024 06:00:00;433.82065389972297;2490.9269097885544
07/10/2024 06:30:00;2729.750447859356;7212.492620569109
07/10/2024 07:00:00;5025.680241818989;11934.058331349663
07/10/2024 07:30:00;9017.622931747239;16158.65099858964
07/10/2024 08:00:00;13009.565621675489;20383.243665829614
07/10/2024 08:30:00;12865.059329951313;18023.821142036362
07/10/2024 09:00:00;12720.553038227137;15664.398618243107
07/10/2024 09:30:00;21050.67510886929;23624.92038425949
07/10/2024 10:00:00;29380.79717951144;31585.442150275874
07/10/2024 10:30:00;31117.79719860867;32480.216071820276
07/10/2024 11:00:00;32854.797217705905;33374.989993364674
07/10/2024 11:30:00;32135.257973707015;32597.925078580323
07/10/2024 12:00:00;31415.718729708133;31820.860163795973
07/10/2024 12:30:00;28409.0247658506;28796.24489430688
07/10/2024 13:00:00;25402.330801993066;25771.629624817786
07/10/2024 13:30:00;20916.065797074327;21251.314947403174
07/10/2024 14:00:00;16429.800792155587;16731.00026998856
07/10/2024 14:30:00;11945.255764858764;12197.414067768552
07/10/2024 15:00:00;7460.71073756194;7663.827865548542
07/10/2024 15:30:00;4399.739101963438;4544.418736617195
07/10/2024 16:00:00;1338.7674663649366;1425.0096076858476
07/10/2024 16:30:00;1302.8140235164194;1441.8796399799664
07/10/2024 17:00:00;0.0;0.0
07/10/2024 17:30:00;0.0;0.0
07/10/2024 18:00:00;0.0;0.0
07/10/2024 18:30:00;0.0;0.0
07/10/2024 19:00:00;0.0;0.0
07/10/2024 19:30:00;0.0;0.0
07/10/2024 20:00:00;0.0;0.0
07/10/2024 20:30:00;0.0;0.0
07/10/2024 21:00:00;0.0;0.0
07/10/2024 21:30:00;0.0;0.0
07/10/2024 22:00:00;0.0;0.0
07/10/2024 22:30:00;0.0;0.0
07/10/2024 23:00:00;0.0;0.0
07/10/2024 23:30:00;0.0;0.0
08/10/2024 00:00:00;0.0;0.0
08/10/2024 00:30:00;0.0;0.0
08/10/2024 01:00:00;0.0;0.0
08/10/2024 01:30:00;0.0;0.0
08/10/2024 02:00:00;0.0;0.0
08/10/2024 02:30:00;0.0;0.0
08/10/2024 03:00:00;0.0;0.0
08/10/2024 03:30:00;0.0;0.0
08/10/2024 04:00:00;0.0;0.0
08/10/2024 04:30:00;0.0;0.0
08/10/2024 05:00:00;0.0;0.0
08/10/2024 05:30:00;0.0;0.0
08/10/2024 06:00:00;332.0710666064636;1897.3705119211747
08/10/2024 06:30:00;2396.4340339149862;6239.617121316064
08/10/2024 07:00:00;4460.797001223509;10581.863730710955
08/10/2024 07:30:00;7975.953024634524;14290.243951214597
08/10/2024 08:00:00;11491.109048045539;17998.624171718242
08/10/2024 08:30:00;16263.00456062834;21951.207386950176
08/10/2024 09:00:00;21034.900073211138;25903.790602182107
08/10/2024 09:30:00;24703.555451107535;28208.14679564462
08/10/2024 10:00:00;28372.210829003932;30512.502989107135
08/10/2024 10:30:00;30211.08053139037;31552.51309835115
08/10/2024 11:00:00;32049.950233776806;32592.52320759517
08/10/2024 11:30:00;31433.274314400074;31921.51388841156
08/10/2024 12:00:00;30816.59839502334;31250.504569227942
08/10/2024 12:30:00;27732.771428219883;28145.59778511001
08/10/2024 13:00:00;24648.944461416424;25040.69100099208
08/10/2024 13:30:00;20131.614811822015;20482.825969048103
08/10/2024 14:00:00;15614.285162227603;15924.960937104122
08/10/2024 14:30:00;11197.503421054136;11456.147583300291
08/10/2024 15:00:00;6780.721679880669;6987.3342294964605
08/10/2024 15:30:00;4152.112700096261;4310.22619544921
08/10/2024 16:00:00;1523.503720311852;1633.1181614019588
08/10/2024 16:30:00;1481.1410538539915;1643.3640181591352
08/10/2024 17:00:00;0.0;0.0
08/10/2024 17:30:00;0.0;0.0
08/10/2024 18:00:00;0.0;0.0
08/10/2024 18:30:00;0.0;0.0
08/10/2024 19:00:00;0.0;0.0
08/10/2024 19:30:00;0.0;0.0
08/10/2024 20:00:00;0.0;0.0
08/10/2024 20:30:00;0.0;0.0
08/10/2024 21:00:00;0.0;0.0
08/10/2024 21:30:00;0.0;0.0
08/10/2024 22:00:00;0.0;0.0
08/10/2024 22:30:00;0.0;0.0
08/10/2024 23:00:00;0.0;0.0
08/10/2024 23:30:00;0.0;0.0
09/10/2024 00:00:00;0.0;0.0
09/10/2024 00:30:00;0.0;0.0
09/10/2024 01:00:00;0.0;0.0
09/10/2024 01:30:00;0.0;0.0
09/10/2024 02:00:00;0.0;0.0
09/10/2024 02:30:00;0.0;0.0
09/10/2024 03:00:00;0.0;0.0
09/10/2024 03:30:00;0.0;0.0
09/10/2024 04:00:00;0.0;0.0
09/10/2024 04:30:00;0.0;0.0
09/10/2024 05:00:00;0.0;0.0
09/10/2024 05:30:00;0.0;0.0
09/10/2024 06:00:00;337.34905949176135;1920.0021506028995
09/10/2024 06:30:00;1989.7793906405873;5276.6625650732385
09/10/2024 07:00:00;3642.209721789413;8633.322979543578
09/10/2024 07:30:00;6620.595642303627;11832.790573065437
09/10/2024 08:00:00;9598.98156281784;15032.258166587293
09/10/2024 08:30:00;15382.71775414629;20549.265044016727
09/10/2024 09:00:00;21166.453945474743;26066.271921446165
09/10/2024 09:30:00;23265.545548012426;26677.75128352941
09/10/2024 10:00:00;25364.63715055011;27289.230645612657
09/10/2024 10:30:00;19965.01090787779;21058.416636141068
09/10/2024 11:00:00;14565.384665205469;14827.60262666948
09/10/2024 11:30:00;10247.503066042686;10423.980034618475
09/10/2024 12:00:00;5929.621466879905;6020.357442567465
09/10/2024 12:30:00;5940.397097685369;6036.978970148751
09/10/2024 13:00:00;5951.172728490834;6053.600497730036
09/10/2024 13:30:00;9755.557815093804;9952.485506191893
09/10/2024 14:00:00;13559.942901696773;13851.370514653749
09/10/2024 14:30:00;9267.080444086878;9496.613721932592
09/10/2024 15:00:00;4974.217986476983;5141.856929211435
09/10/2024 15:30:00;2946.111075212731;3066.364726425654
09/10/2024 16:00:00;918.0041639484798;990.8725236398731
09/10/2024 16:30:00;892.1172526058914;994.5960528601406
09/10/2024 17:00:00;0.0;0.0
09/10/2024 17:30:00;0.0;0.0
09/10/2024 18:00:00;0.0;0.0
09/10/2024 18:30:00;0.0;0.0
09/10/2024 19:00:00;0.0;0.0
09/10/2024 19:30:00;0.0;0.0
09/10/2024 20:00:00;0.0;0.0
09/10/2024 20:30:00;0.0;0.0
09/10/2024 21:00:00;0.0;0.0
09/10/2024 21:30:00;0.0;0.0
09/10/2024 22:00:00;0.0;0.0
09/10/2024 22:30:00;0.0;0.0
09/10/2024 23:00:00;0.0;0.0
09/10/2024 23:30:00;0.0;0.0
10/10/2024 00:00:00;0.0;0.0
10/10/2024 00:30:00;0.0;0.0
10/10/2024 01:00:00;0.0;0.0
10/10/2024 01:30:00;0.0;0.0
10/10/2024 02:00:00;0.0;0.0
10/10/2024 02:30:00;0.0;0.0
10/10/2024 03:00:00;0.0;0.0
10/10/2024 03:30:00;0.0;0.0
10/10/2024 04:00:00;0.0;0.0
10/10/2024 04:30:00;0.0;0.0
10/10/2024 05:00:00;0.0;0.0
10/10/2024 05:30:00;0.0;0.0
10/10/2024 06:00:00;193.1706463560077;1095.1313418073628
10/10/2024 06:30:00;1943.9336340715834;4924.074462069579
10/10/2024 07:00:00;3694.6966217871586;8753.017582331795
10/10/2024 07:30:00;5403.372701954957;9944.212381850959
10/10/2024 08:00:00;7112.048782122754;11135.407181370127
10/10/2024 08:30:00;12173.978979903493;16182.342593743928
10/10/2024 09:00:00;17235.909177684232;21229.27800611773
10/10/2024 09:30:00;22203.248950789934;25236.74707278178
10/10/2024 10:00:00;27170.588723895635;29244.21613944584
10/10/2024 10:30:00;27917.82064979191;29228.518621409854
10/10/2024 11:00:00;28665.052575688183;29212.821103373866
10/10/2024 11:30:00;27304.043888890414;27791.902387665476
10/10/2024 12:00:00;25943.035202092648;26370.98367195708
10/10/2024 12:30:00;20553.842760287916;20908.163821268285
10/10/2024 13:00:00;15164.650318483184;15445.343970579494
10/10/2024 13:30:00;15374.299455223952;15694.417156101768
10/10/2024 14:00:00;15583.948591964721;15943.490341624041
10/10/2024 14:30:00;10701.067394324371;10988.34159763765
10/10/2024 15:00:00;5818.186196684022;6033.192853651256
10/10/2024 15:30:00;3315.0327216363708;3458.290678207747
10/10/2024 16:00:00;811.8792465887193;883.3885027642389
10/10/2024 16:30:00;791.9800326783496;903.22616120984
10/10/2024 17:00:00;0.0;0.0
10/10/2024 17:30:00;0.0;0.0
10/10/2024 18:00:00;0.0;0.0
10/10/2024 18:30:00;0.0;0.0
10/10/2024 19:00:00;0.0;0.0
10/10/2024 19:30:00;0.0;0.0
10/10/2024 20:00:00;0.0;0.0
10/10/2024 20:30:00;0.0;0.0
10/10/2024 21:00:00;0.0;0.0
10/10/2024 21:30:00;0.0;0.0
10/10/2024 22:00:00;0.0;0.0
10/10/2024 22:30:00;0.0;0.0
10/10/2024 23:00:00;0.0;0.0
10/10/2024 23:30:00;0.0;0.0
11/10/2024 00:00:00;0.0;0.0
11/10/2024 00:30:00;0.0;0.0
11/10/2024 01:00:00;0.0;0.0
11/10/2024 01:30:00;0.0;0.0
11/10/2024 02:00:00;0.0;0.0
11/10/2024 02:30:00;0.0;0.0
11/10/2024 03:00:00;0.0;0.0
11/10/2024 03:30:00;0.0;0.0
11/10/2024 04:00:00;0.0;0.0
11/10/2024 04:30:00;0.0;0.0
11/10/2024 05:00:00;0.0;0.0
11/10/2024 05:30:00;0.0;0.0
11/10/2024 06:00:00;254.70125709837012;1438.8429392410699
11/10/2024 06:30:00;2492.130340428703;6317.136274655728
11/10/2024 07:00:00;4729.559423759036;11195.429610070387
11/10/2024 07:30:00;8631.693352912034;15407.694373116954
11/10/2024 08:00:00;12533.827282065033;19619.95913616352
11/10/2024 08:30:00;17109.301955269217;23172.60940622086
11/10/2024 09:00:00;21684.7766284734;26725.2596762782
11/10/2024 09:30:00;25052.73663666293;28666.63882062884
11/10/2024 10:00:00;28420.696644852458;30608.01796497948
11/10/2024 10:30:00;30066.502999901033;31480.220763629666
11/10/2024 11:00:00;31712.309354949608;32352.423562279844
11/10/2024 11:30:00;30957.116401656167;31544.345830103743
11/10/2024 12:00:00;30201.923448362726;30736.268097927637
11/10/2024 12:30:00;27340.20218286375;27850.2774421699
11/10/2024 13:00:00;24478.480917364774;24964.286786412165
11/10/2024 13:30:00;20143.58341446917;20581.394189806255
11/10/2024 14:00:00;15808.685911573564;16198.501593200352
11/10/2024 14:30:00;11402.888434339606;11738.388164574248
11/10/2024 15:00:00;6997.090957105647;7278.274735948144
11/10/2024 15:30:00;3930.29876910124;4112.965197681575
11/10/2024 16:00:00;863.5065810968322;947.6556594150061
11/10/2024 16:30:00;838.0322662179352;944.0155296644142
11/10/2024 17:00:00;0.0;0.0
11/10/2024 17:30:00;0.0;0.0
11/10/2024 18:00:00;0.0;0.0
11/10/2024 18:30:00;0.0;0.0
11/10/2024 19:00:00;0.0;0.0
11/10/2024 19:30:00;0.0;0.0
11/10/2024 20:00:00;0.0;0.0
11/10/2024 20:30:00;0.0;0.0
11/10/2024 21:00:00;0.0;0.0
11/10/2024 21:30:00;0.0;0.0
11/10/2024 22:00:00;0.0;0.0
11/10/2024 22:30:00;0.0;0.0
11/10/2024 23:00:00;0.0;0.0
11/10/2024 23:30:00;0.0;0.0
12/10/2024 00:00:00;0.0;0.0
12/10/2024 00:30:00;0.0;0.0
12/10/2024 01:00:00;0.0;0.0
12/10/2024 01:30:00;0.0;0.0
12/10/2024 02:00:00;0.0;0.0
12/10/2024 02:30:00;0.0;0.0
12/10/2024 03:00:00;0.0;0.0
12/10/2024 03:30:00;0.0;0.0
12/10/2024 04:00:00;0.0;0.0
12/10/2024 04:30:00;0.0;0.0
12/10/2024 05:00:00;0.0;0.0
12/10/2024 05:30:00;0.0;0.0
12/10/2024 06:00:00;150.22576448771892;845.7320263984343
12/10/2024 06:30:00;1630.9879210775955;4103.671827646484
12/10/2024 07:00:00;3111.7500776674724;7361.611628894535
12/10/2024 07:30:00;5137.555276285769;9286.900543046808
12/10/2024 08:00:00;7163.360474904064;11212.189457199082
12/10/2024 08:30:00;12477.689795806651;16575.711372612233
12/10/2024 09:00:00;17792.01911670924;21939.23328802538
12/10/2024 09:30:00;18144.771673462346;20939.775643193218
12/10/2024 10:00:00;18497.52423021546;19940.317998361057
12/10/2024 10:30:00;23149.492404881505;24166.57293183665
12/10/2024 11:00:00;27801.46057954755;28392.827865312247
12/10/2024 11:30:00;24353.30397327239;24846.49660703704
12/10/2024 12:00:00;20905.147366997233;21300.16534876183
12/10/2024 12:30:00;16199.610749010793;16518.693752839496
12/10/2024 13:00:00;11494.074131024354;11737.222156917162
12/10/2024 13:30:00;10571.44584957877;10822.631138893357
12/10/2024 14:00:00;9648.817568133187;9908.04012086955
12/10/2024 14:30:00;6505.878698934206;6708.4714600148745
12/10/2024 15:00:00;3362.9398297352272;3508.9027991601993
12/10/2024 15:30:00;2020.2583437488233;2129.381452700675
12/10/2024 16:00:00;677.5768577624192;749.8601062411502
12/10/2024 16:30:00;657.5940462835528;746.7508614618979
12/10/2024 17:00:00;0.0;0.0
12/10/2024 17:30:00;0.0;0.0
12/10/2024 18:00:00;0.0;0.0
12/10/2024 18:30:00;0.0;0.0
12/10/2024 19:00:00;0.0;0.0
12/10/2024 19:30:00;0.0;0.0
12/10/2024 20:00:00;0.0;0.0
12/10/2024 20:30:00;0.0;0.0
12/10/2024 21:00:00;0.0;0.0
12/10/2024 21:30:00;0.0;0.0
12/10/2024 22:00:00;0.0;0.0
12/10/2024 22:30:00;0.0;0.0
12/10/2024 23:00:00;0.0;0.0
12/10/2024 23:30:00;0.0;0.0
13/10/2024 00:00:00;0.0;0.0
13/10/2024 00:30:00;0.0;0.0
13/10/2024 01:00:00;0.0;0.0
13/10/2024 01:30:00;0.0;0.0
13/10/2024 02:00:00;0.0;0.0
13/10/2024 02:30:00;0.0;0.0
13/10/2024 03:00:00;0.0;0.0
13/10/2024 03:30:00;0.0;0.0
13/10/2024 04:00:00;0.0;0.0
13/10/2024 04:30:00;0.0;0.0
13/10/2024 05:00:00;0.0;0.0
13/10/2024 05:30:00;0.0;0.0
13/10/2024 06:00:00;118.05813635415777;662.8012524220825
13/10/2024 06:30:00;2142.0255694026173;5257.56291814412
13/10/2024 07:00:00;4165.993002451077;9852.324583866159
13/10/2024 07:30:00;7160.816269063287;12875.454198896245
13/10/2024 08:00:00;10155.639535675497;15898.58381392633
13/10/2024 08:30:00;15386.442040509903;20670.666314883223
13/10/2024 09:00:00;20617.244545344307;25442.748815840114
13/10/2024 09:30:00;23972.48830109349;27465.00865742044
13/10/2024 10:00:00;27327.73205684267;29487.268499000773
13/10/2024 10:30:00;28811.48702689945;30229.933355187197
13/10/2024 11:00:00;30295.24199695623;30972.598211373625
13/10/2024 11:30:00;29272.593794941306;29895.171317726094
13/10/2024 12:00:00;28249.945592926382;28817.74442407856
13/10/2024 12:30:00;25731.588580660424;26276.254680888334
13/10/2024 13:00:00;23213.231568394465;23734.764937698113
13/10/2024 13:30:00;19160.135592910425;19641.714461105817
13/10/2024 14:00:00;15107.03961742638;15548.663984513518
13/10/2024 14:30:00;10788.53381019909;11160.233214783175
13/10/2024 15:00:00;6470.028002971801;6771.802445052834
13/10/2024 15:30:00;3694.1402737629896;3898.4345398670293
13/10/2024 16:00:00;918.2525445541795;1025.066634681225
13/10/2024 16:30:00;889.3263101316812;1010.1157107793152
13/10/2024 17:00:00;0.0;0.0
13/10/2024 17:30:00;0.0;0.0
13/10/2024 18:00:00;0.0;0.0
13/10/2024 18:30:00;0.0;0.0
13/10/2024 19:00:00;0.0;0.0
13/10/2024 19:30:00;0.0;0.0
13/10/2024 20:00:00;0.0;0.0
13/10/2024 20:30:00;0.0;0.0
13/10/2024 21:00:00;0.0;0.0
13/10/2024 21:30:00;0.0;0.0
13/10/2024 22:00:00;0.0;0.0
13/10/2024 22:30:00;0.0;0.0
13/10/2024 23:00:00;0.0;0.0
13/10/2024 23:30:00;0.0;0.0
14/10/2024 00:00:00;0.0;0.0
14/10/2024 00:30:00;0.0;0.0
14/10/2024 01:00:00;0.0;0.0
14/10/2024 01:30:00;0.0;0.0
14/10/2024 02:00:00;0.0;0.0
14/10/2024 02:30:00;0.0;0.0
14/10/2024 03:00:00;0.0;0.0
14/10/2024 03:30:00;0.0;0.0
14/10/2024 04:00:00;0.0;0.0
14/10/2024 04:30:00;0.0;0.0
14/10/2024 05:00:00;0.0;0.0
14/10/2024 05:30:00;0.0;0.0
14/10/2024 06:00:00;108.31798072422825;606.4407654277525
14/10/2024 06:30:00;1216.5986223670252;3050.6023891761006
14/10/2024 07:00:00;2324.8792640098222;5494.764012924448
14/10/2024 07:30:00;1553.0848189867274;3358.952174898813
14/10/2024 08:00:00;781.290373963633;1223.1403368731776
14/10/2024 08:30:00;8513.15458662175;10641.043642846857
14/10/2024 09:00:00;16245.018799279864;20058.946948820532
14/10/2024 09:30:00;11871.182896141654;14079.143492160822
14/10/2024 10:00:00;7497.346993003447;8099.34003550111
14/10/2024 10:30:00;4750.749029073395;5075.241602409358
14/10/2024 11:00:00;2004.1510651433432;2051.1431693176064
14/10/2024 11:30:00;5436.528428678968;5554.519744857725
14/10/2024 12:00:00;8868.905792214593;9057.896320397842
14/10/2024 12:30:00;9031.05472675203;9234.879976214623
14/10/2024 13:00:00;9193.20366128947;9411.863632031407
14/10/2024 13:30:00;5648.159253577921;5790.692124276394
14/10/2024 14:00:00;2103.114845866372;2169.5206165213795
14/10/2024 14:30:00;1929.9399353624615;2007.0990166408062
14/10/2024 15:00:00;1756.7650248585508;1844.6774167602327
14/10/2024 15:30:00;1011.7398718471206;1072.4641174761985
14/10/2024 16:00:00;266.71471883569063;300.25081819216376
14/10/2024 16:30:00;260.716704699075;309.2357844474132
14/10/2024 17:00:00;0.0;0.0
14/10/2024 17:30:00;0.0;0.0
14/10/2024 18:00:00;0.0;0.0
14/10/2024 18:30:00;0.0;0.0
14/10/2024 19:00:00;0.0;0.0
14/10/2024 19:30:00;0.0;0.0
14/10/2024 20:00:00;0.0;0.0
14/10/2024 20:30:00;0.0;0.0
14/10/2024 21:00:00;0.0;0.0
14/10/2024 21:30:00;0.0;0.0
14/10/2024 22:00:00;0.0;0.0
14/10/2024 22:30:00;0.0;0.0
14/10/2024 23:00:00;0.0;0.0
14/10/2024 23:30:00;0.0;0.0
15/10/2024 00:00:00;0.0;0.0
15/10/2024 00:30:00;0.0;0.0
15/10/2024 01:00:00;0.0;0.0
15/10/2024 01:30:00;0.0;0.0
15/10/2024 02:00:00;0.0;0.0
15/10/2024 02:30:00;0.0;0.0
15/10/2024 03:00:00;0.0;0.0
15/10/2024 03:30:00;0.0;0.0
15/10/2024 04:00:00;0.0;0.0
15/10/2024 04:30:00;0.0;0.0
15/10/2024 05:00:00;0.0;0.0
15/10/2024 05:30:00;0.0;0.0
15/10/2024 06:00:00;98.77032301045398;551.8298733391476
15/10/2024 06:30:00;1822.6394108236482;4466.439065770809
15/10/2024 07:00:00;3546.508498636842;8381.04825820247
15/10/2024 07:30:00;5384.43409495928;9845.957146729846
15/10/2024 08:00:00;7222.3596912817175;11310.866035257222
15/10/2024 08:30:00;10293.416688718191;13912.684244847673
15/10/2024 09:00:00;13364.473686154664;16514.502454438127
15/10/2024 09:30:00;19799.156728471782;22444.088201425577
15/10/2024 10:00:00;26233.839770788894;28373.67394841303
15/10/2024 10:30:00;13924.042915046828;15013.746830166401
15/10/2024 11:00:00;1614.2460593047588;1653.8197119197719
15/10/2024 11:30:00;9808.355269768981;10030.620437922487
15/10/2024 12:00:00;18002.464480233204;18407.421163925203
15/10/2024 12:30:00;10731.903734565454;10977.92412966469
15/10/2024 13:00:00;3461.3429888977043;3548.42709540418
15/10/2024 13:30:00;6653.603067814145;6864.171054526278
15/10/2024 14:00:00;9845.863146730586;10179.915013648375
15/10/2024 14:30:00;5517.959657997987;5717.341210110042
15/10/2024 15:00:00;1190.0561692653882;1254.7674065717097
15/10/2024 15:30:00;808.469890331429;869.9871984390436
15/10/2024 16:00:00;426.8836113974698;485.2069903063776
15/10/2024 16:30:00;416.5706649218431;495.3806822407169
15/10/2024 17:00:00;0.0;0.0
15/10/2024 17:30:00;0.0;0.0
15/10/2024 18:00:00;0.0;0.0
15/10/2024 18:30:00;0.0;0.0
15/10/2024 19:00:00;0.0;0.0
15/10/2024 19:30:00;0.0;0.0
15/10/2024 20:00:00;0.0;0.0
15/10/2024 20:30:00;0.0;0.0
15/10/2024 21:00:00;0.0;0.0
15/10/2024 21:30:00;0.0;0.0
15/10/2024 22:00:00;0.0;0.0
15/10/2024 22:30:00;0.0;0.0
15/10/2024 23:00:00;0.0;0.0
15/10/2024 23:30:00;0.0;0.0
16/10/2024 00:00:00;0.0;0.0
16/10/2024 00:30:00;0.0;0.0
16/10/2024 01:00:00;0.0;0.0
16/10/2024 01:30:00;0.0;0.0
16/10/2024 02:00:00;0.0;0.0
16/10/2024 02:30:00;0.0;0.0
16/10/2024 03:00:00;0.0;0.0
16/10/2024 03:30:00;0.0;0.0
16/10/2024 04:00:00;0.0;0.0
16/10/2024 04:30:00;0.0;0.0
16/10/2024 05:00:00;0.0;0.0
16/10/2024 05:30:00;0.0;0.0
16/10/2024 06:00:00;138.12111007992274;770.0703644678778
16/10/2024 06:30:00;1843.0352980553168;4576.693768025742
16/10/2024 07:00:00;3547.949486030711;8383.317171583607
16/10/2024 07:30:00;8411.319976466028;14591.269059105032
16/10/2024 08:00:00;13274.690466901344;20799.220946626458
16/10/2024 08:30:00;17488.741197337447;23817.385596526423
16/10/2024 09:00:00;21702.791927773556;26835.550246426385
16/10/2024 09:30:00;24564.95156397107;28267.327223930763
16/10/2024 10:00:00;27427.111200168583;29699.104201435137
16/10/2024 10:30:00;28842.716016742444;30366.275531413918
16/10/2024 11:00:00;30258.320833316306;31033.446861392702
16/10/2024 11:30:00;29613.608311940392;30344.161985546616
16/10/2024 12:00:00;28968.895790564475;29654.877109700526
16/10/2024 12:30:00;26186.632388485305;26846.75184044955
16/10/2024 13:00:00;23404.368986406138;24038.626571198572
16/10/2024 13:30:00;19307.386684610483;19900.52925539828
16/10/2024 14:00:00;15210.404382814833;15762.431939597986
16/10/2024 14:30:00;10327.576977867404;10763.323289015103
16/10/2024 15:00:00;5444.749572919975;5764.2146384322195
16/10/2024 15:30:00;3147.192050338502;3369.6609975799647
16/10/2024 16:00:00;849.634527757029;975.1073567277093
16/10/2024 16:30:00;821.2017980459723;950.91631500402
16/10/2024 17:00:00;0.0;0.0
16/10/2024 17:30:00;0.0;0.0
16/10/2024 18:00:00;0.0;0.0
16/10/2024 18:30:00;0.0;0.0
16/10/2024 19:00:00;0.0;0.0
16/10/2024 19:30:00;0.0;0.0
16/10/2024 20:00:00;0.0;0.0
16/10/2024 20:30:00;0.0;0.0
16/10/2024 21:00:00;0.0;0.0
16/10/2024 21:30:00;0.0;0.0
16/10/2024 22:00:00;0.0;0.0
16/10/2024 22:30:00;0.0;0.0
16/10/2024 23:00:00;0.0;0.0
16/10/2024 23:30:00;0.0;0.0
17/10/2024 00:00:00;0.0;0.0
17/10/2024 00:30:00;0.0;0.0
17/10/2024 01:00:00;0.0;0.0
17/10/2024 01:30:00;0.0;0.0
17/10/2024 02:00:00;0.0;0.0
17/10/2024 02:30:00;0.0;0.0
17/10/2024 03:00:00;0.0;0.0
17/10/2024 03:30:00;0.0;0.0
17/10/2024 04:00:00;0.0;0.0
17/10/2024 04:30:00;0.0;0.0
17/10/2024 05:00:00;0.0;0.0
17/10/2024 05:30:00;0.0;0.0
17/10/2024 06:00:00;53.51809584744148;297.7581884644092
17/10/2024 06:30:00;1532.2899973704464;3705.699292573446
17/10/2024 07:00:00;3011.061898893451;7113.640396682483
17/10/2024 07:30:00;5973.340286293912;10560.339869024998
17/10/2024 08:00:00;8935.618673694371;14007.039341367512
17/10/2024 08:30:00;12200.059403281266;16571.392485289918
17/10/2024 09:00:00;15464.500132868161;19135.745629212324
17/10/2024 09:30:00;19138.00999212394;21932.898256336324
17/10/2024 10:00:00;22811.519851379722;24730.050883460328
17/10/2024 10:30:00;24817.06688326795;26134.388002149703
17/10/2024 11:00:00;26822.61391515618;27538.72512083908
17/10/2024 11:30:00;26518.27825453984;27202.334303182994
17/10/2024 12:00:00;26213.942593923504;26865.943485526903
17/10/2024 12:30:00;23417.71645216329;24043.102169592483
17/10/2024 13:00:00;20621.490310403075;21220.260853658063
17/10/2024 13:30:00;17161.66293904005;17725.556165886097
17/10/2024 14:00:00;13701.835567677019;14230.85147811413
17/10/2024 14:30:00;10294.215168103483;10775.123841157847
17/10/2024 15:00:00;6886.594768529949;7319.396204201563
17/10/2024 15:30:00;3721.127117524473;3981.6787357453945
17/10/2024 16:00:00;555.6594665189974;643.9612672892267
17/10/2024 16:30:00;536.6668225634942;625.6949103707981
17/10/2024 17:00:00;0.0;0.0
17/10/2024 17:30:00;0.0;0.0
17/10/2024 18:00:00;0.0;0.0
17/10/2024 18:30:00;0.0;0.0
17/10/2024 19:00:00;0.0;0.0
17/10/2024 19:30:00;0.0;0.0
17/10/2024 20:00:00;0.0;0.0
17/10/2024 20:30:00;0.0;0.0
17/10/2024 21:00:00;0.0;0.0
17/10/2024 21:30:00;0.0;0.0
17/10/2024 22:00:00;0.0;0.0
17/10/2024 22:30:00;0.0;0.0
17/10/2024 23:00:00;0.0;0.0
17/10/2024 23:30:00;0.0;0.0
18/10/2024 00:00:00;0.0;0.0
18/10/2024 00:30:00;0.0;0.0
18/10/2024 01:00:00;0.0;0.0
18/10/2024 01:30:00;0.0;0.0
18/10/2024 02:00:00;0.0;0.0
18/10/2024 02:30:00;0.0;0.0
18/10/2024 03:00:00;0.0;0.0
18/10/2024 03:30:00;0.0;0.0
18/10/2024 04:00:00;0.0;0.0
18/10/2024 04:30:00;0.0;0.0
18/10/2024 05:00:00;0.0;0.0
18/10/2024 05:30:00;0.0;0.0
18/10/2024 06:00:00;23.865435764908785;132.50327357322257
18/10/2024 06:30:00;229.08100403809718;579.042619386323
18/10/2024 07:00:00;434.2965723112856;1025.5819651994234
18/10/2024 07:30:00;1271.0753549763333;2165.8394970073186
18/10/2024 08:00:00;2107.854137641381;3306.097028815213
18/10/2024 08:30:00;2161.9180047709756;3025.364335920842
18/10/2024 09:00:00;2215.9818719005693;2744.631643026471
18/10/2024 09:30:00;1793.6333281548218;2116.517886378478
18/10/2024 10:00:00;1371.2847844090745;1488.404129730485
18/10/2024 10:30:00;1763.0713982733453;1851.9673969660264
18/10/2024 11:00:00;2154.858012137616;2215.5306642015676
18/10/2024 11:30:00;1789.0270889828487;1838.2852123337486
18/10/2024 12:00:00;1423.1961658280811;1461.0397604659295
18/10/2024 12:30:00;1275.683295599544;1312.0873297970004
18/10/2024 13:00:00;1128.1704253710066;1163.1348991280715
18/10/2024 13:30:00;915.5143054421193;947.3899235150992
18/10/2024 14:00:00;702.8581855132321;731.644947902127
18/10/2024 14:30:00;583.7359951915028;613.7393790493867
18/10/2024 15:00:00;464.61380486977333;495.8338101966464
18/10/2024 15:30:00;257.9703258187975;277.9494737548416
18/10/2024 16:00:00;51.32684676782163;60.06513731303679
18/10/2024 16:30:00;49.707133821249144;59.10302586175724
18/10/2024 17:00:00;0.0;0.0
18/10/2024 17:30:00;0.0;0.0
18/10/2024 18:00:00;0.0;0.0
18/10/2024 18:30:00;0.0;0.0
18/10/2024 19:00:00;0.0;0.0
18/10/2024 19:30:00;0.0;0.0
18/10/2024 20:00:00;0.0;0.0
18/10/2024 20:30:00;0.0;0.0
18/10/2024 21:00:00;0.0;0.0
18/10/2024 21:30:00;0.0;0.0
18/10/2024 22:00:00;0.0;0.0
18/10/2024 22:30:00;0.0;0.0
18/10/2024 23:00:00;0.0;0.0
18/10/2024 23:30:00;0.0;0.0
19/10/2024 00:00:00;0.0;0.0
19/10/2024 00:30:00;0.0;0.0
19/10/2024 01:00:00;0.0;0.0
19/10/2024 01:30:00;0.0;0.0
19/10/2024 02:00:00;0.0;0.0
19/10/2024 02:30:00;0.0;0.0
19/10/2024 03:00:00;0.0;0.0
19/10/2024 03:30:00;0.0;0.0
19/10/2024 04:00:00;0.0;0.0
19/10/2024 04:30:00;0.0;0.0
19/10/2024 05:00:00;0.0;0.0
19/10/2024 05:30:00;0.0;0.0
19/10/2024 06:00:00;5.974884263791993;33.126016677209236
19/10/2024 06:30:00;422.0207676797444;1006.1768082879418
19/10/2024 07:00:00;838.0666510956967;1979.2275998986743
19/10/2024 07:30:00;692.8245727687925;1419.2898898445976
19/10/2024 08:00:00;547.582494441888;859.352179790521
19/10/2024 08:30:00;1367.380278904287;1785.5841497406652
19/10/2024 09:00:00;2187.1780633666863;2711.816119690809
19/10/2024 09:30:00;2463.389348555117;2844.5429227592504
19/10/2024 10:00:00;2739.600633743548;2977.2697258276917
19/10/2024 10:30:00;2365.408241070399;2513.8704221323023
19/10/2024 11:00:00;1991.2158483972503;2050.4711184369125
19/10/2024 11:30:00;2479.9489827831308;2551.6292989721323
19/10/2024 12:00:00;2968.6821171690112;3052.7874795073512
19/10/2024 12:30:00;2913.573624927473;3002.7279156233867
19/10/2024 13:00:00;2858.4651326859343;2952.6683517394226
19/10/2024 13:30:00;1767.7574337780393;1829.5154935849962
19/10/2024 14:00:00;677.0497348701441;706.36263543057
19/10/2024 14:30:00;810.7724428324982;859.156700841464
19/10/2024 15:00:00;944.4951507948522;1011.950766252358
19/10/2024 15:30:00;487.6040773417219;524.120850433126
19/10/2024 16:00:00;30.71300388859167;36.29093461389384
19/10/2024 16:30:00;29.829649389304873;36.17786031451285
19/10/2024 17:00:00;0.0;0.0
19/10/2024 17:30:00;0.0;0.0
19/10/2024 18:00:00;0.0;0.0
19/10/2024 18:30:00;0.0;0.0
19/10/2024 19:00:00;0.0;0.0
19/10/2024 19:30:00;0.0;0.0
19/10/2024 20:00:00;0.0;0.0
19/10/2024 20:30:00;0.0;0.0
19/10/2024 21:00:00;0.0;0.0
19/10/2024 21:30:00;0.0;0.0
19/10/2024 22:00:00;0.0;0.0
19/10/2024 22:30:00;0.0;0.0
19/10/2024 23:00:00;0.0;0.0
19/10/2024 23:30:00;0.0;0.0
20/10/2024 00:00:00;0.0;0.0
20/10/2024 00:30:00;0.0;0.0
20/10/2024 01:00:00;0.0;0.0
20/10/2024 01:30:00;0.0;0.0
20/10/2024 02:00:00;0.0;0.0
20/10/2024 02:30:00;0.0;0.0
20/10/2024 03:00:00;0.0;0.0
20/10/2024 03:30:00;0.0;0.0
20/10/2024 04:00:00;0.0;0.0
20/10/2024 04:30:00;0.0;0.0
20/10/2024 05:00:00;0.0;0.0
20/10/2024 05:30:00;0.0;0.0
20/10/2024 06:00:00;5.979077908561406;33.12485423122627
20/10/2024 06:30:00;177.93547799692266;429.85876776006705
20/10/2024 07:00:00;349.89187808528396;826.5926812889078
20/10/2024 07:30:00;690.6526198175332;1223.180848927528
20/10/2024 08:00:00;1031.4133615497824;1619.7690165661477
20/10/2024 08:30:00;1155.1838471964436;1603.582178767379
20/10/2024 09:00:00;1278.9543328431046;1587.3953409686103
20/10/2024 09:30:00;2235.767846882314;2530.521762842685
20/10/2024 10:00:00;3192.581360921524;3473.6481847167597
20/10/2024 10:30:00;2911.1658184911635;3093.0154139232422
20/10/2024 11:00:00;2629.7502760608036;2712.3826431297243
20/10/2024 11:30:00;2134.6602622025953;2200.632974838204
20/10/2024 12:00:00;1639.5702483443872;1688.8833065466845
20/10/2024 12:30:00;1453.732627488023;1500.498411936177
20/10/2024 13:00:00;1267.8950066316586;1312.1135173256694
20/10/2024 13:30:00;3526.8700422676266;3681.0260301700314
20/10/2024 14:00:00;5785.845077903594;6049.938543014393
20/10/2024 14:30:00;4810.396006640023;5087.396793438073
20/10/2024 15:00:00;3834.9469353764516;4124.855043861751
20/10/2024 15:30:00;2161.3784232243606;2353.5898344742113
20/10/2024 16:00:00;487.8099110722705;582.3246250866723
20/10/2024 16:30:00;470.8157791093675;563.893202385012
20/10/2024 17:00:00;0.0;0.0
20/10/2024 17:30:00;0.0;0.0
20/10/2024 18:00:00;0.0;0.0
20/10/2024 18:30:00;0.0;0.0
20/10/2024 19:00:00;0.0;0.0
20/10/2024 19:30:00;0.0;0.0
20/10/2024 20:00:00;0.0;0.0
20/10/2024 20:30:00;0.0;0.0
20/10/2024 21:00:00;0.0;0.0
20/10/2024 21:30:00;0.0;0.0
20/10/2024 22:00:00;0.0;0.0
20/10/2024 22:30:00;0.0;0.0
20/10/2024 23:00:00;0.0;0.0
20/10/2024 23:30:00;0.0;0.0
21/10/2024 00:00:00;0.0;0.0
21/10/2024 00:30:00;0.0;0.0
21/10/2024 01:00:00;0.0;0.0
21/10/2024 01:30:00;0.0;0.0
21/10/2024 02:00:00;0.0;0.0
21/10/2024 02:30:00;0.0;0.0
21/10/2024 03:00:00;0.0;0.0
21/10/2024 03:30:00;0.0;0.0
21/10/2024 04:00:00;0.0;0.0
21/10/2024 04:30:00;0.0;0.0
21/10/2024 05:00:00;0.0;0.0
21/10/2024 05:30:00;0.0;0.0
21/10/2024 06:00:00;11.974216110985811;66.24478944018651
21/10/2024 06:30:00;2446.1512375248903;5799.609858436871
21/10/2024 07:00:00;4880.3282589387945;11532.974927433555
21/10/2024 07:30:00;4468.594674814114;8955.544150141872
21/10/2024 08:00:00;4056.861090689434;6378.113372850188
21/10/2024 08:30:00;3652.0952203383135;5206.542976210058
21/10/2024 09:00:00;3247.3293499871925;4034.972579569929
21/10/2024 09:30:00;6747.416601990512;7599.189942092999
21/10/2024 10:00:00;10247.503853993832;11163.40730461607
21/10/2024 10:30:00;20439.226587692647;21403.227882174655
21/10/2024 11:00:00;30630.94932139146;31643.048459733236
21/10/2024 11:30:00;27042.980266221155;27922.355925506505
21/10/2024 12:00:00;23455.01121105085;24201.663391279773
21/10/2024 12:30:00;23100.03950830705;23891.313119148992
21/10/2024 13:00:00;22745.067805563252;23580.962847018203
21/10/2024 13:30:00;18642.95400137927;19409.477975813228
21/10/2024 14:00:00;14540.840197195284;15237.993104608251
21/10/2024 14:30:00;10340.009021823767;10933.873961947716
21/10/2024 15:00:00;6139.1778464522495;6629.754819287183
21/10/2024 15:30:00;3234.6703493216487;3514.0848440177638
21/10/2024 16:00:00;330.1628521910485;398.4148687483454
21/10/2024 16:30:00;455.65966589845317;707.7209705847312
21/10/2024 17:00:00;0.0;0.0
21/10/2024 17:30:00;0.0;0.0
21/10/2024 18:00:00;0.0;0.0
21/10/2024 18:30:00;0.0;0.0
21/10/2024 19:00:00;0.0;0.0
21/10/2024 19:30:00;0.0;0.0
21/10/2024 20:00:00;0.0;0.0
21/10/2024 20:30:00;0.0;0.0
21/10/2024 21:00:00;0.0;0.0
21/10/2024 21:30:00;0.0;0.0
21/10/2024 22:00:00;0.0;0.0
21/10/2024 22:30:00;0.0;0.0
21/10/2024 23:00:00;0.0;0.0
21/10/2024 23:30:00;0.0;0.0
22/10/2024 00:00:00;0.0;0.0
22/10/2024 00:30:00;0.0;0.0
22/10/2024 01:00:00;0.0;0.0
22/10/2024 01:30:00;0.0;0.0
22/10/2024 02:00:00;0.0;0.0
22/10/2024 02:30:00;0.0;0.0
22/10/2024 03:00:00;0.0;0.0
22/10/2024 03:30:00;0.0;0.0
22/10/2024 04:00:00;0.0;0.0
22/10/2024 04:30:00;0.0;0.0
22/10/2024 05:00:00;0.0;0.0
22/10/2024 05:30:00;0.0;0.0
22/10/2024 06:00:00;0.0;0.0
22/10/2024 06:30:00;0.0;0.0
22/10/2024 07:00:00;4095.067263413188;9677.59792383992
22/10/2024 07:30:00;8018.225286319842;14236.092783777549
22/10/2024 08:00:00;11941.383309226496;18794.58764371518
22/10/2024 08:30:00;16236.531435286488;22168.259158062825
22/10/2024 09:00:00;20531.679561346482;25541.93067241047
22/10/2024 09:30:00;23606.051993029083;27321.163311663684
22/10/2024 10:00:00;26680.42442471168;29100.3959509169
22/10/2024 10:30:00;24485.200119400044;26081.643130376637
22/10/2024 11:00:00;22289.97581408841;23062.890309836373
22/10/2024 11:30:00;25577.286301364755;26447.905017688547
22/10/2024 12:00:00;28864.596788641105;29832.91972554072
22/10/2024 12:30:00;25770.18233228501;26692.953969395552
22/10/2024 13:00:00;22675.767875928912;23552.98821325039
22/10/2024 13:30:00;18069.962708156127;18848.645671631326
22/10/2024 14:00:00;13464.15754038334;14144.303130012264
22/10/2024 14:30:00;9560.807587475356;10139.387251703856
22/10/2024 15:00:00;5657.457634567373;6134.471373395447
22/10/2024 15:30:00;2954.541482486732;3220.6442867980595
22/10/2024 16:00:00;251.62533040609046;306.8172002006717
22/10/2024 16:30:00;259.54394967939623;335.1360908286768
22/10/2024 17:00:00;0.0;0.0
22/10/2024 17:30:00;0.0;0.0
22/10/2024 18:00:00;0.0;0.0
22/10/2024 18:30:00;0.0;0.0
22/10/2024 19:00:00;0.0;0.0
22/10/2024 19:30:00;0.0;0.0
22/10/2024 20:00:00;0.0;0.0
22/10/2024 20:30:00;0.0;0.0
22/10/2024 21:00:00;0.0;0.0
22/10/2024 21:30:00;0.0;0.0
22/10/2024 22:00:00;0.0;0.0
22/10/2024 22:30:00;0.0;0.0
22/10/2024 23:00:00;0.0;0.0
22/10/2024 23:30:00;0.0;0.0
23/10/2024 00:00:00;0.0;0.0
23/10/2024 00:30:00;0.0;0.0
23/10/2024 01:00:00;0.0;0.0
23/10/2024 01:30:00;0.0;0.0
23/10/2024 02:00:00;0.0;0.0
23/10/2024 02:30:00;0.0;0.0
23/10/2024 03:00:00;0.0;0.0
23/10/2024 03:30:00;0.0;0.0
23/10/2024 04:00:00;0.0;0.0
23/10/2024 04:30:00;0.0;0.0
23/10/2024 05:00:00;0.0;0.0
23/10/2024 05:30:00;0.0;0.0
23/10/2024 06:00:00;0.0;0.0
23/10/2024 06:30:00;0.0;0.0
23/10/2024 07:00:00;489.183908605264;1156.3839190408241
23/10/2024 07:30:00;1421.5680584196598;2432.9110910820173
23/10/2024 08:00:00;2353.9522082340563;3709.4382631232115
23/10/2024 08:30:00;1708.0647734687475;2516.128218786875
23/10/2024 09:00:00;1062.1773387034386;1322.8181744505382
23/10/2024 09:30:00;1318.508497347922;1521.3256720003453
23/10/2024 10:00:00;1574.8396559924054;1719.8331695501527
23/10/2024 10:30:00;2208.175104647397;2332.2644203418145
23/10/2024 11:00:00;2841.510553302388;2944.695671133476
23/10/2024 11:30:00;2236.4814876957275;2316.841881483835
23/10/2024 12:00:00;1631.4524220890667;1688.988091834194
23/10/2024 12:30:00;2664.2161442448537;2768.0083704238937
23/10/2024 13:00:00;3696.9798664006407;3847.028649013594
23/10/2024 13:30:00;3778.0308379991484;3956.4448080552147
23/10/2024 14:00:00;3859.0818095976565;4065.860967096836
23/10/2024 14:30:00;2609.537547760078;2773.733054665783
23/10/2024 15:00:00;1359.9932859224984;1481.6051422347305
23/10/2024 15:30:00;715.1846214376119;784.1587198029422
23/10/2024 16:00:00;70.37595695272526;86.71229737115387
23/10/2024 16:30:00;79.66347164983114;111.350632739163
23/10/2024 17:00:00;0.0;0.0
23/10/2024 17:30:00;0.0;0.0
23/10/2024 18:00:00;0.0;0.0
23/10/2024 18:30:00;0.0;0.0
23/10/2024 19:00:00;0.0;0.0
23/10/2024 19:30:00;0.0;0.0
23/10/2024 20:00:00;0.0;0.0
23/10/2024 20:30:00;0.0;0.0
23/10/2024 21:00:00;0.0;0.0
23/10/2024 21:30:00;0.0;0.0
23/10/2024 22:00:00;0.0;0.0
23/10/2024 22:30:00;0.0;0.0
23/10/2024 23:00:00;0.0;0.0
23/10/2024 23:30:00;0.0;0.0
24/10/2024 00:00:00;0.0;0.0
24/10/2024 00:30:00;0.0;0.0
24/10/2024 01:00:00;0.0;0.0
24/10/2024 01:30:00;0.0;0.0
24/10/2024 02:00:00;0.0;0.0
24/10/2024 02:30:00;0.0;0.0
24/10/2024 03:00:00;0.0;0.0
24/10/2024 03:30:00;0.0;0.0
24/10/2024 04:00:00;0.0;0.0
24/10/2024 04:30:00;0.0;0.0
24/10/2024 05:00:00;0.0;0.0
24/10/2024 05:30:00;0.0;0.0
24/10/2024 06:00:00;0.0;0.0
24/10/2024 06:30:00;0.0;0.0
24/10/2024 07:00:00;349.00139786590165;825.862358411428
24/10/2024 07:30:00;583.3599876620162;1058.0083784294025
24/10/2024 08:00:00;817.7185774581309;1290.154398447377
24/10/2024 08:30:00;1363.6374825866471;1835.534848583679
24/10/2024 09:00:00;1909.5563877151635;2380.9152987199805
24/10/2024 09:30:00;1635.128154268997;1934.376040750956
24/10/2024 10:00:00;1360.6999208228303;1487.836782781931
24/10/2024 10:30:00;2146.8276500611532;2265.9861960796743
24/10/2024 11:00:00;2932.955379299476;3044.1356093774184
24/10/2024 11:30:00;6752.994216482876;7004.167568261303
24/10/2024 12:00:00;10573.033053666277;10964.199527145189
24/10/2024 12:30:00;11256.361397809767;11705.569659334145
24/10/2024 13:00:00;11939.689741953258;12446.939791523102
24/10/2024 13:30:00;8172.34288173005;8550.643752548152
24/10/2024 14:00:00;4404.996021506841;4654.347713573204
24/10/2024 14:30:00;3395.5262104100893;3633.0056577851255
24/10/2024 15:00:00;2386.0563993133374;2611.6636019970465
24/10/2024 15:30:00;1198.0429026032787;1312.0751972248052
24/10/2024 16:00:00;10.029405893220119;12.486792452564153
24/10/2024 16:30:00;45.43377499139375;96.69340933261701
24/10/2024 17:00:00;0.0;0.0
24/10/2024 17:30:00;0.0;0.0
24/10/2024 18:00:00;0.0;0.0
24/10/2024 18:30:00;0.0;0.0
24/10/2024 19:00:00;0.0;0.0
24/10/2024 19:30:00;0.0;0.0
24/10/2024 20:00:00;0.0;0.0
24/10/2024 20:30:00;0.0;0.0
24/10/2024 21:00:00;0.0;0.0
24/10/2024 21:30:00;0.0;0.0
24/10/2024 22:00:00;0.0;0.0
24/10/2024 22:30:00;0.0;0.0
24/10/2024 23:00:00;0.0;0.0
24/10/2024 23:30:00;0.0;0.0
25/10/2024 00:00:00;0.0;0.0
25/10/2024 00:30:00;0.0;0.0
25/10/2024 01:00:00;0.0;0.0
25/10/2024 01:30:00;0.0;0.0
25/10/2024 02:00:00;0.0;0.0
25/10/2024 02:30:00;0.0;0.0
25/10/2024 03:00:00;0.0;0.0
25/10/2024 03:30:00;0.0;0.0
25/10/2024 04:00:00;0.0;0.0
25/10/2024 04:30:00;0.0;0.0
25/10/2024 05:00:00;0.0;0.0
25/10/2024 05:30:00;0.0;0.0
25/10/2024 06:00:00;0.0;0.0
25/10/2024 06:30:00;0.0;0.0
25/10/2024 07:00:00;1072.160478838429;2538.6852988541496
25/10/2024 07:30:00;2641.0987319594196;4594.013108095518
25/10/2024 08:00:00;4210.03698508041;6649.340917336886
25/10/2024 08:30:00;3654.4466560137944;5258.79909815116
25/10/2024 09:00:00;3098.8563269471783;3868.2572789654346
25/10/2024 09:30:00;3331.0627588117904;3884.6634806308575
25/10/2024 10:00:00;3563.2691906764026;3901.0696822962805
25/10/2024 10:30:00;2752.4062436267996;2959.714698855339
25/10/2024 11:00:00;1941.543296577197;2018.359715414398
25/10/2024 11:30:00;1627.2438584716642;1691.0466615451237
25/10/2024 12:00:00;1312.9444203661315;1363.7336076758495
25/10/2024 12:30:00;1613.0352523101913;1680.8512399799079
25/10/2024 13:00:00;1913.126084254251;1997.9688722839662
25/10/2024 13:30:00;4485.670630213899;4738.200276128945
25/10/2024 14:00:00;7058.215176173548;7478.431679973924
25/10/2024 14:30:00;3643.0883423425767;3864.556694783779
25/10/2024 15:00:00;227.9615085116056;250.6817095936351
25/10/2024 15:30:00;128.97047239488052;144.19185535879257
25/10/2024 16:00:00;29.97943627815546;37.702001123950005
25/10/2024 16:30:00;65.54614453139637;123.13441813933467
25/10/2024 17:00:00;0.0;0.0
25/10/2024 17:30:00;0.0;0.0
25/10/2024 18:00:00;0.0;0.0
25/10/2024 18:30:00;0.0;0.0
25/10/2024 19:00:00;0.0;0.0
25/10/2024 19:30:00;0.0;0.0
25/10/2024 20:00:00;0.0;0.0
25/10/2024 20:30:00;0.0;0.0
25/10/2024 21:00:00;0.0;0.0
25/10/2024 21:30:00;0.0;0.0
25/10/2024 22:00:00;0.0;0.0
25/10/2024 22:30:00;0.0;0.0
25/10/2024 23:00:00;0.0;0.0
25/10/2024 23:30:00;0.0;0.0
26/10/2024 00:00:00;0.0;0.0
26/10/2024 00:30:00;0.0;0.0
26/10/2024 01:00:00;0.0;0.0
26/10/2024 01:30:00;0.0;0.0
26/10/2024 02:00:00;0.0;0.0
26/10/2024 02:30:00;0.0;0.0
26/10/2024 03:00:00;0.0;0.0
26/10/2024 03:30:00;0.0;0.0
26/10/2024 04:00:00;0.0;0.0
26/10/2024 04:30:00;0.0;0.0
26/10/2024 05:00:00;0.0;0.0
26/10/2024 05:30:00;0.0;0.0
26/10/2024 06:00:00;0.0;0.0
26/10/2024 06:30:00;0.0;0.0
26/10/2024 07:00:00;1096.9806838753823;2600.6745115854897
26/10/2024 07:30:00;1092.3763252050971;2160.6239715119887
26/10/2024 08:00:00;1087.7719665348122;1720.5734314384872
26/10/2024 08:30:00;3380.6745470118585;4405.772612422789
26/10/2024 09:00:00;5673.577127488905;7090.971793407091
26/10/2024 09:30:00;11164.484346442467;12676.256433171837
26/10/2024 10:00:00;16655.391565396032;18261.54107293658
26/10/2024 10:30:00;16442.287759938055;17579.504254289906
26/10/2024 11:00:00;16229.18395448008;16897.467435643226
26/10/2024 11:30:00;10894.244690718313;11340.617794358197
26/10/2024 12:00:00;5559.305426956546;5783.768153073166
26/10/2024 12:30:00;3848.3819449410357;4010.0081419802154
26/10/2024 13:00:00;2137.458462925524;2236.248130887264
26/10/2024 13:30:00;2357.62896336374;2487.691717083598
26/10/2024 14:00:00;2577.799463801955;2739.1353032799316
26/10/2024 14:30:00;1516.2097782193168;1620.678338319929
26/10/2024 15:00:00;454.6200926366783;502.22137335992625
26/10/2024 15:30:00;227.31004631833915;251.11068667996312
26/10/2024 16:00:00;0.0;0.0
26/10/2024 16:30:00;48.80772477317704;115.88296829085598
26/10/2024 17:00:00;0.0;0.0
26/10/2024 17:30:00;0.0;0.0
26/10/2024 18:00:00;0.0;0.0
26/10/2024 18:30:00;0.0;0.0
26/10/2024 19:00:00;0.0;0.0
26/10/2024 19:30:00;0.0;0.0
26/10/2024 20:00:00;0.0;0.0
26/10/2024 20:30:00;0.0;0.0
26/10/2024 21:00:00;0.0;0.0
26/10/2024 21:30:00;0.0;0.0
26/10/2024 22:00:00;0.0;0.0
26/10/2024 22:30:00;0.0;0.0
26/10/2024 23:00:00;0.0;0.0
26/10/2024 23:30:00;0.0;0.0
27/10/2024 00:00:00;0.0;0.0
27/10/2024 00:30:00;0.0;0.0
27/10/2024 01:00:00;0.0;0.0
27/10/2024 01:30:00;0.0;0.0
27/10/2024 02:00:00;0.0;0.0
27/10/2024 02:30:00;0.0;0.0
27/10/2024 03:00:00;0.0;0.0
27/10/2024 03:30:00;0.0;0.0
27/10/2024 04:00:00;0.0;0.0
27/10/2024 04:30:00;0.0;0.0
27/10/2024 05:00:00;0.0;0.0
27/10/2024 05:30:00;0.0;0.0
27/10/2024 06:00:00;0.0;0.0
27/10/2024 06:30:00;0.0;0.0
27/10/2024 07:00:00;1464.2317431953113;3476.4890487256794
27/10/2024 07:30:00;3454.585374274882;6050.202045999989
27/10/2024 08:00:00;5444.939005354452;8623.9150432743
27/10/2024 08:30:00;7912.732864451982;10809.093294345696
27/10/2024 09:00:00;10380.526723549512;12994.271545417088
27/10/2024 09:30:00;14001.832209058426;16175.477291873203
27/10/2024 10:00:00;17623.13769456734;19356.68303832932
27/10/2024 10:30:00;11913.107169029192;12912.493162295354
27/10/2024 11:00:00;6203.076643491046;6468.30328626139
27/10/2024 11:30:00;9333.249416000193;9728.059508764542
27/10/2024 12:00:00;12463.422188509341;12987.815731267692
27/10/2024 12:30:00;16880.95955513981;17655.344618765546
27/10/2024 13:00:00;21298.49692177028;22322.873506263397
27/10/2024 13:30:00;16318.119195035237;17201.51654467908
27/10/2024 14:00:00;11337.741468300197;12080.15958309477
27/10/2024 14:30:00;8553.858290499502;9241.750186695117
27/10/2024 15:00:00;5769.9751126988085;6403.340790295467
27/10/2024 15:30:00;2884.9875563494043;3201.6703951477334
27/10/2024 16:00:00;0.0;0.0
27/10/2024 16:30:00;121.97355401456737;290.1075842426708
27/10/2024 17:00:00;0.0;0.0
27/10/2024 17:30:00;0.0;0.0
27/10/2024 18:00:00;0.0;0.0
27/10/2024 18:30:00;0.0;0.0
27/10/2024 19:00:00;0.0;0.0
27/10/2024 19:30:00;0.0;0.0
27/10/2024 20:00:00;0.0;0.0
27/10/2024 20:30:00;0.0;0.0
27/10/2024 21:00:00;0.0;0.0
27/10/2024 21:30:00;0.0;0.0
27/10/2024 22:00:00;0.0;0.0
27/10/2024 22:30:00;0.0;0.0
27/10/2024 23:00:00;0.0;0.0
27/10/2024 23:30:00;0.0;0.0
28/10/2024 00:00:00;0.0;0.0
28/10/2024 00:30:00;0.0;0.0
28/10/2024 01:00:00;0.0;0.0
28/10/2024 01:30:00;0.0;0.0
28/10/2024 02:00:00;0.0;0.0
28/10/2024 02:30:00;0.0;0.0
28/10/2024 03:00:00;0.0;0.0
28/10/2024 03:30:00;0.0;0.0
28/10/2024 04:00:00;0.0;0.0
28/10/2024 04:30:00;0.0;0.0
28/10/2024 05:00:00;0.0;0.0
28/10/2024 05:30:00;0.0;0.0
28/10/2024 06:00:00;0.0;0.0
28/10/2024 06:30:00;0.0;0.0
28/10/2024 07:00:00;3659.2066204370212;8703.227527280123
28/10/2024 07:30:00;6737.832251000185;12135.627842017542
28/10/2024 08:00:00;9816.45788156335;15568.02815675496
28/10/2024 08:30:00;10216.184224031214;14440.184863313327
28/10/2024 09:00:00;10615.91056649908;13312.341569871696
28/10/2024 09:30:00;6585.593857075316;8061.960954699201
28/10/2024 10:00:00;2555.2771476515522;2811.580339526706
28/10/2024 10:30:00;3849.0247663289833;4091.19530884398
28/10/2024 11:00:00;5142.772385006414;5370.810278161254
28/10/2024 11:30:00;4608.792471461692;4811.91546158553
28/10/2024 12:00:00;4074.8125579169705;4253.020645009806
28/10/2024 12:30:00;3215.6330942646973;3363.8121160498677
28/10/2024 13:00:00;2356.4536306124237;2474.603587089929
28/10/2024 13:30:00;5426.78254787555;5776.77482931927
28/10/2024 14:00:00;8497.111465138676;9078.94607154861
28/10/2024 14:30:00;4987.499588532733;5363.290520210889
28/10/2024 15:00:00;1477.8877119267906;1647.6349688731673
28/10/2024 15:30:00;738.9438559633953;823.8174844365836
28/10/2024 16:00:00;0.0;0.0
28/10/2024 16:30:00;41.64964307476364;99.20701210758227
28/10/2024 17:00:00;0.0;0.0
28/10/2024 17:30:00;0.0;0.0
28/10/2024 18:00:00;0.0;0.0
28/10/2024 18:30:00;0.0;0.0
28/10/2024 19:00:00;0.0;0.0
28/10/2024 19:30:00;0.0;0.0
28/10/2024 20:00:00;0.0;0.0
28/10/2024 20:30:00;0.0;0.0
28/10/2024 21:00:00;0.0;0.0
28/10/2024 21:30:00;0.0;0.0
28/10/2024 22:00:00;0.0;0.0
28/10/2024 22:30:00;0.0;0.0
28/10/2024 23:00:00;0.0;0.0
28/10/2024 23:30:00;0.0;0.0
29/10/2024 00:00:00;0.0;0.0
29/10/2024 00:30:00;0.0;0.0
29/10/2024 01:00:00;0.0;0.0
29/10/2024 01:30:00;0.0;0.0
29/10/2024 02:00:00;0.0;0.0
29/10/2024 02:30:00;0.0;0.0
29/10/2024 03:00:00;0.0;0.0
29/10/2024 03:30:00;0.0;0.0
29/10/2024 04:00:00;0.0;0.0
29/10/2024 04:30:00;0.0;0.0
29/10/2024 05:00:00;0.0;0.0
29/10/2024 05:30:00;0.0;0.0
29/10/2024 06:00:00;0.0;0.0
29/10/2024 06:30:00;0.0;0.0
29/10/2024 07:00:00;1249.4892922429092;2976.2103632274684
29/10/2024 07:30:00;1753.8853578679348;3281.6880996378977
29/10/2024 08:00:00;2258.2814234929606;3587.165836048327
29/10/2024 08:30:00;4361.631760120217;5854.247582976174
29/10/2024 09:00:00;6464.982096747474;8121.329329904021
29/10/2024 09:30:00;4267.888971678521;5201.923826175035
29/10/2024 10:00:00;2070.795846609568;2282.5183224460516
29/10/2024 10:30:00;2031.546845093713;2183.1616953579355
29/10/2024 11:00:00;1992.2978435778587;2083.80506826982
29/10/2024 11:30:00;14262.675874336242;14910.660221375743
29/10/2024 12:00:00;26533.053905094628;27737.515374481667
29/10/2024 12:30:00;15101.263613136285;15799.812428196905
29/10/2024 13:00:00;3669.47332117794;3862.109481912145
29/10/2024 13:30:00;3542.75605821457;3761.016726350417
29/10/2024 14:00:00;3416.038795251201;3659.923970788688
29/10/2024 14:30:00;2037.8562081868295;2199.3200285259504
29/10/2024 15:00:00;659.673621122458;738.7160862632129
29/10/2024 15:30:00;329.836810561229;369.35804313160645
29/10/2024 16:00:00;0.0;0.0
29/10/2024 16:30:00;69.80287750848643;166.55160400073964
29/10/2024 17:00:00;0.0;0.0
29/10/2024 17:30:00;0.0;0.0
29/10/2024 18:00:00;0.0;0.0
29/10/2024 18:30:00;0.0;0.0
29/10/2024 19:00:00;0.0;0.0
29/10/2024 19:30:00;0.0;0.0
29/10/2024 20:00:00;0.0;0.0
29/10/2024 20:30:00;0.0;0.0
29/10/2024 21:00:00;0.0;0.0
29/10/2024 21:30:00;0.0;0.0
29/10/2024 22:00:00;0.0;0.0
29/10/2024 22:30:00;0.0;0.0
29/10/2024 23:00:00;0.0;0.0
29/10/2024 23:30:00;0.0;0.0
30/10/2024 00:00:00;0.0;0.0
30/10/2024 00:30:00;0.0;0.0
30/10/2024 01:00:00;0.0;0.0
30/10/2024 01:30:00;0.0;0.0
30/10/2024 02:00:00;0.0;0.0
30/10/2024 02:30:00;0.0;0.0
30/10/2024 03:00:00;0.0;0.0
30/10/2024 03:30:00;0.0;0.0
30/10/2024 04:00:00;0.0;0.0
30/10/2024 04:30:00;0.0;0.0
30/10/2024 05:00:00;0.0;0.0
30/10/2024 05:30:00;0.0;0.0
30/10/2024 06:00:00;0.0;0.0
30/10/2024 06:30:00;0.0;0.0
30/10/2024 07:00:00;2094.086325254593;4996.548120022189
30/10/2024 07:30:00;4894.494651984127;8618.541851530192
30/10/2024 08:00:00;7694.902978713663;12240.535583038196
30/10/2024 08:30:00;7009.721943772838;10099.276951089665
30/10/2024 09:00:00;6324.540908832014;7958.018319141136
30/10/2024 09:30:00;4225.996104373835;5153.525097729909
30/10/2024 10:00:00;2127.451299915656;2349.0318763186824
30/10/2024 10:30:00;4161.281084409254;4419.314820217102
30/10/2024 11:00:00;6195.110868902851;6489.597764115524
30/10/2024 11:30:00;6398.634427944691;6701.09582357519
30/10/2024 12:00:00;6602.15798698653;6912.593883034855
30/10/2024 12:30:00;4036.524868818758;4232.15562916629
30/10/2024 13:00:00;1470.8917506509854;1551.717375297725
30/10/2024 13:30:00;1491.3244438151862;1587.8359731525263
30/10/2024 14:00:00;1511.7571369793873;1623.9545710073276
30/10/2024 14:30:00;989.7163915453568;1074.9637014486166
30/10/2024 15:00:00;467.6756461113264;525.9728318899056
30/10/2024 15:30:00;233.8378230556632;262.9864159449528
30/10/2024 16:00:00;0.0;0.0
30/10/2024 16:30:00;57.009082788313044;136.29240935124733
30/10/2024 17:00:00;0.0;0.0
30/10/2024 17:30:00;0.0;0.0
30/10/2024 18:00:00;0.0;0.0
30/10/2024 18:30:00;0.0;0.0
30/10/2024 19:00:00;0.0;0.0
30/10/2024 19:30:00;0.0;0.0
30/10/2024 20:00:00;0.0;0.0
30/10/2024 20:30:00;0.0;0.0
30/10/2024 21:00:00;0.0;0.0
30/10/2024 21:30:00;0.0;0.0
30/10/2024 22:00:00;0.0;0.0
30/10/2024 22:30:00;0.0;0.0
30/10/2024 23:00:00;0.0;0.0
30/10/2024 23:30:00;0.0;0.0
31/10/2024 00:00:00;0.0;0.0
31/10/2024 00:30:00;0.0;0.0
31/10/2024 01:00:00;0.0;0.0
31/10/2024 01:30:00;0.0;0.0
31/10/2024 02:00:00;0.0;0.0
31/10/2024 02:30:00;0.0;0.0
31/10/2024 03:00:00;0.0;0.0
31/10/2024 03:30:00;0.0;0.0
31/10/2024 04:00:00;0.0;0.0
31/10/2024 04:30:00;0.0;0.0
31/10/2024 05:00:00;0.0;0.0
31/10/2024 05:30:00;0.0;0.0
31/10/2024 06:00:00;0.0;0.0
31/10/2024 06:30:00;0.0;0.0
31/10/2024 07:00:00;1710.2724836493915;4088.772280537419
31/10/2024 07:30:00;4337.4644125390005;7592.578970952401
31/10/2024 08:00:00;6964.656341428608;11096.385661367382
31/10/2024 08:30:00;8624.087010051066;12029.669743251889
31/10/2024 09:00:00;10283.517678673526;12962.953825136396
31/10/2024 09:30:00;10258.602120792066;12141.442911054868
31/10/2024 10:00:00;10233.686562910607;11319.931996973344
31/10/2024 10:30:00;9270.511155366532;10017.561160001016
31/10/2024 11:00:00;8307.335747822457;8715.190323028688
31/10/2024 11:30:00;6496.44482195372;6814.459472484293
31/10/2024 12:00:00;4685.553896084981;4913.728621939898
31/10/2024 12:30:00;4709.808662132205;4959.41832242061
31/10/2024 13:00:00;4734.063428179432;5005.108022901321
31/10/2024 13:30:00;3227.5839732478007;3429.452037129699
31/10/2024 14:00:00;1721.10451831617;1853.7960513580767
31/10/2024 14:30:00;1347.4266268800045;1476.9439453401587
31/10/2024 15:00:00;973.7487354438391;1100.0918393222407
31/10/2024 15:30:00;486.87436772191955;550.0459196611204
31/10/2024 16:00:00;0.0;0.0
31/10/2024 16:30:00;49.825814517182565;119.35279639983536
31/10/2024 17:00:00;0.0;0.0
31/10/2024 17:30:00;0.0;0.0
31/10/2024 18:00:00;0.0;0.0
31/10/2024 18:30:00;0.0;0.0
31/10/2024 19:00:00;0.0;0.0
31/10/2024 19:30:00;0.0;0.0
31/10/2024 20:00:00;0.0;0.0
31/10/2024 20:30:00;0.0;0.0
31/10/2024 21:00:00;0.0;0.0
31/10/2024 21:30:00;0.0;0.0
31/10/2024 22:00:00;0.0;0.0
31/10/2024 22:30:00;0.0;0.0
31/10/2024 23:00:00;0.0;0.0
31/10/2024 23:30:00;0.0;0.0
01/11/2024 00:00:00;0.0;0.0
01/11/2024 00:30:00;0.0;0.0
01/11/2024 01:00:00;0.0;0.0
01/11/2024 01:30:00;0.0;0.0
01/11/2024 02:00:00;0.0;0.0
01/11/2024 02:30:00;0.0;0.0
01/11/2024 03:00:00;0.0;0.0
01/11/2024 03:30:00;0.0;0.0
01/11/2024 04:00:00;0.0;0.0
01/11/2024 04:30:00;0.0;0.0
01/11/2024 05:00:00;0.0;0.0
01/11/2024 05:30:00;0.0;0.0
01/11/2024 06:00:00;0.0;0.0
01/11/2024 06:30:00;0.0;0.0
01/11/2024 07:00:00;1494.7744355154769;3580.5838919950606
01/11/2024 07:30:00;5507.163556695116;9385.689832086526
01/11/2024 08:00:00;9519.552677874755;15190.795772177988
01/11/2024 08:30:00;10693.723018853336;15088.381586871155
01/11/2024 09:00:00;11867.893359831914;14985.967401564323
01/11/2024 09:30:00;9569.906843403343;11522.02294175631
01/11/2024 10:00:00;7271.9203269747695;8058.078481948292
01/11/2024 10:30:00;15425.116196563245;16415.5765313481
01/11/2024 11:00:00;23578.31206615172;24773.074580747907
01/11/2024 11:30:00;20127.518937784418;21146.90490841096
01/11/2024 12:00:00;16676.725809417123;17520.73523607401
01/11/2024 12:30:00;11839.47324240766;12470.330640881637
01/11/2024 13:00:00;7002.220675398199;7419.926045689262
01/11/2024 13:30:00;4230.6161024909325;4497.740070300666
01/11/2024 14:00:00;1459.0115295836665;1575.5540949120712
01/11/2024 14:30:00;841.6417235957641;915.1092107634616
01/11/2024 15:00:00;224.27191760786167;254.66432661485214
01/11/2024 15:30:00;112.13595880393083;127.33216330742607
01/11/2024 16:00:00;0.0;0.0
01/11/2024 16:30:00;5.975355316612531;14.341385849761346
01/11/2024 17:00:00;0.0;0.0
01/11/2024 17:30:00;0.0;0.0
01/11/2024 18:00:00;0.0;0.0
01/11/2024 18:30:00;0.0;0.0
01/11/2024 19:00:00;0.0;0.0
01/11/2024 19:30:00;0.0;0.0
01/11/2024 20:00:00;0.0;0.0
01/11/2024 20:30:00;0.0;0.0
01/11/2024 21:00:00;0.0;0.0
01/11/2024 21:30:00;0.0;0.0
01/11/2024 22:00:00;0.0;0.0
01/11/2024 22:30:00;0.0;0.0
01/11/2024 23:00:00;0.0;0.0
01/11/2024 23:30:00;0.0;0.0
02/11/2024 00:00:00;0.0;0.0
02/11/2024 00:30:00;0.0;0.0
02/11/2024 01:00:00;0.0;0.0
02/11/2024 01:30:00;0.0;0.0
02/11/2024 02:00:00;0.0;0.0
02/11/2024 02:30:00;0.0;0.0
02/11/2024 03:00:00;0.0;0.0
02/11/2024 03:30:00;0.0;0.0
02/11/2024 04:00:00;0.0;0.0
02/11/2024 04:30:00;0.0;0.0
02/11/2024 05:00:00;0.0;0.0
02/11/2024 05:30:00;0.0;0.0
02/11/2024 06:00:00;0.0;0.0
02/11/2024 06:30:00;0.0;0.0
02/11/2024 07:00:00;179.26065949837593;430.24157549284035
02/11/2024 07:30:00;430.8974282767874;760.6303370864598
02/11/2024 08:00:00;682.534197055199;1091.0190986800792
02/11/2024 08:30:00;1165.1793001169756;1587.856552075178
02/11/2024 09:00:00;1647.8244031787524;2084.6940054702764
02/11/2024 09:30:00;1777.8833080953937;2101.300200385467
02/11/2024 10:00:00;1907.942213012035;2117.9063953006576
02/11/2024 10:30:00;2618.3426581465183;2811.1103581917764
02/11/2024 11:00:00;3328.743103281002;3504.3143210828953
02/11/2024 11:30:00;2435.220611109574;2563.6408315993062
02/11/2024 12:00:00;1541.6981189381465;1622.9673421157165
02/11/2024 12:30:00;1234.9041198866892;1304.3048826250767
02/11/2024 13:00:00;928.1101208352319;985.6424231344369
02/11/2024 13:30:00;816.3594768134285;874.2504044940251
02/11/2024 14:00:00;704.6088327916249;762.8583858536134
02/11/2024 14:30:00;892.6385314763627;997.9928333301468
02/11/2024 15:00:00;1080.6682301611006;1233.1272808066801
02/11/2024 15:30:00;540.3341150805503;616.5636404033401
02/11/2024 16:00:00;0.0;0.0
02/11/2024 16:30:00;59.57035451307259;143.29019104742935
02/11/2024 17:00:00;0.0;0.0
02/11/2024 17:30:00;0.0;0.0
02/11/2024 18:00:00;0.0;0.0
02/11/2024 18:30:00;0.0;0.0
02/11/2024 19:00:00;0.0;0.0
02/11/2024 19:30:00;0.0;0.0
02/11/2024 20:00:00;0.0;0.0
02/11/2024 20:30:00;0.0;0.0
02/11/2024 21:00:00;0.0;0.0
02/11/2024 21:30:00;0.0;0.0
02/11/2024 22:00:00;0.0;0.0
02/11/2024 22:30:00;0.0;0.0
02/11/2024 23:00:00;0.0;0.0
02/11/2024 23:30:00;0.0;0.0
03/11/2024 00:00:00;0.0;0.0
03/11/2024 00:30:00;0.0;0.0
03/11/2024 01:00:00;0.0;0.0
03/11/2024 01:30:00;0.0;0.0
03/11/2024 02:00:00;0.0;0.0
03/11/2024 02:30:00;0.0;0.0
03/11/2024 03:00:00;0.0;0.0
03/11/2024 03:30:00;0.0;0.0
03/11/2024 04:00:00;0.0;0.0
03/11/2024 04:30:00;0.0;0.0
03/11/2024 05:00:00;0.0;0.0
03/11/2024 05:30:00;0.0;0.0
03/11/2024 06:00:00;0.0;0.0
03/11/2024 06:30:00;0.0;0.0
03/11/2024 07:00:00;1787.1106353921775;4298.70573142288
03/11/2024 07:30:00;4695.666870123979;8236.404051902942
03/11/2024 08:00:00;7604.22310485578;12174.102372383006
03/11/2024 08:30:00;9208.354536629944;12939.510243416533
03/11/2024 09:00:00;10812.48596840411;13704.91811445006
03/11/2024 09:30:00;15630.262170159765;18221.47367609169
03/11/2024 10:00:00;20448.038371915423;22738.029237733317
03/11/2024 10:30:00;21470.531046854132;23231.606802449067
03/11/2024 11:00:00;22493.023721792844;23725.18436716482
03/11/2024 11:30:00;14765.189920338296;15574.184006147445
03/11/2024 12:00:00;7037.356118883752;7423.183645130069
03/11/2024 12:30:00;8588.080804961764;9106.751471046011
03/11/2024 13:00:00;10138.805491039779;10790.31929696195
03/11/2024 13:30:00;10424.911022041586;11211.332622502923
03/11/2024 14:00:00;10711.016553043393;11632.345948043894
03/11/2024 14:30:00;7983.96663423403;8829.753757428687
03/11/2024 15:00:00;5256.916715424667;6027.161566813479
03/11/2024 15:30:00;2628.4583577123335;3013.5807834067396
03/11/2024 16:00:00;0.0;0.0
03/11/2024 16:30:00;49.231715265841935;118.71373564688449
03/11/2024 17:00:00;0.0;0.0
03/11/2024 17:30:00;0.0;0.0
03/11/2024 18:00:00;0.0;0.0
03/11/2024 18:30:00;0.0;0.0
03/11/2024 19:00:00;0.0;0.0
03/11/2024 19:30:00;0.0;0.0
03/11/2024 20:00:00;0.0;0.0
03/11/2024 20:30:00;0.0;0.0
03/11/2024 21:00:00;0.0;0.0
03/11/2024 21:30:00;0.0;0.0
03/11/2024 22:00:00;0.0;0.0
03/11/2024 22:30:00;0.0;0.0
03/11/2024 23:00:00;0.0;0.0
03/11/2024 23:30:00;0.0;0.0
04/11/2024 00:00:00;0.0;0.0
04/11/2024 00:30:00;0.0;0.0
04/11/2024 01:00:00;0.0;0.0
04/11/2024 01:30:00;0.0;0.0
04/11/2024 02:00:00;0.0;0.0
04/11/2024 02:30:00;0.0;0.0
04/11/2024 03:00:00;0.0;0.0
04/11/2024 03:30:00;0.0;0.0
04/11/2024 04:00:00;0.0;0.0
04/11/2024 04:30:00;0.0;0.0
04/11/2024 05:00:00;0.0;0.0
04/11/2024 05:30:00;0.0;0.0
04/11/2024 06:00:00;0.0;0.0
04/11/2024 06:30:00;0.0;0.0
04/11/2024 07:00:00;1476.951457975258;3561.412069406535
04/11/2024 07:30:00;2004.490230899685;3811.3127189609563
04/11/2024 08:00:00;2532.0290038241114;4061.2133685153776
04/11/2024 08:30:00;2282.293751664171;3321.047457921576
04/11/2024 09:00:00;2032.55849950423;2580.8815473277755
04/11/2024 09:30:00;2501.492404255448;2944.8772382672414
04/11/2024 10:00:00;2970.426309006666;3308.872929206707
04/11/2024 10:30:00;3566.254729121074;3853.612409800836
04/11/2024 11:00:00;4162.083149235483;4398.351890394965
04/11/2024 11:30:00;3033.5661664249833;3205.8775123693663
04/11/2024 12:00:00;1905.049183614484;2013.4031343437666
04/11/2024 12:30:00;1807.5151105995394;1918.581702256118
04/11/2024 13:00:00;1709.9810375845952;1823.7602701684696
04/11/2024 13:30:00;1744.2293562013392;1880.6019673820813
04/11/2024 14:00:00;1778.4776748180834;1937.4436645956935
04/11/2024 14:30:00;1154.9974279930657;1274.8708714501224
04/11/2024 15:00:00;531.5171811680476;612.2980783045513
04/11/2024 15:30:00;265.7585905840238;306.14903915227563
04/11/2024 16:00:00;0.0;0.0
04/11/2024 16:30:00;18.03847297840918;43.60395742024435
04/11/2024 17:00:00;0.0;0.0
04/11/2024 17:30:00;0.0;0.0
04/11/2024 18:00:00;0.0;0.0
04/11/2024 18:30:00;0.0;0.0
04/11/2024 19:00:00;0.0;0.0
04/11/2024 19:30:00;0.0;0.0
04/11/2024 20:00:00;0.0;0.0
04/11/2024 20:30:00;0.0;0.0
04/11/2024 21:00:00;0.0;0.0
04/11/2024 21:30:00;0.0;0.0
04/11/2024 22:00:00;0.0;0.0
04/11/2024 22:30:00;0.0;0.0
04/11/2024 23:00:00;0.0;0.0
04/11/2024 23:30:00;0.0;0.0
05/11/2024 00:00:00;0.0;0.0
05/11/2024 00:30:00;0.0;0.0
05/11/2024 01:00:00;0.0;0.0
05/11/2024 01:30:00;0.0;0.0
05/11/2024 02:00:00;0.0;0.0
05/11/2024 02:30:00;0.0;0.0
05/11/2024 03:00:00;0.0;0.0
05/11/2024 03:30:00;0.0;0.0
05/11/2024 04:00:00;0.0;0.0
05/11/2024 04:30:00;0.0;0.0
05/11/2024 05:00:00;0.0;0.0
05/11/2024 05:30:00;0.0;0.0
05/11/2024 06:00:00;0.0;0.0
05/11/2024 06:30:00;0.0;0.0
05/11/2024 07:00:00;541.1541893522755;1308.1187226073305
05/11/2024 07:30:00;846.4892867030147;1579.4902641726521
05/11/2024 08:00:00;1151.8243840537539;1850.861805737974
05/11/2024 08:30:00;4956.946160811098;6498.725316543337
05/11/2024 09:00:00;8762.067937568441;11146.5888273487
05/11/2024 09:30:00;16215.691343619596;18780.05781783543
05/11/2024 10:00:00;23669.31474967075;26413.526808322156
05/11/2024 10:30:00;25929.693396442257;28130.98293028948
05/11/2024 11:00:00;28190.072043213768;29848.439052256803
05/11/2024 11:30:00;15321.90634104181;16223.403814841964
05/11/2024 12:00:00;2453.740638869849;2598.368577427125
05/11/2024 12:30:00;10717.458254388173;11442.264521498544
05/11/2024 13:00:00;18981.1758699065;20286.160465569967
05/11/2024 13:30:00;13712.583794773502;14756.248538983615
05/11/2024 14:00:00;8443.991719640502;9226.336612397265
05/11/2024 14:30:00;6469.628479912705;7214.720321639972
05/11/2024 15:00:00;4495.265240184908;5203.104030882679
05/11/2024 15:30:00;2247.632620092454;2601.5520154413393
05/11/2024 16:00:00;0.0;0.0
05/11/2024 16:30:00;17.15644380832857;41.562403836390594
05/11/2024 17:00:00;0.0;0.0
05/11/2024 17:30:00;0.0;0.0
05/11/2024 18:00:00;0.0;0.0
05/11/2024 18:30:00;0.0;0.0
05/11/2024 19:00:00;0.0;0.0
05/11/2024 19:30:00;0.0;0.0
05/11/2024 20:00:00;0.0;0.0
05/11/2024 20:30:00;0.0;0.0
05/11/2024 21:00:00;0.0;0.0
05/11/2024 21:30:00;0.0;0.0
05/11/2024 22:00:00;0.0;0.0
05/11/2024 22:30:00;0.0;0.0
05/11/2024 23:00:00;0.0;0.0
05/11/2024 23:30:00;0.0;0.0
06/11/2024 00:00:00;0.0;0.0
06/11/2024 00:30:00;0.0;0.0
06/11/2024 01:00:00;0.0;0.0
06/11/2024 01:30:00;0.0;0.0
06/11/2024 02:00:00;0.0;0.0
06/11/2024 02:30:00;0.0;0.0
06/11/2024 03:00:00;0.0;0.0
06/11/2024 03:30:00;0.0;0.0
06/11/2024 04:00:00;0.0;0.0
06/11/2024 04:30:00;0.0;0.0
06/11/2024 05:00:00;0.0;0.0
06/11/2024 05:30:00;0.0;0.0
06/11/2024 06:00:00;0.0;0.0
06/11/2024 06:30:00;0.0;0.0
06/11/2024 07:00:00;514.693314249857;1246.872115091718
06/11/2024 07:30:00;1494.6203707837494;2615.27100991759
06/11/2024 08:00:00;2474.547427317642;3983.669904743462
06/11/2024 08:30:00;5855.9081573609865;7878.359889256884
06/11/2024 09:00:00;9237.268887404332;11773.049873770307
06/11/2024 09:30:00;6999.309589973895;8547.805427626186
06/11/2024 10:00:00;4761.350292543457;5322.560981482066
06/11/2024 10:30:00;7735.505957418262;8341.543897845639
06/11/2024 11:00:00;10709.66162229307;11360.52681420921
06/11/2024 11:30:00;8991.24258475613;9538.546140529876
06/11/2024 12:00:00;7272.823547219189;7716.565466850542
06/11/2024 12:30:00;4069.4458009431155;4322.055994289009
06/11/2024 13:00:00;866.0680546670422;927.5465217274761
06/11/2024 13:30:00;6830.618411244764;7475.246182151261
06/11/2024 14:00:00;12795.168767822486;14022.945842575045
06/11/2024 14:30:00;8996.05602599548;10032.905005640541
06/11/2024 15:00:00;5196.943284168473;6042.864168706037
06/11/2024 15:30:00;2598.4716420842365;3021.4320843530186
06/11/2024 16:00:00;0.0;0.0
06/11/2024 16:30:00;64.60330536049534;156.92790153596837
06/11/2024 17:00:00;0.0;0.0
06/11/2024 17:30:00;0.0;0.0
06/11/2024 18:00:00;0.0;0.0
06/11/2024 18:30:00;0.0;0.0
06/11/2024 19:00:00;0.0;0.0
06/11/2024 19:30:00;0.0;0.0
06/11/2024 20:00:00;0.0;0.0
06/11/2024 20:30:00;0.0;0.0
06/11/2024 21:00:00;0.0;0.0
06/11/2024 21:30:00;0.0;0.0
06/11/2024 22:00:00;0.0;0.0
06/11/2024 22:30:00;0.0;0.0
06/11/2024 23:00:00;0.0;0.0
06/11/2024 23:30:00;0.0;0.0
07/11/2024 00:00:00;0.0;0.0
07/11/2024 00:30:00;0.0;0.0
07/11/2024 01:00:00;0.0;0.0
07/11/2024 01:30:00;0.0;0.0
07/11/2024 02:00:00;0.0;0.0
07/11/2024 02:30:00;0.0;0.0
07/11/2024 03:00:00;0.0;0.0
07/11/2024 03:30:00;0.0;0.0
07/11/2024 04:00:00;0.0;0.0
07/11/2024 04:30:00;0.0;0.0
07/11/2024 05:00:00;0.0;0.0
07/11/2024 05:30:00;0.0;0.0
07/11/2024 06:00:00;0.0;0.0
07/11/2024 06:30:00;0.0;0.0
07/11/2024 07:00:00;1938.0991608148602;4707.837046079052
07/11/2024 07:30:00;2375.495175033801;4622.364321679733
07/11/2024 08:00:00;2812.8911892527417;4536.891597280413
07/11/2024 08:30:00;2235.5177318557403;3327.1746564125892
07/11/2024 09:00:00;1658.1442744587393;2117.4577155447646
07/11/2024 09:30:00;3728.395194889148;4305.536516856306
07/11/2024 10:00:00;5798.646115319557;6493.615318167848
07/11/2024 10:30:00;3552.8693684309324;3941.3924407568347
07/11/2024 11:00:00;1307.0926215423085;1389.169563345821
07/11/2024 11:30:00;13848.03597965054;14719.752410119176
07/11/2024 12:00:00;26388.97933775877;28050.335256892533
07/11/2024 12:30:00;15246.732069400226;16227.663701918838
07/11/2024 13:00:00;4104.484801041683;4404.992146945144
07/11/2024 13:30:00;2564.3831606844724;2765.4076798002025
07/11/2024 14:00:00;1024.2815203272623;1125.8232126552607
07/11/2024 14:30:00;1651.963161590324;1894.1174054438293
07/11/2024 15:00:00;2279.6448028533855;2662.4115982323983
07/11/2024 15:30:00;1139.8224014266927;1331.2057991161992
07/11/2024 16:00:00;0.0;0.0
07/11/2024 16:30:00;10.866572120533448;26.460563264044673
07/11/2024 17:00:00;0.0;0.0
07/11/2024 17:30:00;0.0;0.0
07/11/2024 18:00:00;0.0;0.0
07/11/2024 18:30:00;0.0;0.0
07/11/2024 19:00:00;0.0;0.0
07/11/2024 19:30:00;0.0;0.0
07/11/2024 20:00:00;0.0;0.0
07/11/2024 20:30:00;0.0;0.0
07/11/2024 21:00:00;0.0;0.0
07/11/2024 21:30:00;0.0;0.0
07/11/2024 22:00:00;0.0;0.0
07/11/2024 22:30:00;0.0;0.0
07/11/2024 23:00:00;0.0;0.0
07/11/2024 23:30:00;0.0;0.0
08/11/2024 00:00:00;0.0;0.0
08/11/2024 00:30:00;0.0;0.0
08/11/2024 01:00:00;0.0;0.0
08/11/2024 01:30:00;0.0;0.0
08/11/2024 02:00:00;0.0;0.0
08/11/2024 02:30:00;0.0;0.0
08/11/2024 03:00:00;0.0;0.0
08/11/2024 03:30:00;0.0;0.0
08/11/2024 04:00:00;0.0;0.0
08/11/2024 04:30:00;0.0;0.0
08/11/2024 05:00:00;0.0;0.0
08/11/2024 05:30:00;0.0;0.0
08/11/2024 06:00:00;0.0;0.0
08/11/2024 06:30:00;0.0;0.0
08/11/2024 07:00:00;325.9971636160034;793.8168979213402
08/11/2024 07:30:00;4948.455226128047;8134.984017697268
08/11/2024 08:00:00;9570.913288640091;15476.151137473196
08/11/2024 08:30:00;14004.236729108714;19533.28115728706
08/11/2024 09:00:00;18437.560169577337;23590.411177100923
08/11/2024 09:30:00;13934.445761959056;17085.652386807604
08/11/2024 10:00:00;9431.331354340777;10580.893596514283
08/11/2024 10:30:00;19611.06114773214;21150.365937286522
08/11/2024 11:00:00;29790.790941123498;31719.838278058756
08/11/2024 11:30:00;29332.641190569197;31235.294412333285
08/11/2024 12:00:00;28874.491440014895;30750.75054660782
08/11/2024 12:30:00;25201.0111597796;26949.8053013312
08/11/2024 13:00:00;21527.530879544294;23148.860056054582
08/11/2024 13:30:00;17222.97660522135;18694.731678091994
08/11/2024 14:00:00;12918.4223308984;14240.603300129405
08/11/2024 14:30:00;8900.099130779057;9983.597103114655
08/11/2024 15:00:00;4881.775930659716;5726.590906099904
08/11/2024 15:30:00;2440.887965329858;2863.295453049952
08/11/2024 16:00:00;0.0;0.0
08/11/2024 16:30:00;2.7070931382654706;6.611470281652468
08/11/2024 17:00:00;0.0;0.0
08/11/2024 17:30:00;0.0;0.0
08/11/2024 18:00:00;0.0;0.0
08/11/2024 18:30:00;0.0;0.0
08/11/2024 19:00:00;0.0;0.0
08/11/2024 19:30:00;0.0;0.0
08/11/2024 20:00:00;0.0;0.0
08/11/2024 20:30:00;0.0;0.0
08/11/2024 21:00:00;0.0;0.0
08/11/2024 21:30:00;0.0;0.0
08/11/2024 22:00:00;0.0;0.0
08/11/2024 22:30:00;0.0;0.0
08/11/2024 23:00:00;0.0;0.0
08/11/2024 23:30:00;0.0;0.0
09/11/2024 00:00:00;0.0;0.0
09/11/2024 00:30:00;0.0;0.0
09/11/2024 01:00:00;0.0;0.0
09/11/2024 01:30:00;0.0;0.0
09/11/2024 02:00:00;0.0;0.0
09/11/2024 02:30:00;0.0;0.0
09/11/2024 03:00:00;0.0;0.0
09/11/2024 03:30:00;0.0;0.0
09/11/2024 04:00:00;0.0;0.0
09/11/2024 04:30:00;0.0;0.0
09/11/2024 05:00:00;0.0;0.0
09/11/2024 05:30:00;0.0;0.0
09/11/2024 06:00:00;0.0;0.0
09/11/2024 06:30:00;0.0;0.0
09/11/2024 07:00:00;81.21279414796412;198.34410844957407
09/11/2024 07:30:00;692.9616092464337;1156.7268021083648
09/11/2024 08:00:00;1304.7104243449035;2115.1094957671557
09/11/2024 08:30:00;4232.55548078715;5647.202932960764
09/11/2024 09:00:00;7160.400537229397;9179.29637015437
09/11/2024 09:30:00;4418.980314903934;5532.27203606556
09/11/2024 10:00:00;1677.5600925784727;1885.2477019767484
09/11/2024 10:30:00;3991.6085915434965;4305.631076672543
09/11/2024 11:00:00;6305.657090508521;6726.014451368337
09/11/2024 11:30:00;6189.898960142783;6603.3836533214635
09/11/2024 12:00:00;6074.140829777045;6480.752855274588
09/11/2024 12:30:00;4204.611895754359;4498.397462531804
09/11/2024 13:00:00;2335.082961731673;2516.0420697890195
09/11/2024 13:30:00;2410.0312445602494;2631.511455587063
09/11/2024 14:00:00;2484.9795273888258;2746.9808413851065
09/11/2024 14:30:00;1755.1441063966377;1977.4085942922814
09/11/2024 15:00:00;1025.3086854044495;1207.8363471994562
09/11/2024 15:30:00;512.6543427022248;603.9181735997281
09/11/2024 16:00:00;0.0;0.0
09/11/2024 16:30:00;70.90005396303245;173.62773594492256
09/11/2024 17:00:00;0.0;0.0
09/11/2024 17:30:00;0.0;0.0
09/11/2024 18:00:00;0.0;0.0
09/11/2024 18:30:00;0.0;0.0
09/11/2024 19:00:00;0.0;0.0
09/11/2024 19:30:00;0.0;0.0
09/11/2024 20:00:00;0.0;0.0
09/11/2024 20:30:00;0.0;0.0
09/11/2024 21:00:00;0.0;0.0
09/11/2024 21:30:00;0.0;0.0
09/11/2024 22:00:00;0.0;0.0
09/11/2024 22:30:00;0.0;0.0
09/11/2024 23:00:00;0.0;0.0
09/11/2024 23:30:00;0.0;0.0
10/11/2024 00:00:00;0.0;0.0
10/11/2024 00:30:00;0.0;0.0
10/11/2024 01:00:00;0.0;0.0
10/11/2024 01:30:00;0.0;0.0
10/11/2024 02:00:00;0.0;0.0
10/11/2024 02:30:00;0.0;0.0
10/11/2024 03:00:00;0.0;0.0
10/11/2024 03:30:00;0.0;0.0
10/11/2024 04:00:00;0.0;0.0
10/11/2024 04:30:00;0.0;0.0
10/11/2024 05:00:00;0.0;0.0
10/11/2024 05:30:00;0.0;0.0
10/11/2024 06:00:00;0.0;0.0
10/11/2024 06:30:00;0.0;0.0
10/11/2024 07:00:00;2127.0016188909735;5208.8320783476765
10/11/2024 07:30:00;2627.191115079266;5145.851165237556
10/11/2024 08:00:00;3127.3806112675584;5082.870252127436
10/11/2024 08:30:00;11330.846264827147;15087.813630673825
10/11/2024 09:00:00;19534.31191838674;25092.75700922021
10/11/2024 09:30:00;13422.274214803649;16661.39898265963
10/11/2024 10:00:00;7310.236511220562;8230.040956099041
10/11/2024 10:30:00;11804.4445317185;12823.233972111522
10/11/2024 11:00:00;16298.652552216436;17416.426988124003
10/11/2024 11:30:00;9715.460965657821;10382.162175351594
10/11/2024 12:00:00;3132.2693790992084;3347.897362579182
10/11/2024 12:30:00;2648.5507548910423;2842.4531546640387
10/11/2024 13:00:00;2164.832130682876;2337.0089467488956
10/11/2024 13:30:00;2978.555403198294;3270.4764352719726
10/11/2024 14:00:00;3792.2786757137114;4203.94392379505
10/11/2024 14:30:00;4434.287630696083;5104.606798735648
10/11/2024 15:00:00;5076.296585678455;6005.2696736762455
10/11/2024 15:30:00;4950.317406350081;5897.8339203315245
10/11/2024 16:00:00;0.0;0.0
10/11/2024 16:30:00;0.0;0.0
10/11/2024 17:00:00;0.0;0.0
10/11/2024 17:30:00;0.0;0.0
10/11/2024 18:00:00;0.0;0.0
10/11/2024 18:30:00;0.0;0.0
10/11/2024 19:00:00;0.0;0.0
10/11/2024 19:30:00;0.0;0.0
10/11/2024 20:00:00;0.0;0.0
10/11/2024 20:30:00;0.0;0.0
10/11/2024 21:00:00;0.0;0.0
10/11/2024 21:30:00;0.0;0.0
10/11/2024 22:00:00;0.0;0.0
10/11/2024 22:30:00;0.0;0.0
10/11/2024 23:00:00;0.0;0.0
10/11/2024 23:30:00;0.0;0.0
11/11/2024 00:00:00;0.0;0.0
11/11/2024 00:30:00;0.0;0.0
11/11/2024 01:00:00;0.0;0.0
11/11/2024 01:30:00;0.0;0.0
11/11/2024 02:00:00;0.0;0.0
11/11/2024 02:30:00;0.0;0.0
11/11/2024 03:00:00;0.0;0.0
11/11/2024 03:30:00;0.0;0.0
11/11/2024 04:00:00;0.0;0.0
11/11/2024 04:30:00;0.0;0.0
11/11/2024 05:00:00;0.0;0.0
11/11/2024 05:30:00;0.0;0.0
11/11/2024 06:00:00;0.0;0.0
11/11/2024 06:30:00;0.0;0.0
11/11/2024 07:00:00;1044.9628471704798;2567.325566645174
11/11/2024 07:30:00;3319.767566787752;5842.302317510182
11/11/2024 08:00:00;5594.572286405025;9117.279068375188
11/11/2024 08:30:00;5058.829238432992;7469.282565224463
11/11/2024 09:00:00;4523.086190460958;5821.286062073737
11/11/2024 09:30:00;8793.316755186223;10276.997439753835
11/11/2024 10:00:00;13063.547319911488;14732.70881743393
11/11/2024 10:30:00;8447.76190679377;9417.451921936974
11/11/2024 11:00:00;3831.9764936760525;4102.195026440018
11/11/2024 11:30:00;10487.404008420595;11228.910784634461
11/11/2024 12:00:00;17142.831523165136;18355.6265428289
11/11/2024 12:30:00;9319.709608141764;9987.151019245928
11/11/2024 13:00:00;1496.587693118393;1618.675495662956
11/11/2024 13:30:00;2999.152270112097;3311.264177906791
11/11/2024 14:00:00;4501.716847105801;5003.852860150625
11/11/2024 14:30:00;2809.012838087852;3165.0041383380367
11/11/2024 15:00:00;1116.3088290699022;1326.1554165254481
11/11/2024 15:30:00;1086.8770823558204;1298.1498000123347
11/11/2024 16:00:00;0.0;0.0
11/11/2024 16:30:00;0.0;0.0
11/11/2024 17:00:00;0.0;0.0
11/11/2024 17:30:00;0.0;0.0
11/11/2024 18:00:00;0.0;0.0
11/11/2024 18:30:00;0.0;0.0
11/11/2024 19:00:00;0.0;0.0
11/11/2024 19:30:00;0.0;0.0
11/11/2024 20:00:00;0.0;0.0
11/11/2024 20:30:00;0.0;0.0
11/11/2024 21:00:00;0.0;0.0
11/11/2024 21:30:00;0.0;0.0
11/11/2024 22:00:00;0.0;0.0
11/11/2024 22:30:00;0.0;0.0
11/11/2024 23:00:00;0.0;0.0
11/11/2024 23:30:00;0.0;0.0
12/11/2024 00:00:00;0.0;0.0
12/11/2024 00:30:00;0.0;0.0
12/11/2024 01:00:00;0.0;0.0
12/11/2024 01:30:00;0.0;0.0
12/11/2024 02:00:00;0.0;0.0
12/11/2024 02:30:00;0.0;0.0
12/11/2024 03:00:00;0.0;0.0
12/11/2024 03:30:00;0.0;0.0
12/11/2024 04:00:00;0.0;0.0
12/11/2024 04:30:00;0.0;0.0
12/11/2024 05:00:00;0.0;0.0
12/11/2024 05:30:00;0.0;0.0
12/11/2024 06:00:00;0.0;0.0
12/11/2024 06:30:00;0.0;0.0
12/11/2024 07:00:00;174.49293421928596;429.97568810581737
12/11/2024 07:30:00;380.60574292726085;694.4226772513958
12/11/2024 08:00:00;586.7185516352356;958.8696663969744
12/11/2024 08:30:00;1344.377916581665;1834.8335274701199
12/11/2024 09:00:00;2102.0372815280944;2710.7973885432657
12/11/2024 09:30:00;1796.8777426798415;2198.3224259367885
12/11/2024 10:00:00;1491.7182038315887;1685.847463330311
12/11/2024 10:30:00;1656.0725486324345;1819.0179840220883
12/11/2024 11:00:00;1820.4268934332804;1952.1885047138653
12/11/2024 11:30:00;1440.520190647367;1544.8954500449602
12/11/2024 12:00:00;1060.6134878614532;1137.6023953760548
12/11/2024 12:30:00;1249.7341813711394;1348.4722448217597
12/11/2024 13:00:00;1438.8548748808255;1559.3420942674645
12/11/2024 13:30:00;1146.9558937765844;1256.1794385857456
12/11/2024 14:00:00;855.0569126723433;953.0167829040267
12/11/2024 14:30:00;486.8217103189462;547.2608937412095
12/11/2024 15:00:00;118.58650796554913;141.50500457839223
12/11/2024 15:30:00;121.98393491854982;154.64309086367945
12/11/2024 16:00:00;0.0;0.0
12/11/2024 16:30:00;0.0;0.0
12/11/2024 17:00:00;0.0;0.0
12/11/2024 17:30:00;0.0;0.0
12/11/2024 18:00:00;0.0;0.0
12/11/2024 18:30:00;0.0;0.0
12/11/2024 19:00:00;0.0;0.0
12/11/2024 19:30:00;0.0;0.0
12/11/2024 20:00:00;0.0;0.0
12/11/2024 20:30:00;0.0;0.0
12/11/2024 21:00:00;0.0;0.0
12/11/2024 21:30:00;0.0;0.0
12/11/2024 22:00:00;0.0;0.0
12/11/2024 22:30:00;0.0;0.0
12/11/2024 23:00:00;0.0;0.0
12/11/2024 23:30:00;0.0;0.0
13/11/2024 00:00:00;0.0;0.0
13/11/2024 00:30:00;0.0;0.0
13/11/2024 01:00:00;0.0;0.0
13/11/2024 01:30:00;0.0;0.0
13/11/2024 02:00:00;0.0;0.0
13/11/2024 02:30:00;0.0;0.0
13/11/2024 03:00:00;0.0;0.0
13/11/2024 03:30:00;0.0;0.0
13/11/2024 04:00:00;0.0;0.0
13/11/2024 04:30:00;0.0;0.0
13/11/2024 05:00:00;0.0;0.0
13/11/2024 05:30:00;0.0;0.0
13/11/2024 06:00:00;0.0;0.0
13/11/2024 06:30:00;0.0;0.0
13/11/2024 07:00:00;227.30417046157078;561.9237657075835
13/11/2024 07:30:00;709.0011248281388;1256.7027017298315
13/11/2024 08:00:00;1190.698079194707;1951.4816377520792
13/11/2024 08:30:00;1004.6067732147216;1504.584338852706
13/11/2024 09:00:00;818.5154672347361;1057.6870399533325
13/11/2024 09:30:00;2775.2997142985596;3208.4316864633215
13/11/2024 10:00:00;4732.083961362382;5359.176332973311
13/11/2024 10:30:00;3413.1477621872637;3804.4652718222133
13/11/2024 11:00:00;2094.211563012145;2249.754210671115
13/11/2024 11:30:00;2363.282466362044;2539.0337557809476
13/11/2024 12:00:00;2632.3533697119433;2828.3133008907807
13/11/2024 12:30:00;2103.678192431474;2269.5287977480434
13/11/2024 13:00:00;1575.0030151510045;1710.744294605306
13/11/2024 13:30:00;1295.1943890084704;1422.696694541915
13/11/2024 14:00:00;1015.385762865936;1134.6490944785235
13/11/2024 14:30:00;668.5389916387325;760.1073987031006
13/11/2024 15:00:00;321.6922204115289;385.5657029276777
13/11/2024 15:30:00;348.891469736882;465.9077040613932
13/11/2024 16:00:00;0.0;0.0
13/11/2024 16:30:00;0.0;0.0
13/11/2024 17:00:00;0.0;0.0
13/11/2024 17:30:00;0.0;0.0
13/11/2024 18:00:00;0.0;0.0
13/11/2024 18:30:00;0.0;0.0
13/11/2024 19:00:00;0.0;0.0
13/11/2024 19:30:00;0.0;0.0
13/11/2024 20:00:00;0.0;0.0
13/11/2024 20:30:00;0.0;0.0
13/11/2024 21:00:00;0.0;0.0
13/11/2024 21:30:00;0.0;0.0
13/11/2024 22:00:00;0.0;0.0
13/11/2024 22:30:00;0.0;0.0
13/11/2024 23:00:00;0.0;0.0
13/11/2024 23:30:00;0.0;0.0
14/11/2024 00:00:00;0.0;0.0
14/11/2024 00:30:00;0.0;0.0
14/11/2024 01:00:00;0.0;0.0
14/11/2024 01:30:00;0.0;0.0
14/11/2024 02:00:00;0.0;0.0
14/11/2024 02:30:00;0.0;0.0
14/11/2024 03:00:00;0.0;0.0
14/11/2024 03:30:00;0.0;0.0
14/11/2024 04:00:00;0.0;0.0
14/11/2024 04:30:00;0.0;0.0
14/11/2024 05:00:00;0.0;0.0
14/11/2024 05:30:00;0.0;0.0
14/11/2024 06:00:00;0.0;0.0
14/11/2024 06:30:00;0.0;0.0
14/11/2024 07:00:00;1192.0681988228275;2956.509739206574
14/11/2024 07:30:00;1326.3080816743932;2678.32684861691
14/11/2024 08:00:00;1460.547964525959;2400.143958027245
14/11/2024 08:30:00;2442.9489507246135;3418.413271061154
14/11/2024 09:00:00;3425.3499369232677;4436.682584095062
14/11/2024 09:30:00;2776.3647677646313;3425.5326893983233
14/11/2024 10:00:00;2127.379598605995;2414.3827947015834
14/11/2024 10:30:00;2754.316052795032;3026.4604971200547
14/11/2024 11:00:00;3381.2525069840704;3638.5381995385264
14/11/2024 11:30:00;2400.505674474442;2583.2645342337837
14/11/2024 12:00:00;1419.7588419648143;1527.990868929041
14/11/2024 12:30:00;1510.1255252807005;1635.1101822077503
14/11/2024 13:00:00;1600.4922085965868;1742.2294954864594
14/11/2024 13:30:00;1122.982800573983;1232.664350259506
14/11/2024 14:00:00;645.4733925513792;723.0992050325524
14/11/2024 14:30:00;666.3883265774388;775.1638820929044
14/11/2024 15:00:00;687.3032606034984;827.2285591532562
14/11/2024 15:30:00;676.7676696923121;828.6054824274286
14/11/2024 16:00:00;0.0;0.0
14/11/2024 16:30:00;0.0;0.0
14/11/2024 17:00:00;0.0;0.0
14/11/2024 17:30:00;0.0;0.0
14/11/2024 18:00:00;0.0;0.0
14/11/2024 18:30:00;0.0;0.0
14/11/2024 19:00:00;0.0;0.0
14/11/2024 19:30:00;0.0;0.0
14/11/2024 20:00:00;0.0;0.0
14/11/2024 20:30:00;0.0;0.0
14/11/2024 21:00:00;0.0;0.0
14/11/2024 21:30:00;0.0;0.0
14/11/2024 22:00:00;0.0;0.0
14/11/2024 22:30:00;0.0;0.0
14/11/2024 23:00:00;0.0;0.0
14/11/2024 23:30:00;0.0;0.0
15/11/2024 00:00:00;0.0;0.0
15/11/2024 00:30:00;0.0;0.0
15/11/2024 01:00:00;0.0;0.0
15/11/2024 01:30:00;0.0;0.0
15/11/2024 02:00:00;0.0;0.0
15/11/2024 02:30:00;0.0;0.0
15/11/2024 03:00:00;0.0;0.0
15/11/2024 03:30:00;0.0;0.0
15/11/2024 04:00:00;0.0;0.0
15/11/2024 04:30:00;0.0;0.0
15/11/2024 05:00:00;0.0;0.0
15/11/2024 05:30:00;0.0;0.0
15/11/2024 06:00:00;0.0;0.0
15/11/2024 06:30:00;0.0;0.0
15/11/2024 07:00:00;350.16435144554015;871.2901039267715
15/11/2024 07:30:00;3488.050302121224;5895.2326626279455
15/11/2024 08:00:00;6625.936252796908;10919.17522132912
15/11/2024 08:30:00;8507.892049134807;12204.351692137314
15/11/2024 09:00:00;10389.847845472706;13489.52816294551
15/11/2024 09:30:00;8247.55218691354;10216.699273566492
15/11/2024 10:00:00;6105.256528354373;6943.870384187475
15/11/2024 10:30:00;13864.421839341156;15125.535864804777
15/11/2024 11:00:00;21623.587150327934;23307.20134542208
15/11/2024 11:30:00;20461.82325974787;22055.925910899936
15/11/2024 12:00:00;19300.059369167804;20804.650476377796
15/11/2024 12:30:00;19015.264587696187;20619.081624903472
15/11/2024 13:00:00;18730.469806224566;20433.512773429153
15/11/2024 13:30:00;12045.16254769362;13226.511605141313
15/11/2024 14:00:00;5359.855289162673;6019.510436853474
15/11/2024 14:30:00;4319.7510787855945;4991.746893838982
15/11/2024 15:00:00;3279.6468684085166;3963.983350824489
15/11/2024 15:30:00;3190.9753326855875;3874.6194150997007
15/11/2024 16:00:00;0.0;0.0
15/11/2024 16:30:00;0.0;0.0
15/11/2024 17:00:00;0.0;0.0
15/11/2024 17:30:00;0.0;0.0
15/11/2024 18:00:00;0.0;0.0
15/11/2024 18:30:00;0.0;0.0
15/11/2024 19:00:00;0.0;0.0
15/11/2024 19:30:00;0.0;0.0
15/11/2024 20:00:00;0.0;0.0
15/11/2024 20:30:00;0.0;0.0
15/11/2024 21:00:00;0.0;0.0
15/11/2024 21:30:00;0.0;0.0
15/11/2024 22:00:00;0.0;0.0
15/11/2024 22:30:00;0.0;0.0
15/11/2024 23:00:00;0.0;0.0
15/11/2024 23:30:00;0.0;0.0
16/11/2024 00:00:00;0.0;0.0
16/11/2024 00:30:00;0.0;0.0
16/11/2024 01:00:00;0.0;0.0
16/11/2024 01:30:00;0.0;0.0
16/11/2024 02:00:00;0.0;0.0
16/11/2024 02:30:00;0.0;0.0
16/11/2024 03:00:00;0.0;0.0
16/11/2024 03:30:00;0.0;0.0
16/11/2024 04:00:00;0.0;0.0
16/11/2024 04:30:00;0.0;0.0
16/11/2024 05:00:00;0.0;0.0
16/11/2024 05:30:00;0.0;0.0
16/11/2024 06:00:00;0.0;0.0
16/11/2024 06:30:00;0.0;0.0
16/11/2024 07:00:00;442.15772527479044;1104.3374076312643
16/11/2024 07:30:00;888.2592884547221;1654.7071524351647
16/11/2024 08:00:00;1334.3608516346537;2205.076897239065
16/11/2024 08:30:00;1276.8201179951611;1896.0166908010067
16/11/2024 09:00:00;1219.2793843556683;1586.9564843629482
16/11/2024 09:30:00;3371.2131456823936;3940.899516262247
16/11/2024 10:00:00;5523.146907009119;6294.842548161546
16/11/2024 10:30:00;5968.494981746305;6609.7631041287905
16/11/2024 11:00:00;6413.843056483492;6924.683660096036
16/11/2024 11:30:00;4757.969398358138;5136.9978201264
16/11/2024 12:00:00;3102.0957402327854;3349.3119801567664
16/11/2024 12:30:00;2280.2474497822905;2471.827503695722
16/11/2024 13:00:00;1458.3991593317953;1594.3430272346775
16/11/2024 13:30:00;1620.9986813903267;1801.1152766017005
16/11/2024 14:00:00;1783.598203448858;2007.8875259687238
16/11/2024 14:30:00;959.3493007983211;1085.9165619126743
16/11/2024 15:00:00;135.10039814778423;163.94559785662472
16/11/2024 15:30:00;148.32409575571364;202.56274214133845
16/11/2024 16:00:00;0.0;0.0
16/11/2024 16:30:00;0.0;0.0
16/11/2024 17:00:00;0.0;0.0
16/11/2024 17:30:00;0.0;0.0
16/11/2024 18:00:00;0.0;0.0
16/11/2024 18:30:00;0.0;0.0
16/11/2024 19:00:00;0.0;0.0
16/11/2024 19:30:00;0.0;0.0
16/11/2024 20:00:00;0.0;0.0
16/11/2024 20:30:00;0.0;0.0
16/11/2024 21:00:00;0.0;0.0
16/11/2024 21:30:00;0.0;0.0
16/11/2024 22:00:00;0.0;0.0
16/11/2024 22:30:00;0.0;0.0
16/11/2024 23:00:00;0.0;0.0
16/11/2024 23:30:00;0.0;0.0
17/11/2024 00:00:00;0.0;0.0
17/11/2024 00:30:00;0.0;0.0
17/11/2024 01:00:00;0.0;0.0
17/11/2024 01:30:00;0.0;0.0
17/11/2024 02:00:00;0.0;0.0
17/11/2024 02:30:00;0.0;0.0
17/11/2024 03:00:00;0.0;0.0
17/11/2024 03:30:00;0.0;0.0
17/11/2024 04:00:00;0.0;0.0
17/11/2024 04:30:00;0.0;0.0
17/11/2024 05:00:00;0.0;0.0
17/11/2024 05:30:00;0.0;0.0
17/11/2024 06:00:00;0.0;0.0
17/11/2024 06:30:00;0.0;0.0
17/11/2024 07:00:00;558.2587216015258;1399.6942149674633
17/11/2024 07:30:00;1664.692412685115;2995.926154727007
17/11/2024 08:00:00;2771.1261037687036;4592.158094486551
17/11/2024 08:30:00;4619.371772630782;6515.3605973003905
17/11/2024 09:00:00;6467.61744149286;8438.56310011423
17/11/2024 09:30:00;6359.30174864263;7789.038713472948
17/11/2024 10:00:00;6250.986055792399;7139.514326831665
17/11/2024 10:30:00;5772.70745028046;6432.559528927107
17/11/2024 11:00:00;5294.42884476852;5725.6047310225495
17/11/2024 11:30:00;5090.557087269757;5505.116085108948
17/11/2024 12:00:00;4886.685329770994;5284.627439195345
17/11/2024 12:30:00;4687.868843676972;5101.21649762284
17/11/2024 13:00:00;4489.052357582949;4917.805556050334
17/11/2024 13:30:00;2439.8310197800615;2679.2785942727373
17/11/2024 14:00:00;390.6096819771744;440.75163249513986
17/11/2024 14:30:00;933.9800649467153;1120.1503065484774
17/11/2024 15:00:00;1477.3504479162561;1799.5489806018152
17/11/2024 15:30:00;1441.1947625111532;1768.5116696331531
17/11/2024 16:00:00;0.0;0.0
17/11/2024 16:30:00;0.0;0.0
17/11/2024 17:00:00;0.0;0.0
17/11/2024 17:30:00;0.0;0.0
17/11/2024 18:00:00;0.0;0.0
17/11/2024 18:30:00;0.0;0.0
17/11/2024 19:00:00;0.0;0.0
17/11/2024 19:30:00;0.0;0.0
17/11/2024 20:00:00;0.0;0.0
17/11/2024 20:30:00;0.0;0.0
17/11/2024 21:00:00;0.0;0.0
17/11/2024 21:30:00;0.0;0.0
17/11/2024 22:00:00;0.0;0.0
17/11/2024 22:30:00;0.0;0.0
17/11/2024 23:00:00;0.0;0.0
17/11/2024 23:30:00;0.0;0.0
18/11/2024 00:00:00;0.0;0.0
18/11/2024 00:30:00;0.0;0.0
18/11/2024 01:00:00;0.0;0.0
18/11/2024 01:30:00;0.0;0.0
18/11/2024 02:00:00;0.0;0.0
18/11/2024 02:30:00;0.0;0.0
18/11/2024 03:00:00;0.0;0.0
18/11/2024 03:30:00;0.0;0.0
18/11/2024 04:00:00;0.0;0.0
18/11/2024 04:30:00;0.0;0.0
18/11/2024 05:00:00;0.0;0.0
18/11/2024 05:30:00;0.0;0.0
18/11/2024 06:00:00;0.0;0.0
18/11/2024 06:30:00;0.0;0.0
18/11/2024 07:00:00;320.36851495295576;806.3550296046338
18/11/2024 07:30:00;795.1282716798453;1458.4632697943748
18/11/2024 08:00:00;1269.8880284067347;2110.5715099841154
18/11/2024 08:30:00;2937.3897767267454;4066.750964023114
18/11/2024 09:00:00;4604.891525046756;6022.930418062113
18/11/2024 09:30:00;3632.2391173030182;4533.379338511062
18/11/2024 10:00:00;2659.58670955928;3043.828258960011
18/11/2024 10:30:00;2443.9277526663564;2728.7098879103323
18/11/2024 11:00:00;2228.268795773433;2413.591516860653
18/11/2024 11:30:00;2615.412240528991;2832.7291699559287
18/11/2024 12:00:00;3002.5556852845484;3251.8668230512044
18/11/2024 12:30:00;4302.387941341781;4700.758663889736
18/11/2024 13:00:00;5602.220197399013;6149.650504728269
18/11/2024 13:30:00;3811.4730457739524;4217.9854702567245
18/11/2024 14:00:00;2020.7258941488922;2286.3204357851796
18/11/2024 14:30:00;1407.2807964238386;1628.476392629246
18/11/2024 15:00:00;793.8356986987852;970.6323494733122
18/11/2024 15:30:00;782.4055279116827;974.1099688414031
18/11/2024 16:00:00;0.0;0.0
18/11/2024 16:30:00;0.0;0.0
18/11/2024 17:00:00;0.0;0.0
18/11/2024 17:30:00;0.0;0.0
18/11/2024 18:00:00;0.0;0.0
18/11/2024 18:30:00;0.0;0.0
18/11/2024 19:00:00;0.0;0.0
18/11/2024 19:30:00;0.0;0.0
18/11/2024 20:00:00;0.0;0.0
18/11/2024 20:30:00;0.0;0.0
18/11/2024 21:00:00;0.0;0.0
18/11/2024 21:30:00;0.0;0.0
18/11/2024 22:00:00;0.0;0.0
18/11/2024 22:30:00;0.0;0.0
18/11/2024 23:00:00;0.0;0.0
18/11/2024 23:30:00;0.0;0.0
19/11/2024 00:00:00;0.0;0.0
19/11/2024 00:30:00;0.0;0.0
19/11/2024 01:00:00;0.0;0.0
19/11/2024 01:30:00;0.0;0.0
19/11/2024 02:00:00;0.0;0.0
19/11/2024 02:30:00;0.0;0.0
19/11/2024 03:00:00;0.0;0.0
19/11/2024 03:30:00;0.0;0.0
19/11/2024 04:00:00;0.0;0.0
19/11/2024 04:30:00;0.0;0.0
19/11/2024 05:00:00;0.0;0.0
19/11/2024 05:30:00;0.0;0.0
19/11/2024 06:00:00;0.0;0.0
19/11/2024 06:30:00;0.0;0.0
19/11/2024 07:00:00;428.07023351150747;1081.9161692522214
19/11/2024 07:30:00;936.6385473505043;1745.6433091458898
19/11/2024 08:00:00;1445.2068611895008;2409.370449039558
19/11/2024 08:30:00;2246.4367548642695;3202.4276011199618
19/11/2024 09:00:00;3047.6666485390383;3995.4847532003655
19/11/2024 09:30:00;2273.9345030959794;2858.009232564054
19/11/2024 10:00:00;1500.2023576529205;1720.5337119277428
19/11/2024 10:30:00;1801.3429083749963;2000.6896817416673
19/11/2024 11:00:00;2102.483459097072;2280.8456515555913
19/11/2024 11:30:00;3206.31048488097;3478.6660261849715
19/11/2024 12:00:00;4310.137510664868;4676.486400814351
19/11/2024 12:30:00;2936.4581011284135;3197.6393959640827
19/11/2024 13:00:00;1562.778691591959;1718.7923911138137
19/11/2024 13:30:00;5382.6185815514655;6078.759392026422
19/11/2024 14:00:00;9202.458471510972;10438.726392939028
19/11/2024 14:30:00;5642.846004299539;6497.493865079377
19/11/2024 15:00:00;2083.233537088106;2556.261337219727
19/11/2024 15:30:00;2035.2952120257044;2519.9349541633837
19/11/2024 16:00:00;0.0;0.0
19/11/2024 16:30:00;0.0;0.0
19/11/2024 17:00:00;0.0;0.0
19/11/2024 17:30:00;0.0;0.0
19/11/2024 18:00:00;0.0;0.0
19/11/2024 18:30:00;0.0;0.0
19/11/2024 19:00:00;0.0;0.0
19/11/2024 19:30:00;0.0;0.0
19/11/2024 20:00:00;0.0;0.0
19/11/2024 20:30:00;0.0;0.0
19/11/2024 21:00:00;0.0;0.0
19/11/2024 21:30:00;0.0;0.0
19/11/2024 22:00:00;0.0;0.0
19/11/2024 22:30:00;0.0;0.0
19/11/2024 23:00:00;0.0;0.0
19/11/2024 23:30:00;0.0;0.0
20/11/2024 00:00:00;0.0;0.0
20/11/2024 00:30:00;0.0;0.0
20/11/2024 01:00:00;0.0;0.0
20/11/2024 01:30:00;0.0;0.0
20/11/2024 02:00:00;0.0;0.0
20/11/2024 02:30:00;0.0;0.0
20/11/2024 03:00:00;0.0;0.0
20/11/2024 03:30:00;0.0;0.0
20/11/2024 04:00:00;0.0;0.0
20/11/2024 04:30:00;0.0;0.0
20/11/2024 05:00:00;0.0;0.0
20/11/2024 05:30:00;0.0;0.0
20/11/2024 06:00:00;0.0;0.0
20/11/2024 06:30:00;0.0;0.0
20/11/2024 07:00:00;549.2071350912572;1393.8170794167586
20/11/2024 07:30:00;1187.6823251371666;2223.5842885301668
20/11/2024 08:00:00;1826.1575151830764;3053.3514976435754
20/11/2024 08:30:00;2864.2748690395792;4091.140948734115
20/11/2024 09:00:00;3902.392222896082;5128.930399824655
20/11/2024 09:30:00;10988.968173434525;12950.40958344284
20/11/2024 10:00:00;18075.54412397297;20771.888767061027
20/11/2024 10:30:00;12826.393791538838;14503.58848116817
20/11/2024 11:00:00;7577.243459104708;8235.288195275314
20/11/2024 11:30:00;6226.717016473769;6767.829176061079
20/11/2024 12:00:00;4876.190573842829;5300.370156846844
20/11/2024 12:30:00;3918.4516738935718;4281.46341709099
20/11/2024 13:00:00;2960.712773944314;3262.556677335137
20/11/2024 13:30:00;3608.5846117065466;4051.363393500399
20/11/2024 14:00:00;4256.456449468779;4840.170109665661
20/11/2024 14:30:00;2579.705298509359;2975.9482929644787
20/11/2024 15:00:00;902.9541475499389;1111.7264762632967
20/11/2024 15:30:00;891.6349298191767;1120.0598916821589
20/11/2024 16:00:00;0.0;0.0
20/11/2024 16:30:00;0.0;0.0
20/11/2024 17:00:00;0.0;0.0
20/11/2024 17:30:00;0.0;0.0
20/11/2024 18:00:00;0.0;0.0
20/11/2024 18:30:00;0.0;0.0
20/11/2024 19:00:00;0.0;0.0
20/11/2024 19:30:00;0.0;0.0
20/11/2024 20:00:00;0.0;0.0
20/11/2024 20:30:00;0.0;0.0
20/11/2024 21:00:00;0.0;0.0
20/11/2024 21:30:00;0.0;0.0
20/11/2024 22:00:00;0.0;0.0
20/11/2024 22:30:00;0.0;0.0
20/11/2024 23:00:00;0.0;0.0
20/11/2024 23:30:00;0.0;0.0
21/11/2024 00:00:00;0.0;0.0
21/11/2024 00:30:00;0.0;0.0
21/11/2024 01:00:00;0.0;0.0
21/11/2024 01:30:00;0.0;0.0
21/11/2024 02:00:00;0.0;0.0
21/11/2024 02:30:00;0.0;0.0
21/11/2024 03:00:00;0.0;0.0
21/11/2024 03:30:00;0.0;0.0
21/11/2024 04:00:00;0.0;0.0
21/11/2024 04:30:00;0.0;0.0
21/11/2024 05:00:00;0.0;0.0
21/11/2024 05:30:00;0.0;0.0
21/11/2024 06:00:00;0.0;0.0
21/11/2024 06:30:00;0.0;0.0
21/11/2024 07:00:00;540.7391801655494;1378.3957696668876
21/11/2024 07:30:00;4433.040219783219;7669.571990632182
21/11/2024 08:00:00;8325.341259400888;13960.748211597478
21/11/2024 08:30:00;12267.48331821218;17658.516486153934
21/11/2024 09:00:00;16209.62537702347;21356.284760710394
21/11/2024 09:30:00;17650.180615982274;21669.97853709353
21/11/2024 10:00:00;19090.73585494108;21983.67231347667
21/11/2024 10:30:00;13027.468759474223;14783.247892181813
21/11/2024 11:00:00;6964.201664007367;7582.823470886953
21/11/2024 11:30:00;5648.37475828837;6150.267259649843
21/11/2024 12:00:00;4332.547852569373;4717.711048412733
21/11/2024 12:30:00;4231.344414966773;4638.643389546889
21/11/2024 13:00:00;4130.140977364171;4559.575730681044
21/11/2024 13:30:00;2660.680212129086;2958.7287482621173
21/11/2024 14:00:00;1191.219446894002;1357.8817658431915
21/11/2024 14:30:00;1044.5271341230937;1233.4999040972457
21/11/2024 15:00:00;897.8348213521854;1109.1180423513
21/11/2024 15:30:00;878.0071220277468;1095.523645304333
21/11/2024 16:00:00;0.0;0.0
21/11/2024 16:30:00;0.0;0.0
21/11/2024 17:00:00;0.0;0.0
21/11/2024 17:30:00;0.0;0.0
21/11/2024 18:00:00;0.0;0.0
21/11/2024 18:30:00;0.0;0.0
21/11/2024 19:00:00;0.0;0.0
21/11/2024 19:30:00;0.0;0.0
21/11/2024 20:00:00;0.0;0.0
21/11/2024 20:30:00;0.0;0.0
21/11/2024 21:00:00;0.0;0.0
21/11/2024 21:30:00;0.0;0.0
21/11/2024 22:00:00;0.0;0.0
21/11/2024 22:30:00;0.0;0.0
21/11/2024 23:00:00;0.0;0.0
21/11/2024 23:30:00;0.0;0.0
22/11/2024 00:00:00;0.0;0.0
22/11/2024 00:30:00;0.0;0.0
22/11/2024 01:00:00;0.0;0.0
22/11/2024 01:30:00;0.0;0.0
22/11/2024 02:00:00;0.0;0.0
22/11/2024 02:30:00;0.0;0.0
22/11/2024 03:00:00;0.0;0.0
22/11/2024 03:30:00;0.0;0.0
22/11/2024 04:00:00;0.0;0.0
22/11/2024 04:30:00;0.0;0.0
22/11/2024 05:00:00;0.0;0.0
22/11/2024 05:30:00;0.0;0.0
22/11/2024 06:00:00;0.0;0.0
22/11/2024 06:30:00;0.0;0.0
22/11/2024 07:00:00;263.3484429701514;674.0973368483683
22/11/2024 07:30:00;623.2593516240319;1164.0419913355577
22/11/2024 08:00:00;983.1702602779125;1653.9866458227475
22/11/2024 08:30:00;2294.3330373593712;3207.8502074009734
22/11/2024 09:00:00;3605.4958144408297;4761.7137689792
22/11/2024 09:30:00;9609.323169244797;11388.162561148081
22/11/2024 10:00:00;15613.150524048766;18014.611353316963
22/11/2024 10:30:00;10351.010304479025;11782.856151957438
22/11/2024 11:00:00;5088.870084909282;5551.100950597913
22/11/2024 11:30:00;3783.544934182164;4127.08723503456
22/11/2024 12:00:00;2478.219783455046;2703.073519471207
22/11/2024 12:30:00;3291.7089103276257;3621.52300642434
22/11/2024 13:00:00;4105.198037200206;4539.972493377472
22/11/2024 13:30:00;3157.2280599698747;3532.1005940570494
22/11/2024 14:00:00;2209.2580827395436;2524.228694736626
22/11/2024 14:30:00;1188.9642888266542;1366.6225458370395
22/11/2024 15:00:00;168.67049491376443;209.0163969374531
22/11/2024 15:30:00;176.85730711563585;237.09584593137154
22/11/2024 16:00:00;0.0;0.0
22/11/2024 16:30:00;0.0;0.0
22/11/2024 17:00:00;0.0;0.0
22/11/2024 17:30:00;0.0;0.0
22/11/2024 18:00:00;0.0;0.0
22/11/2024 18:30:00;0.0;0.0
22/11/2024 19:00:00;0.0;0.0
22/11/2024 19:30:00;0.0;0.0
22/11/2024 20:00:00;0.0;0.0
22/11/2024 20:30:00;0.0;0.0
22/11/2024 21:00:00;0.0;0.0
22/11/2024 21:30:00;0.0;0.0
22/11/2024 22:00:00;0.0;0.0
22/11/2024 22:30:00;0.0;0.0
22/11/2024 23:00:00;0.0;0.0
22/11/2024 23:30:00;0.0;0.0
23/11/2024 00:00:00;0.0;0.0
23/11/2024 00:30:00;0.0;0.0
23/11/2024 01:00:00;0.0;0.0
23/11/2024 01:30:00;0.0;0.0
23/11/2024 02:00:00;0.0;0.0
23/11/2024 02:30:00;0.0;0.0
23/11/2024 03:00:00;0.0;0.0
23/11/2024 03:30:00;0.0;0.0
23/11/2024 04:00:00;0.0;0.0
23/11/2024 04:30:00;0.0;0.0
23/11/2024 05:00:00;0.0;0.0
23/11/2024 05:30:00;0.0;0.0
23/11/2024 06:00:00;0.0;0.0
23/11/2024 06:30:00;0.0;0.0
23/11/2024 07:00:00;430.6484853736496;1107.5587647428426
23/11/2024 07:30:00;4661.297874425378;8054.966179689676
23/11/2024 08:00:00;8891.947263477106;15002.373594636509
23/11/2024 08:30:00;12588.49962919781;18280.51857947772
23/11/2024 09:00:00;16285.05199491851;21558.66356431893
23/11/2024 09:30:00;20288.711055283235;24821.45519079905
23/11/2024 10:00:00;24292.37011564796;28084.24681727917
23/11/2024 10:30:00;25304.648562284903;28420.917037128456
23/11/2024 11:00:00;26316.927008921848;28757.587256977742
23/11/2024 11:30:00;25893.75750991887;28292.974807719616
23/11/2024 12:00:00;25470.58801091589;27828.362358461487
23/11/2024 12:30:00;22447.241031869667;24672.554567905765
23/11/2024 13:00:00;19423.89405282344;21516.74677735004
23/11/2024 13:30:00;15245.746028149582;17095.846218655774
23/11/2024 14:00:00;11067.598003475725;12674.945659961506
23/11/2024 14:30:00;6397.816056491939;7411.508786636613
23/11/2024 15:00:00;1728.0341095081524;2148.071913311721
23/11/2024 15:30:00;1674.8337155134916;2083.0130048587143
23/11/2024 16:00:00;0.0;0.0
23/11/2024 16:30:00;0.0;0.0
23/11/2024 17:00:00;0.0;0.0
23/11/2024 17:30:00;0.0;0.0
23/11/2024 18:00:00;0.0;0.0
23/11/2024 18:30:00;0.0;0.0
23/11/2024 19:00:00;0.0;0.0
23/11/2024 19:30:00;0.0;0.0
23/11/2024 20:00:00;0.0;0.0
23/11/2024 20:30:00;0.0;0.0
23/11/2024 21:00:00;0.0;0.0
23/11/2024 21:30:00;0.0;0.0
23/11/2024 22:00:00;0.0;0.0
23/11/2024 22:30:00;0.0;0.0
23/11/2024 23:00:00;0.0;0.0
23/11/2024 23:30:00;0.0;0.0
24/11/2024 00:00:00;0.0;0.0
24/11/2024 00:30:00;0.0;0.0
24/11/2024 01:00:00;0.0;0.0
24/11/2024 01:30:00;0.0;0.0
24/11/2024 02:00:00;0.0;0.0
24/11/2024 02:30:00;0.0;0.0
24/11/2024 03:00:00;0.0;0.0
24/11/2024 03:30:00;0.0;0.0
24/11/2024 04:00:00;0.0;0.0
24/11/2024 04:30:00;0.0;0.0
24/11/2024 05:00:00;0.0;0.0
24/11/2024 05:30:00;0.0;0.0
24/11/2024 06:00:00;0.0;0.0
24/11/2024 06:30:00;0.0;0.0
24/11/2024 07:00:00;25.621501679010024;66.18684281550432
24/11/2024 07:30:00;2857.231244322304;4846.672590185116
24/11/2024 08:00:00;5688.840986965598;9627.158337554727
24/11/2024 08:30:00;4241.828554542823;6668.103129909271
24/11/2024 09:00:00;2794.81612212005;3709.0479222638132
24/11/2024 09:30:00;4246.708985362118;5154.976457489502
24/11/2024 10:00:00;5698.601848604186;6600.904992715189
24/11/2024 10:30:00;8337.973036945792;9308.313961791138
24/11/2024 11:00:00;10977.344225287396;12015.722930867085
24/11/2024 11:30:00;8869.663273382783;9707.748635881138
24/11/2024 12:00:00;6761.982321478169;7399.77434089519
24/11/2024 12:30:00;3844.5635460286567;4214.261153451063
24/11/2024 13:00:00;927.1447705791437;1028.7479660069364
24/11/2024 13:30:00;806.6239782049337;908.1036027544006
24/11/2024 14:00:00;686.1031858307238;787.4592395018649
24/11/2024 14:30:00;452.76750801811045;530.4860029357345
24/11/2024 15:00:00;219.43183020549705;273.51276636960404
24/11/2024 15:30:00;213.3714720034344;267.03389804710577
24/11/2024 16:00:00;0.0;0.0
24/11/2024 16:30:00;0.0;0.0
24/11/2024 17:00:00;0.0;0.0
24/11/2024 17:30:00;0.0;0.0
24/11/2024 18:00:00;0.0;0.0
24/11/2024 18:30:00;0.0;0.0
24/11/2024 19:00:00;0.0;0.0
24/11/2024 19:30:00;0.0;0.0
24/11/2024 20:00:00;0.0;0.0
24/11/2024 20:30:00;0.0;0.0
24/11/2024 21:00:00;0.0;0.0
24/11/2024 21:30:00;0.0;0.0
24/11/2024 22:00:00;0.0;0.0
24/11/2024 22:30:00;0.0;0.0
24/11/2024 23:00:00;0.0;0.0
24/11/2024 23:30:00;0.0;0.0
25/11/2024 00:00:00;0.0;0.0
25/11/2024 00:30:00;0.0;0.0
25/11/2024 01:00:00;0.0;0.0
25/11/2024 01:30:00;0.0;0.0
25/11/2024 02:00:00;0.0;0.0
25/11/2024 02:30:00;0.0;0.0
25/11/2024 03:00:00;0.0;0.0
25/11/2024 03:30:00;0.0;0.0
25/11/2024 04:00:00;0.0;0.0
25/11/2024 04:30:00;0.0;0.0
25/11/2024 05:00:00;0.0;0.0
25/11/2024 05:30:00;0.0;0.0
25/11/2024 06:00:00;0.0;0.0
25/11/2024 06:30:00;0.0;0.0
25/11/2024 07:00:00;25.50036773949201;66.18898004965871
25/11/2024 07:30:00;662.558007634154;1136.2910565337888
25/11/2024 08:00:00;1299.615647528816;2206.3931330179184
25/11/2024 08:30:00;8483.669096529862;11524.55321886542
25/11/2024 09:00:00;15667.722545530909;20842.713304712917
25/11/2024 09:30:00;17058.663701722482;21127.134369219002
25/11/2024 10:00:00;18449.604857914055;21411.555433725083
25/11/2024 10:30:00;16245.15198629641;18403.15773397613
25/11/2024 11:00:00;14040.699114678768;15394.760034227176
25/11/2024 11:30:00;9701.904826911494;10636.328500586502
25/11/2024 12:00:00;5363.110539144217;5877.8969669458265
25/11/2024 12:30:00;3594.5441016335176;3953.684669491103
25/11/2024 13:00:00;1825.977664122818;2029.472372036379
25/11/2024 13:30:00;1758.1535031625597;1986.7457829334255
25/11/2024 14:00:00;1690.3293422023014;1944.019193830472
25/11/2024 14:30:00;1065.980976404606;1247.9949162032308
25/11/2024 15:00:00;441.63261060691065;551.9706385759894
25/11/2024 15:30:00;429.81064255869205;539.8816591504572
25/11/2024 16:00:00;0.0;0.0
25/11/2024 16:30:00;0.0;0.0
25/11/2024 17:00:00;0.0;0.0
25/11/2024 17:30:00;0.0;0.0
25/11/2024 18:00:00;0.0;0.0
25/11/2024 18:30:00;0.0;0.0
25/11/2024 19:00:00;0.0;0.0
25/11/2024 19:30:00;0.0;0.0
25/11/2024 20:00:00;0.0;0.0
25/11/2024 20:30:00;0.0;0.0
25/11/2024 21:00:00;0.0;0.0
25/11/2024 21:30:00;0.0;0.0
25/11/2024 22:00:00;0.0;0.0
25/11/2024 22:30:00;0.0;0.0
25/11/2024 23:00:00;0.0;0.0
25/11/2024 23:30:00;0.0;0.0
26/11/2024 00:00:00;0.0;0.0
26/11/2024 00:30:00;0.0;0.0
26/11/2024 01:00:00;0.0;0.0
26/11/2024 01:30:00;0.0;0.0
26/11/2024 02:00:00;0.0;0.0
26/11/2024 02:30:00;0.0;0.0
26/11/2024 03:00:00;0.0;0.0
26/11/2024 03:30:00;0.0;0.0
26/11/2024 04:00:00;0.0;0.0
26/11/2024 04:30:00;0.0;0.0
26/11/2024 05:00:00;0.0;0.0
26/11/2024 05:30:00;0.0;0.0
26/11/2024 06:00:00;0.0;0.0
26/11/2024 06:30:00;0.0;0.0
26/11/2024 07:00:00;63.32963306391701;165.123296958959
26/11/2024 07:30:00;2817.9039451112662;4827.227630847059
26/11/2024 08:00:00;5572.478257158616;9489.33196473516
26/11/2024 08:30:00;5835.780166111701;8811.450172041157
26/11/2024 09:00:00;6099.082075064787;8133.5683793471535
26/11/2024 09:30:00;6484.35959433845;8060.642971776961
26/11/2024 10:00:00;6869.6371136121115;7987.71756420677
26/11/2024 10:30:00;11176.99264623874;12496.414488150778
26/11/2024 11:00:00;15484.348178865364;17005.111412094786
26/11/2024 11:30:00;17248.663979974546;18937.467532295348
26/11/2024 12:00:00;19012.979781083726;20869.82365249591
26/11/2024 12:30:00;15369.237475413434;16960.69807305325
26/11/2024 13:00:00;11725.495169743144;13051.572493610585
26/11/2024 13:30:00;7698.077496200032;8640.673722366202
26/11/2024 14:00:00;3670.6598226569204;4229.774951121823
26/11/2024 14:30:00;1978.8416067453852;2294.735362589514
26/11/2024 15:00:00;287.0233908338501;359.69577405720526
26/11/2024 15:30:00;279.6330685031989;352.59254227772647
26/11/2024 16:00:00;0.0;0.0
26/11/2024 16:30:00;0.0;0.0
26/11/2024 17:00:00;0.0;0.0
26/11/2024 17:30:00;0.0;0.0
26/11/2024 18:00:00;0.0;0.0
26/11/2024 18:30:00;0.0;0.0
26/11/2024 19:00:00;0.0;0.0
26/11/2024 19:30:00;0.0;0.0
26/11/2024 20:00:00;0.0;0.0
26/11/2024 20:30:00;0.0;0.0
26/11/2024 21:00:00;0.0;0.0
26/11/2024 21:30:00;0.0;0.0
26/11/2024 22:00:00;0.0;0.0
26/11/2024 22:30:00;0.0;0.0
26/11/2024 23:00:00;0.0;0.0
26/11/2024 23:30:00;0.0;0.0
27/11/2024 00:00:00;0.0;0.0
27/11/2024 00:30:00;0.0;0.0
27/11/2024 01:00:00;0.0;0.0
27/11/2024 01:30:00;0.0;0.0
27/11/2024 02:00:00;0.0;0.0
27/11/2024 02:30:00;0.0;0.0
27/11/2024 03:00:00;0.0;0.0
27/11/2024 03:30:00;0.0;0.0
27/11/2024 04:00:00;0.0;0.0
27/11/2024 04:30:00;0.0;0.0
27/11/2024 05:00:00;0.0;0.0
27/11/2024 05:30:00;0.0;0.0
27/11/2024 06:00:00;0.0;0.0
27/11/2024 06:30:00;0.0;0.0
27/11/2024 07:00:00;50.53307625300984;132.39235711388386
27/11/2024 07:30:00;315.6514648055739;562.1822646467836
27/11/2024 08:00:00;580.769853358138;991.9721721796834
27/11/2024 08:30:00;2090.4249811316445;2902.3969010273654
27/11/2024 09:00:00;3600.080108905151;4812.821629875048
27/11/2024 09:30:00;3092.067452183114;3911.5968626332333
27/11/2024 10:00:00;2584.054795461077;3010.3720953914194
27/11/2024 10:30:00;3551.812628821276;3990.9340967825665
27/11/2024 11:00:00;4519.570462181476;4971.496098173714
27/11/2024 11:30:00;3135.3049284409335;3448.1637202434276
27/11/2024 12:00:00;1751.0393947003915;1924.8313423131408
27/11/2024 12:30:00;1596.614672886555;1766.2524591593435
27/11/2024 13:00:00;1442.1899510727185;1607.6735760055462
27/11/2024 13:30:00;1075.3066911814944;1212.7861704107254
27/11/2024 14:00:00;708.4234312902705;817.8987648159045
27/11/2024 14:30:00;464.10136599399584;546.9794676937047
27/11/2024 15:00:00;219.7793006977212;276.0601705715047
27/11/2024 15:30:00;213.30399234248196;268.4676323445927
27/11/2024 16:00:00;0.0;0.0
27/11/2024 16:30:00;0.0;0.0
27/11/2024 17:00:00;0.0;0.0
27/11/2024 17:30:00;0.0;0.0
27/11/2024 18:00:00;0.0;0.0
27/11/2024 18:30:00;0.0;0.0
27/11/2024 19:00:00;0.0;0.0
27/11/2024 19:30:00;0.0;0.0
27/11/2024 20:00:00;0.0;0.0
27/11/2024 20:30:00;0.0;0.0
27/11/2024 21:00:00;0.0;0.0
27/11/2024 21:30:00;0.0;0.0
27/11/2024 22:00:00;0.0;0.0
27/11/2024 22:30:00;0.0;0.0
27/11/2024 23:00:00;0.0;0.0
27/11/2024 23:30:00;0.0;0.0
28/11/2024 00:00:00;0.0;0.0
28/11/2024 00:30:00;0.0;0.0
28/11/2024 01:00:00;0.0;0.0
28/11/2024 01:30:00;0.0;0.0
28/11/2024 02:00:00;0.0;0.0
28/11/2024 02:30:00;0.0;0.0
28/11/2024 03:00:00;0.0;0.0
28/11/2024 03:30:00;0.0;0.0
28/11/2024 04:00:00;0.0;0.0
28/11/2024 04:30:00;0.0;0.0
28/11/2024 05:00:00;0.0;0.0
28/11/2024 05:30:00;0.0;0.0
28/11/2024 06:00:00;0.0;0.0
28/11/2024 06:30:00;0.0;0.0
28/11/2024 07:00:00;12.569433330065188;33.09894731031959
28/11/2024 07:30:00;372.87670039049914;644.6870307386979
28/11/2024 08:00:00;733.183967450933;1256.275114167076
28/11/2024 08:30:00;786.0541187734649;1190.2203709009354
28/11/2024 09:00:00;838.9242700959969;1124.1656276347946
28/11/2024 09:30:00;816.2026548695517;1025.1438473578946
28/11/2024 10:00:00;793.4810396431063;926.1220670809946
28/11/2024 10:30:00;967.3853468718265;1091.6831389004424
28/11/2024 11:00:00;1141.289654100547;1257.2442107198901
28/11/2024 11:30:00;4178.434748418939;4599.886384441484
28/11/2024 12:00:00;7215.579842737333;7942.528558163076
28/11/2024 12:30:00;4274.005354670746;4714.968199805279
28/11/2024 13:00:00;1332.430866604158;1487.4078414474811
28/11/2024 13:30:00;883.2644478910087;994.743623864144
28/11/2024 14:00:00;434.09802917785925;502.0794062808068
28/11/2024 14:30:00;267.752572397414;314.87212236231767
28/11/2024 15:00:00;101.40711561696872;127.66483844382859
28/11/2024 15:30:00;98.23814325393845;123.67531224245894
28/11/2024 16:00:00;0.0;0.0
28/11/2024 16:30:00;0.0;0.0
28/11/2024 17:00:00;0.0;0.0
28/11/2024 17:30:00;0.0;0.0
28/11/2024 18:00:00;0.0;0.0
28/11/2024 18:30:00;0.0;0.0
28/11/2024 19:00:00;0.0;0.0
28/11/2024 19:30:00;0.0;0.0
28/11/2024 20:00:00;0.0;0.0
28/11/2024 20:30:00;0.0;0.0
28/11/2024 21:00:00;0.0;0.0
28/11/2024 21:30:00;0.0;0.0
28/11/2024 22:00:00;0.0;0.0
28/11/2024 22:30:00;0.0;0.0
28/11/2024 23:00:00;0.0;0.0
28/11/2024 23:30:00;0.0;0.0
29/11/2024 00:00:00;0.0;0.0
29/11/2024 00:30:00;0.0;0.0
29/11/2024 01:00:00;0.0;0.0
29/11/2024 01:30:00;0.0;0.0
29/11/2024 02:00:00;0.0;0.0
29/11/2024 02:30:00;0.0;0.0
29/11/2024 03:00:00;0.0;0.0
29/11/2024 03:30:00;0.0;0.0
29/11/2024 04:00:00;0.0;0.0
29/11/2024 04:30:00;0.0;0.0
29/11/2024 05:00:00;0.0;0.0
29/11/2024 05:30:00;0.0;0.0
29/11/2024 06:00:00;0.0;0.0
29/11/2024 06:30:00;0.0;0.0
29/11/2024 07:00:00;0.0;0.0
29/11/2024 07:30:00;3839.2121110787007;6599.254500130494
29/11/2024 08:00:00;7678.424222157401;13198.509000260989
29/11/2024 08:30:00;11695.761562196669;17152.89516129366
29/11/2024 09:00:00;15713.098902235934;21107.281322326333
29/11/2024 09:30:00;19636.11663792577;24326.92103499595
29/11/2024 10:00:00;23559.13437361561;27546.56074766557
29/11/2024 10:30:00;24726.75174717553;28058.074950331018
29/11/2024 11:00:00;25894.36912073545;28569.58915299646
29/11/2024 11:30:00;25463.615369010513;28079.91617145535
29/11/2024 12:00:00;25032.861617285576;27590.24318991424
29/11/2024 12:30:00;21626.058329627514;23978.471635137124
29/11/2024 13:00:00;18219.25504196946;20366.70008036001
29/11/2024 13:30:00;14440.415349352581;16359.2226933964
29/11/2024 14:00:00;10661.575656735706;12351.745306432791
29/11/2024 14:30:00;6590.118415428268;7764.939313174741
29/11/2024 15:00:00;2518.6611741208326;3178.1333199166925
29/11/2024 15:30:00;2439.9530124295566;3078.8166536692956
29/11/2024 16:00:00;0.0;0.0
29/11/2024 16:30:00;0.0;0.0
29/11/2024 17:00:00;0.0;0.0
29/11/2024 17:30:00;0.0;0.0
29/11/2024 18:00:00;0.0;0.0
29/11/2024 18:30:00;0.0;0.0
29/11/2024 19:00:00;0.0;0.0
29/11/2024 19:30:00;0.0;0.0
29/11/2024 20:00:00;0.0;0.0
29/11/2024 20:30:00;0.0;0.0
29/11/2024 21:00:00;0.0;0.0
29/11/2024 21:30:00;0.0;0.0
29/11/2024 22:00:00;0.0;0.0
29/11/2024 22:30:00;0.0;0.0
29/11/2024 23:00:00;0.0;0.0
29/11/2024 23:30:00;0.0;0.0
30/11/2024 00:00:00;0.0;0.0
30/11/2024 00:30:00;0.0;0.0
30/11/2024 01:00:00;0.0;0.0
30/11/2024 01:30:00;0.0;0.0
30/11/2024 02:00:00;0.0;0.0
30/11/2024 02:30:00;0.0;0.0
30/11/2024 03:00:00;0.0;0.0
30/11/2024 03:30:00;0.0;0.0
30/11/2024 04:00:00;0.0;0.0
30/11/2024 04:30:00;0.0;0.0
30/11/2024 05:00:00;0.0;0.0
30/11/2024 05:30:00;0.0;0.0
30/11/2024 06:00:00;0.0;0.0
30/11/2024 06:30:00;0.0;0.0
30/11/2024 07:00:00;0.0;0.0
30/11/2024 07:30:00;277.9317490475508;479.3363752191245
30/11/2024 08:00:00;555.8634980951016;958.672750438249
30/11/2024 08:30:00;805.851313021363;1190.1404177845322
30/11/2024 09:00:00;1055.8391279476245;1421.6080851308159
30/11/2024 09:30:00;2315.268255578272;2804.412052316584
30/11/2024 10:00:00;3574.697383208919;4187.216019502352
30/11/2024 10:30:00;3030.2902180457177;3466.8731660621856
30/11/2024 11:00:00;2485.883052882516;2746.53031262202
30/11/2024 11:30:00;2189.6536408835177;2418.035023707735
30/11/2024 12:00:00;1893.4242288845198;2089.53973479345
30/11/2024 12:30:00;1843.1060938198855;2048.1364203348016
30/11/2024 13:00:00;1792.787958755251;2006.7331058761538
30/11/2024 13:30:00;1376.116973764901;1560.0627879353276
30/11/2024 14:00:00;959.4459887745509;1113.3924699945014
30/11/2024 14:30:00;547.4801088357044;642.3732012025093
30/11/2024 15:00:00;135.51422889685776;171.35393241051713
30/11/2024 15:30:00;131.27940924383094;165.99912202268848
30/11/2024 16:00:00;0.0;0.0
30/11/2024 16:30:00;0.0;0.0
30/11/2024 17:00:00;0.0;0.0
30/11/2024 17:30:00;0.0;0.0
30/11/2024 18:00:00;0.0;0.0
30/11/2024 18:30:00;0.0;0.0
30/11/2024 19:00:00;0.0;0.0
30/11/2024 19:30:00;0.0;0.0
30/11/2024 20:00:00;0.0;0.0
30/11/2024 20:30:00;0.0;0.0
30/11/2024 21:00:00;0.0;0.0
30/11/2024 21:30:00;0.0;0.0
30/11/2024 22:00:00;0.0;0.0
30/11/2024 22:30:00;0.0;0.0
30/11/2024 23:00:00;0.0;0.0
30/11/2024 23:30:00;0.0;0.0
01/12/2024 00:00:00;0.0;0.0
01/12/2024 00:30:00;0.0;0.0
01/12/2024 01:00:00;0.0;0.0
01/12/2024 01:30:00;0.0;0.0
01/12/2024 02:00:00;0.0;0.0
01/12/2024 02:30:00;0.0;0.0
01/12/2024 03:00:00;0.0;0.0
01/12/2024 03:30:00;0.0;0.0
01/12/2024 04:00:00;0.0;0.0
01/12/2024 04:30:00;0.0;0.0
01/12/2024 05:00:00;0.0;0.0
01/12/2024 05:30:00;0.0;0.0
01/12/2024 06:00:00;0.0;0.0
01/12/2024 06:30:00;0.0;0.0
01/12/2024 07:00:00;0.0;0.0
01/12/2024 07:30:00;645.704240334569;1117.4552326746175
01/12/2024 08:00:00;1291.408480669138;2234.910465349235
01/12/2024 08:30:00;2992.973996773047;4285.563914947982
01/12/2024 09:00:00;4694.539512876956;6336.217364546731
01/12/2024 09:30:00;3164.7022392439885;4127.287143860032
01/12/2024 10:00:00;1634.8649656110222;1918.3569231733336
01/12/2024 10:30:00;1849.2407408962674;2100.7641485746262
01/12/2024 11:00:00;2063.616516181513;2283.17137397592
01/12/2024 11:30:00;1652.356813915568;1827.2358527707584
01/12/2024 12:00:00;1241.097111649623;1371.3003315655967
01/12/2024 12:30:00;1163.5027782760183;1294.136227186834
01/12/2024 13:00:00;1085.9084449024135;1216.9721228080714
01/12/2024 13:30:00;1276.6244526446992;1461.1812191933104
01/12/2024 14:00:00;1467.340460386985;1705.3903155785492
01/12/2024 14:30:00;948.7038146124613;1125.1647653228138
01/12/2024 15:00:00;430.06716883793763;544.9392150670781
01/12/2024 15:30:00;633.8632505509061;904.7675076784867
01/12/2024 16:00:00;0.0;0.0
01/12/2024 16:30:00;0.0;0.0
01/12/2024 17:00:00;0.0;0.0
01/12/2024 17:30:00;0.0;0.0
01/12/2024 18:00:00;0.0;0.0
01/12/2024 18:30:00;0.0;0.0
01/12/2024 19:00:00;0.0;0.0
01/12/2024 19:30:00;0.0;0.0
01/12/2024 20:00:00;0.0;0.0
01/12/2024 20:30:00;0.0;0.0
01/12/2024 21:00:00;0.0;0.0
01/12/2024 21:30:00;0.0;0.0
01/12/2024 22:00:00;0.0;0.0
01/12/2024 22:30:00;0.0;0.0
01/12/2024 23:00:00;0.0;0.0
01/12/2024 23:30:00;0.0;0.0
02/12/2024 00:00:00;0.0;0.0
02/12/2024 00:30:00;0.0;0.0
02/12/2024 01:00:00;0.0;0.0
02/12/2024 01:30:00;0.0;0.0
02/12/2024 02:00:00;0.0;0.0
02/12/2024 02:30:00;0.0;0.0
02/12/2024 03:00:00;0.0;0.0
02/12/2024 03:30:00;0.0;0.0
02/12/2024 04:00:00;0.0;0.0
02/12/2024 04:30:00;0.0;0.0
02/12/2024 05:00:00;0.0;0.0
02/12/2024 05:30:00;0.0;0.0
02/12/2024 06:00:00;0.0;0.0
02/12/2024 06:30:00;0.0;0.0
02/12/2024 07:00:00;0.0;0.0
02/12/2024 07:30:00;0.0;0.0
02/12/2024 08:00:00;7359.1339470788635;12779.101163854972
02/12/2024 08:30:00;4009.460086795594;6835.837109521067
02/12/2024 09:00:00;659.7862265123247;892.573055187163
02/12/2024 09:30:00;1131.770211302574;1388.8272118258383
02/12/2024 10:00:00;1603.7541960928236;1885.0813684645136
02/12/2024 10:30:00;1518.689006451468;1736.6689743184584
02/12/2024 11:00:00;1433.6238168101127;1588.2565801724033
02/12/2024 11:30:00;1322.1614925294164;1463.7897502597784
02/12/2024 12:00:00;1210.69916824872;1339.3229203471535
02/12/2024 12:30:00;1093.7904800036554;1217.675710695222
02/12/2024 13:00:00;976.8817917585908;1096.0285010432904
02/12/2024 13:30:00;705.5807119776531;800.7355443928617
02/12/2024 14:00:00;434.27963219671534;505.44258774243303
02/12/2024 14:30:00;276.56062647056604;328.15307227950063
02/12/2024 15:00:00;118.84162074441672;150.86355681656826
02/12/2024 15:30:00;256.0628872178292;391.6521967534812
02/12/2024 16:00:00;0.0;0.0
02/12/2024 16:30:00;0.0;0.0
02/12/2024 17:00:00;0.0;0.0
02/12/2024 17:30:00;0.0;0.0
02/12/2024 18:00:00;0.0;0.0
02/12/2024 18:30:00;0.0;0.0
02/12/2024 19:00:00;0.0;0.0
02/12/2024 19:30:00;0.0;0.0
02/12/2024 20:00:00;0.0;0.0
02/12/2024 20:30:00;0.0;0.0
02/12/2024 21:00:00;0.0;0.0
02/12/2024 21:30:00;0.0;0.0
02/12/2024 22:00:00;0.0;0.0
02/12/2024 22:30:00;0.0;0.0
02/12/2024 23:00:00;0.0;0.0
02/12/2024 23:30:00;0.0;0.0
03/12/2024 00:00:00;0.0;0.0
03/12/2024 00:30:00;0.0;0.0
03/12/2024 01:00:00;0.0;0.0
03/12/2024 01:30:00;0.0;0.0
03/12/2024 02:00:00;0.0;0.0
03/12/2024 02:30:00;0.0;0.0
03/12/2024 03:00:00;0.0;0.0
03/12/2024 03:30:00;0.0;0.0
03/12/2024 04:00:00;0.0;0.0
03/12/2024 04:30:00;0.0;0.0
03/12/2024 05:00:00;0.0;0.0
03/12/2024 05:30:00;0.0;0.0
03/12/2024 06:00:00;0.0;0.0
03/12/2024 06:30:00;0.0;0.0
03/12/2024 07:00:00;0.0;0.0
03/12/2024 07:30:00;0.0;0.0
03/12/2024 08:00:00;4784.364680840441;8337.677314671608
03/12/2024 08:30:00;6629.732590146701;9914.604529925386
03/12/2024 09:00:00;8475.100499452963;11491.531745179162
03/12/2024 09:30:00;11747.405304166263;14587.746719993362
03/12/2024 10:00:00;15019.710108879564;17683.96169480756
03/12/2024 10:30:00;15896.099018020232;18145.017393701735
03/12/2024 11:00:00;16772.4879271609;18606.07309259591
03/12/2024 11:30:00;16466.099754943814;18250.57213642792
03/12/2024 12:00:00;16159.711582726726;17895.071180259936
03/12/2024 12:30:00;16145.870225345501;18007.49028205335
03/12/2024 13:00:00;16132.028867964274;18119.909383846767
03/12/2024 13:30:00;12132.6718383867;13799.031591781311
03/12/2024 14:00:00;8133.314808809122;9478.153799715856
03/12/2024 14:30:00;4160.192164358991;4858.031233891039
03/12/2024 15:00:00;187.0695199088602;237.90866806622307
03/12/2024 15:30:00;190.4658047229268;246.47080181178802
03/12/2024 16:00:00;0.0;0.0
03/12/2024 16:30:00;0.0;0.0
03/12/2024 17:00:00;0.0;0.0
03/12/2024 17:30:00;0.0;0.0
03/12/2024 18:00:00;0.0;0.0
03/12/2024 18:30:00;0.0;0.0
03/12/2024 19:00:00;0.0;0.0
03/12/2024 19:30:00;0.0;0.0
03/12/2024 20:00:00;0.0;0.0
03/12/2024 20:30:00;0.0;0.0
03/12/2024 21:00:00;0.0;0.0
03/12/2024 21:30:00;0.0;0.0
03/12/2024 22:00:00;0.0;0.0
03/12/2024 22:30:00;0.0;0.0
03/12/2024 23:00:00;0.0;0.0
03/12/2024 23:30:00;0.0;0.0
04/12/2024 00:00:00;0.0;0.0
04/12/2024 00:30:00;0.0;0.0
04/12/2024 01:00:00;0.0;0.0
04/12/2024 01:30:00;0.0;0.0
04/12/2024 02:00:00;0.0;0.0
04/12/2024 02:30:00;0.0;0.0
04/12/2024 03:00:00;0.0;0.0
04/12/2024 03:30:00;0.0;0.0
04/12/2024 04:00:00;0.0;0.0
04/12/2024 04:30:00;0.0;0.0
04/12/2024 05:00:00;0.0;0.0
04/12/2024 05:30:00;0.0;0.0
04/12/2024 06:00:00;0.0;0.0
04/12/2024 06:30:00;0.0;0.0
04/12/2024 07:00:00;0.0;0.0
04/12/2024 07:30:00;0.0;0.0
04/12/2024 08:00:00;302.5432035871244;529.0212154154316
04/12/2024 08:30:00;868.8995146078196;1239.8786683857547
04/12/2024 09:00:00;1435.2558256285147;1950.736121356078
04/12/2024 09:30:00;1376.3482656500169;1752.2385127843547
04/12/2024 10:00:00;1317.440705671519;1553.740904212632
04/12/2024 10:30:00;1537.7200477391184;1753.1803226817044
04/12/2024 11:00:00;1757.9993898067175;1952.6197411507767
04/12/2024 11:30:00;1616.0806653839597;1793.3957444083921
04/12/2024 12:00:00;1474.1619409612017;1634.1717476660078
04/12/2024 12:30:00;1794.8562035752766;2006.3264765360475
04/12/2024 13:00:00;2115.5504661893515;2378.481205406087
04/12/2024 13:30:00;1747.2486347099373;1993.7258433836416
04/12/2024 14:00:00;1378.9468032305228;1608.9704813611963
04/12/2024 14:30:00;808.6118405252366;956.2436973111513
04/12/2024 15:00:00;238.27687781995022;303.516913261106
04/12/2024 15:30:00;284.71169199970467;388.3560370152005
04/12/2024 16:00:00;0.0;0.0
04/12/2024 16:30:00;0.0;0.0
04/12/2024 17:00:00;0.0;0.0
04/12/2024 17:30:00;0.0;0.0
04/12/2024 18:00:00;0.0;0.0
04/12/2024 18:30:00;0.0;0.0
04/12/2024 19:00:00;0.0;0.0
04/12/2024 19:30:00;0.0;0.0
04/12/2024 20:00:00;0.0;0.0
04/12/2024 20:30:00;0.0;0.0
04/12/2024 21:00:00;0.0;0.0
04/12/2024 21:30:00;0.0;0.0
04/12/2024 22:00:00;0.0;0.0
04/12/2024 22:30:00;0.0;0.0
04/12/2024 23:00:00;0.0;0.0
04/12/2024 23:30:00;0.0;0.0
05/12/2024 00:00:00;0.0;0.0
05/12/2024 00:30:00;0.0;0.0
05/12/2024 01:00:00;0.0;0.0
05/12/2024 01:30:00;0.0;0.0
05/12/2024 02:00:00;0.0;0.0
05/12/2024 02:30:00;0.0;0.0
05/12/2024 03:00:00;0.0;0.0
05/12/2024 03:30:00;0.0;0.0
05/12/2024 04:00:00;0.0;0.0
05/12/2024 04:30:00;0.0;0.0
05/12/2024 05:00:00;0.0;0.0
05/12/2024 05:30:00;0.0;0.0
05/12/2024 06:00:00;0.0;0.0
05/12/2024 06:30:00;0.0;0.0
05/12/2024 07:00:00;0.0;0.0
05/12/2024 07:30:00;0.0;0.0
05/12/2024 08:00:00;1817.060559931601;3188.047120900318
05/12/2024 08:30:00;7616.055631154239;10732.430267675369
05/12/2024 09:00:00;13415.050702376875;18276.81341445042
05/12/2024 09:30:00;17943.358222337378;22412.23131971942
05/12/2024 10:00:00;22471.665742297882;26547.649224988418
05/12/2024 10:30:00;23406.66967327037;26807.972048345786
05/12/2024 11:00:00;24341.67360424286;27068.29487170315
05/12/2024 11:30:00;14773.085749483404;16421.86020728362
05/12/2024 12:00:00;5204.497894723946;5775.425542864086
05/12/2024 12:30:00;3388.750515598699;3772.8856517569125
05/12/2024 13:00:00;1573.0031364734518;1770.3457606497393
05/12/2024 13:30:00;1670.2667092158963;1917.5215053232973
05/12/2024 14:00:00;1767.5302819583408;2064.697249996855
05/12/2024 14:30:00;951.9647517904061;1119.3406322816525
05/12/2024 15:00:00;136.39922162247137;173.98401456644993
05/12/2024 15:30:00;269.93495103043875;411.00337101947974
05/12/2024 16:00:00;0.0;0.0
05/12/2024 16:30:00;0.0;0.0
05/12/2024 17:00:00;0.0;0.0
05/12/2024 17:30:00;0.0;0.0
05/12/2024 18:00:00;0.0;0.0
05/12/2024 18:30:00;0.0;0.0
05/12/2024 19:00:00;0.0;0.0
05/12/2024 19:30:00;0.0;0.0
05/12/2024 20:00:00;0.0;0.0
05/12/2024 20:30:00;0.0;0.0
05/12/2024 21:00:00;0.0;0.0
05/12/2024 21:30:00;0.0;0.0
05/12/2024 22:00:00;0.0;0.0
05/12/2024 22:30:00;0.0;0.0
05/12/2024 23:00:00;0.0;0.0
05/12/2024 23:30:00;0.0;0.0
06/12/2024 00:00:00;0.0;0.0
06/12/2024 00:30:00;0.0;0.0
06/12/2024 01:00:00;0.0;0.0
06/12/2024 01:30:00;0.0;0.0
06/12/2024 02:00:00;0.0;0.0
06/12/2024 02:30:00;0.0;0.0
06/12/2024 03:00:00;0.0;0.0
06/12/2024 03:30:00;0.0;0.0
06/12/2024 04:00:00;0.0;0.0
06/12/2024 04:30:00;0.0;0.0
06/12/2024 05:00:00;0.0;0.0
06/12/2024 05:30:00;0.0;0.0
06/12/2024 06:00:00;0.0;0.0
06/12/2024 06:30:00;0.0;0.0
06/12/2024 07:00:00;0.0;0.0
06/12/2024 07:30:00;0.0;0.0
06/12/2024 08:00:00;4676.614021493362;8232.642133969464
06/12/2024 08:30:00;3113.035352697842;5174.087176882553
06/12/2024 09:00:00;1549.456683902321;2115.5322197956402
06/12/2024 09:30:00;1515.0816874248103;1933.9916223806224
06/12/2024 10:00:00;1480.7066909472994;1752.4510249656048
06/12/2024 10:30:00;3130.6496046202437;3537.1570134237036
06/12/2024 11:00:00;4780.592518293188;5321.863001881803
06/12/2024 11:30:00;8932.467187117825;9927.10983155831
06/12/2024 12:00:00;13084.341855942463;14532.356661234819
06/12/2024 12:30:00;10779.676432557606;12039.363864580862
06/12/2024 13:00:00;8475.011009172753;9546.371067926908
06/12/2024 13:30:00;4706.979565607928;5322.147676278766
06/12/2024 14:00:00;938.9481220431038;1097.9242846306236
06/12/2024 14:30:00;529.2440819022979;625.2895431797652
06/12/2024 15:00:00;119.54004176149198;152.65480172890713
06/12/2024 15:30:00;135.29696634009673;182.21174644659652
06/12/2024 16:00:00;0.0;0.0
06/12/2024 16:30:00;0.0;0.0
06/12/2024 17:00:00;0.0;0.0
06/12/2024 17:30:00;0.0;0.0
06/12/2024 18:00:00;0.0;0.0
06/12/2024 18:30:00;0.0;0.0
06/12/2024 19:00:00;0.0;0.0
06/12/2024 19:30:00;0.0;0.0
06/12/2024 20:00:00;0.0;0.0
06/12/2024 20:30:00;0.0;0.0
06/12/2024 21:00:00;0.0;0.0
06/12/2024 21:30:00;0.0;0.0
06/12/2024 22:00:00;0.0;0.0
06/12/2024 22:30:00;0.0;0.0
06/12/2024 23:00:00;0.0;0.0
06/12/2024 23:30:00;0.0;0.0
07/12/2024 00:00:00;0.0;0.0
07/12/2024 00:30:00;0.0;0.0
07/12/2024 01:00:00;0.0;0.0
07/12/2024 01:30:00;0.0;0.0
07/12/2024 02:00:00;0.0;0.0
07/12/2024 02:30:00;0.0;0.0
07/12/2024 03:00:00;0.0;0.0
07/12/2024 03:30:00;0.0;0.0
07/12/2024 04:00:00;0.0;0.0
07/12/2024 04:30:00;0.0;0.0
07/12/2024 05:00:00;0.0;0.0
07/12/2024 05:30:00;0.0;0.0
07/12/2024 06:00:00;0.0;0.0
07/12/2024 06:30:00;0.0;0.0
07/12/2024 07:00:00;0.0;0.0
07/12/2024 07:30:00;0.0;0.0
07/12/2024 08:00:00;655.2754774340539;1157.5909221303466
07/12/2024 08:30:00;3544.3380250226005;4980.557012675985
07/12/2024 09:00:00;6433.400572611147;8803.523103221623
07/12/2024 09:30:00;6528.422933736738;8327.960727083191
07/12/2024 10:00:00;6623.4452948623275;7852.398350944759
07/12/2024 10:30:00;7237.7482059522035;8301.539509398935
07/12/2024 11:00:00;7852.0511170420805;8750.68066785311
07/12/2024 11:30:00;10408.342216351955;11581.355101168276
07/12/2024 12:00:00;12964.633315661831;14412.029534483441
07/12/2024 12:30:00;12549.647414123849;14046.150852290435
07/12/2024 13:00:00;12134.661512585868;13680.272170097429
07/12/2024 13:30:00;7890.465234413717;8974.073708713351
07/12/2024 14:00:00;3646.268956241564;4267.875247329273
07/12/2024 14:30:00;2531.563205276506;3039.6330352215955
07/12/2024 15:00:00;1416.8574543114476;1811.390823113917
07/12/2024 15:30:00;1430.6642955402638;1856.447960313845
07/12/2024 16:00:00;0.0;0.0
07/12/2024 16:30:00;0.0;0.0
07/12/2024 17:00:00;0.0;0.0
07/12/2024 17:30:00;0.0;0.0
07/12/2024 18:00:00;0.0;0.0
07/12/2024 18:30:00;0.0;0.0
07/12/2024 19:00:00;0.0;0.0
07/12/2024 19:30:00;0.0;0.0
07/12/2024 20:00:00;0.0;0.0
07/12/2024 20:30:00;0.0;0.0
07/12/2024 21:00:00;0.0;0.0
07/12/2024 21:30:00;0.0;0.0
07/12/2024 22:00:00;0.0;0.0
07/12/2024 22:30:00;0.0;0.0
07/12/2024 23:00:00;0.0;0.0
07/12/2024 23:30:00;0.0;0.0
08/12/2024 00:00:00;0.0;0.0
08/12/2024 00:30:00;0.0;0.0
08/12/2024 01:00:00;0.0;0.0
08/12/2024 01:30:00;0.0;0.0
08/12/2024 02:00:00;0.0;0.0
08/12/2024 02:30:00;0.0;0.0
08/12/2024 03:00:00;0.0;0.0
08/12/2024 03:30:00;0.0;0.0
08/12/2024 04:00:00;0.0;0.0
08/12/2024 04:30:00;0.0;0.0
08/12/2024 05:00:00;0.0;0.0
08/12/2024 05:30:00;0.0;0.0
08/12/2024 06:00:00;0.0;0.0
08/12/2024 06:30:00;0.0;0.0
08/12/2024 07:00:00;0.0;0.0
08/12/2024 07:30:00;0.0;0.0
08/12/2024 08:00:00;1886.2900560911992;3343.333487911467
08/12/2024 08:30:00;1762.522510142703;2795.438656882961
08/12/2024 09:00:00;1638.7549641942067;2247.543825854455
08/12/2024 09:30:00;1585.2525494127376;2033.2534357777288
08/12/2024 10:00:00;1531.7501346312686;1818.9630457010028
08/12/2024 10:30:00;2951.0344087103117;3347.1982361554024
08/12/2024 11:00:00;4370.318682789354;4875.433426609802
08/12/2024 11:30:00;3273.347851524488;3648.353092183909
08/12/2024 12:00:00;2176.377020259622;2421.2727577580167
08/12/2024 12:30:00;2962.0572363820847;3324.8295560805595
08/12/2024 13:00:00;3747.7374525045475;4228.386354403102
08/12/2024 13:30:00;2890.5399156929766;3305.068754583489
08/12/2024 14:00:00;2033.3423788814055;2381.751154763876
08/12/2024 14:30:00;1102.389695675211;1300.5621857510885
08/12/2024 15:00:00;171.43701246901642;219.37321673830056
08/12/2024 15:30:00;194.79483773786683;263.4339920897004
08/12/2024 16:00:00;0.0;0.0
08/12/2024 16:30:00;0.0;0.0
08/12/2024 17:00:00;0.0;0.0
08/12/2024 17:30:00;0.0;0.0
08/12/2024 18:00:00;0.0;0.0
08/12/2024 18:30:00;0.0;0.0
08/12/2024 19:00:00;0.0;0.0
08/12/2024 19:30:00;0.0;0.0
08/12/2024 20:00:00;0.0;0.0
08/12/2024 20:30:00;0.0;0.0
08/12/2024 21:00:00;0.0;0.0
08/12/2024 21:30:00;0.0;0.0
08/12/2024 22:00:00;0.0;0.0
08/12/2024 22:30:00;0.0;0.0
08/12/2024 23:00:00;0.0;0.0
08/12/2024 23:30:00;0.0;0.0
09/12/2024 00:00:00;0.0;0.0
09/12/2024 00:30:00;0.0;0.0
09/12/2024 01:00:00;0.0;0.0
09/12/2024 01:30:00;0.0;0.0
09/12/2024 02:00:00;0.0;0.0
09/12/2024 02:30:00;0.0;0.0
09/12/2024 03:00:00;0.0;0.0
09/12/2024 03:30:00;0.0;0.0
09/12/2024 04:00:00;0.0;0.0
09/12/2024 04:30:00;0.0;0.0
09/12/2024 05:00:00;0.0;0.0
09/12/2024 05:30:00;0.0;0.0
09/12/2024 06:00:00;0.0;0.0
09/12/2024 06:30:00;0.0;0.0
09/12/2024 07:00:00;0.0;0.0
09/12/2024 07:30:00;0.0;0.0
09/12/2024 08:00:00;965.6030716099294;1717.4395786858956
09/12/2024 08:30:00;1071.843641508251;1668.4296019241087
09/12/2024 09:00:00;1178.0842114065722;1619.419625162322
09/12/2024 09:30:00;5767.587032929555;6969.450412711799
09/12/2024 10:00:00;10357.089854452537;12319.481200261274
09/12/2024 10:30:00;11456.811345044369;13170.189128135733
09/12/2024 11:00:00;12556.532835636199;14020.89705601019
09/12/2024 11:30:00;6792.564917033931;7583.072279312768
09/12/2024 12:00:00;1028.5969984316644;1145.2475026153463
09/12/2024 12:30:00;1056.6152810427102;1184.9770640836753
09/12/2024 13:00:00;1084.6335636537563;1224.7066255520042
09/12/2024 13:30:00;5672.983226981678;6627.246418638957
09/12/2024 14:00:00;10261.332890309599;12029.78621172591
09/12/2024 14:30:00;5165.061128460267;6058.935196437794
09/12/2024 15:00:00;68.78936661093375;88.08418114967795
09/12/2024 15:30:00;168.4800389318186;266.9993175497798
09/12/2024 16:00:00;0.0;0.0
09/12/2024 16:30:00;0.0;0.0
09/12/2024 17:00:00;0.0;0.0
09/12/2024 17:30:00;0.0;0.0
09/12/2024 18:00:00;0.0;0.0
09/12/2024 18:30:00;0.0;0.0
09/12/2024 19:00:00;0.0;0.0
09/12/2024 19:30:00;0.0;0.0
09/12/2024 20:00:00;0.0;0.0
09/12/2024 20:30:00;0.0;0.0
09/12/2024 21:00:00;0.0;0.0
09/12/2024 21:30:00;0.0;0.0
09/12/2024 22:00:00;0.0;0.0
09/12/2024 22:30:00;0.0;0.0
09/12/2024 23:00:00;0.0;0.0
09/12/2024 23:30:00;0.0;0.0
10/12/2024 00:00:00;0.0;0.0
10/12/2024 00:30:00;0.0;0.0
10/12/2024 01:00:00;0.0;0.0
10/12/2024 01:30:00;0.0;0.0
10/12/2024 02:00:00;0.0;0.0
10/12/2024 02:30:00;0.0;0.0
10/12/2024 03:00:00;0.0;0.0
10/12/2024 03:30:00;0.0;0.0
10/12/2024 04:00:00;0.0;0.0
10/12/2024 04:30:00;0.0;0.0
10/12/2024 05:00:00;0.0;0.0
10/12/2024 05:30:00;0.0;0.0
10/12/2024 06:00:00;0.0;0.0
10/12/2024 06:30:00;0.0;0.0
10/12/2024 07:00:00;0.0;0.0
10/12/2024 07:30:00;0.0;0.0
10/12/2024 08:00:00;3458.2722255210188;6171.1988187531415
10/12/2024 08:30:00;3418.77882919572;5413.762124726641
10/12/2024 09:00:00;3379.285432870421;4656.325430700141
10/12/2024 09:30:00;2689.1004470848657;3518.8366960874046
10/12/2024 10:00:00;1998.9154612993095;2381.347961474668
10/12/2024 10:30:00;7341.298859873959;8278.738160809795
10/12/2024 11:00:00;12683.68225844861;14176.12836014492
10/12/2024 11:30:00;9818.959868586984;10961.942910558673
10/12/2024 12:00:00;6954.237478725357;7747.757460972425
10/12/2024 12:30:00;4925.855239547506;5510.828691951905
10/12/2024 13:00:00;2897.473000369655;3273.8999229313854
10/12/2024 13:30:00;3588.5990876227515;4147.140475966741
10/12/2024 14:00:00;4279.725174875847;5020.381029002097
10/12/2024 14:30:00;2342.903271766226;2770.3595672293636
10/12/2024 15:00:00;406.0813686566045;520.3381054566293
10/12/2024 15:30:00;402.83154373965004;520.5982559089744
10/12/2024 16:00:00;0.0;0.0
10/12/2024 16:30:00;0.0;0.0
10/12/2024 17:00:00;0.0;0.0
10/12/2024 17:30:00;0.0;0.0
10/12/2024 18:00:00;0.0;0.0
10/12/2024 18:30:00;0.0;0.0
10/12/2024 19:00:00;0.0;0.0
10/12/2024 19:30:00;0.0;0.0
10/12/2024 20:00:00;0.0;0.0
10/12/2024 20:30:00;0.0;0.0
10/12/2024 21:00:00;0.0;0.0
10/12/2024 21:30:00;0.0;0.0
10/12/2024 22:00:00;0.0;0.0
10/12/2024 22:30:00;0.0;0.0
10/12/2024 23:00:00;0.0;0.0
10/12/2024 23:30:00;0.0;0.0
11/12/2024 00:00:00;0.0;0.0
11/12/2024 00:30:00;0.0;0.0
11/12/2024 01:00:00;0.0;0.0
11/12/2024 01:30:00;0.0;0.0
11/12/2024 02:00:00;0.0;0.0
11/12/2024 02:30:00;0.0;0.0
11/12/2024 03:00:00;0.0;0.0
11/12/2024 03:30:00;0.0;0.0
11/12/2024 04:00:00;0.0;0.0
11/12/2024 04:30:00;0.0;0.0
11/12/2024 05:00:00;0.0;0.0
11/12/2024 05:30:00;0.0;0.0
11/12/2024 06:00:00;0.0;0.0
11/12/2024 06:30:00;0.0;0.0
11/12/2024 07:00:00;0.0;0.0
11/12/2024 07:30:00;0.0;0.0
11/12/2024 08:00:00;295.58732148015315;529.1832208363616
11/12/2024 08:30:00;542.6494281839092;809.9134864092014
11/12/2024 09:00:00;789.7115348876652;1090.6437519820413
11/12/2024 09:30:00;1656.146440181323;2050.25912078267
11/12/2024 10:00:00;2522.581345474981;3009.874489583299
11/12/2024 10:30:00;2207.698101015627;2563.6198992001127
11/12/2024 11:00:00;1892.8148565562726;2117.3653088169267
11/12/2024 11:30:00;3925.736176193985;4380.051416369421
11/12/2024 12:00:00;5958.657495831697;6642.737523921914
11/12/2024 12:30:00;3874.6022306342943;4333.642683999631
11/12/2024 13:00:00;1790.5469654368922;2024.547844077348
11/12/2024 13:30:00;1424.0262148385634;1632.902381501527
11/12/2024 14:00:00;1057.5054642402347;1241.2569189257065
11/12/2024 14:30:00;571.8285596798997;675.8488939245913
11/12/2024 15:00:00;86.15165511956494;110.44086892347595
11/12/2024 15:30:00;115.17335159057214;163.8701280279144
11/12/2024 16:00:00;0.0;0.0
11/12/2024 16:30:00;0.0;0.0
11/12/2024 17:00:00;0.0;0.0
11/12/2024 17:30:00;0.0;0.0
11/12/2024 18:00:00;0.0;0.0
11/12/2024 18:30:00;0.0;0.0
11/12/2024 19:00:00;0.0;0.0
11/12/2024 19:30:00;0.0;0.0
11/12/2024 20:00:00;0.0;0.0
11/12/2024 20:30:00;0.0;0.0
11/12/2024 21:00:00;0.0;0.0
11/12/2024 21:30:00;0.0;0.0
11/12/2024 22:00:00;0.0;0.0
11/12/2024 22:30:00;0.0;0.0
11/12/2024 23:00:00;0.0;0.0
11/12/2024 23:30:00;0.0;0.0
12/12/2024 00:00:00;0.0;0.0
12/12/2024 00:30:00;0.0;0.0
12/12/2024 01:00:00;0.0;0.0
12/12/2024 01:30:00;0.0;0.0
12/12/2024 02:00:00;0.0;0.0
12/12/2024 02:30:00;0.0;0.0
12/12/2024 03:00:00;0.0;0.0
12/12/2024 03:30:00;0.0;0.0
12/12/2024 04:00:00;0.0;0.0
12/12/2024 04:30:00;0.0;0.0
12/12/2024 05:00:00;0.0;0.0
12/12/2024 05:30:00;0.0;0.0
12/12/2024 06:00:00;0.0;0.0
12/12/2024 06:30:00;0.0;0.0
12/12/2024 07:00:00;0.0;0.0
12/12/2024 07:30:00;0.0;0.0
12/12/2024 08:00:00;1072.8893351338102;1927.0356784743833
12/12/2024 08:30:00;1728.4701037333132;2613.494219766698
12/12/2024 09:00:00;2384.050872332816;3299.952761059012
12/12/2024 09:30:00;1884.0283047421583;2476.892651553506
12/12/2024 10:00:00;1384.0057371515002;1653.8325420479991
12/12/2024 10:30:00;2673.9350455163844;3045.6813713202405
12/12/2024 11:00:00;3963.864353881269;4437.530200592481
12/12/2024 11:30:00;4470.27552840475;4994.288622498508
12/12/2024 12:00:00;4976.686702928231;5551.047044404533
12/12/2024 12:30:00;3834.537008706233;4298.504910265905
12/12/2024 13:00:00;2692.387314484234;3045.962776127277
12/12/2024 13:30:00;1864.0508372416912;2131.030457883788
12/12/2024 14:00:00;1035.714359999148;1216.0981396403004
12/12/2024 14:30:00;569.6849992620507;674.504250708508
12/12/2024 15:00:00;103.65563852495347;132.91036177671594
12/12/2024 15:30:00;292.68738782074547;475.1117045770853
12/12/2024 16:00:00;0.0;0.0
12/12/2024 16:30:00;0.0;0.0
12/12/2024 17:00:00;0.0;0.0
12/12/2024 17:30:00;0.0;0.0
12/12/2024 18:00:00;0.0;0.0
12/12/2024 18:30:00;0.0;0.0
12/12/2024 19:00:00;0.0;0.0
12/12/2024 19:30:00;0.0;0.0
12/12/2024 20:00:00;0.0;0.0
12/12/2024 20:30:00;0.0;0.0
12/12/2024 21:00:00;0.0;0.0
12/12/2024 21:30:00;0.0;0.0
12/12/2024 22:00:00;0.0;0.0
12/12/2024 22:30:00;0.0;0.0
12/12/2024 23:00:00;0.0;0.0
12/12/2024 23:30:00;0.0;0.0
13/12/2024 00:00:00;0.0;0.0
13/12/2024 00:30:00;0.0;0.0
13/12/2024 01:00:00;0.0;0.0
13/12/2024 01:30:00;0.0;0.0
13/12/2024 02:00:00;0.0;0.0
13/12/2024 02:30:00;0.0;0.0
13/12/2024 03:00:00;0.0;0.0
13/12/2024 03:30:00;0.0;0.0
13/12/2024 04:00:00;0.0;0.0
13/12/2024 04:30:00;0.0;0.0
13/12/2024 05:00:00;0.0;0.0
13/12/2024 05:30:00;0.0;0.0
13/12/2024 06:00:00;0.0;0.0
13/12/2024 06:30:00;0.0;0.0
13/12/2024 07:00:00;0.0;0.0
13/12/2024 07:30:00;0.0;0.0
13/12/2024 08:00:00;6530.735114581881;11767.756016989273
13/12/2024 08:30:00;3956.63050921481;6842.870942345183
13/12/2024 09:00:00;1382.5259038477388;1917.9858677010918
13/12/2024 09:30:00;3894.5140759451942;4792.273274267166
13/12/2024 10:00:00;6406.50224804265;7666.5606808332395
13/12/2024 10:30:00;7914.8224319904475;9111.556545456779
13/12/2024 11:00:00;9423.142615938244;10556.55241008032
13/12/2024 11:30:00;5724.370621935324;6408.482374376295
13/12/2024 12:00:00;2025.5986279324036;2260.412338672272
13/12/2024 12:30:00;3259.086691834121;3672.675594619084
13/12/2024 13:00:00;4492.57475573584;5084.938850565896
13/12/2024 13:30:00;4556.296730339656;5256.064707716557
13/12/2024 14:00:00;4620.018704943472;5427.190564867216
13/12/2024 14:30:00;2336.035109204684;2746.9667822709234
13/12/2024 15:00:00;52.05151346589621;66.74299967463038
13/12/2024 15:30:00;175.78492436515197;291.2237548964519
13/12/2024 16:00:00;0.0;0.0
13/12/2024 16:30:00;0.0;0.0
13/12/2024 17:00:00;0.0;0.0
13/12/2024 17:30:00;0.0;0.0
13/12/2024 18:00:00;0.0;0.0
13/12/2024 18:30:00;0.0;0.0
13/12/2024 19:00:00;0.0;0.0
13/12/2024 19:30:00;0.0;0.0
13/12/2024 20:00:00;0.0;0.0
13/12/2024 20:30:00;0.0;0.0
13/12/2024 21:00:00;0.0;0.0
13/12/2024 21:30:00;0.0;0.0
13/12/2024 22:00:00;0.0;0.0
13/12/2024 22:30:00;0.0;0.0
13/12/2024 23:00:00;0.0;0.0
13/12/2024 23:30:00;0.0;0.0
14/12/2024 00:00:00;0.0;0.0
14/12/2024 00:30:00;0.0;0.0
14/12/2024 01:00:00;0.0;0.0
14/12/2024 01:30:00;0.0;0.0
14/12/2024 02:00:00;0.0;0.0
14/12/2024 02:30:00;0.0;0.0
14/12/2024 03:00:00;0.0;0.0
14/12/2024 03:30:00;0.0;0.0
14/12/2024 04:00:00;0.0;0.0
14/12/2024 04:30:00;0.0;0.0
14/12/2024 05:00:00;0.0;0.0
14/12/2024 05:30:00;0.0;0.0
14/12/2024 06:00:00;0.0;0.0
14/12/2024 06:30:00;0.0;0.0
14/12/2024 07:00:00;0.0;0.0
14/12/2024 07:30:00;0.0;0.0
14/12/2024 08:00:00;4258.987484040593;7699.088677216562
14/12/2024 08:30:00;4730.650449412435;7465.620545362298
14/12/2024 09:00:00;5202.313414784277;7232.1524135080335
14/12/2024 09:30:00;3526.0740827025397;4724.336986521228
14/12/2024 10:00:00;1849.834750620803;2216.521559534422
14/12/2024 10:30:00;3314.310214221628;3786.9218574778815
14/12/2024 11:00:00;4778.785677822453;5357.322155421341
14/12/2024 11:30:00;5292.915066955932;5920.268521813996
14/12/2024 12:00:00;5807.044456089412;6483.21488820665
14/12/2024 12:30:00;5962.888815904516;6705.6153169983645
14/12/2024 13:00:00;6118.733175719622;6928.015745790077
14/12/2024 13:30:00;3463.037662402948;3938.300165628349
14/12/2024 14:00:00;807.3421490862752;948.5845854666211
14/12/2024 14:30:00;455.7484089201053;541.0681920616419
14/12/2024 15:00:00;104.15466875393538;133.5517986566627
14/12/2024 15:30:00;276.0714779113489;446.94946595082286
14/12/2024 16:00:00;0.0;0.0
14/12/2024 16:30:00;0.0;0.0
14/12/2024 17:00:00;0.0;0.0
14/12/2024 17:30:00;0.0;0.0
14/12/2024 18:00:00;0.0;0.0
14/12/2024 18:30:00;0.0;0.0
14/12/2024 19:00:00;0.0;0.0
14/12/2024 19:30:00;0.0;0.0
14/12/2024 20:00:00;0.0;0.0
14/12/2024 20:30:00;0.0;0.0
14/12/2024 21:00:00;0.0;0.0
14/12/2024 21:30:00;0.0;0.0
14/12/2024 22:00:00;0.0;0.0
14/12/2024 22:30:00;0.0;0.0
14/12/2024 23:00:00;0.0;0.0
14/12/2024 23:30:00;0.0;0.0
15/12/2024 00:00:00;0.0;0.0
15/12/2024 00:30:00;0.0;0.0
15/12/2024 01:00:00;0.0;0.0
15/12/2024 01:30:00;0.0;0.0
15/12/2024 02:00:00;0.0;0.0
15/12/2024 02:30:00;0.0;0.0
15/12/2024 03:00:00;0.0;0.0
15/12/2024 03:30:00;0.0;0.0
15/12/2024 04:00:00;0.0;0.0
15/12/2024 04:30:00;0.0;0.0
15/12/2024 05:00:00;0.0;0.0
15/12/2024 05:30:00;0.0;0.0
15/12/2024 06:00:00;0.0;0.0
15/12/2024 06:30:00;0.0;0.0
15/12/2024 07:00:00;0.0;0.0
15/12/2024 07:30:00;0.0;0.0
15/12/2024 08:00:00;5949.326180105993;10789.072486658108
15/12/2024 08:30:00;10074.605847608596;15286.656359728297
15/12/2024 09:00:00;14199.885515111202;19784.240232798486
15/12/2024 09:30:00;17265.88629571156;22089.534513752882
15/12/2024 10:00:00;20331.887076311916;24394.82879470728
15/12/2024 10:30:00;21637.04279759569;25065.319845262675
15/12/2024 11:00:00;22942.19851887947;25735.810895818075
15/12/2024 11:30:00;21402.0749447793;23959.404669155385
15/12/2024 12:00:00;19861.95137067913;22182.9984424927
15/12/2024 12:30:00;14577.442418268087;16354.35652365651
15/12/2024 13:00:00;9292.933465857044;10525.71460482032
15/12/2024 13:30:00;5457.132516063098;6215.552757985477
15/12/2024 14:00:00;1621.3315662691505;1905.3909111506355
15/12/2024 14:30:00;915.1781664878716;1086.677029803846
15/12/2024 15:00:00;209.02476670659289;267.96314845705626
15/12/2024 15:30:00;327.0899570392922;486.0625159194121
15/12/2024 16:00:00;0.0;0.0
15/12/2024 16:30:00;0.0;0.0
15/12/2024 17:00:00;0.0;0.0
15/12/2024 17:30:00;0.0;0.0
15/12/2024 18:00:00;0.0;0.0
15/12/2024 18:30:00;0.0;0.0
15/12/2024 19:00:00;0.0;0.0
15/12/2024 19:30:00;0.0;0.0
15/12/2024 20:00:00;0.0;0.0
15/12/2024 20:30:00;0.0;0.0
15/12/2024 21:00:00;0.0;0.0
15/12/2024 21:30:00;0.0;0.0
15/12/2024 22:00:00;0.0;0.0
15/12/2024 22:30:00;0.0;0.0
15/12/2024 23:00:00;0.0;0.0
15/12/2024 23:30:00;0.0;0.0
16/12/2024 00:00:00;0.0;0.0
16/12/2024 00:30:00;0.0;0.0
16/12/2024 01:00:00;0.0;0.0
16/12/2024 01:30:00;0.0;0.0
16/12/2024 02:00:00;0.0;0.0
16/12/2024 02:30:00;0.0;0.0
16/12/2024 03:00:00;0.0;0.0
16/12/2024 03:30:00;0.0;0.0
16/12/2024 04:00:00;0.0;0.0
16/12/2024 04:30:00;0.0;0.0
16/12/2024 05:00:00;0.0;0.0
16/12/2024 05:30:00;0.0;0.0
16/12/2024 06:00:00;0.0;0.0
16/12/2024 06:30:00;0.0;0.0
16/12/2024 07:00:00;0.0;0.0
16/12/2024 07:30:00;0.0;0.0
16/12/2024 08:00:00;4223.24123801837;7683.3416421771535
16/12/2024 08:30:00;8689.339410927041;13024.824683974015
16/12/2024 09:00:00;13155.437583835712;18366.30772577088
16/12/2024 09:30:00;15223.801011993211;19569.783982495494
16/12/2024 10:00:00;17292.16444015071;20773.260239220108
16/12/2024 10:30:00;19988.998220139434;23117.538360247116
16/12/2024 11:00:00;22685.83200012816;25461.81648127412
16/12/2024 11:30:00;22123.076453723268;24774.341463352837
16/12/2024 12:00:00;21560.32090731837;24086.86644543155
16/12/2024 12:30:00;19718.25039650889;22169.79732021081
16/12/2024 13:00:00;17876.179885699417;20252.728194990068
16/12/2024 13:30:00;14337.008948026682;16471.654546730864
16/12/2024 14:00:00;10797.838010353948;12690.580898471668
16/12/2024 14:30:00;5795.126746800142;6853.107033480823
16/12/2024 15:00:00;792.4154832463362;1015.6331684899784
16/12/2024 15:30:00;877.7344189088913;1184.0077951118262
16/12/2024 16:00:00;0.0;0.0
16/12/2024 16:30:00;0.0;0.0
16/12/2024 17:00:00;0.0;0.0
16/12/2024 17:30:00;0.0;0.0
16/12/2024 18:00:00;0.0;0.0
16/12/2024 18:30:00;0.0;0.0
16/12/2024 19:00:00;0.0;0.0
16/12/2024 19:30:00;0.0;0.0
16/12/2024 20:00:00;0.0;0.0
16/12/2024 20:30:00;0.0;0.0
16/12/2024 21:00:00;0.0;0.0
16/12/2024 21:30:00;0.0;0.0
16/12/2024 22:00:00;0.0;0.0
16/12/2024 22:30:00;0.0;0.0
16/12/2024 23:00:00;0.0;0.0
16/12/2024 23:30:00;0.0;0.0
17/12/2024 00:00:00;0.0;0.0
17/12/2024 00:30:00;0.0;0.0
17/12/2024 01:00:00;0.0;0.0
17/12/2024 01:30:00;0.0;0.0
17/12/2024 02:00:00;0.0;0.0
17/12/2024 02:30:00;0.0;0.0
17/12/2024 03:00:00;0.0;0.0
17/12/2024 03:30:00;0.0;0.0
17/12/2024 04:00:00;0.0;0.0
17/12/2024 04:30:00;0.0;0.0
17/12/2024 05:00:00;0.0;0.0
17/12/2024 05:30:00;0.0;0.0
17/12/2024 06:00:00;0.0;0.0
17/12/2024 06:30:00;0.0;0.0
17/12/2024 07:00:00;0.0;0.0
17/12/2024 07:30:00;0.0;0.0
17/12/2024 08:00:00;3693.259295773211;6740.370473632802
17/12/2024 08:30:00;8825.068520659976;13132.62980448295
17/12/2024 09:00:00;13956.87774554674;19524.889135333095
17/12/2024 09:30:00;16917.35975816234;21715.631959193735
17/12/2024 10:00:00;19877.841770777934;23906.37478305437
17/12/2024 10:30:00;22367.370212565576;25908.900177384687
17/12/2024 11:00:00;24856.898654353216;27911.42557171501
17/12/2024 11:30:00;24469.070771725124;27410.115057562074
17/12/2024 12:00:00;24081.242889097037;26908.804543409133
17/12/2024 12:30:00;21650.308129180237;24343.124824554485
17/12/2024 13:00:00;19219.37336926344;21777.44510569984
17/12/2024 13:30:00;14783.996916184125;16969.73194843766
17/12/2024 14:00:00;10348.620463104813;12162.018791175482
17/12/2024 14:30:00;5751.552860297826;6820.373419647051
17/12/2024 15:00:00;1154.485257490839;1478.72804811862
17/12/2024 15:30:00;1255.8415050457497;1682.916523404254
17/12/2024 16:00:00;0.0;0.0
17/12/2024 16:30:00;0.0;0.0
17/12/2024 17:00:00;0.0;0.0
17/12/2024 17:30:00;0.0;0.0
17/12/2024 18:00:00;0.0;0.0
17/12/2024 18:30:00;0.0;0.0
17/12/2024 19:00:00;0.0;0.0
17/12/2024 19:30:00;0.0;0.0
17/12/2024 20:00:00;0.0;0.0
17/12/2024 20:30:00;0.0;0.0
17/12/2024 21:00:00;0.0;0.0
17/12/2024 21:30:00;0.0;0.0
17/12/2024 22:00:00;0.0;0.0
17/12/2024 22:30:00;0.0;0.0
17/12/2024 23:00:00;0.0;0.0
17/12/2024 23:30:00;0.0;0.0
18/12/2024 00:00:00;0.0;0.0
18/12/2024 00:30:00;0.0;0.0
18/12/2024 01:00:00;0.0;0.0
18/12/2024 01:30:00;0.0;0.0
18/12/2024 02:00:00;0.0;0.0
18/12/2024 02:30:00;0.0;0.0
18/12/2024 03:00:00;0.0;0.0
18/12/2024 03:30:00;0.0;0.0
18/12/2024 04:00:00;0.0;0.0
18/12/2024 04:30:00;0.0;0.0
18/12/2024 05:00:00;0.0;0.0
18/12/2024 05:30:00;0.0;0.0
18/12/2024 06:00:00;0.0;0.0
18/12/2024 06:30:00;0.0;0.0
18/12/2024 07:00:00;0.0;0.0
18/12/2024 07:30:00;0.0;0.0
18/12/2024 08:00:00;4600.597674357803;8421.136207830172
18/12/2024 08:30:00;9591.397510668068;14429.737929644249
18/12/2024 09:00:00;14582.197346978337;20438.339651458326
18/12/2024 09:30:00;17596.17767786792;22627.30324289896
18/12/2024 10:00:00;20610.158008757502;24816.266834339593
18/12/2024 10:30:00;22894.64004202192;26551.125116762247
18/12/2024 11:00:00;25179.122075286345;28285.983399184905
18/12/2024 11:30:00;24735.222649623236;27716.458312429953
18/12/2024 12:00:00;24291.323223960128;27146.93322567501
18/12/2024 12:30:00;21780.383680644412;24490.877429459746
18/12/2024 13:00:00;19269.444137328694;21834.821633244486
18/12/2024 13:30:00;15550.677547195934;17869.563809080104
18/12/2024 14:00:00;11831.910957063174;13904.305984915723
18/12/2024 14:30:00;6491.544958407994;7688.919694072536
18/12/2024 15:00:00;1151.1789597528161;1473.53340322935
18/12/2024 15:30:00;1246.9221264540217;1668.1259557593696
18/12/2024 16:00:00;0.0;0.0
18/12/2024 16:30:00;0.0;0.0
18/12/2024 17:00:00;0.0;0.0
18/12/2024 17:30:00;0.0;0.0
18/12/2024 18:00:00;0.0;0.0
18/12/2024 18:30:00;0.0;0.0
18/12/2024 19:00:00;0.0;0.0
18/12/2024 19:30:00;0.0;0.0
18/12/2024 20:00:00;0.0;0.0
18/12/2024 20:30:00;0.0;0.0
18/12/2024 21:00:00;0.0;0.0
18/12/2024 21:30:00;0.0;0.0
18/12/2024 22:00:00;0.0;0.0
18/12/2024 22:30:00;0.0;0.0
18/12/2024 23:00:00;0.0;0.0
18/12/2024 23:30:00;0.0;0.0
19/12/2024 00:00:00;0.0;0.0
19/12/2024 00:30:00;0.0;0.0
19/12/2024 01:00:00;0.0;0.0
19/12/2024 01:30:00;0.0;0.0
19/12/2024 02:00:00;0.0;0.0
19/12/2024 02:30:00;0.0;0.0
19/12/2024 03:00:00;0.0;0.0
19/12/2024 03:30:00;0.0;0.0
19/12/2024 04:00:00;0.0;0.0
19/12/2024 04:30:00;0.0;0.0
19/12/2024 05:00:00;0.0;0.0
19/12/2024 05:30:00;0.0;0.0
19/12/2024 06:00:00;0.0;0.0
19/12/2024 06:30:00;0.0;0.0
19/12/2024 07:00:00;0.0;0.0
19/12/2024 07:30:00;0.0;0.0
19/12/2024 08:00:00;4406.446627593805;8089.680189250011
19/12/2024 08:30:00;9273.081538177119;13972.25841265446
19/12/2024 09:00:00;14139.716448760431;19854.836636058913
19/12/2024 09:30:00;16947.383465326915;21833.467100163514
19/12/2024 10:00:00;19755.0504818934;23812.097564268115
19/12/2024 10:30:00;21860.685424914238;25372.901755695566
19/12/2024 11:00:00;23966.320367935077;26933.70594712301
19/12/2024 11:30:00;14843.155436653762;16663.45609590659
19/12/2024 12:00:00;5719.990505372444;6393.20624469017
19/12/2024 12:30:00;5387.110032983195;6060.23942722137
19/12/2024 13:00:00;5054.229560593947;5727.27260975257
19/12/2024 13:30:00;3419.9561944183547;3912.533627244829
19/12/2024 14:00:00;1785.6828282427618;2097.7946447370873
19/12/2024 14:30:00;919.272319505606;1082.706921033712
19/12/2024 15:00:00;52.861810768450106;67.61919733033666
19/12/2024 15:30:00;146.6609493635857;241.1997183232861
19/12/2024 16:00:00;0.0;0.0
19/12/2024 16:30:00;0.0;0.0
19/12/2024 17:00:00;0.0;0.0
19/12/2024 17:30:00;0.0;0.0
19/12/2024 18:00:00;0.0;0.0
19/12/2024 18:30:00;0.0;0.0
19/12/2024 19:00:00;0.0;0.0
19/12/2024 19:30:00;0.0;0.0
19/12/2024 20:00:00;0.0;0.0
19/12/2024 20:30:00;0.0;0.0
19/12/2024 21:00:00;0.0;0.0
19/12/2024 21:30:00;0.0;0.0
19/12/2024 22:00:00;0.0;0.0
19/12/2024 22:30:00;0.0;0.0
19/12/2024 23:00:00;0.0;0.0
19/12/2024 23:30:00;0.0;0.0
20/12/2024 00:00:00;0.0;0.0
20/12/2024 00:30:00;0.0;0.0
20/12/2024 01:00:00;0.0;0.0
20/12/2024 01:30:00;0.0;0.0
20/12/2024 02:00:00;0.0;0.0
20/12/2024 02:30:00;0.0;0.0
20/12/2024 03:00:00;0.0;0.0
20/12/2024 03:30:00;0.0;0.0
20/12/2024 04:00:00;0.0;0.0
20/12/2024 04:30:00;0.0;0.0
20/12/2024 05:00:00;0.0;0.0
20/12/2024 05:30:00;0.0;0.0
20/12/2024 06:00:00;0.0;0.0
20/12/2024 06:30:00;0.0;0.0
20/12/2024 07:00:00;0.0;0.0
20/12/2024 07:30:00;0.0;0.0
20/12/2024 08:00:00;3242.0325230030594;5969.356911090618
20/12/2024 08:30:00;8685.150097740458;12922.447265199502
20/12/2024 09:00:00;14128.267672477854;19875.537619308383
20/12/2024 09:30:00;16656.618391825516;21511.371468236495
20/12/2024 10:00:00;19184.969111173174;23147.205317164604
20/12/2024 10:30:00;19697.2952576014;22932.87972123583
20/12/2024 11:00:00;20209.62140402963;22718.554125307062
20/12/2024 11:30:00;16977.62780914846;19041.30155480681
20/12/2024 12:00:00;13745.634214267293;15364.048984306559
20/12/2024 12:30:00;15755.800609779775;17747.0150588592
20/12/2024 13:00:00;17765.967005292263;20129.981133411842
20/12/2024 13:30:00;14064.330706832705;16150.810180229259
20/12/2024 14:00:00;10362.69440837315;12171.639227046675
20/12/2024 14:30:00;5278.455954911175;6209.903827289676
20/12/2024 15:00:00;194.2175014491975;248.1684275326787
20/12/2024 15:30:00;197.45762883660004;257.40384006245813
20/12/2024 16:00:00;0.0;0.0
20/12/2024 16:30:00;0.0;0.0
20/12/2024 17:00:00;0.0;0.0
20/12/2024 17:30:00;0.0;0.0
20/12/2024 18:00:00;0.0;0.0
20/12/2024 18:30:00;0.0;0.0
20/12/2024 19:00:00;0.0;0.0
20/12/2024 19:30:00;0.0;0.0
20/12/2024 20:00:00;0.0;0.0
20/12/2024 20:30:00;0.0;0.0
20/12/2024 21:00:00;0.0;0.0
20/12/2024 21:30:00;0.0;0.0
20/12/2024 22:00:00;0.0;0.0
20/12/2024 22:30:00;0.0;0.0
20/12/2024 23:00:00;0.0;0.0
20/12/2024 23:30:00;0.0;0.0
21/12/2024 00:00:00;0.0;0.0
21/12/2024 00:30:00;0.0;0.0
21/12/2024 01:00:00;0.0;0.0
21/12/2024 01:30:00;0.0;0.0
21/12/2024 02:00:00;0.0;0.0
21/12/2024 02:30:00;0.0;0.0
21/12/2024 03:00:00;0.0;0.0
21/12/2024 03:30:00;0.0;0.0
21/12/2024 04:00:00;0.0;0.0
21/12/2024 04:30:00;0.0;0.0
21/12/2024 05:00:00;0.0;0.0
21/12/2024 05:30:00;0.0;0.0
21/12/2024 06:00:00;0.0;0.0
21/12/2024 06:30:00;0.0;0.0
21/12/2024 07:00:00;0.0;0.0
21/12/2024 07:30:00;0.0;0.0
21/12/2024 08:00:00;304.381832620884;562.1724535451808
21/12/2024 08:30:00;492.5533432325949;760.7244812373464
21/12/2024 09:00:00;680.7248538443058;959.276508929512
21/12/2024 09:30:00;942.9045491722079;1207.2441804040864
21/12/2024 10:00:00;1205.0842445001101;1455.2118518786608
21/12/2024 10:30:00;2672.949175727179;3055.534531107326
21/12/2024 11:00:00;4140.814106954247;4655.857210335991
21/12/2024 11:30:00;2628.410325013781;2951.6043392300753
21/12/2024 12:00:00;1116.0065430733139;1247.351468124159
21/12/2024 12:30:00;967.405418591571;1087.4698081956647
21/12/2024 13:00:00;818.804294109828;927.5881482671705
21/12/2024 13:30:00;747.457007681614;860.6883299062943
21/12/2024 14:00:00;676.1097212534;793.7885115454181
21/12/2024 14:30:00;373.5079104563048;442.14691704183247
21/12/2024 15:00:00;70.90609965920952;90.50532253824669
21/12/2024 15:30:00;87.29399681911964;122.05364814814625
21/12/2024 16:00:00;0.0;0.0
21/12/2024 16:30:00;0.0;0.0
21/12/2024 17:00:00;0.0;0.0
21/12/2024 17:30:00;0.0;0.0
21/12/2024 18:00:00;0.0;0.0
21/12/2024 18:30:00;0.0;0.0
21/12/2024 19:00:00;0.0;0.0
21/12/2024 19:30:00;0.0;0.0
21/12/2024 20:00:00;0.0;0.0
21/12/2024 20:30:00;0.0;0.0
21/12/2024 21:00:00;0.0;0.0
21/12/2024 21:30:00;0.0;0.0
21/12/2024 22:00:00;0.0;0.0
21/12/2024 22:30:00;0.0;0.0
21/12/2024 23:00:00;0.0;0.0
21/12/2024 23:30:00;0.0;0.0
22/12/2024 00:00:00;0.0;0.0
22/12/2024 00:30:00;0.0;0.0
22/12/2024 01:00:00;0.0;0.0
22/12/2024 01:30:00;0.0;0.0
22/12/2024 02:00:00;0.0;0.0
22/12/2024 02:30:00;0.0;0.0
22/12/2024 03:00:00;0.0;0.0
22/12/2024 03:30:00;0.0;0.0
22/12/2024 04:00:00;0.0;0.0
22/12/2024 04:30:00;0.0;0.0
22/12/2024 05:00:00;0.0;0.0
22/12/2024 05:30:00;0.0;0.0
22/12/2024 06:00:00;0.0;0.0
22/12/2024 06:30:00;0.0;0.0
22/12/2024 07:00:00;0.0;0.0
22/12/2024 07:30:00;0.0;0.0
22/12/2024 08:00:00;628.0946030961541;1163.148393274832
22/12/2024 08:30:00;981.963514689216;1524.5057274347148
22/12/2024 09:00:00;1335.8324262822778;1885.8630615945979
22/12/2024 09:30:00;1932.7698466648123;2471.6995070261173
22/12/2024 10:00:00;2529.707267047347;3057.5359524576365
22/12/2024 10:30:00;3349.8697240734946;3873.614930603818
22/12/2024 11:00:00;4170.032181099642;4689.6939087499995
22/12/2024 11:30:00;3814.3408465607818;4277.614381306811
22/12/2024 12:00:00;3458.6495120219215;3865.5348538636226
22/12/2024 12:30:00;2016.178333575489;2257.6683708704927
22/12/2024 13:00:00;573.7071551290566;649.8018878773629
22/12/2024 13:30:00;438.69670606868345;503.09258712859
22/12/2024 14:00:00;303.6862570083103;356.3832863798171
22/12/2024 14:30:00;178.51219332767747;212.19586286669573
22/12/2024 15:00:00;53.33812964704462;68.00843935357439
22/12/2024 15:30:00;59.09974835430218;79.61948519724234
22/12/2024 16:00:00;0.0;0.0
22/12/2024 16:30:00;0.0;0.0
22/12/2024 17:00:00;0.0;0.0
22/12/2024 17:30:00;0.0;0.0
22/12/2024 18:00:00;0.0;0.0
22/12/2024 18:30:00;0.0;0.0
22/12/2024 19:00:00;0.0;0.0
22/12/2024 19:30:00;0.0;0.0
22/12/2024 20:00:00;0.0;0.0
22/12/2024 20:30:00;0.0;0.0
22/12/2024 21:00:00;0.0;0.0
22/12/2024 21:30:00;0.0;0.0
22/12/2024 22:00:00;0.0;0.0
22/12/2024 22:30:00;0.0;0.0
22/12/2024 23:00:00;0.0;0.0
22/12/2024 23:30:00;0.0;0.0
23/12/2024 00:00:00;0.0;0.0
23/12/2024 00:30:00;0.0;0.0
23/12/2024 01:00:00;0.0;0.0
23/12/2024 01:30:00;0.0;0.0
23/12/2024 02:00:00;0.0;0.0
23/12/2024 02:30:00;0.0;0.0
23/12/2024 03:00:00;0.0;0.0
23/12/2024 03:30:00;0.0;0.0
23/12/2024 04:00:00;0.0;0.0
23/12/2024 04:30:00;0.0;0.0
23/12/2024 05:00:00;0.0;0.0
23/12/2024 05:30:00;0.0;0.0
23/12/2024 06:00:00;0.0;0.0
23/12/2024 06:30:00;0.0;0.0
23/12/2024 07:00:00;0.0;0.0
23/12/2024 07:30:00;0.0;0.0
23/12/2024 08:00:00;249.23316569380182;462.7839980382849
23/12/2024 08:30:00;2949.246237495942;4225.1287993753285
23/12/2024 09:00:00;5649.259309298082;7987.473600712372
23/12/2024 09:30:00;10291.014279936546;13024.747615974697
23/12/2024 10:00:00;14932.769250575011;18062.021631237018
23/12/2024 10:30:00;16841.904372323777;19576.220368201684
23/12/2024 11:00:00;18751.039494072545;21090.41910516635
23/12/2024 11:30:00;13969.578917766838;15678.647557443715
23/12/2024 12:00:00;9188.118341461131;10266.87600972108
23/12/2024 12:30:00;9027.341858118358;10152.707470557358
23/12/2024 13:00:00;8866.565374775582;10038.538931393632
23/12/2024 13:30:00;5876.0855404137155;6711.467042119027
23/12/2024 14:00:00;2885.6057060518497;3384.3951528444204
23/12/2024 14:30:00;1487.2810890498185;1748.8350013218972
23/12/2024 15:00:00;88.95647204778773;113.27484979937383
23/12/2024 15:30:00;92.60905860887198;121.61679482625601
23/12/2024 16:00:00;0.0;0.0
23/12/2024 16:30:00;0.0;0.0
23/12/2024 17:00:00;0.0;0.0
23/12/2024 17:30:00;0.0;0.0
23/12/2024 18:00:00;0.0;0.0
23/12/2024 18:30:00;0.0;0.0
23/12/2024 19:00:00;0.0;0.0
23/12/2024 19:30:00;0.0;0.0
23/12/2024 20:00:00;0.0;0.0
23/12/2024 20:30:00;0.0;0.0
23/12/2024 21:00:00;0.0;0.0
23/12/2024 21:30:00;0.0;0.0
23/12/2024 22:00:00;0.0;0.0
23/12/2024 22:30:00;0.0;0.0
23/12/2024 23:00:00;0.0;0.0
23/12/2024 23:30:00;0.0;0.0
24/12/2024 00:00:00;0.0;0.0
24/12/2024 00:30:00;0.0;0.0
24/12/2024 01:00:00;0.0;0.0
24/12/2024 01:30:00;0.0;0.0
24/12/2024 02:00:00;0.0;0.0
24/12/2024 02:30:00;0.0;0.0
24/12/2024 03:00:00;0.0;0.0
24/12/2024 03:30:00;0.0;0.0
24/12/2024 04:00:00;0.0;0.0
24/12/2024 04:30:00;0.0;0.0
24/12/2024 05:00:00;0.0;0.0
24/12/2024 05:30:00;0.0;0.0
24/12/2024 06:00:00;0.0;0.0
24/12/2024 06:30:00;0.0;0.0
24/12/2024 07:00:00;0.0;0.0
24/12/2024 07:30:00;0.0;0.0
24/12/2024 08:00:00;213.1444151246517;396.90098071336814
24/12/2024 08:30:00;293.40210790202855;463.0369124789383
24/12/2024 09:00:00;373.6598006794054;529.1728442445084
24/12/2024 09:30:00;705.9781899140507;892.957474002014
24/12/2024 10:00:00;1038.2965791486963;1256.7421037595198
24/12/2024 10:30:00;1268.350274139162;1471.0790520539435
24/12/2024 11:00:00;1498.4039691296277;1685.4160003483676
24/12/2024 11:30:00;1528.5104790449152;1713.3299896905687
24/12/2024 12:00:00;1558.6169889602027;1741.2439790327699
24/12/2024 12:30:00;1066.7941713590665;1195.9756655853794
24/12/2024 13:00:00;574.9713537579303;650.7073521379891
24/12/2024 13:30:00;439.90741282617773;503.99852043062236
24/12/2024 14:00:00;304.84347189442514;357.28968872325567
24/12/2024 14:30:00;179.25294687897048;212.7600216492458
24/12/2024 15:00:00;53.66242186351579;68.23035457523592
24/12/2024 15:30:00;55.728739289584844;73.0282426784372
24/12/2024 16:00:00;0.0;0.0
24/12/2024 16:30:00;0.0;0.0
24/12/2024 17:00:00;0.0;0.0
24/12/2024 17:30:00;0.0;0.0
24/12/2024 18:00:00;0.0;0.0
24/12/2024 18:30:00;0.0;0.0
24/12/2024 19:00:00;0.0;0.0
24/12/2024 19:30:00;0.0;0.0
24/12/2024 20:00:00;0.0;0.0
24/12/2024 20:30:00;0.0;0.0
24/12/2024 21:00:00;0.0;0.0
24/12/2024 21:30:00;0.0;0.0
24/12/2024 22:00:00;0.0;0.0
24/12/2024 22:30:00;0.0;0.0
24/12/2024 23:00:00;0.0;0.0
24/12/2024 23:30:00;0.0;0.0
25/12/2024 00:00:00;0.0;0.0
25/12/2024 00:30:00;0.0;0.0
25/12/2024 01:00:00;0.0;0.0
25/12/2024 01:30:00;0.0;0.0
25/12/2024 02:00:00;0.0;0.0
25/12/2024 02:30:00;0.0;0.0
25/12/2024 03:00:00;0.0;0.0
25/12/2024 03:30:00;0.0;0.0
25/12/2024 04:00:00;0.0;0.0
25/12/2024 04:30:00;0.0;0.0
25/12/2024 05:00:00;0.0;0.0
25/12/2024 05:30:00;0.0;0.0
25/12/2024 06:00:00;0.0;0.0
25/12/2024 06:30:00;0.0;0.0
25/12/2024 07:00:00;0.0;0.0
25/12/2024 07:30:00;0.0;0.0
25/12/2024 08:00:00;123.91721434986357;231.35855008407933
25/12/2024 08:30:00;890.3855888172812;1290.6765081925282
25/12/2024 09:00:00;1656.853963284699;2349.994466300977
25/12/2024 09:30:00;2817.1292013722523;3583.6107298450265
25/12/2024 10:00:00;3977.4044394598063;4817.226993389077
25/12/2024 10:30:00;8572.089397992631;9813.347720150947
25/12/2024 11:00:00;13166.774356525455;14809.468446912819
25/12/2024 11:30:00;12522.29193628474;14037.544366600017
25/12/2024 12:00:00;11877.809516044026;13265.620286287216
25/12/2024 12:30:00;11387.245222912368;12795.67643765414
25/12/2024 13:00:00;10896.680929780712;12325.732589021063
25/12/2024 13:30:00;11418.194247520869;13154.851483984916
25/12/2024 14:00:00;11939.707565261026;13983.970378948767
25/12/2024 14:30:00;7443.545322438179;8862.54215918391
25/12/2024 15:00:00;2947.383079615332;3741.1139394190504
25/12/2024 15:30:00;2864.330845109624;3637.885318122443
25/12/2024 16:00:00;0.0;0.0
25/12/2024 16:30:00;0.0;0.0
25/12/2024 17:00:00;0.0;0.0
25/12/2024 17:30:00;0.0;0.0
25/12/2024 18:00:00;0.0;0.0
25/12/2024 18:30:00;0.0;0.0
25/12/2024 19:00:00;0.0;0.0
25/12/2024 19:30:00;0.0;0.0
25/12/2024 20:00:00;0.0;0.0
25/12/2024 20:30:00;0.0;0.0
25/12/2024 21:00:00;0.0;0.0
25/12/2024 21:30:00;0.0;0.0
25/12/2024 22:00:00;0.0;0.0
25/12/2024 22:30:00;0.0;0.0
25/12/2024 23:00:00;0.0;0.0
25/12/2024 23:30:00;0.0;0.0
26/12/2024 00:00:00;0.0;0.0
26/12/2024 00:30:00;0.0;0.0
26/12/2024 01:00:00;0.0;0.0
26/12/2024 01:30:00;0.0;0.0
26/12/2024 02:00:00;0.0;0.0
26/12/2024 02:30:00;0.0;0.0
26/12/2024 03:00:00;0.0;0.0
26/12/2024 03:30:00;0.0;0.0
26/12/2024 04:00:00;0.0;0.0
26/12/2024 04:30:00;0.0;0.0
26/12/2024 05:00:00;0.0;0.0
26/12/2024 05:30:00;0.0;0.0
26/12/2024 06:00:00;0.0;0.0
26/12/2024 06:30:00;0.0;0.0
26/12/2024 07:00:00;0.0;0.0
26/12/2024 07:30:00;0.0;0.0
26/12/2024 08:00:00;123.60710642126266;231.3408153343907
26/12/2024 08:30:00;1392.9080868252934;2006.1485396667376
26/12/2024 09:00:00;2662.209067229324;3780.956263999085
26/12/2024 09:30:00;2935.4832411986254;3834.7444231809077
26/12/2024 10:00:00;3208.757415167927;3888.5325823627313
26/12/2024 10:30:00;6427.636041672911;7369.477964726716
26/12/2024 11:00:00;9646.514668177895;10850.423347090702
26/12/2024 11:30:00;10931.139320620643;12244.73477906337
26/12/2024 12:00:00;12215.76397306339;13639.046211036037
26/12/2024 12:30:00;6972.3574997926735;7796.863036144006
26/12/2024 13:00:00;1728.9510265219578;1954.6798612519772
26/12/2024 13:30:00;3503.5748651549234;4065.741681455176
26/12/2024 14:00:00;5278.198703787888;6176.803501658375
26/12/2024 14:30:00;2878.5304125920948;3391.7945492758995
26/12/2024 15:00:00;478.86212139630186;606.7855968934241
26/12/2024 15:30:00;519.3847974904104;691.3837735093799
26/12/2024 16:00:00;0.0;0.0
26/12/2024 16:30:00;0.0;0.0
26/12/2024 17:00:00;0.0;0.0
26/12/2024 17:30:00;0.0;0.0
26/12/2024 18:00:00;0.0;0.0
26/12/2024 18:30:00;0.0;0.0
26/12/2024 19:00:00;0.0;0.0
26/12/2024 19:30:00;0.0;0.0
26/12/2024 20:00:00;0.0;0.0
26/12/2024 20:30:00;0.0;0.0
26/12/2024 21:00:00;0.0;0.0
26/12/2024 21:30:00;0.0;0.0
26/12/2024 22:00:00;0.0;0.0
26/12/2024 22:30:00;0.0;0.0
26/12/2024 23:00:00;0.0;0.0
26/12/2024 23:30:00;0.0;0.0
27/12/2024 00:00:00;0.0;0.0
27/12/2024 00:30:00;0.0;0.0
27/12/2024 01:00:00;0.0;0.0
27/12/2024 01:30:00;0.0;0.0
27/12/2024 02:00:00;0.0;0.0
27/12/2024 02:30:00;0.0;0.0
27/12/2024 03:00:00;0.0;0.0
27/12/2024 03:30:00;0.0;0.0
27/12/2024 04:00:00;0.0;0.0
27/12/2024 04:30:00;0.0;0.0
27/12/2024 05:00:00;0.0;0.0
27/12/2024 05:30:00;0.0;0.0
27/12/2024 06:00:00;0.0;0.0
27/12/2024 06:30:00;0.0;0.0
27/12/2024 07:00:00;0.0;0.0
27/12/2024 07:30:00;0.0;0.0
27/12/2024 08:00:00;1856.633108595994;3483.123601835921
27/12/2024 08:30:00;7478.912149623719;11058.226257999888
27/12/2024 09:00:00;13101.191190651445;18633.328914163856
27/12/2024 09:30:00;15935.559063573366;20695.730703597805
27/12/2024 10:00:00;18769.92693649529;22758.132493031757
27/12/2024 10:30:00;22384.55889709064;26001.925526526386
27/12/2024 11:00:00;25999.19085768599;29245.718560021018
27/12/2024 11:30:00;18531.700527636476;20796.66072330901
27/12/2024 12:00:00;11064.210197586965;12347.602886597004
27/12/2024 12:30:00;10654.679709603804;11961.561092179449
27/12/2024 13:00:00;10245.149221620644;11575.519297761892
27/12/2024 13:30:00;7787.320716774081;8903.22894316344
27/12/2024 14:00:00;5329.492211927518;6230.938588564986
27/12/2024 14:30:00;2979.6656415290654;3513.7516803234853
27/12/2024 15:00:00;629.839071130613;796.5647720819842
27/12/2024 15:30:00;658.3090686837154;861.5110940210049
27/12/2024 16:00:00;0.0;0.0
27/12/2024 16:30:00;0.0;0.0
27/12/2024 17:00:00;0.0;0.0
27/12/2024 17:30:00;0.0;0.0
27/12/2024 18:00:00;0.0;0.0
27/12/2024 18:30:00;0.0;0.0
27/12/2024 19:00:00;0.0;0.0
27/12/2024 19:30:00;0.0;0.0
27/12/2024 20:00:00;0.0;0.0
27/12/2024 20:30:00;0.0;0.0
27/12/2024 21:00:00;0.0;0.0
27/12/2024 21:30:00;0.0;0.0
27/12/2024 22:00:00;0.0;0.0
27/12/2024 22:30:00;0.0;0.0
27/12/2024 23:00:00;0.0;0.0
27/12/2024 23:30:00;0.0;0.0
28/12/2024 00:00:00;0.0;0.0
28/12/2024 00:30:00;0.0;0.0
28/12/2024 01:00:00;0.0;0.0
28/12/2024 01:30:00;0.0;0.0
28/12/2024 02:00:00;0.0;0.0
28/12/2024 02:30:00;0.0;0.0
28/12/2024 03:00:00;0.0;0.0
28/12/2024 03:30:00;0.0;0.0
28/12/2024 04:00:00;0.0;0.0
28/12/2024 04:30:00;0.0;0.0
28/12/2024 05:00:00;0.0;0.0
28/12/2024 05:30:00;0.0;0.0
28/12/2024 06:00:00;0.0;0.0
28/12/2024 06:30:00;0.0;0.0
28/12/2024 07:00:00;0.0;0.0
28/12/2024 07:30:00;0.0;0.0
28/12/2024 08:00:00;1597.818987936096;3004.739718008686
28/12/2024 08:30:00;1729.7481999725553;2827.833262311317
28/12/2024 09:00:00;1861.6774120090147;2650.9268066139475
28/12/2024 09:30:00;2430.1963918454867;3144.059066525138
28/12/2024 10:00:00;2998.715371681959;3637.191326436329
28/12/2024 10:30:00;4741.582832165424;5465.504855976862
28/12/2024 11:00:00;6484.45029264889;7293.818385517395
28/12/2024 11:30:00;6105.419436105377;6840.749122508138
28/12/2024 12:00:00;5726.3885795618635;6387.679859498879
28/12/2024 12:30:00;4360.542906157733;4884.3950461142895
28/12/2024 13:00:00;2994.6972327536023;3381.1102327297003
28/12/2024 13:30:00;2643.609269522634;3029.413680493612
28/12/2024 14:00:00;2292.521306291666;2677.7171282575237
28/12/2024 14:30:00;1553.798351370071;1853.2926646214012
28/12/2024 15:00:00;815.0753964484766;1028.8682009852785
28/12/2024 15:30:00;823.177319071939;1059.0759636246216
28/12/2024 16:00:00;0.0;0.0
28/12/2024 16:30:00;0.0;0.0
28/12/2024 17:00:00;0.0;0.0
28/12/2024 17:30:00;0.0;0.0
28/12/2024 18:00:00;0.0;0.0
28/12/2024 18:30:00;0.0;0.0
28/12/2024 19:00:00;0.0;0.0
28/12/2024 19:30:00;0.0;0.0
28/12/2024 20:00:00;0.0;0.0
28/12/2024 20:30:00;0.0;0.0
28/12/2024 21:00:00;0.0;0.0
28/12/2024 21:30:00;0.0;0.0
28/12/2024 22:00:00;0.0;0.0
28/12/2024 22:30:00;0.0;0.0
28/12/2024 23:00:00;0.0;0.0
28/12/2024 23:30:00;0.0;0.0
29/12/2024 00:00:00;0.0;0.0
29/12/2024 00:30:00;0.0;0.0
29/12/2024 01:00:00;0.0;0.0
29/12/2024 01:30:00;0.0;0.0
29/12/2024 02:00:00;0.0;0.0
29/12/2024 02:30:00;0.0;0.0
29/12/2024 03:00:00;0.0;0.0
29/12/2024 03:30:00;0.0;0.0
29/12/2024 04:00:00;0.0;0.0
29/12/2024 04:30:00;0.0;0.0
29/12/2024 05:00:00;0.0;0.0
29/12/2024 05:30:00;0.0;0.0
29/12/2024 06:00:00;0.0;0.0
29/12/2024 06:30:00;0.0;0.0
29/12/2024 07:00:00;0.0;0.0
29/12/2024 07:30:00;0.0;0.0
29/12/2024 08:00:00;1090.5407656462019;2055.9321307229443
29/12/2024 08:30:00;2040.5853831029565;3159.944435931951
29/12/2024 09:00:00;2990.630000559711;4263.956741140957
29/12/2024 09:30:00;7458.9943294287295;9367.593790447248
29/12/2024 10:00:00;11927.35865829775;14471.230839753543
29/12/2024 10:30:00;8380.647356532118;9953.903486651867
29/12/2024 11:00:00;4833.9360547664855;5436.57613355019
29/12/2024 11:30:00;4575.011744569007;5124.2317011824125
29/12/2024 12:00:00;4316.087434371528;4811.887268814634
29/12/2024 12:30:00;7315.511433589872;8224.125328010574
29/12/2024 13:00:00;10314.935432808215;11636.363387206515
29/12/2024 13:30:00;5666.641975743572;6412.197254927458
29/12/2024 14:00:00;1018.3485186789298;1188.0311226483998
29/12/2024 14:30:00;563.6188721917129;662.6052808778841
29/12/2024 15:00:00;108.88922570449566;137.1794391073682
29/12/2024 15:30:00;208.3209045217169;327.1272460968824
29/12/2024 16:00:00;0.0;0.0
29/12/2024 16:30:00;0.0;0.0
29/12/2024 17:00:00;0.0;0.0
29/12/2024 17:30:00;0.0;0.0
29/12/2024 18:00:00;0.0;0.0
29/12/2024 18:30:00;0.0;0.0
29/12/2024 19:00:00;0.0;0.0
29/12/2024 19:30:00;0.0;0.0
29/12/2024 20:00:00;0.0;0.0
29/12/2024 20:30:00;0.0;0.0
29/12/2024 21:00:00;0.0;0.0
29/12/2024 21:30:00;0.0;0.0
29/12/2024 22:00:00;0.0;0.0
29/12/2024 22:30:00;0.0;0.0
29/12/2024 23:00:00;0.0;0.0
29/12/2024 23:30:00;0.0;0.0
30/12/2024 00:00:00;0.0;0.0
30/12/2024 00:30:00;0.0;0.0
30/12/2024 01:00:00;0.0;0.0
30/12/2024 01:30:00;0.0;0.0
30/12/2024 02:00:00;0.0;0.0
30/12/2024 02:30:00;0.0;0.0
30/12/2024 03:00:00;0.0;0.0
30/12/2024 03:30:00;0.0;0.0
30/12/2024 04:00:00;0.0;0.0
30/12/2024 04:30:00;0.0;0.0
30/12/2024 05:00:00;0.0;0.0
30/12/2024 05:30:00;0.0;0.0
30/12/2024 06:00:00;0.0;0.0
30/12/2024 06:30:00;0.0;0.0
30/12/2024 07:00:00;0.0;0.0
30/12/2024 07:30:00;0.0;0.0
30/12/2024 08:00:00;3489.5663054900174;6595.404876750849
30/12/2024 08:30:00;8155.707294509885;12447.23675597519
30/12/2024 09:00:00;12821.848283529753;18299.068635199532
30/12/2024 09:30:00;16387.556205648398;21257.607865657174
30/12/2024 10:00:00;19953.264127767045;24216.14709611481
30/12/2024 10:30:00;19343.41007165409;22641.448218704536
30/12/2024 11:00:00;18733.556015541137;21066.74934129426
30/12/2024 11:30:00;18965.19797537773;21228.548184855114
30/12/2024 12:00:00;19196.839935214324;21390.347028415963
30/12/2024 12:30:00;19084.68062349143;21389.106769701713
30/12/2024 13:00:00;18972.52131176853;21387.866510987464
30/12/2024 13:30:00;15293.681662704645;17461.638987475184
30/12/2024 14:00:00;11614.84201364076;13535.4114639629
30/12/2024 14:30:00;6227.439995142386;7295.75576325041
30/12/2024 15:00:00;840.0379766440117;1056.1000625379188
30/12/2024 15:30:00;861.8959169024178;1113.2333764982004
30/12/2024 16:00:00;0.0;0.0
30/12/2024 16:30:00;0.0;0.0
30/12/2024 17:00:00;0.0;0.0
30/12/2024 17:30:00;0.0;0.0
30/12/2024 18:00:00;0.0;0.0
30/12/2024 18:30:00;0.0;0.0
30/12/2024 19:00:00;0.0;0.0
30/12/2024 19:30:00;0.0;0.0
30/12/2024 20:00:00;0.0;0.0
30/12/2024 20:30:00;0.0;0.0
30/12/2024 21:00:00;0.0;0.0
30/12/2024 21:30:00;0.0;0.0
30/12/2024 22:00:00;0.0;0.0
30/12/2024 22:30:00;0.0;0.0
30/12/2024 23:00:00;0.0;0.0
30/12/2024 23:30:00;0.0;0.0
31/12/2024 00:00:00;0.0;0.0
31/12/2024 00:30:00;0.0;0.0
31/12/2024 01:00:00;0.0;0.0
31/12/2024 01:30:00;0.0;0.0
31/12/2024 02:00:00;0.0;0.0
31/12/2024 02:30:00;0.0;0.0
31/12/2024 03:00:00;0.0;0.0
31/12/2024 03:30:00;0.0;0.0
31/12/2024 04:00:00;0.0;0.0
31/12/2024 04:30:00;0.0;0.0
31/12/2024 05:00:00;0.0;0.0
31/12/2024 05:30:00;0.0;0.0
31/12/2024 06:00:00;0.0;0.0
31/12/2024 06:30:00;0.0;0.0
31/12/2024 07:00:00;0.0;0.0
31/12/2024 07:30:00;0.0;0.0
31/12/2024 08:00:00;1583.2079454298175;2998.6327371874922
31/12/2024 08:30:00;2796.313043366295;4363.49985229101
31/12/2024 09:00:00;4009.4181413027727;5728.366967394527
31/12/2024 09:30:00;3025.9815553267244;4103.878897186854
31/12/2024 10:00:00;2042.5449693506764;2479.3908269791805
31/12/2024 10:30:00;2506.642112479793;2909.7003514656108
31/12/2024 11:00:00;2970.739255608909;3340.009875952041
31/12/2024 11:30:00;3346.2653570233388;3742.0605328620704
31/12/2024 12:00:00;3721.7914584377686;4144.111189772099
31/12/2024 12:30:00;2441.085552657653;2725.5297298316377
31/12/2024 13:00:00;1160.3796468775367;1306.9482698911763
31/12/2024 13:30:00;996.4590313830968;1137.9322754610996
31/12/2024 14:00:00;832.5384158886567;968.9162810310225
31/12/2024 14:30:00;480.2362338413327;564.7110593068074
31/12/2024 15:00:00;127.93405179400875;160.50583758259233
31/12/2024 15:30:00;127.93405179400875;160.50583758259233
31/12/2024 16:00:00;0.0;0.0
31/12/2024 16:30:00;0.0;0.0
31/12/2024 17:00:00;0.0;0.0
31/12/2024 17:30:00;0.0;0.0
31/12/2024 18:00:00;0.0;0.0
31/12/2024 18:30:00;0.0;0.0
31/12/2024 19:00:00;0.0;0.0
31/12/2024 19:30:00;0.0;0.0
31/12/2024 20:00:00;0.0;0.0
31/12/2024 20:30:00;0.0;0.0
31/12/2024 21:00:00;0.0;0.0
31/12/2024 21:30:00;0.0;0.0
31/12/2024 22:00:00;0.0;0.0
31/12/2024 22:30:00;0.0;0.0
31/12/2024 23:00:00;0.0;0.0
31/12/2024 23:30:00;0.0;0.0
