HORODATE;Gb(i);Gd(i);Gr(i);T2m(°C);WS10m(m/s)
01/01/2024 00:00:00;0.0;0.0;0.0;7.67;2.21
01/01/2024 00:30:00;0.0;0.0;0.0;7.715;2.21
01/01/2024 01:00:00;0.0;0.0;0.0;7.76;2.21
01/01/2024 01:30:00;0.0;0.0;0.0;7.76;2.1399999999999997
01/01/2024 02:00:00;0.0;0.0;0.0;7.76;2.07
01/01/2024 02:30:00;0.0;0.0;0.0;7.6850000000000005;2.0
01/01/2024 03:00:00;0.0;0.0;0.0;7.61;1.93
01/01/2024 03:30:00;0.0;0.0;0.0;7.475;1.93
01/01/2024 04:00:00;0.0;0.0;0.0;7.34;1.93
01/01/2024 04:30:00;0.0;0.0;0.0;7.215;1.93
01/01/2024 05:00:00;0.0;0.0;0.0;7.09;1.93
01/01/2024 05:30:00;0.0;0.0;0.0;6.79;1.93
01/01/2024 06:00:00;0.0;0.0;0.0;6.49;1.93
01/01/2024 06:30:00;0.0;0.0;0.0;6.475;1.93
01/01/2024 07:00:00;0.0;0.0;0.0;6.46;1.93
01/01/2024 07:30:00;105.36;31.055;0.725;6.545;1.895
01/01/2024 08:00:00;210.72;62.11;1.45;6.63;1.86
01/01/2024 08:30:00;282.405;85.64500000000001;2.4850000000000003;7.574999999999999;1.725
01/01/2024 09:00:00;354.09;109.18;3.52;8.52;1.59
01/01/2024 09:30:00;449.38;112.68;4.445;10.14;1.415
01/01/2024 10:00:00;544.67;116.18;5.37;11.76;1.24
01/01/2024 10:30:00;563.52;123.735;5.74;12.93;1.17
01/01/2024 11:00:00;582.37;131.29;6.11;14.1;1.1
01/01/2024 11:30:00;349.78499999999997;146.81;5.025;14.58;1.065
01/01/2024 12:00:00;117.2;162.33;3.94;15.06;1.03
01/01/2024 12:30:00;318.02500000000003;137.715;4.49;15.25;1.03
01/01/2024 13:00:00;518.85;113.1;5.04;15.44;1.03
01/01/2024 13:30:00;427.55;104.925;4.07;15.309999999999999;1.135
01/01/2024 14:00:00;336.25;96.75;3.1;15.18;1.24
01/01/2024 14:30:00;243.195;64.98;1.99;14.515;1.45
01/01/2024 15:00:00;150.14;33.21;0.88;13.85;1.66
01/01/2024 15:30:00;75.07;16.605;0.44;12.61;1.795
01/01/2024 16:00:00;0.0;0.0;0.0;11.37;1.93
01/01/2024 16:30:00;0.0;0.0;0.0;10.2;1.93
01/01/2024 17:00:00;0.0;0.0;0.0;9.03;1.93
01/01/2024 17:30:00;0.0;0.0;0.0;8.145;1.8599999999999999
01/01/2024 18:00:00;0.0;0.0;0.0;7.26;1.79
01/01/2024 18:30:00;0.0;0.0;0.0;6.965;1.79
01/01/2024 19:00:00;0.0;0.0;0.0;6.67;1.79
01/01/2024 19:30:00;0.0;0.0;0.0;6.45;1.725
01/01/2024 20:00:00;0.0;0.0;0.0;6.23;1.66
01/01/2024 20:30:00;0.0;0.0;0.0;6.18;1.555
01/01/2024 21:00:00;0.0;0.0;0.0;6.13;1.45
01/01/2024 21:30:00;0.0;0.0;0.0;6.04;1.415
01/01/2024 22:00:00;0.0;0.0;0.0;5.95;1.38
01/01/2024 22:30:00;0.0;0.0;0.0;5.615;1.415
01/01/2024 23:00:00;0.0;0.0;0.0;5.28;1.45
01/01/2024 23:30:00;0.0;0.0;0.0;4.9350000000000005;1.52
02/01/2024 00:00:00;0.0;0.0;0.0;4.59;1.59
02/01/2024 00:30:00;0.0;0.0;0.0;4.445;1.5550000000000002
02/01/2024 01:00:00;0.0;0.0;0.0;4.3;1.52
02/01/2024 01:30:00;0.0;0.0;0.0;4.29;1.4849999999999999
02/01/2024 02:00:00;0.0;0.0;0.0;4.28;1.45
02/01/2024 02:30:00;0.0;0.0;0.0;4.1850000000000005;1.415
02/01/2024 03:00:00;0.0;0.0;0.0;4.09;1.38
02/01/2024 03:30:00;0.0;0.0;0.0;3.92;1.38
02/01/2024 04:00:00;0.0;0.0;0.0;3.75;1.38
02/01/2024 04:30:00;0.0;0.0;0.0;3.7;1.38
02/01/2024 05:00:00;0.0;0.0;0.0;3.65;1.38
02/01/2024 05:30:00;0.0;0.0;0.0;3.585;1.345
02/01/2024 06:00:00;0.0;0.0;0.0;3.52;1.31
02/01/2024 06:30:00;0.0;0.0;0.0;4.555;1.31
02/01/2024 07:00:00;0.0;0.0;0.0;5.59;1.31
02/01/2024 07:30:00;68.28;29.795;0.635;5.705;1.31
02/01/2024 08:00:00;136.56;59.59;1.27;5.82;1.31
02/01/2024 08:30:00;147.215;88.195;2.05;6.29;1.31
02/01/2024 09:00:00;157.87;116.8;2.83;6.76;1.31
02/01/2024 09:30:00;217.345;139.415;3.6350000000000002;8.379999999999999;1.24
02/01/2024 10:00:00;276.82;162.03;4.44;10.0;1.17
02/01/2024 10:30:00;400.90999999999997;155.255;5.195;11.030000000000001;1.24
02/01/2024 11:00:00;525.0;148.48;5.95;12.06;1.31
02/01/2024 11:30:00;318.35;155.20999999999998;4.9350000000000005;12.625;1.76
02/01/2024 12:00:00;111.7;161.94;3.92;13.19;2.21
02/01/2024 12:30:00;55.85;114.22999999999999;2.705;13.11;2.935
02/01/2024 13:00:00;0.0;66.52;1.49;13.03;3.66
02/01/2024 13:30:00;1.635;60.504999999999995;1.3599999999999999;12.695;3.83
02/01/2024 14:00:00;3.27;54.49;1.23;12.36;4.0
02/01/2024 14:30:00;10.78;39.145;0.885;11.91;3.76
02/01/2024 15:00:00;18.29;23.8;0.54;11.46;3.52
02/01/2024 15:30:00;9.145;11.9;0.27;10.965;3.275
02/01/2024 16:00:00;0.0;0.0;0.0;10.47;3.03
02/01/2024 16:30:00;0.0;0.0;0.0;10.275;2.79
02/01/2024 17:00:00;0.0;0.0;0.0;10.08;2.55
02/01/2024 17:30:00;0.0;0.0;0.0;9.945;2.275
02/01/2024 18:00:00;0.0;0.0;0.0;9.81;2.0
02/01/2024 18:30:00;0.0;0.0;0.0;9.440000000000001;1.9649999999999999
02/01/2024 19:00:00;0.0;0.0;0.0;9.07;1.93
02/01/2024 19:30:00;0.0;0.0;0.0;8.77;1.76
02/01/2024 20:00:00;0.0;0.0;0.0;8.47;1.59
02/01/2024 20:30:00;0.0;0.0;0.0;8.145;1.52
02/01/2024 21:00:00;0.0;0.0;0.0;7.82;1.45
02/01/2024 21:30:00;0.0;0.0;0.0;7.57;1.415
02/01/2024 22:00:00;0.0;0.0;0.0;7.32;1.38
02/01/2024 22:30:00;0.0;0.0;0.0;6.985;1.38
02/01/2024 23:00:00;0.0;0.0;0.0;6.65;1.38
02/01/2024 23:30:00;0.0;0.0;0.0;6.445;1.345
03/01/2024 00:00:00;0.0;0.0;0.0;6.24;1.31
03/01/2024 00:30:00;0.0;0.0;0.0;6.050000000000001;1.275
03/01/2024 01:00:00;0.0;0.0;0.0;5.86;1.24
03/01/2024 01:30:00;0.0;0.0;0.0;5.75;1.135
03/01/2024 02:00:00;0.0;0.0;0.0;5.64;1.03
03/01/2024 02:30:00;0.0;0.0;0.0;5.505;1.0
03/01/2024 03:00:00;0.0;0.0;0.0;5.37;0.97
03/01/2024 03:30:00;0.0;0.0;0.0;5.115;0.865
03/01/2024 04:00:00;0.0;0.0;0.0;4.86;0.76
03/01/2024 04:30:00;0.0;0.0;0.0;4.83;0.725
03/01/2024 05:00:00;0.0;0.0;0.0;4.8;0.69
03/01/2024 05:30:00;0.0;0.0;0.0;4.715;0.62
03/01/2024 06:00:00;0.0;0.0;0.0;4.63;0.55
03/01/2024 06:30:00;0.0;0.0;0.0;4.23;0.48
03/01/2024 07:00:00;0.0;0.0;0.0;3.83;0.41
03/01/2024 07:30:00;21.82;22.515;0.48;3.6950000000000003;0.44499999999999995
03/01/2024 08:00:00;43.64;45.03;0.96;3.56;0.48
03/01/2024 08:30:00;60.36;74.435;1.685;4.28;0.48
03/01/2024 09:00:00;77.08;103.84;2.41;5.0;0.48
03/01/2024 09:30:00;347.56999999999994;101.76;4.0600000000000005;5.805;0.44499999999999995
03/01/2024 10:00:00;618.06;99.68;5.71;6.61;0.41
03/01/2024 10:30:00;654.9;101.61000000000001;6.16;7.300000000000001;0.44499999999999995
03/01/2024 11:00:00;691.74;103.54;6.61;7.99;0.48
03/01/2024 11:30:00;650.585;113.515;6.41;8.46;0.55
03/01/2024 12:00:00;609.43;123.49;6.21;8.93;0.62
03/01/2024 12:30:00;572.415;117.725;5.7;9.219999999999999;0.725
03/01/2024 13:00:00;535.4;111.96;5.19;9.51;0.83
03/01/2024 13:30:00;462.275;101.49;4.265000000000001;9.555;0.8999999999999999
03/01/2024 14:00:00;389.15;91.02;3.34;9.6;0.97
03/01/2024 14:30:00;289.625;63.129999999999995;2.1799999999999997;9.395;0.8999999999999999
03/01/2024 15:00:00;190.1;35.24;1.02;9.19;0.83
03/01/2024 15:30:00;95.05;17.62;0.51;8.915;0.655
03/01/2024 16:00:00;0.0;0.0;0.0;8.64;0.48
03/01/2024 16:30:00;0.0;0.0;0.0;8.225;0.515
03/01/2024 17:00:00;0.0;0.0;0.0;7.81;0.55
03/01/2024 17:30:00;0.0;0.0;0.0;6.615;0.895
03/01/2024 18:00:00;0.0;0.0;0.0;5.42;1.24
03/01/2024 18:30:00;0.0;0.0;0.0;6.08;0.9299999999999999
03/01/2024 19:00:00;0.0;0.0;0.0;6.74;0.62
03/01/2024 19:30:00;0.0;0.0;0.0;6.48;0.76
03/01/2024 20:00:00;0.0;0.0;0.0;6.22;0.9
03/01/2024 20:30:00;0.0;0.0;0.0;5.215;1.07
03/01/2024 21:00:00;0.0;0.0;0.0;4.21;1.24
03/01/2024 21:30:00;0.0;0.0;0.0;4.355;1.07
03/01/2024 22:00:00;0.0;0.0;0.0;4.5;0.9
03/01/2024 22:30:00;0.0;0.0;0.0;4.235;0.865
03/01/2024 23:00:00;0.0;0.0;0.0;3.97;0.83
03/01/2024 23:30:00;0.0;0.0;0.0;2.95;1.035
04/01/2024 00:00:00;0.0;0.0;0.0;1.93;1.24
04/01/2024 00:30:00;0.0;0.0;0.0;1.62;1.31
04/01/2024 01:00:00;0.0;0.0;0.0;1.31;1.38
04/01/2024 01:30:00;0.0;0.0;0.0;1.215;1.45
04/01/2024 02:00:00;0.0;0.0;0.0;1.12;1.52
04/01/2024 02:30:00;0.0;0.0;0.0;0.91;1.5899999999999999
04/01/2024 03:00:00;0.0;0.0;0.0;0.7;1.66
04/01/2024 03:30:00;0.0;0.0;0.0;0.615;1.725
04/01/2024 04:00:00;0.0;0.0;0.0;0.53;1.79
04/01/2024 04:30:00;0.0;0.0;0.0;0.685;1.8599999999999999
04/01/2024 05:00:00;0.0;0.0;0.0;0.84;1.93
04/01/2024 05:30:00;0.0;0.0;0.0;1.105;1.93
04/01/2024 06:00:00;0.0;0.0;0.0;1.37;1.93
04/01/2024 06:30:00;0.0;0.0;0.0;2.4450000000000003;2.07
04/01/2024 07:00:00;0.0;0.0;0.0;3.52;2.21
04/01/2024 07:30:00;0.0;4.945;0.11;4.055;2.31
04/01/2024 08:00:00;0.0;9.89;0.22;4.59;2.41
04/01/2024 08:30:00;0.0;22.475;0.5;5.3100000000000005;2.515
04/01/2024 09:00:00;0.0;35.06;0.78;6.03;2.62
04/01/2024 09:30:00;0.0;44.05;0.985;6.715;2.8600000000000003
04/01/2024 10:00:00;0.0;53.04;1.19;7.4;3.1
04/01/2024 10:30:00;0.0;58.879999999999995;1.3199999999999998;7.915;3.2750000000000004
04/01/2024 11:00:00;0.0;64.72;1.45;8.43;3.45
04/01/2024 11:30:00;0.0;60.675;1.3599999999999999;8.855;3.415
04/01/2024 12:00:00;0.0;56.63;1.27;9.28;3.38
04/01/2024 12:30:00;0.0;48.09;1.075;9.475;3.725
04/01/2024 13:00:00;0.0;39.55;0.88;9.67;4.07
04/01/2024 13:30:00;0.0;31.909999999999997;0.71;9.76;4.105
04/01/2024 14:00:00;0.0;24.27;0.54;9.85;4.14
04/01/2024 14:30:00;0.0;17.98;0.4;9.74;4.175
04/01/2024 15:00:00;0.0;11.69;0.26;9.63;4.21
04/01/2024 15:30:00;0.0;5.845;0.13;9.485;4.21
04/01/2024 16:00:00;0.0;0.0;0.0;9.34;4.21
04/01/2024 16:30:00;0.0;0.0;0.0;9.265;4.21
04/01/2024 17:00:00;0.0;0.0;0.0;9.19;4.21
04/01/2024 17:30:00;0.0;0.0;0.0;9.18;4.3100000000000005
04/01/2024 18:00:00;0.0;0.0;0.0;9.17;4.41
04/01/2024 18:30:00;0.0;0.0;0.0;9.07;4.48
04/01/2024 19:00:00;0.0;0.0;0.0;8.97;4.55
04/01/2024 19:30:00;0.0;0.0;0.0;9.05;4.585
04/01/2024 20:00:00;0.0;0.0;0.0;9.13;4.62
04/01/2024 20:30:00;0.0;0.0;0.0;9.245000000000001;4.62
04/01/2024 21:00:00;0.0;0.0;0.0;9.36;4.62
04/01/2024 21:30:00;0.0;0.0;0.0;9.385;4.62
04/01/2024 22:00:00;0.0;0.0;0.0;9.41;4.62
04/01/2024 22:30:00;0.0;0.0;0.0;9.29;4.550000000000001
04/01/2024 23:00:00;0.0;0.0;0.0;9.17;4.48
04/01/2024 23:30:00;0.0;0.0;0.0;9.14;4.380000000000001
05/01/2024 00:00:00;0.0;0.0;0.0;9.11;4.28
05/01/2024 00:30:00;0.0;0.0;0.0;9.105;4.3100000000000005
05/01/2024 01:00:00;0.0;0.0;0.0;9.1;4.34
05/01/2024 01:30:00;0.0;0.0;0.0;9.05;4.34
05/01/2024 02:00:00;0.0;0.0;0.0;9.0;4.34
05/01/2024 02:30:00;0.0;0.0;0.0;8.940000000000001;4.3100000000000005
05/01/2024 03:00:00;0.0;0.0;0.0;8.88;4.28
05/01/2024 03:30:00;0.0;0.0;0.0;8.855;4.3100000000000005
05/01/2024 04:00:00;0.0;0.0;0.0;8.83;4.34
05/01/2024 04:30:00;0.0;0.0;0.0;8.809999999999999;4.3100000000000005
05/01/2024 05:00:00;0.0;0.0;0.0;8.79;4.28
05/01/2024 05:30:00;0.0;0.0;0.0;8.78;4.140000000000001
05/01/2024 06:00:00;0.0;0.0;0.0;8.77;4.0
05/01/2024 06:30:00;0.0;0.0;0.0;8.885;3.965
05/01/2024 07:00:00;0.0;0.0;0.0;9.0;3.93
05/01/2024 07:30:00;9.555;17.665;0.39;9.045;3.825
05/01/2024 08:00:00;19.11;35.33;0.78;9.09;3.72
05/01/2024 08:30:00;99.68499999999999;76.92;1.865;9.155000000000001;3.6550000000000002
05/01/2024 09:00:00;180.26;118.51;2.95;9.22;3.59
05/01/2024 09:30:00;90.13;97.91;2.34;9.4;3.5549999999999997
05/01/2024 10:00:00;0.0;77.31;1.73;9.58;3.52
05/01/2024 10:30:00;0.0;83.15;1.8599999999999999;9.715;3.4850000000000003
05/01/2024 11:00:00;0.0;88.99;1.99;9.85;3.45
05/01/2024 11:30:00;23.82;114.91999999999999;2.645;10.004999999999999;3.38
05/01/2024 12:00:00;47.64;140.85;3.3;10.16;3.31
05/01/2024 12:30:00;51.9;132.95999999999998;3.115;10.36;3.14
05/01/2024 13:00:00;56.16;125.07;2.93;10.56;2.97
05/01/2024 13:30:00;29.674999999999997;91.125;2.1100000000000003;10.515;2.865
05/01/2024 14:00:00;3.19;57.18;1.29;10.47;2.76
05/01/2024 14:30:00;80.485;48.0;1.155;10.29;2.485
05/01/2024 15:00:00;157.78;38.82;1.02;10.11;2.21
05/01/2024 15:30:00;78.89;19.41;0.51;9.899999999999999;2.105
05/01/2024 16:00:00;0.0;0.0;0.0;9.69;2.0
05/01/2024 16:30:00;0.0;0.0;0.0;9.36;1.8599999999999999
05/01/2024 17:00:00;0.0;0.0;0.0;9.03;1.72
05/01/2024 17:30:00;0.0;0.0;0.0;8.7;1.585
05/01/2024 18:00:00;0.0;0.0;0.0;8.37;1.45
05/01/2024 18:30:00;0.0;0.0;0.0;7.925;1.45
05/01/2024 19:00:00;0.0;0.0;0.0;7.48;1.45
05/01/2024 19:30:00;0.0;0.0;0.0;7.17;1.415
05/01/2024 20:00:00;0.0;0.0;0.0;6.86;1.38
05/01/2024 20:30:00;0.0;0.0;0.0;6.62;1.345
05/01/2024 21:00:00;0.0;0.0;0.0;6.38;1.31
05/01/2024 21:30:00;0.0;0.0;0.0;6.0;1.31
05/01/2024 22:00:00;0.0;0.0;0.0;5.62;1.31
05/01/2024 22:30:00;0.0;0.0;0.0;5.41;1.275
05/01/2024 23:00:00;0.0;0.0;0.0;5.2;1.24
05/01/2024 23:30:00;0.0;0.0;0.0;5.005;1.205
06/01/2024 00:00:00;0.0;0.0;0.0;4.81;1.17
06/01/2024 00:30:00;0.0;0.0;0.0;4.58;1.17
06/01/2024 01:00:00;0.0;0.0;0.0;4.35;1.17
06/01/2024 01:30:00;0.0;0.0;0.0;4.285;1.1
06/01/2024 02:00:00;0.0;0.0;0.0;4.22;1.03
06/01/2024 02:30:00;0.0;0.0;0.0;4.0;1.065
06/01/2024 03:00:00;0.0;0.0;0.0;3.78;1.1
06/01/2024 03:30:00;0.0;0.0;0.0;4.08;1.17
06/01/2024 04:00:00;0.0;0.0;0.0;4.38;1.24
06/01/2024 04:30:00;0.0;0.0;0.0;4.71;1.31
06/01/2024 05:00:00;0.0;0.0;0.0;5.04;1.38
06/01/2024 05:30:00;0.0;0.0;0.0;5.48;1.415
06/01/2024 06:00:00;0.0;0.0;0.0;5.92;1.45
06/01/2024 06:30:00;0.0;0.0;0.0;6.335;1.52
06/01/2024 07:00:00;0.0;0.0;0.0;6.75;1.59
06/01/2024 07:30:00;11.84;19.135;0.42;6.904999999999999;1.5550000000000002
06/01/2024 08:00:00;23.68;38.27;0.84;7.06;1.52
06/01/2024 08:30:00;40.715;68.095;1.5550000000000002;7.395;1.45
06/01/2024 09:00:00;57.75;97.92;2.27;7.73;1.38
06/01/2024 09:30:00;30.185;90.52000000000001;2.0700000000000003;8.27;1.4849999999999999
06/01/2024 10:00:00;2.62;83.12;1.87;8.81;1.59
06/01/2024 10:30:00;119.38;134.04500000000002;3.375;9.120000000000001;1.655
06/01/2024 11:00:00;236.14;184.97;4.88;9.43;1.72
06/01/2024 11:30:00;141.78;164.3;4.12;9.715;1.8599999999999999
06/01/2024 12:00:00;47.42;143.63;3.36;10.0;2.0
06/01/2024 12:30:00;51.625;135.245;3.165;10.18;2.0700000000000003
06/01/2024 13:00:00;55.83;126.86;2.97;10.36;2.14
06/01/2024 13:30:00;50.004999999999995;106.175;2.47;10.35;1.8650000000000002
06/01/2024 14:00:00;44.18;85.49;1.97;10.34;1.59
06/01/2024 14:30:00;22.09;52.184999999999995;1.1949999999999998;10.235;1.31
06/01/2024 15:00:00;0.0;18.88;0.42;10.13;1.03
06/01/2024 15:30:00;0.0;9.44;0.21;9.875;0.79
06/01/2024 16:00:00;0.0;0.0;0.0;9.62;0.55
06/01/2024 16:30:00;0.0;0.0;0.0;9.585;0.38
06/01/2024 17:00:00;0.0;0.0;0.0;9.55;0.21
06/01/2024 17:30:00;0.0;0.0;0.0;9.33;0.31
06/01/2024 18:00:00;0.0;0.0;0.0;9.11;0.41
06/01/2024 18:30:00;0.0;0.0;0.0;7.8;0.9299999999999999
06/01/2024 19:00:00;0.0;0.0;0.0;6.49;1.45
06/01/2024 19:30:00;0.0;0.0;0.0;5.87;1.4849999999999999
06/01/2024 20:00:00;0.0;0.0;0.0;5.25;1.52
06/01/2024 20:30:00;0.0;0.0;0.0;4.93;1.52
06/01/2024 21:00:00;0.0;0.0;0.0;4.61;1.52
06/01/2024 21:30:00;0.0;0.0;0.0;4.470000000000001;1.45
06/01/2024 22:00:00;0.0;0.0;0.0;4.33;1.38
06/01/2024 22:30:00;0.0;0.0;0.0;4.37;1.24
06/01/2024 23:00:00;0.0;0.0;0.0;4.41;1.1
06/01/2024 23:30:00;0.0;0.0;0.0;4.48;0.93
07/01/2024 00:00:00;0.0;0.0;0.0;4.55;0.76
07/01/2024 00:30:00;0.0;0.0;0.0;4.035;0.7949999999999999
07/01/2024 01:00:00;0.0;0.0;0.0;3.52;0.83
07/01/2024 01:30:00;0.0;0.0;0.0;3.075;0.9650000000000001
07/01/2024 02:00:00;0.0;0.0;0.0;2.63;1.1
07/01/2024 02:30:00;0.0;0.0;0.0;2.4299999999999997;1.17
07/01/2024 03:00:00;0.0;0.0;0.0;2.23;1.24
07/01/2024 03:30:00;0.0;0.0;0.0;2.145;1.24
07/01/2024 04:00:00;0.0;0.0;0.0;2.06;1.24
07/01/2024 04:30:00;0.0;0.0;0.0;2.165;1.275
07/01/2024 05:00:00;0.0;0.0;0.0;2.27;1.31
07/01/2024 05:30:00;0.0;0.0;0.0;2.295;1.345
07/01/2024 06:00:00;0.0;0.0;0.0;2.32;1.38
07/01/2024 06:30:00;0.0;0.0;0.0;2.59;1.38
07/01/2024 07:00:00;0.0;0.0;0.0;2.86;1.38
07/01/2024 07:30:00;105.545;31.34;0.755;2.98;1.45
07/01/2024 08:00:00;211.09;62.68;1.51;3.1;1.52
07/01/2024 08:30:00;323.14;80.1;2.705;3.7700000000000005;1.52
07/01/2024 09:00:00;435.19;97.52;3.9;4.44;1.52
07/01/2024 09:30:00;471.925;115.38499999999999;4.675;5.055;1.52
07/01/2024 10:00:00;508.66;133.25;5.45;5.67;1.52
07/01/2024 10:30:00;546.335;136.35;5.9;6.3;1.52
07/01/2024 11:00:00;584.01;139.45;6.35;6.93;1.52
07/01/2024 11:30:00;612.375;129.2;6.42;7.54;1.4849999999999999
07/01/2024 12:00:00;640.74;118.95;6.49;8.15;1.45
07/01/2024 12:30:00;591.22;117.36;5.9399999999999995;8.635;1.45
07/01/2024 13:00:00;541.7;115.77;5.39;9.12;1.45
07/01/2024 13:30:00;444.32500000000005;110.3;4.395;9.425;1.4849999999999999
07/01/2024 14:00:00;346.95;104.83;3.4;9.73;1.52
07/01/2024 14:30:00;264.28;74.0;2.285;9.5;1.5550000000000002
07/01/2024 15:00:00;181.61;43.17;1.17;9.27;1.59
07/01/2024 15:30:00;90.805;21.585;0.585;8.445;1.69
07/01/2024 16:00:00;0.0;0.0;0.0;7.62;1.79
07/01/2024 16:30:00;0.0;0.0;0.0;6.535;1.725
07/01/2024 17:00:00;0.0;0.0;0.0;5.45;1.66
07/01/2024 17:30:00;0.0;0.0;0.0;4.555;1.625
07/01/2024 18:00:00;0.0;0.0;0.0;3.66;1.59
07/01/2024 18:30:00;0.0;0.0;0.0;3.175;1.625
07/01/2024 19:00:00;0.0;0.0;0.0;2.69;1.66
07/01/2024 19:30:00;0.0;0.0;0.0;2.5549999999999997;1.625
07/01/2024 20:00:00;0.0;0.0;0.0;2.42;1.59
07/01/2024 20:30:00;0.0;0.0;0.0;2.415;1.5550000000000002
07/01/2024 21:00:00;0.0;0.0;0.0;2.41;1.52
07/01/2024 21:30:00;0.0;0.0;0.0;2.54;1.45
07/01/2024 22:00:00;0.0;0.0;0.0;2.67;1.38
07/01/2024 22:30:00;0.0;0.0;0.0;2.52;1.345
07/01/2024 23:00:00;0.0;0.0;0.0;2.37;1.31
07/01/2024 23:30:00;0.0;0.0;0.0;2.075;1.345
08/01/2024 00:00:00;0.0;0.0;0.0;1.78;1.38
08/01/2024 00:30:00;0.0;0.0;0.0;1.615;1.345
08/01/2024 01:00:00;0.0;0.0;0.0;1.45;1.31
08/01/2024 01:30:00;0.0;0.0;0.0;1.405;1.345
08/01/2024 02:00:00;0.0;0.0;0.0;1.36;1.38
08/01/2024 02:30:00;0.0;0.0;0.0;1.405;1.345
08/01/2024 03:00:00;0.0;0.0;0.0;1.45;1.31
08/01/2024 03:30:00;0.0;0.0;0.0;1.6;1.38
08/01/2024 04:00:00;0.0;0.0;0.0;1.75;1.45
08/01/2024 04:30:00;0.0;0.0;0.0;2.105;1.52
08/01/2024 05:00:00;0.0;0.0;0.0;2.46;1.59
08/01/2024 05:30:00;0.0;0.0;0.0;2.88;1.655
08/01/2024 06:00:00;0.0;0.0;0.0;3.3;1.72
08/01/2024 06:30:00;0.0;0.0;0.0;4.02;2.03
08/01/2024 07:00:00;0.0;0.0;0.0;4.74;2.34
08/01/2024 07:30:00;32.49;25.245;0.545;5.015000000000001;2.3099999999999996
08/01/2024 08:00:00;64.98;50.49;1.09;5.29;2.28
08/01/2024 08:30:00;41.5;65.315;1.46;5.6899999999999995;2.28
08/01/2024 09:00:00;18.02;80.14;1.83;6.09;2.28
08/01/2024 09:30:00;15.5;92.565;2.1100000000000003;6.345;2.3099999999999996
08/01/2024 10:00:00;12.98;104.99;2.39;6.6;2.34
08/01/2024 10:30:00;6.49;92.945;2.1;6.84;2.375
08/01/2024 11:00:00;0.0;80.9;1.81;7.08;2.41
08/01/2024 11:30:00;0.0;62.475;1.395;7.55;2.375
08/01/2024 12:00:00;0.0;44.05;0.98;8.02;2.34
08/01/2024 12:30:00;0.0;49.44;1.105;8.07;2.3099999999999996
08/01/2024 13:00:00;0.0;54.83;1.23;8.12;2.28
08/01/2024 13:30:00;3.095;60.355;1.3599999999999999;8.329999999999998;2.1399999999999997
08/01/2024 14:00:00;6.19;65.88;1.49;8.54;2.0
08/01/2024 14:30:00;8.295;45.769999999999996;1.035;8.395;1.895
08/01/2024 15:00:00;10.4;25.66;0.58;8.25;1.79
08/01/2024 15:30:00;5.2;12.83;0.29;7.805;1.8250000000000002
08/01/2024 16:00:00;0.0;0.0;0.0;7.36;1.86
08/01/2024 16:30:00;0.0;0.0;0.0;6.915;1.9300000000000002
08/01/2024 17:00:00;0.0;0.0;0.0;6.47;2.0
08/01/2024 17:30:00;0.0;0.0;0.0;6.205;1.9300000000000002
08/01/2024 18:00:00;0.0;0.0;0.0;5.94;1.86
08/01/2024 18:30:00;0.0;0.0;0.0;5.79;2.0
08/01/2024 19:00:00;0.0;0.0;0.0;5.64;2.14
08/01/2024 19:30:00;0.0;0.0;0.0;5.63;2.105
08/01/2024 20:00:00;0.0;0.0;0.0;5.62;2.07
08/01/2024 20:30:00;0.0;0.0;0.0;5.665;2.035
08/01/2024 21:00:00;0.0;0.0;0.0;5.71;2.0
08/01/2024 21:30:00;0.0;0.0;0.0;5.71;2.035
08/01/2024 22:00:00;0.0;0.0;0.0;5.71;2.07
08/01/2024 22:30:00;0.0;0.0;0.0;5.875;2.3099999999999996
08/01/2024 23:00:00;0.0;0.0;0.0;6.04;2.55
08/01/2024 23:30:00;0.0;0.0;0.0;6.205;2.76
09/01/2024 00:00:00;0.0;0.0;0.0;6.37;2.97
09/01/2024 00:30:00;0.0;0.0;0.0;6.525;3.2800000000000002
09/01/2024 01:00:00;0.0;0.0;0.0;6.68;3.59
09/01/2024 01:30:00;0.0;0.0;0.0;6.49;4.035
09/01/2024 02:00:00;0.0;0.0;0.0;6.3;4.48
09/01/2024 02:30:00;0.0;0.0;0.0;6.055;4.62
09/01/2024 03:00:00;0.0;0.0;0.0;5.81;4.76
09/01/2024 03:30:00;0.0;0.0;0.0;5.5;4.55
09/01/2024 04:00:00;0.0;0.0;0.0;5.19;4.34
09/01/2024 04:30:00;0.0;0.0;0.0;4.94;4.17
09/01/2024 05:00:00;0.0;0.0;0.0;4.69;4.0
09/01/2024 05:30:00;0.0;0.0;0.0;4.545;3.9299999999999997
09/01/2024 06:00:00;0.0;0.0;0.0;4.4;3.86
09/01/2024 06:30:00;0.0;0.0;0.0;4.375;3.825
09/01/2024 07:00:00;0.0;0.0;0.0;4.35;3.79
09/01/2024 07:30:00;107.825;31.275;0.775;4.42;3.825
09/01/2024 08:00:00;215.65;62.55;1.55;4.49;3.86
09/01/2024 08:30:00;304.795;84.555;2.6849999999999996;4.73;3.965
09/01/2024 09:00:00;393.94;106.56;3.82;4.97;4.07
09/01/2024 09:30:00;253.775;129.6;3.76;5.035;4.140000000000001
09/01/2024 10:00:00;113.61;152.64;3.7;5.1;4.21
09/01/2024 10:30:00;298.21;160.625;4.895;5.25;4.3100000000000005
09/01/2024 11:00:00;482.81;168.61;6.09;5.4;4.41
09/01/2024 11:30:00;374.12;178.88;5.605;5.59;4.445
09/01/2024 12:00:00;265.43;189.15;5.12;5.78;4.48
09/01/2024 12:30:00;246.175;175.87;4.7;5.85;4.48
09/01/2024 13:00:00;226.92;162.59;4.28;5.92;4.48
09/01/2024 13:30:00;116.52499999999999;113.305;2.865;5.51;4.79
09/01/2024 14:00:00;6.13;64.02;1.45;5.1;5.1
09/01/2024 14:30:00;3.065;37.405;0.845;4.84;4.755
09/01/2024 15:00:00;0.0;10.79;0.24;4.58;4.41
09/01/2024 15:30:00;0.0;5.395;0.12;4.335;4.17
09/01/2024 16:00:00;0.0;0.0;0.0;4.09;3.93
09/01/2024 16:30:00;0.0;0.0;0.0;3.99;3.725
09/01/2024 17:00:00;0.0;0.0;0.0;3.89;3.52
09/01/2024 17:30:00;0.0;0.0;0.0;3.785;3.59
09/01/2024 18:00:00;0.0;0.0;0.0;3.68;3.66
09/01/2024 18:30:00;0.0;0.0;0.0;3.45;3.52
09/01/2024 19:00:00;0.0;0.0;0.0;3.22;3.38
09/01/2024 19:30:00;0.0;0.0;0.0;3.1950000000000003;3.55
09/01/2024 20:00:00;0.0;0.0;0.0;3.17;3.72
09/01/2024 20:30:00;0.0;0.0;0.0;3.0;3.79
09/01/2024 21:00:00;0.0;0.0;0.0;2.83;3.86
09/01/2024 21:30:00;0.0;0.0;0.0;2.725;3.86
09/01/2024 22:00:00;0.0;0.0;0.0;2.62;3.86
09/01/2024 22:30:00;0.0;0.0;0.0;2.77;3.86
09/01/2024 23:00:00;0.0;0.0;0.0;2.92;3.86
09/01/2024 23:30:00;0.0;0.0;0.0;3.0949999999999998;3.86
10/01/2024 00:00:00;0.0;0.0;0.0;3.27;3.86
10/01/2024 00:30:00;0.0;0.0;0.0;3.3049999999999997;3.79
10/01/2024 01:00:00;0.0;0.0;0.0;3.34;3.72
10/01/2024 01:30:00;0.0;0.0;0.0;3.3049999999999997;3.6550000000000002
10/01/2024 02:00:00;0.0;0.0;0.0;3.27;3.59
10/01/2024 02:30:00;0.0;0.0;0.0;3.2800000000000002;3.485
10/01/2024 03:00:00;0.0;0.0;0.0;3.29;3.38
10/01/2024 03:30:00;0.0;0.0;0.0;3.26;3.275
10/01/2024 04:00:00;0.0;0.0;0.0;3.23;3.17
10/01/2024 04:30:00;0.0;0.0;0.0;3.21;3.035
10/01/2024 05:00:00;0.0;0.0;0.0;3.19;2.9
10/01/2024 05:30:00;0.0;0.0;0.0;3.0149999999999997;2.69
10/01/2024 06:00:00;0.0;0.0;0.0;2.84;2.48
10/01/2024 06:30:00;0.0;0.0;0.0;2.92;2.6550000000000002
10/01/2024 07:00:00;0.0;0.0;0.0;3.0;2.83
10/01/2024 07:30:00;11.33;19.935;0.44;3.065;2.585
10/01/2024 08:00:00;22.66;39.87;0.88;3.13;2.34
10/01/2024 08:30:00;15.775;57.66;1.295;3.2649999999999997;2.62
10/01/2024 09:00:00;8.89;75.45;1.71;3.4;2.9
10/01/2024 09:30:00;75.06500000000001;117.15;2.815;3.7299999999999995;3.31
10/01/2024 10:00:00;141.24;158.85;3.92;4.06;3.72
10/01/2024 10:30:00;360.765;151.54;5.195;4.359999999999999;3.62
10/01/2024 11:00:00;580.29;144.23;6.47;4.66;3.52
10/01/2024 11:30:00;583.435;142.23;6.46;5.135;3.59
10/01/2024 12:00:00;586.58;140.23;6.45;5.61;3.66
10/01/2024 12:30:00;473.33000000000004;150.095;5.6850000000000005;5.82;3.245
10/01/2024 13:00:00;360.08;159.96;4.92;6.03;2.83
10/01/2024 13:30:00;260.375;137.94;3.885;6.215;2.725
10/01/2024 14:00:00;160.67;115.92;2.85;6.4;2.62
10/01/2024 14:30:00;183.85;81.845;2.1;6.27;2.205
10/01/2024 15:00:00;207.03;47.77;1.35;6.14;1.79
10/01/2024 15:30:00;103.515;23.885;0.675;5.925;1.79
10/01/2024 16:00:00;0.0;0.0;0.0;5.71;1.79
10/01/2024 16:30:00;0.0;0.0;0.0;5.495;1.8599999999999999
10/01/2024 17:00:00;0.0;0.0;0.0;5.28;1.93
10/01/2024 17:30:00;0.0;0.0;0.0;5.2;2.0
10/01/2024 18:00:00;0.0;0.0;0.0;5.12;2.07
10/01/2024 18:30:00;0.0;0.0;0.0;5.105;2.205
10/01/2024 19:00:00;0.0;0.0;0.0;5.09;2.34
10/01/2024 19:30:00;0.0;0.0;0.0;5.175;2.375
10/01/2024 20:00:00;0.0;0.0;0.0;5.26;2.41
10/01/2024 20:30:00;0.0;0.0;0.0;5.4399999999999995;2.4450000000000003
10/01/2024 21:00:00;0.0;0.0;0.0;5.62;2.48
10/01/2024 21:30:00;0.0;0.0;0.0;5.885;2.4450000000000003
10/01/2024 22:00:00;0.0;0.0;0.0;6.15;2.41
10/01/2024 22:30:00;0.0;0.0;0.0;6.19;2.375
10/01/2024 23:00:00;0.0;0.0;0.0;6.23;2.34
10/01/2024 23:30:00;0.0;0.0;0.0;6.205;2.34
11/01/2024 00:00:00;0.0;0.0;0.0;6.18;2.34
11/01/2024 00:30:00;0.0;0.0;0.0;6.27;2.48
11/01/2024 01:00:00;0.0;0.0;0.0;6.36;2.62
11/01/2024 01:30:00;0.0;0.0;0.0;6.605;2.725
11/01/2024 02:00:00;0.0;0.0;0.0;6.85;2.83
11/01/2024 02:30:00;0.0;0.0;0.0;7.07;2.9299999999999997
11/01/2024 03:00:00;0.0;0.0;0.0;7.29;3.03
11/01/2024 03:30:00;0.0;0.0;0.0;7.4350000000000005;3.065
11/01/2024 04:00:00;0.0;0.0;0.0;7.58;3.1
11/01/2024 04:30:00;0.0;0.0;0.0;7.6;3.065
11/01/2024 05:00:00;0.0;0.0;0.0;7.62;3.03
11/01/2024 05:30:00;0.0;0.0;0.0;7.625;3.03
11/01/2024 06:00:00;0.0;0.0;0.0;7.63;3.03
11/01/2024 06:30:00;0.0;0.0;0.0;7.6899999999999995;3.065
11/01/2024 07:00:00;0.0;0.0;0.0;7.75;3.1
11/01/2024 07:30:00;4.475;17.045;0.38;7.975;3.17
11/01/2024 08:00:00;8.95;34.09;0.76;8.2;3.24
11/01/2024 08:30:00;8.89;53.38;1.205;8.53;3.38
11/01/2024 09:00:00;8.83;72.67;1.65;8.86;3.52
11/01/2024 09:30:00;4.415;61.505;1.39;9.09;3.59
11/01/2024 10:00:00;0.0;50.34;1.13;9.32;3.66
11/01/2024 10:30:00;0.0;55.285;1.24;9.17;3.66
11/01/2024 11:00:00;0.0;60.23;1.35;9.02;3.66
11/01/2024 11:30:00;9.72;95.0;2.16;9.01;3.76
11/01/2024 12:00:00;19.44;129.77;2.97;9.0;3.86
11/01/2024 12:30:00;68.885;140.15;3.325;8.875;3.9299999999999997
11/01/2024 13:00:00;118.33;150.53;3.68;8.75;4.0
11/01/2024 13:30:00;59.165;97.28999999999999;2.33;8.71;4.140000000000001
11/01/2024 14:00:00;0.0;44.05;0.98;8.67;4.28
11/01/2024 14:30:00;16.8;40.629999999999995;0.9099999999999999;8.559999999999999;4.245
11/01/2024 15:00:00;33.6;37.21;0.84;8.45;4.21
11/01/2024 15:30:00;16.8;18.605;0.42;8.105;3.935
11/01/2024 16:00:00;0.0;0.0;0.0;7.76;3.66
11/01/2024 16:30:00;0.0;0.0;0.0;7.449999999999999;3.45
11/01/2024 17:00:00;0.0;0.0;0.0;7.14;3.24
11/01/2024 17:30:00;0.0;0.0;0.0;6.96;3.345
11/01/2024 18:00:00;0.0;0.0;0.0;6.78;3.45
11/01/2024 18:30:00;0.0;0.0;0.0;6.76;3.345
11/01/2024 19:00:00;0.0;0.0;0.0;6.74;3.24
11/01/2024 19:30:00;0.0;0.0;0.0;6.465;3.17
11/01/2024 20:00:00;0.0;0.0;0.0;6.19;3.1
11/01/2024 20:30:00;0.0;0.0;0.0;6.025;3.035
11/01/2024 21:00:00;0.0;0.0;0.0;5.86;2.97
11/01/2024 21:30:00;0.0;0.0;0.0;5.765000000000001;3.0
11/01/2024 22:00:00;0.0;0.0;0.0;5.67;3.03
11/01/2024 22:30:00;0.0;0.0;0.0;5.625;3.065
11/01/2024 23:00:00;0.0;0.0;0.0;5.58;3.1
11/01/2024 23:30:00;0.0;0.0;0.0;5.48;3.135
12/01/2024 00:00:00;0.0;0.0;0.0;5.38;3.17
12/01/2024 00:30:00;0.0;0.0;0.0;5.279999999999999;3.31
12/01/2024 01:00:00;0.0;0.0;0.0;5.18;3.45
12/01/2024 01:30:00;0.0;0.0;0.0;5.27;3.52
12/01/2024 02:00:00;0.0;0.0;0.0;5.36;3.59
12/01/2024 02:30:00;0.0;0.0;0.0;5.3100000000000005;3.59
12/01/2024 03:00:00;0.0;0.0;0.0;5.26;3.59
12/01/2024 03:30:00;0.0;0.0;0.0;5.365;3.69
12/01/2024 04:00:00;0.0;0.0;0.0;5.47;3.79
12/01/2024 04:30:00;0.0;0.0;0.0;5.4399999999999995;3.895
12/01/2024 05:00:00;0.0;0.0;0.0;5.41;4.0
12/01/2024 05:30:00;0.0;0.0;0.0;5.484999999999999;4.07
12/01/2024 06:00:00;0.0;0.0;0.0;5.56;4.14
12/01/2024 06:30:00;0.0;0.0;0.0;5.97;4.3100000000000005
12/01/2024 07:00:00;0.0;0.0;0.0;6.38;4.48
12/01/2024 07:30:00;59.55;30.525;0.675;6.52;4.585000000000001
12/01/2024 08:00:00;119.1;61.05;1.35;6.66;4.69
12/01/2024 08:30:00;128.175;90.3;2.13;6.91;4.86
12/01/2024 09:00:00;137.25;119.55;2.91;7.16;5.03
12/01/2024 09:30:00;203.14;144.73;3.795;7.45;4.965
12/01/2024 10:00:00;269.03;169.91;4.68;7.74;4.9
12/01/2024 10:30:00;140.545;146.325;3.735;7.9750000000000005;5.380000000000001
12/01/2024 11:00:00;12.06;122.74;2.79;8.21;5.86
12/01/2024 11:30:00;101.45;154.975;3.795;8.455;5.93
12/01/2024 12:00:00;190.84;187.21;4.8;8.7;6.0
12/01/2024 12:30:00;152.88;169.945;4.26;8.745;5.725
12/01/2024 13:00:00;114.92;152.68;3.72;8.79;5.45
12/01/2024 13:30:00;57.46;102.41;2.4450000000000003;8.809999999999999;5.21
12/01/2024 14:00:00;0.0;52.14;1.17;8.83;4.97
12/01/2024 14:30:00;0.0;33.260000000000005;0.745;8.780000000000001;4.865
12/01/2024 15:00:00;0.0;14.38;0.32;8.73;4.76
12/01/2024 15:30:00;0.0;7.19;0.16;8.575;4.62
12/01/2024 16:00:00;0.0;0.0;0.0;8.42;4.48
12/01/2024 16:30:00;0.0;0.0;0.0;8.375;4.48
12/01/2024 17:00:00;0.0;0.0;0.0;8.33;4.48
12/01/2024 17:30:00;0.0;0.0;0.0;8.34;4.550000000000001
12/01/2024 18:00:00;0.0;0.0;0.0;8.35;4.62
12/01/2024 18:30:00;0.0;0.0;0.0;8.559999999999999;4.62
12/01/2024 19:00:00;0.0;0.0;0.0;8.77;4.62
12/01/2024 19:30:00;0.0;0.0;0.0;8.870000000000001;4.655
12/01/2024 20:00:00;0.0;0.0;0.0;8.97;4.69
12/01/2024 20:30:00;0.0;0.0;0.0;9.010000000000002;4.655
12/01/2024 21:00:00;0.0;0.0;0.0;9.05;4.62
12/01/2024 21:30:00;0.0;0.0;0.0;9.09;4.655
12/01/2024 22:00:00;0.0;0.0;0.0;9.13;4.69
12/01/2024 22:30:00;0.0;0.0;0.0;9.135000000000002;4.76
12/01/2024 23:00:00;0.0;0.0;0.0;9.14;4.83
12/01/2024 23:30:00;0.0;0.0;0.0;9.055;4.865
13/01/2024 00:00:00;0.0;0.0;0.0;8.97;4.9
13/01/2024 00:30:00;0.0;0.0;0.0;8.825;4.865
13/01/2024 01:00:00;0.0;0.0;0.0;8.68;4.83
13/01/2024 01:30:00;0.0;0.0;0.0;8.58;4.76
13/01/2024 02:00:00;0.0;0.0;0.0;8.48;4.69
13/01/2024 02:30:00;0.0;0.0;0.0;8.425;4.655
13/01/2024 03:00:00;0.0;0.0;0.0;8.37;4.62
13/01/2024 03:30:00;0.0;0.0;0.0;8.274999999999999;4.62
13/01/2024 04:00:00;0.0;0.0;0.0;8.18;4.62
13/01/2024 04:30:00;0.0;0.0;0.0;8.149999999999999;4.6899999999999995
13/01/2024 05:00:00;0.0;0.0;0.0;8.12;4.76
13/01/2024 05:30:00;0.0;0.0;0.0;8.149999999999999;4.895
13/01/2024 06:00:00;0.0;0.0;0.0;8.18;5.03
13/01/2024 06:30:00;0.0;0.0;0.0;8.120000000000001;5.03
13/01/2024 07:00:00;0.0;0.0;0.0;8.06;5.03
13/01/2024 07:30:00;19.565;24.24;0.535;8.02;5.1
13/01/2024 08:00:00;39.13;48.48;1.07;7.98;5.17
13/01/2024 08:30:00;236.85;73.345;2.5649999999999995;8.100000000000001;5.24
13/01/2024 09:00:00;434.57;98.21;4.06;8.22;5.31
13/01/2024 09:30:00;376.185;133.775;4.5;8.395;5.205
13/01/2024 10:00:00;317.8;169.34;4.94;8.57;5.1
13/01/2024 10:30:00;303.95500000000004;181.13;5.175000000000001;8.615;5.17
13/01/2024 11:00:00;290.11;192.92;5.41;8.66;5.24
13/01/2024 11:30:00;172.66500000000002;173.62;4.525;8.51;5.62
13/01/2024 12:00:00;55.22;154.32;3.64;8.36;6.0
13/01/2024 12:30:00;27.61;92.44;2.16;8.355;5.62
13/01/2024 13:00:00;0.0;30.56;0.68;8.35;5.24
13/01/2024 13:30:00;5.87;52.81999999999999;1.1949999999999998;8.315;5.275
13/01/2024 14:00:00;11.74;75.08;1.71;8.28;5.31
13/01/2024 14:30:00;5.87;40.235;0.915;7.925;5.035
13/01/2024 15:00:00;0.0;5.39;0.12;7.57;4.76
13/01/2024 15:30:00;0.0;2.695;0.06;7.1899999999999995;4.415
13/01/2024 16:00:00;0.0;0.0;0.0;6.81;4.07
13/01/2024 16:30:00;0.0;0.0;0.0;6.51;3.795
13/01/2024 17:00:00;0.0;0.0;0.0;6.21;3.52
13/01/2024 17:30:00;0.0;0.0;0.0;6.005;3.45
13/01/2024 18:00:00;0.0;0.0;0.0;5.8;3.38
13/01/2024 18:30:00;0.0;0.0;0.0;5.675;3.52
13/01/2024 19:00:00;0.0;0.0;0.0;5.55;3.66
13/01/2024 19:30:00;0.0;0.0;0.0;5.475;3.625
13/01/2024 20:00:00;0.0;0.0;0.0;5.4;3.59
13/01/2024 20:30:00;0.0;0.0;0.0;5.380000000000001;3.52
13/01/2024 21:00:00;0.0;0.0;0.0;5.36;3.45
13/01/2024 21:30:00;0.0;0.0;0.0;5.305;3.2750000000000004
13/01/2024 22:00:00;0.0;0.0;0.0;5.25;3.1
13/01/2024 22:30:00;0.0;0.0;0.0;5.0600000000000005;2.9299999999999997
13/01/2024 23:00:00;0.0;0.0;0.0;4.87;2.76
13/01/2024 23:30:00;0.0;0.0;0.0;4.855;2.69
14/01/2024 00:00:00;0.0;0.0;0.0;4.84;2.62
14/01/2024 00:30:00;0.0;0.0;0.0;4.73;2.55
14/01/2024 01:00:00;0.0;0.0;0.0;4.62;2.48
14/01/2024 01:30:00;0.0;0.0;0.0;4.695;2.48
14/01/2024 02:00:00;0.0;0.0;0.0;4.77;2.48
14/01/2024 02:30:00;0.0;0.0;0.0;4.935;2.4450000000000003
14/01/2024 03:00:00;0.0;0.0;0.0;5.1;2.41
14/01/2024 03:30:00;0.0;0.0;0.0;5.135;2.3449999999999998
14/01/2024 04:00:00;0.0;0.0;0.0;5.17;2.28
14/01/2024 04:30:00;0.0;0.0;0.0;5.154999999999999;2.28
14/01/2024 05:00:00;0.0;0.0;0.0;5.14;2.28
14/01/2024 05:30:00;0.0;0.0;0.0;5.359999999999999;2.3099999999999996
14/01/2024 06:00:00;0.0;0.0;0.0;5.58;2.34
14/01/2024 06:30:00;0.0;0.0;0.0;5.6899999999999995;2.445
14/01/2024 07:00:00;0.0;0.0;0.0;5.8;2.55
14/01/2024 07:30:00;6.42;18.32;0.41;5.79;2.445
14/01/2024 08:00:00;12.84;36.64;0.82;5.78;2.34
14/01/2024 08:30:00;17.915;62.565;1.4249999999999998;6.04;2.275
14/01/2024 09:00:00;22.99;88.49;2.03;6.3;2.21
14/01/2024 09:30:00;32.795;110.03;2.55;6.775;2.1399999999999997
14/01/2024 10:00:00;42.6;131.57;3.07;7.25;2.07
14/01/2024 10:30:00;35.6;136.185;3.165;7.835;2.105
14/01/2024 11:00:00;28.6;140.8;3.26;8.42;2.14
14/01/2024 11:30:00;14.3;116.69500000000001;2.665;8.885;2.0700000000000003
14/01/2024 12:00:00;0.0;92.59;2.07;9.35;2.0
14/01/2024 12:30:00;31.445;115.875;2.6849999999999996;9.715;2.69
14/01/2024 13:00:00;62.89;139.16;3.3;10.08;3.38
14/01/2024 13:30:00;38.7;108.295;2.535;10.225;3.6550000000000002
14/01/2024 14:00:00;14.51;77.43;1.77;10.37;3.93
14/01/2024 14:30:00;7.255;51.75;1.175;10.105;4.035
14/01/2024 15:00:00;0.0;26.07;0.58;9.84;4.14
14/01/2024 15:30:00;0.0;13.035;0.29;9.61;4.24
14/01/2024 16:00:00;0.0;0.0;0.0;9.38;4.34
14/01/2024 16:30:00;0.0;0.0;0.0;9.31;4.3100000000000005
14/01/2024 17:00:00;0.0;0.0;0.0;9.24;4.28
14/01/2024 17:30:00;0.0;0.0;0.0;9.280000000000001;4.345000000000001
14/01/2024 18:00:00;0.0;0.0;0.0;9.32;4.41
14/01/2024 18:30:00;0.0;0.0;0.0;8.84;4.275
14/01/2024 19:00:00;0.0;0.0;0.0;8.36;4.14
14/01/2024 19:30:00;0.0;0.0;0.0;8.34;4.175
14/01/2024 20:00:00;0.0;0.0;0.0;8.32;4.21
14/01/2024 20:30:00;0.0;0.0;0.0;8.395;4.415
14/01/2024 21:00:00;0.0;0.0;0.0;8.47;4.62
14/01/2024 21:30:00;0.0;0.0;0.0;8.565000000000001;4.859999999999999
14/01/2024 22:00:00;0.0;0.0;0.0;8.66;5.1
14/01/2024 22:30:00;0.0;0.0;0.0;8.825;5.205
14/01/2024 23:00:00;0.0;0.0;0.0;8.99;5.31
14/01/2024 23:30:00;0.0;0.0;0.0;9.175;5.449999999999999
15/01/2024 00:00:00;0.0;0.0;0.0;9.36;5.59
15/01/2024 00:30:00;0.0;0.0;0.0;9.434999999999999;5.555
15/01/2024 01:00:00;0.0;0.0;0.0;9.51;5.52
15/01/2024 01:30:00;0.0;0.0;0.0;9.535;5.555
15/01/2024 02:00:00;0.0;0.0;0.0;9.56;5.59
15/01/2024 02:30:00;0.0;0.0;0.0;9.635000000000002;5.83
15/01/2024 03:00:00;0.0;0.0;0.0;9.71;6.07
15/01/2024 03:30:00;0.0;0.0;0.0;9.775;6.140000000000001
15/01/2024 04:00:00;0.0;0.0;0.0;9.84;6.21
15/01/2024 04:30:00;0.0;0.0;0.0;9.96;6.07
15/01/2024 05:00:00;0.0;0.0;0.0;10.08;5.93
15/01/2024 05:30:00;0.0;0.0;0.0;10.155000000000001;5.6899999999999995
15/01/2024 06:00:00;0.0;0.0;0.0;10.23;5.45
15/01/2024 06:30:00;0.0;0.0;0.0;9.58;5.275
15/01/2024 07:00:00;0.0;0.0;0.0;8.93;5.1
15/01/2024 07:30:00;2.105;14.72;0.33;7.8149999999999995;5.24
15/01/2024 08:00:00;4.21;29.44;0.66;6.7;5.38
15/01/2024 08:30:00;2.105;37.64;0.8400000000000001;5.640000000000001;4.895
15/01/2024 09:00:00;0.0;45.84;1.02;4.58;4.41
15/01/2024 09:30:00;0.0;49.44;1.105;4.26;3.7199999999999998
15/01/2024 10:00:00;0.0;53.04;1.19;3.94;3.03
15/01/2024 10:30:00;0.0;66.07;1.48;3.92;4.0649999999999995
15/01/2024 11:00:00;0.0;79.1;1.77;3.9;5.1
15/01/2024 11:30:00;0.0;77.305;1.73;4.04;4.6899999999999995
15/01/2024 12:00:00;0.0;75.51;1.69;4.18;4.28
15/01/2024 12:30:00;263.35;101.59;3.7100000000000004;4.324999999999999;4.245
15/01/2024 13:00:00;526.7;127.67;5.73;4.47;4.21
15/01/2024 13:30:00;276.26;108.39500000000001;3.89;4.695;4.140000000000001
15/01/2024 14:00:00;25.82;89.12;2.05;4.92;4.07
15/01/2024 14:30:00;38.845;69.12;1.5699999999999998;4.9350000000000005;4.07
15/01/2024 15:00:00;51.87;49.12;1.09;4.95;4.07
15/01/2024 15:30:00;25.935;24.56;0.545;4.675000000000001;3.865
15/01/2024 16:00:00;0.0;0.0;0.0;4.4;3.66
15/01/2024 16:30:00;0.0;0.0;0.0;4.11;3.59
15/01/2024 17:00:00;0.0;0.0;0.0;3.82;3.52
15/01/2024 17:30:00;0.0;0.0;0.0;3.675;3.4850000000000003
15/01/2024 18:00:00;0.0;0.0;0.0;3.53;3.45
15/01/2024 18:30:00;0.0;0.0;0.0;3.23;3.38
15/01/2024 19:00:00;0.0;0.0;0.0;2.93;3.31
15/01/2024 19:30:00;0.0;0.0;0.0;2.85;3.24
15/01/2024 20:00:00;0.0;0.0;0.0;2.77;3.17
15/01/2024 20:30:00;0.0;0.0;0.0;2.63;3.0700000000000003
15/01/2024 21:00:00;0.0;0.0;0.0;2.49;2.97
15/01/2024 21:30:00;0.0;0.0;0.0;2.3600000000000003;2.9000000000000004
15/01/2024 22:00:00;0.0;0.0;0.0;2.23;2.83
15/01/2024 22:30:00;0.0;0.0;0.0;2.125;2.83
15/01/2024 23:00:00;0.0;0.0;0.0;2.02;2.83
15/01/2024 23:30:00;0.0;0.0;0.0;1.8900000000000001;2.76
16/01/2024 00:00:00;0.0;0.0;0.0;1.76;2.69
16/01/2024 00:30:00;0.0;0.0;0.0;1.615;2.69
16/01/2024 01:00:00;0.0;0.0;0.0;1.47;2.69
16/01/2024 01:30:00;0.0;0.0;0.0;1.505;2.76
16/01/2024 02:00:00;0.0;0.0;0.0;1.54;2.83
16/01/2024 02:30:00;0.0;0.0;0.0;1.5150000000000001;2.76
16/01/2024 03:00:00;0.0;0.0;0.0;1.49;2.69
16/01/2024 03:30:00;0.0;0.0;0.0;1.245;2.6550000000000002
16/01/2024 04:00:00;0.0;0.0;0.0;1.0;2.62
16/01/2024 04:30:00;0.0;0.0;0.0;0.81;2.585
16/01/2024 05:00:00;0.0;0.0;0.0;0.62;2.55
16/01/2024 05:30:00;0.0;0.0;0.0;0.5;2.55
16/01/2024 06:00:00;0.0;0.0;0.0;0.38;2.55
16/01/2024 06:30:00;0.0;0.0;0.0;0.7150000000000001;2.655
16/01/2024 07:00:00;0.0;0.0;0.0;1.05;2.76
16/01/2024 07:30:00;26.945;27.32;0.605;1.58;2.9299999999999997
16/01/2024 08:00:00;53.89;54.64;1.21;2.11;3.1
16/01/2024 08:30:00;31.18;67.245;1.51;2.66;3.41
16/01/2024 09:00:00;8.47;79.85;1.81;3.21;3.72
16/01/2024 09:30:00;4.235;81.725;1.84;3.825;4.275
16/01/2024 10:00:00;0.0;83.6;1.87;4.44;4.83
16/01/2024 10:30:00;5.885;105.38499999999999;2.38;5.15;5.07
16/01/2024 11:00:00;11.77;127.17;2.89;5.86;5.31
16/01/2024 11:30:00;31.785;143.08;3.3150000000000004;6.36;5.07
16/01/2024 12:00:00;51.8;158.99;3.74;6.86;4.83
16/01/2024 12:30:00;49.425;148.60000000000002;3.49;6.9399999999999995;6.415
16/01/2024 13:00:00;47.05;138.21;3.24;7.02;8.0
16/01/2024 13:30:00;39.125;116.605;2.715;6.5649999999999995;7.76
16/01/2024 14:00:00;31.2;95.0;2.19;6.11;7.52
16/01/2024 14:30:00;40.88;72.875;1.66;5.635;7.38
16/01/2024 15:00:00;50.56;50.75;1.13;5.16;7.24
16/01/2024 15:30:00;25.28;25.375;0.565;4.71;6.965
16/01/2024 16:00:00;0.0;0.0;0.0;4.26;6.69
16/01/2024 16:30:00;0.0;0.0;0.0;3.96;6.415
16/01/2024 17:00:00;0.0;0.0;0.0;3.66;6.14
16/01/2024 17:30:00;0.0;0.0;0.0;3.545;5.76
16/01/2024 18:00:00;0.0;0.0;0.0;3.43;5.38
16/01/2024 18:30:00;0.0;0.0;0.0;3.21;5.24
16/01/2024 19:00:00;0.0;0.0;0.0;2.99;5.1
16/01/2024 19:30:00;0.0;0.0;0.0;2.865;4.859999999999999
16/01/2024 20:00:00;0.0;0.0;0.0;2.74;4.62
16/01/2024 20:30:00;0.0;0.0;0.0;2.4800000000000004;4.345000000000001
16/01/2024 21:00:00;0.0;0.0;0.0;2.22;4.07
16/01/2024 21:30:00;0.0;0.0;0.0;2.1;3.8950000000000005
16/01/2024 22:00:00;0.0;0.0;0.0;1.98;3.72
16/01/2024 22:30:00;0.0;0.0;0.0;1.8399999999999999;3.515
16/01/2024 23:00:00;0.0;0.0;0.0;1.7;3.31
16/01/2024 23:30:00;0.0;0.0;0.0;1.555;3.105
17/01/2024 00:00:00;0.0;0.0;0.0;1.41;2.9
17/01/2024 00:30:00;0.0;0.0;0.0;1.29;2.7249999999999996
17/01/2024 01:00:00;0.0;0.0;0.0;1.17;2.55
17/01/2024 01:30:00;0.0;0.0;0.0;1.02;2.275
17/01/2024 02:00:00;0.0;0.0;0.0;0.87;2.0
17/01/2024 02:30:00;0.0;0.0;0.0;0.66;1.76
17/01/2024 03:00:00;0.0;0.0;0.0;0.45;1.52
17/01/2024 03:30:00;0.0;0.0;0.0;0.16999999999999998;1.415
17/01/2024 04:00:00;0.0;0.0;0.0;-0.11;1.31
17/01/2024 04:30:00;0.0;0.0;0.0;-0.53;1.31
17/01/2024 05:00:00;0.0;0.0;0.0;-0.95;1.31
17/01/2024 05:30:00;0.0;0.0;0.0;-1.295;1.275
17/01/2024 06:00:00;0.0;0.0;0.0;-1.64;1.24
17/01/2024 06:30:00;0.0;0.0;0.0;-1.725;1.31
17/01/2024 07:00:00;0.0;0.0;0.0;-1.81;1.38
17/01/2024 07:30:00;138.56;32.13;0.975;-1.6400000000000001;1.38
17/01/2024 08:00:00;277.12;64.26;1.95;-1.47;1.38
17/01/2024 08:30:00;174.925;88.78999999999999;2.31;-0.6;1.31
17/01/2024 09:00:00;72.73;113.32;2.67;0.27;1.24
17/01/2024 09:30:00;59.68000000000001;126.60499999999999;2.9749999999999996;0.81;1.275
17/01/2024 10:00:00;46.63;139.89;3.28;1.35;1.31
17/01/2024 10:30:00;23.315;101.85499999999999;2.355;1.6;1.31
17/01/2024 11:00:00;0.0;63.82;1.43;1.85;1.31
17/01/2024 11:30:00;40.93;118.685;2.795;1.99;1.17
17/01/2024 12:00:00;81.86;173.55;4.16;2.13;1.03
17/01/2024 12:30:00;40.93;119.135;2.805;2.005;0.86
17/01/2024 13:00:00;0.0;64.72;1.45;1.88;0.69
17/01/2024 13:30:00;0.0;45.845;1.025;1.595;0.655
17/01/2024 14:00:00;0.0;26.97;0.6;1.31;0.62
17/01/2024 14:30:00;0.0;24.27;0.54;1.045;0.76
17/01/2024 15:00:00;0.0;21.57;0.48;0.78;0.9
17/01/2024 15:30:00;0.0;10.785;0.24;0.565;1.0
17/01/2024 16:00:00;0.0;0.0;0.0;0.35;1.1
17/01/2024 16:30:00;0.0;0.0;0.0;0.205;1.135
17/01/2024 17:00:00;0.0;0.0;0.0;0.06;1.17
17/01/2024 17:30:00;0.0;0.0;0.0;-0.09;1.275
17/01/2024 18:00:00;0.0;0.0;0.0;-0.24;1.38
17/01/2024 18:30:00;0.0;0.0;0.0;-0.315;1.1749999999999998
17/01/2024 19:00:00;0.0;0.0;0.0;-0.39;0.97
17/01/2024 19:30:00;0.0;0.0;0.0;-0.62;1.0
17/01/2024 20:00:00;0.0;0.0;0.0;-0.85;1.03
17/01/2024 20:30:00;0.0;0.0;0.0;-1.015;0.9650000000000001
17/01/2024 21:00:00;0.0;0.0;0.0;-1.18;0.9
17/01/2024 21:30:00;0.0;0.0;0.0;-1.2;0.9
17/01/2024 22:00:00;0.0;0.0;0.0;-1.22;0.9
17/01/2024 22:30:00;0.0;0.0;0.0;-1.06;1.21
17/01/2024 23:00:00;0.0;0.0;0.0;-0.9;1.52
17/01/2024 23:30:00;0.0;0.0;0.0;-0.64;1.865
18/01/2024 00:00:00;0.0;0.0;0.0;-0.38;2.21
18/01/2024 00:30:00;0.0;0.0;0.0;-0.09999999999999998;2.45
18/01/2024 01:00:00;0.0;0.0;0.0;0.18;2.69
18/01/2024 01:30:00;0.0;0.0;0.0;0.375;2.7249999999999996
18/01/2024 02:00:00;0.0;0.0;0.0;0.57;2.76
18/01/2024 02:30:00;0.0;0.0;0.0;0.52;2.62
18/01/2024 03:00:00;0.0;0.0;0.0;0.47;2.48
18/01/2024 03:30:00;0.0;0.0;0.0;0.35;2.41
18/01/2024 04:00:00;0.0;0.0;0.0;0.23;2.34
18/01/2024 04:30:00;0.0;0.0;0.0;0.10500000000000001;2.205
18/01/2024 05:00:00;0.0;0.0;0.0;-0.02;2.07
18/01/2024 05:30:00;0.0;0.0;0.0;-0.045;1.895
18/01/2024 06:00:00;0.0;0.0;0.0;-0.07;1.72
18/01/2024 06:30:00;0.0;0.0;0.0;-0.36000000000000004;1.4449999999999998
18/01/2024 07:00:00;0.0;0.0;0.0;-0.65;1.17
18/01/2024 07:30:00;34.04;29.835;0.665;-0.675;1.035
18/01/2024 08:00:00;68.08;59.67;1.33;-0.7;0.9
18/01/2024 08:30:00;81.15;89.97;2.1;-0.33999999999999997;1.21
18/01/2024 09:00:00;94.22;120.27;2.87;0.02;1.52
18/01/2024 09:30:00;88.53;138.125;3.305;0.085;1.655
18/01/2024 10:00:00;82.84;155.98;3.74;0.15;1.79
18/01/2024 10:30:00;41.42;128.32999999999998;2.995;0.4;1.8599999999999999
18/01/2024 11:00:00;0.0;100.68;2.25;0.65;1.93
18/01/2024 11:30:00;0.0;96.185;2.15;0.9099999999999999;1.93
18/01/2024 12:00:00;0.0;91.69;2.05;1.17;1.93
18/01/2024 12:30:00;0.0;88.995;1.9899999999999998;0.85;1.93
18/01/2024 13:00:00;0.0;86.3;1.93;0.53;1.93
18/01/2024 13:30:00;24.94;96.535;2.21;0.5700000000000001;1.93
18/01/2024 14:00:00;49.88;106.77;2.49;0.61;1.93
18/01/2024 14:30:00;42.965;78.47999999999999;1.81;0.405;1.8599999999999999
18/01/2024 15:00:00;36.05;50.19;1.13;0.2;1.79
18/01/2024 15:30:00;18.025;25.095;0.565;-0.06;1.79
18/01/2024 16:00:00;0.0;0.0;0.0;-0.32;1.79
18/01/2024 16:30:00;0.0;0.0;0.0;-0.6950000000000001;1.725
18/01/2024 17:00:00;0.0;0.0;0.0;-1.07;1.66
18/01/2024 17:30:00;0.0;0.0;0.0;-1.35;1.69
18/01/2024 18:00:00;0.0;0.0;0.0;-1.63;1.72
18/01/2024 18:30:00;0.0;0.0;0.0;-2.0549999999999997;1.655
18/01/2024 19:00:00;0.0;0.0;0.0;-2.48;1.59
18/01/2024 19:30:00;0.0;0.0;0.0;-2.635;1.655
18/01/2024 20:00:00;0.0;0.0;0.0;-2.79;1.72
18/01/2024 20:30:00;0.0;0.0;0.0;-2.89;1.69
18/01/2024 21:00:00;0.0;0.0;0.0;-2.99;1.66
18/01/2024 21:30:00;0.0;0.0;0.0;-3.015;1.625
18/01/2024 22:00:00;0.0;0.0;0.0;-3.04;1.59
18/01/2024 22:30:00;0.0;0.0;0.0;-3.115;1.5550000000000002
18/01/2024 23:00:00;0.0;0.0;0.0;-3.19;1.52
18/01/2024 23:30:00;0.0;0.0;0.0;-3.09;1.4849999999999999
19/01/2024 00:00:00;0.0;0.0;0.0;-2.99;1.45
19/01/2024 00:30:00;0.0;0.0;0.0;-2.81;1.415
19/01/2024 01:00:00;0.0;0.0;0.0;-2.63;1.38
19/01/2024 01:30:00;0.0;0.0;0.0;-2.55;1.38
19/01/2024 02:00:00;0.0;0.0;0.0;-2.47;1.38
19/01/2024 02:30:00;0.0;0.0;0.0;-2.505;1.38
19/01/2024 03:00:00;0.0;0.0;0.0;-2.54;1.38
19/01/2024 03:30:00;0.0;0.0;0.0;-2.565;1.38
19/01/2024 04:00:00;0.0;0.0;0.0;-2.59;1.38
19/01/2024 04:30:00;0.0;0.0;0.0;-2.735;1.38
19/01/2024 05:00:00;0.0;0.0;0.0;-2.88;1.38
19/01/2024 05:30:00;0.0;0.0;0.0;-3.1550000000000002;1.415
19/01/2024 06:00:00;0.0;0.0;0.0;-3.43;1.45
19/01/2024 06:30:00;0.0;0.0;0.0;-3.8899999999999997;1.4849999999999999
19/01/2024 07:00:00;0.0;0.0;0.0;-4.35;1.52
19/01/2024 07:30:00;0.0;13.485;0.3;-3.985;1.45
19/01/2024 08:00:00;0.0;26.97;0.6;-3.62;1.38
19/01/2024 08:30:00;9.605;60.015;1.3649999999999998;-3.29;1.38
19/01/2024 09:00:00;19.21;93.06;2.13;-2.96;1.38
19/01/2024 09:30:00;26.535;114.48;2.645;-2.8449999999999998;1.7249999999999999
19/01/2024 10:00:00;33.86;135.9;3.16;-2.73;2.07
19/01/2024 10:30:00;16.93;106.605;2.4450000000000003;-1.905;2.485
19/01/2024 11:00:00;0.0;77.31;1.73;-1.08;2.9
19/01/2024 11:30:00;174.13;141.385;3.9099999999999997;-0.7250000000000001;2.83
19/01/2024 12:00:00;348.26;205.46;6.09;-0.37;2.76
19/01/2024 12:30:00;207.95999999999998;178.835;4.855;-0.185;2.55
19/01/2024 13:00:00;67.66;152.21;3.62;0.0;2.34
19/01/2024 13:30:00;33.83;104.87;2.455;-0.105;2.0
19/01/2024 14:00:00;0.0;57.53;1.29;-0.21;1.66
19/01/2024 14:30:00;17.585;54.69;1.23;0.23999999999999996;1.21
19/01/2024 15:00:00;35.17;51.85;1.17;0.69;0.76
19/01/2024 15:30:00;17.585;25.925;0.585;0.58;0.62
19/01/2024 16:00:00;0.0;0.0;0.0;0.47;0.48
19/01/2024 16:30:00;0.0;0.0;0.0;0.265;0.515
19/01/2024 17:00:00;0.0;0.0;0.0;0.06;0.55
19/01/2024 17:30:00;0.0;0.0;0.0;-0.095;0.655
19/01/2024 18:00:00;0.0;0.0;0.0;-0.25;0.76
19/01/2024 18:30:00;0.0;0.0;0.0;-1.2;0.93
19/01/2024 19:00:00;0.0;0.0;0.0;-2.15;1.1
19/01/2024 19:30:00;0.0;0.0;0.0;-2.42;1.0
19/01/2024 20:00:00;0.0;0.0;0.0;-2.69;0.9
19/01/2024 20:30:00;0.0;0.0;0.0;-2.775;0.8300000000000001
19/01/2024 21:00:00;0.0;0.0;0.0;-2.86;0.76
19/01/2024 21:30:00;0.0;0.0;0.0;-2.895;0.69
19/01/2024 22:00:00;0.0;0.0;0.0;-2.93;0.62
19/01/2024 22:30:00;0.0;0.0;0.0;-2.9699999999999998;0.585
19/01/2024 23:00:00;0.0;0.0;0.0;-3.01;0.55
19/01/2024 23:30:00;0.0;0.0;0.0;-3.12;0.55
20/01/2024 00:00:00;0.0;0.0;0.0;-3.23;0.55
20/01/2024 00:30:00;0.0;0.0;0.0;-3.2350000000000003;0.55
20/01/2024 01:00:00;0.0;0.0;0.0;-3.24;0.55
20/01/2024 01:30:00;0.0;0.0;0.0;-3.22;0.55
20/01/2024 02:00:00;0.0;0.0;0.0;-3.2;0.55
20/01/2024 02:30:00;0.0;0.0;0.0;-3.2750000000000004;0.515
20/01/2024 03:00:00;0.0;0.0;0.0;-3.35;0.48
20/01/2024 03:30:00;0.0;0.0;0.0;-3.41;0.44499999999999995
20/01/2024 04:00:00;0.0;0.0;0.0;-3.47;0.41
20/01/2024 04:30:00;0.0;0.0;0.0;-3.495;0.41
20/01/2024 05:00:00;0.0;0.0;0.0;-3.52;0.41
20/01/2024 05:30:00;0.0;0.0;0.0;-3.5549999999999997;0.48
20/01/2024 06:00:00;0.0;0.0;0.0;-3.59;0.55
20/01/2024 06:30:00;0.0;0.0;0.0;-3.5949999999999998;0.69
20/01/2024 07:00:00;0.0;0.0;0.0;-3.6;0.83
20/01/2024 07:30:00;23.17;28.21;0.635;-3.395;0.865
20/01/2024 08:00:00;46.34;56.42;1.27;-3.19;0.9
20/01/2024 08:30:00;44.905;81.21000000000001;1.87;-2.65;0.9
20/01/2024 09:00:00;43.47;106.0;2.47;-2.11;0.9
20/01/2024 09:30:00;34.935;118.695;2.75;-1.4449999999999998;0.9650000000000001
20/01/2024 10:00:00;26.4;131.39;3.03;-0.78;1.03
20/01/2024 10:30:00;26.945;140.93;3.255;-1.4449999999999998;1.17
20/01/2024 11:00:00;27.49;150.47;3.48;-2.11;1.31
20/01/2024 11:30:00;81.295;172.405;4.15;-1.255;1.4500000000000002
20/01/2024 12:00:00;135.1;194.34;4.82;-0.4;1.59
20/01/2024 12:30:00;152.615;186.465;4.68;-0.08500000000000002;1.795
20/01/2024 13:00:00;170.13;178.59;4.54;0.23;2.0
20/01/2024 13:30:00;256.94;153.64499999999998;4.35;0.335;2.0
20/01/2024 14:00:00;343.75;128.7;4.16;0.44;2.0
20/01/2024 14:30:00;291.985;99.31;3.075;-0.03999999999999998;1.655
20/01/2024 15:00:00;240.22;69.92;1.99;-0.52;1.31
20/01/2024 15:30:00;120.11;34.96;0.995;-0.875;1.275
20/01/2024 16:00:00;0.0;0.0;0.0;-1.23;1.24
20/01/2024 16:30:00;0.0;0.0;0.0;-1.425;1.275
20/01/2024 17:00:00;0.0;0.0;0.0;-1.62;1.31
20/01/2024 17:30:00;0.0;0.0;0.0;-1.625;1.31
20/01/2024 18:00:00;0.0;0.0;0.0;-1.63;1.31
20/01/2024 18:30:00;0.0;0.0;0.0;-1.9949999999999999;1.38
20/01/2024 19:00:00;0.0;0.0;0.0;-2.36;1.45
20/01/2024 19:30:00;0.0;0.0;0.0;-2.155;1.38
20/01/2024 20:00:00;0.0;0.0;0.0;-1.95;1.31
20/01/2024 20:30:00;0.0;0.0;0.0;-1.95;1.275
20/01/2024 21:00:00;0.0;0.0;0.0;-1.95;1.24
20/01/2024 21:30:00;0.0;0.0;0.0;-2.06;1.205
20/01/2024 22:00:00;0.0;0.0;0.0;-2.17;1.17
20/01/2024 22:30:00;0.0;0.0;0.0;-2.245;1.135
20/01/2024 23:00:00;0.0;0.0;0.0;-2.32;1.1
20/01/2024 23:30:00;0.0;0.0;0.0;-2.375;1.1
21/01/2024 00:00:00;0.0;0.0;0.0;-2.43;1.1
21/01/2024 00:30:00;0.0;0.0;0.0;-2.465;1.1
21/01/2024 01:00:00;0.0;0.0;0.0;-2.5;1.1
21/01/2024 01:30:00;0.0;0.0;0.0;-2.5700000000000003;1.065
21/01/2024 02:00:00;0.0;0.0;0.0;-2.64;1.03
21/01/2024 02:30:00;0.0;0.0;0.0;-2.6500000000000004;1.03
21/01/2024 03:00:00;0.0;0.0;0.0;-2.66;1.03
21/01/2024 03:30:00;0.0;0.0;0.0;-2.6500000000000004;1.03
21/01/2024 04:00:00;0.0;0.0;0.0;-2.64;1.03
21/01/2024 04:30:00;0.0;0.0;0.0;-2.715;1.065
21/01/2024 05:00:00;0.0;0.0;0.0;-2.79;1.1
21/01/2024 05:30:00;0.0;0.0;0.0;-2.87;1.135
21/01/2024 06:00:00;0.0;0.0;0.0;-2.95;1.17
21/01/2024 06:30:00;0.0;0.0;0.0;-3.285;1.24
21/01/2024 07:00:00;0.0;0.0;0.0;-3.62;1.31
21/01/2024 07:30:00;72.02;36.645;0.865;-3.5250000000000004;1.205
21/01/2024 08:00:00;144.04;73.29;1.73;-3.43;1.1
21/01/2024 08:30:00;232.05;103.6;2.925;-3.105;1.17
21/01/2024 09:00:00;320.06;133.91;4.12;-2.78;1.24
21/01/2024 09:30:00;264.805;158.755;4.470000000000001;-4.22;1.69
21/01/2024 10:00:00;209.55;183.6;4.82;-5.66;2.14
21/01/2024 10:30:00;135.485;178.315;4.46;-3.865;2.62
21/01/2024 11:00:00;61.42;173.03;4.1;-2.07;3.1
21/01/2024 11:30:00;64.81;174.275;4.14;-1.1549999999999998;3.6900000000000004
21/01/2024 12:00:00;68.2;175.52;4.18;-0.24;4.28
21/01/2024 12:30:00;36.475;142.565;3.325;-0.034999999999999976;4.380000000000001
21/01/2024 13:00:00;4.75;109.61;2.47;0.17;4.48
21/01/2024 13:30:00;2.375;69.19;1.5550000000000002;0.095;4.380000000000001
21/01/2024 14:00:00;0.0;28.77;0.64;0.02;4.28
21/01/2024 14:30:00;5.585;37.089999999999996;0.8300000000000001;-0.295;4.140000000000001
21/01/2024 15:00:00;11.17;45.41;1.02;-0.61;4.0
21/01/2024 15:30:00;5.585;22.705;0.51;-1.125;3.795
21/01/2024 16:00:00;0.0;0.0;0.0;-1.64;3.59
21/01/2024 16:30:00;0.0;0.0;0.0;-1.935;3.415
21/01/2024 17:00:00;0.0;0.0;0.0;-2.23;3.24
21/01/2024 17:30:00;0.0;0.0;0.0;-2.31;3.17
21/01/2024 18:00:00;0.0;0.0;0.0;-2.39;3.1
21/01/2024 18:30:00;0.0;0.0;0.0;-2.505;3.24
21/01/2024 19:00:00;0.0;0.0;0.0;-2.62;3.38
21/01/2024 19:30:00;0.0;0.0;0.0;-2.63;3.415
21/01/2024 20:00:00;0.0;0.0;0.0;-2.64;3.45
21/01/2024 20:30:00;0.0;0.0;0.0;-2.675;3.2750000000000004
21/01/2024 21:00:00;0.0;0.0;0.0;-2.71;3.1
21/01/2024 21:30:00;0.0;0.0;0.0;-2.735;3.135
21/01/2024 22:00:00;0.0;0.0;0.0;-2.76;3.17
21/01/2024 22:30:00;0.0;0.0;0.0;-2.7199999999999998;3.205
21/01/2024 23:00:00;0.0;0.0;0.0;-2.68;3.24
21/01/2024 23:30:00;0.0;0.0;0.0;-2.685;3.1050000000000004
22/01/2024 00:00:00;0.0;0.0;0.0;-2.69;2.97
22/01/2024 00:30:00;0.0;0.0;0.0;-2.69;2.83
22/01/2024 01:00:00;0.0;0.0;0.0;-2.69;2.69
22/01/2024 01:30:00;0.0;0.0;0.0;-2.7;2.69
22/01/2024 02:00:00;0.0;0.0;0.0;-2.71;2.69
22/01/2024 02:30:00;0.0;0.0;0.0;-2.635;2.6550000000000002
22/01/2024 03:00:00;0.0;0.0;0.0;-2.56;2.62
22/01/2024 03:30:00;0.0;0.0;0.0;-2.5300000000000002;2.48
22/01/2024 04:00:00;0.0;0.0;0.0;-2.5;2.34
22/01/2024 04:30:00;0.0;0.0;0.0;-2.44;2.41
22/01/2024 05:00:00;0.0;0.0;0.0;-2.38;2.48
22/01/2024 05:30:00;0.0;0.0;0.0;-2.3499999999999996;2.31
22/01/2024 06:00:00;0.0;0.0;0.0;-2.32;2.14
22/01/2024 06:30:00;0.0;0.0;0.0;-2.12;2.31
22/01/2024 07:00:00;0.0;0.0;0.0;-1.92;2.48
22/01/2024 07:30:00;0.0;8.09;0.18;-1.81;2.48
22/01/2024 08:00:00;0.0;16.18;0.36;-1.7;2.48
22/01/2024 08:30:00;0.0;42.7;0.955;-1.4649999999999999;2.5149999999999997
22/01/2024 09:00:00;0.0;69.22;1.55;-1.23;2.55
22/01/2024 09:30:00;0.0;66.52;1.49;-1.02;2.585
22/01/2024 10:00:00;0.0;63.82;1.43;-0.81;2.62
22/01/2024 10:30:00;0.0;78.655;1.7599999999999998;-0.525;2.6550000000000002
22/01/2024 11:00:00;0.0;93.49;2.09;-0.24;2.69
22/01/2024 11:30:00;0.0;82.69999999999999;1.85;-0.024999999999999994;2.86
22/01/2024 12:00:00;0.0;71.91;1.61;0.19;3.03
22/01/2024 12:30:00;0.0;63.37;1.42;0.35;3.03
22/01/2024 13:00:00;0.0;54.83;1.23;0.51;3.03
22/01/2024 13:30:00;0.0;46.29;1.035;0.565;2.86
22/01/2024 14:00:00;0.0;37.75;0.84;0.62;2.69
22/01/2024 14:30:00;0.0;34.605000000000004;0.77;0.4;2.415
22/01/2024 15:00:00;0.0;31.46;0.7;0.18;2.14
22/01/2024 15:30:00;0.0;15.73;0.35;-0.11000000000000004;2.035
22/01/2024 16:00:00;0.0;0.0;0.0;-0.4;1.93
22/01/2024 16:30:00;0.0;0.0;0.0;-1.005;1.93
22/01/2024 17:00:00;0.0;0.0;0.0;-1.61;1.93
22/01/2024 17:30:00;0.0;0.0;0.0;-2.105;1.93
22/01/2024 18:00:00;0.0;0.0;0.0;-2.6;1.93
22/01/2024 18:30:00;0.0;0.0;0.0;-2.815;1.895
22/01/2024 19:00:00;0.0;0.0;0.0;-3.03;1.86
22/01/2024 19:30:00;0.0;0.0;0.0;-3.0149999999999997;1.79
22/01/2024 20:00:00;0.0;0.0;0.0;-3.0;1.72
22/01/2024 20:30:00;0.0;0.0;0.0;-2.7800000000000002;1.62
22/01/2024 21:00:00;0.0;0.0;0.0;-2.56;1.52
22/01/2024 21:30:00;0.0;0.0;0.0;-2.6950000000000003;1.5550000000000002
22/01/2024 22:00:00;0.0;0.0;0.0;-2.83;1.59
22/01/2024 22:30:00;0.0;0.0;0.0;-2.9699999999999998;1.625
22/01/2024 23:00:00;0.0;0.0;0.0;-3.11;1.66
22/01/2024 23:30:00;0.0;0.0;0.0;-3.3499999999999996;1.725
23/01/2024 00:00:00;0.0;0.0;0.0;-3.59;1.79
23/01/2024 00:30:00;0.0;0.0;0.0;-3.5599999999999996;1.8250000000000002
23/01/2024 01:00:00;0.0;0.0;0.0;-3.53;1.86
23/01/2024 01:30:00;0.0;0.0;0.0;-3.55;1.9300000000000002
23/01/2024 02:00:00;0.0;0.0;0.0;-3.57;2.0
23/01/2024 02:30:00;0.0;0.0;0.0;-3.495;2.105
23/01/2024 03:00:00;0.0;0.0;0.0;-3.42;2.21
23/01/2024 03:30:00;0.0;0.0;0.0;-3.2800000000000002;2.31
23/01/2024 04:00:00;0.0;0.0;0.0;-3.14;2.41
23/01/2024 04:30:00;0.0;0.0;0.0;-3.06;2.48
23/01/2024 05:00:00;0.0;0.0;0.0;-2.98;2.55
23/01/2024 05:30:00;0.0;0.0;0.0;-2.775;2.55
23/01/2024 06:00:00;0.0;0.0;0.0;-2.57;2.55
23/01/2024 06:30:00;0.0;0.0;0.0;-2.16;2.825
23/01/2024 07:00:00;0.0;0.0;0.0;-1.75;3.1
23/01/2024 07:30:00;10.945;24.75;0.565;-1.495;3.205
23/01/2024 08:00:00;21.89;49.5;1.13;-1.24;3.31
23/01/2024 08:30:00;57.035000000000004;87.64;2.08;-0.99;3.62
23/01/2024 09:00:00;92.18;125.78;3.03;-0.74;3.93
23/01/2024 09:30:00;105.84;148.565;3.635;-0.445;4.035
23/01/2024 10:00:00;119.5;171.35;4.24;-0.15;4.14
23/01/2024 10:30:00;64.235;152.57;3.635;0.13499999999999998;4.21
23/01/2024 11:00:00;8.97;133.79;3.03;0.42;4.28
23/01/2024 11:30:00;50.394999999999996;160.105;3.7749999999999995;0.655;4.3100000000000005
23/01/2024 12:00:00;91.82;186.42;4.52;0.89;4.34
23/01/2024 12:30:00;45.91;124.22;2.9549999999999996;1.07;4.3100000000000005
23/01/2024 13:00:00;0.0;62.02;1.39;1.25;4.28
23/01/2024 13:30:00;1.305;69.885;1.5699999999999998;1.395;4.380000000000001
23/01/2024 14:00:00;2.61;77.75;1.75;1.54;4.48
23/01/2024 14:30:00;11.955;64.92;1.47;1.565;4.3100000000000005
23/01/2024 15:00:00;21.3;52.09;1.19;1.59;4.14
23/01/2024 15:30:00;10.65;26.045;0.595;1.445;3.9
23/01/2024 16:00:00;0.0;0.0;0.0;1.3;3.66
23/01/2024 16:30:00;0.0;0.0;0.0;1.225;3.66
23/01/2024 17:00:00;0.0;0.0;0.0;1.15;3.66
23/01/2024 17:30:00;0.0;0.0;0.0;1.075;3.625
23/01/2024 18:00:00;0.0;0.0;0.0;1.0;3.59
23/01/2024 18:30:00;0.0;0.0;0.0;1.075;3.5549999999999997
23/01/2024 19:00:00;0.0;0.0;0.0;1.15;3.52
23/01/2024 19:30:00;0.0;0.0;0.0;1.2;3.52
23/01/2024 20:00:00;0.0;0.0;0.0;1.25;3.52
23/01/2024 20:30:00;0.0;0.0;0.0;1.24;3.415
23/01/2024 21:00:00;0.0;0.0;0.0;1.23;3.31
23/01/2024 21:30:00;0.0;0.0;0.0;1.315;3.205
23/01/2024 22:00:00;0.0;0.0;0.0;1.4;3.1
23/01/2024 22:30:00;0.0;0.0;0.0;1.39;3.0
23/01/2024 23:00:00;0.0;0.0;0.0;1.38;2.9
23/01/2024 23:30:00;0.0;0.0;0.0;1.38;2.935
24/01/2024 00:00:00;0.0;0.0;0.0;1.38;2.97
24/01/2024 00:30:00;0.0;0.0;0.0;1.43;2.865
24/01/2024 01:00:00;0.0;0.0;0.0;1.48;2.76
24/01/2024 01:30:00;0.0;0.0;0.0;1.45;2.69
24/01/2024 02:00:00;0.0;0.0;0.0;1.42;2.62
24/01/2024 02:30:00;0.0;0.0;0.0;1.23;2.45
24/01/2024 03:00:00;0.0;0.0;0.0;1.04;2.28
24/01/2024 03:30:00;0.0;0.0;0.0;0.9450000000000001;2.175
24/01/2024 04:00:00;0.0;0.0;0.0;0.85;2.07
24/01/2024 04:30:00;0.0;0.0;0.0;0.725;2.07
24/01/2024 05:00:00;0.0;0.0;0.0;0.6;2.07
24/01/2024 05:30:00;0.0;0.0;0.0;0.52;2.0
24/01/2024 06:00:00;0.0;0.0;0.0;0.44;1.93
24/01/2024 06:30:00;0.0;0.0;0.0;0.06;1.825
24/01/2024 07:00:00;0.0;0.0;0.0;-0.32;1.72
24/01/2024 07:30:00;5.365;22.62;0.51;-0.33999999999999997;1.655
24/01/2024 08:00:00;10.73;45.24;1.02;-0.36;1.59
24/01/2024 08:30:00;5.365;37.005;0.8300000000000001;-0.22499999999999998;1.655
24/01/2024 09:00:00;0.0;28.77;0.64;-0.09;1.72
24/01/2024 09:30:00;0.0;44.95;1.0050000000000001;0.78;2.135
24/01/2024 10:00:00;0.0;61.13;1.37;1.65;2.55
24/01/2024 10:30:00;0.0;70.565;1.58;2.2;2.5149999999999997
24/01/2024 11:00:00;0.0;80.0;1.79;2.75;2.48
24/01/2024 11:30:00;0.0;79.1;1.77;2.98;2.55
24/01/2024 12:00:00;0.0;78.2;1.75;3.21;2.62
24/01/2024 12:30:00;0.0;70.11;1.5699999999999998;3.3;2.515
24/01/2024 13:00:00;0.0;62.02;1.39;3.39;2.41
24/01/2024 13:30:00;0.0;58.425;1.31;3.39;2.3449999999999998
24/01/2024 14:00:00;0.0;54.83;1.23;3.39;2.28
24/01/2024 14:30:00;0.0;44.495;0.995;3.06;2.07
24/01/2024 15:00:00;0.0;34.16;0.76;2.73;1.86
24/01/2024 15:30:00;0.0;17.08;0.38;2.425;1.69
24/01/2024 16:00:00;0.0;0.0;0.0;2.12;1.52
24/01/2024 16:30:00;0.0;0.0;0.0;2.01;1.52
24/01/2024 17:00:00;0.0;0.0;0.0;1.9;1.52
24/01/2024 17:30:00;0.0;0.0;0.0;1.525;1.52
24/01/2024 18:00:00;0.0;0.0;0.0;1.15;1.52
24/01/2024 18:30:00;0.0;0.0;0.0;1.16;1.38
24/01/2024 19:00:00;0.0;0.0;0.0;1.17;1.24
24/01/2024 19:30:00;0.0;0.0;0.0;1.17;1.24
24/01/2024 20:00:00;0.0;0.0;0.0;1.17;1.24
24/01/2024 20:30:00;0.0;0.0;0.0;0.72;1.31
24/01/2024 21:00:00;0.0;0.0;0.0;0.27;1.38
24/01/2024 21:30:00;0.0;0.0;0.0;0.135;1.38
24/01/2024 22:00:00;0.0;0.0;0.0;0.0;1.38
24/01/2024 22:30:00;0.0;0.0;0.0;0.08;1.345
24/01/2024 23:00:00;0.0;0.0;0.0;0.16;1.31
24/01/2024 23:30:00;0.0;0.0;0.0;0.16;1.275
25/01/2024 00:00:00;0.0;0.0;0.0;0.16;1.24
25/01/2024 00:30:00;0.0;0.0;0.0;0.42499999999999993;1.17
25/01/2024 01:00:00;0.0;0.0;0.0;0.69;1.1
25/01/2024 01:30:00;0.0;0.0;0.0;0.635;1.1
25/01/2024 02:00:00;0.0;0.0;0.0;0.58;1.1
25/01/2024 02:30:00;0.0;0.0;0.0;0.58;1.1
25/01/2024 03:00:00;0.0;0.0;0.0;0.58;1.1
25/01/2024 03:30:00;0.0;0.0;0.0;0.29;0.9650000000000001
25/01/2024 04:00:00;0.0;0.0;0.0;0.0;0.83
25/01/2024 04:30:00;0.0;0.0;0.0;-0.02;0.865
25/01/2024 05:00:00;0.0;0.0;0.0;-0.04;0.9
25/01/2024 05:30:00;0.0;0.0;0.0;-0.095;0.935
25/01/2024 06:00:00;0.0;0.0;0.0;-0.15;0.97
25/01/2024 06:30:00;0.0;0.0;0.0;0.03;1.0350000000000001
25/01/2024 07:00:00;0.0;0.0;0.0;0.21;1.1
25/01/2024 07:30:00;5.26;23.04;0.525;0.13;1.065
25/01/2024 08:00:00;10.52;46.08;1.05;0.05;1.03
25/01/2024 08:30:00;5.26;59.445;1.3399999999999999;-0.12499999999999999;1.275
25/01/2024 09:00:00;0.0;72.81;1.63;-0.3;1.52
25/01/2024 09:30:00;0.0;67.86500000000001;1.52;0.54;1.655
25/01/2024 10:00:00;0.0;62.92;1.41;1.38;1.79
25/01/2024 10:30:00;0.0;60.675;1.3599999999999999;1.805;1.965
25/01/2024 11:00:00;0.0;58.43;1.31;2.23;2.14
25/01/2024 11:30:00;0.0;55.285;1.24;2.505;2.14
25/01/2024 12:00:00;0.0;52.14;1.17;2.78;2.14
25/01/2024 12:30:00;0.0;52.59;1.18;2.925;2.105
25/01/2024 13:00:00;0.0;53.04;1.19;3.07;2.07
25/01/2024 13:30:00;0.0;49.44;1.105;3.12;2.07
25/01/2024 14:00:00;0.0;45.84;1.02;3.17;2.07
25/01/2024 14:30:00;1.695;42.97;0.96;3.905;1.8649999999999998
25/01/2024 15:00:00;3.39;40.1;0.9;4.64;1.66
25/01/2024 15:30:00;1.695;20.05;0.45;4.14;1.28
25/01/2024 16:00:00;0.0;0.0;0.0;3.64;0.9
25/01/2024 16:30:00;0.0;0.0;0.0;3.5250000000000004;0.865
25/01/2024 17:00:00;0.0;0.0;0.0;3.41;0.83
25/01/2024 17:30:00;0.0;0.0;0.0;3.06;0.865
25/01/2024 18:00:00;0.0;0.0;0.0;2.71;0.9
25/01/2024 18:30:00;0.0;0.0;0.0;2.215;0.7949999999999999
25/01/2024 19:00:00;0.0;0.0;0.0;1.72;0.69
25/01/2024 19:30:00;0.0;0.0;0.0;1.565;0.76
25/01/2024 20:00:00;0.0;0.0;0.0;1.41;0.83
25/01/2024 20:30:00;0.0;0.0;0.0;1.145;0.865
25/01/2024 21:00:00;0.0;0.0;0.0;0.88;0.9
25/01/2024 21:30:00;0.0;0.0;0.0;0.7949999999999999;0.9
25/01/2024 22:00:00;0.0;0.0;0.0;0.71;0.9
25/01/2024 22:30:00;0.0;0.0;0.0;0.595;0.935
25/01/2024 23:00:00;0.0;0.0;0.0;0.48;0.97
25/01/2024 23:30:00;0.0;0.0;0.0;0.3;0.97
26/01/2024 00:00:00;0.0;0.0;0.0;0.12;0.97
26/01/2024 00:30:00;0.0;0.0;0.0;-0.035;1.0
26/01/2024 01:00:00;0.0;0.0;0.0;-0.19;1.03
26/01/2024 01:30:00;0.0;0.0;0.0;-0.3;1.03
26/01/2024 02:00:00;0.0;0.0;0.0;-0.41;1.03
26/01/2024 02:30:00;0.0;0.0;0.0;-0.46499999999999997;0.9650000000000001
26/01/2024 03:00:00;0.0;0.0;0.0;-0.52;0.9
26/01/2024 03:30:00;0.0;0.0;0.0;-0.6950000000000001;0.9650000000000001
26/01/2024 04:00:00;0.0;0.0;0.0;-0.87;1.03
26/01/2024 04:30:00;0.0;0.0;0.0;-1.4049999999999998;1.1
26/01/2024 05:00:00;0.0;0.0;0.0;-1.94;1.17
26/01/2024 05:30:00;0.0;0.0;0.0;-2.08;1.17
26/01/2024 06:00:00;0.0;0.0;0.0;-2.22;1.17
26/01/2024 06:30:00;0.0;0.0;0.0;-2.205;1.24
26/01/2024 07:00:00;0.0;0.0;0.0;-2.19;1.31
26/01/2024 07:30:00;24.07;32.515;0.745;-2.295;1.38
26/01/2024 08:00:00;48.14;65.03;1.49;-2.4;1.45
26/01/2024 08:30:00;24.07;58.135000000000005;1.3199999999999998;-2.3;1.555
26/01/2024 09:00:00;0.0;51.24;1.15;-2.2;1.66
26/01/2024 09:30:00;0.0;62.474999999999994;1.4;-1.6400000000000001;1.66
26/01/2024 10:00:00;0.0;73.71;1.65;-1.08;1.66
26/01/2024 10:30:00;0.0;81.35;1.8199999999999998;-0.30500000000000005;1.795
26/01/2024 11:00:00;0.0;88.99;1.99;0.47;1.93
26/01/2024 11:30:00;0.0;84.495;1.8900000000000001;0.645;2.0
26/01/2024 12:00:00;0.0;80.0;1.79;0.82;2.07
26/01/2024 12:30:00;0.0;75.955;1.7000000000000002;1.0;2.0
26/01/2024 13:00:00;0.0;71.91;1.61;1.18;1.93
26/01/2024 13:30:00;0.0;61.125;1.37;1.345;1.93
26/01/2024 14:00:00;0.0;50.34;1.13;1.51;1.93
26/01/2024 14:30:00;1.655;47.025000000000006;1.055;1.405;2.035
26/01/2024 15:00:00;3.31;43.71;0.98;1.3;2.14
26/01/2024 15:30:00;1.655;21.855;0.49;1.0150000000000001;2.14
26/01/2024 16:00:00;0.0;0.0;0.0;0.73;2.14
26/01/2024 16:30:00;0.0;0.0;0.0;0.375;2.21
26/01/2024 17:00:00;0.0;0.0;0.0;0.02;2.28
26/01/2024 17:30:00;0.0;0.0;0.0;-0.29;2.105
26/01/2024 18:00:00;0.0;0.0;0.0;-0.6;1.93
26/01/2024 18:30:00;0.0;0.0;0.0;-0.8999999999999999;1.93
26/01/2024 19:00:00;0.0;0.0;0.0;-1.2;1.93
26/01/2024 19:30:00;0.0;0.0;0.0;-1.33;1.93
26/01/2024 20:00:00;0.0;0.0;0.0;-1.46;1.93
26/01/2024 20:30:00;0.0;0.0;0.0;-1.58;1.895
26/01/2024 21:00:00;0.0;0.0;0.0;-1.7;1.86
26/01/2024 21:30:00;0.0;0.0;0.0;-1.8199999999999998;1.76
26/01/2024 22:00:00;0.0;0.0;0.0;-1.94;1.66
26/01/2024 22:30:00;0.0;0.0;0.0;-2.025;1.625
26/01/2024 23:00:00;0.0;0.0;0.0;-2.11;1.59
26/01/2024 23:30:00;0.0;0.0;0.0;-2.145;1.5550000000000002
27/01/2024 00:00:00;0.0;0.0;0.0;-2.18;1.52
27/01/2024 00:30:00;0.0;0.0;0.0;-2.2350000000000003;1.52
27/01/2024 01:00:00;0.0;0.0;0.0;-2.29;1.52
27/01/2024 01:30:00;0.0;0.0;0.0;-2.975;1.52
27/01/2024 02:00:00;0.0;0.0;0.0;-3.66;1.52
27/01/2024 02:30:00;0.0;0.0;0.0;-3.7800000000000002;1.5550000000000002
27/01/2024 03:00:00;0.0;0.0;0.0;-3.9;1.59
27/01/2024 03:30:00;0.0;0.0;0.0;-4.155;1.69
27/01/2024 04:00:00;0.0;0.0;0.0;-4.41;1.79
27/01/2024 04:30:00;0.0;0.0;0.0;-4.605;1.79
27/01/2024 05:00:00;0.0;0.0;0.0;-4.8;1.79
27/01/2024 05:30:00;0.0;0.0;0.0;-4.93;1.8599999999999999
27/01/2024 06:00:00;0.0;0.0;0.0;-5.06;1.93
27/01/2024 06:30:00;0.0;0.0;0.0;-4.619999999999999;2.105
27/01/2024 07:00:00;0.0;0.0;0.0;-4.18;2.28
27/01/2024 07:30:00;111.235;39.69;1.125;-3.61;2.38
27/01/2024 08:00:00;222.47;79.38;2.25;-3.04;2.48
27/01/2024 08:30:00;111.235;67.55499999999999;1.75;-2.495;2.55
27/01/2024 09:00:00;0.0;55.73;1.25;-1.95;2.62
27/01/2024 09:30:00;10.195;95.50999999999999;2.185;-1.49;2.62
27/01/2024 10:00:00;20.39;135.29;3.12;-1.03;2.62
27/01/2024 10:30:00;17.805;141.915;3.26;-0.615;2.69
27/01/2024 11:00:00;15.22;148.54;3.4;-0.2;2.76
27/01/2024 11:30:00;7.61;107.97999999999999;2.455;0.415;2.865
27/01/2024 12:00:00;0.0;67.42;1.51;1.03;2.97
27/01/2024 12:30:00;22.54;111.405;2.585;1.205;2.97
27/01/2024 13:00:00;45.08;155.39;3.66;1.38;2.97
27/01/2024 13:30:00;22.54;108.25999999999999;2.515;1.4;2.935
27/01/2024 14:00:00;0.0;61.13;1.37;1.42;2.9
27/01/2024 14:30:00;16.205;62.400000000000006;1.42;1.375;2.9
27/01/2024 15:00:00;32.41;63.67;1.47;1.33;2.9
27/01/2024 15:30:00;16.205;31.835;0.735;1.04;2.69
27/01/2024 16:00:00;0.0;0.0;0.0;0.75;2.48
27/01/2024 16:30:00;0.0;0.0;0.0;0.325;2.5149999999999997
27/01/2024 17:00:00;0.0;0.0;0.0;-0.1;2.55
27/01/2024 17:30:00;0.0;0.0;0.0;-0.4;2.5149999999999997
27/01/2024 18:00:00;0.0;0.0;0.0;-0.7;2.48
27/01/2024 18:30:00;0.0;0.0;0.0;-0.835;2.41
27/01/2024 19:00:00;0.0;0.0;0.0;-0.97;2.34
27/01/2024 19:30:00;0.0;0.0;0.0;-1.0899999999999999;2.3099999999999996
27/01/2024 20:00:00;0.0;0.0;0.0;-1.21;2.28
27/01/2024 20:30:00;0.0;0.0;0.0;-1.205;2.3099999999999996
27/01/2024 21:00:00;0.0;0.0;0.0;-1.2;2.34
27/01/2024 21:30:00;0.0;0.0;0.0;-1.23;2.275
27/01/2024 22:00:00;0.0;0.0;0.0;-1.26;2.21
27/01/2024 22:30:00;0.0;0.0;0.0;-1.435;2.175
27/01/2024 23:00:00;0.0;0.0;0.0;-1.61;2.14
27/01/2024 23:30:00;0.0;0.0;0.0;-1.775;2.14
28/01/2024 00:00:00;0.0;0.0;0.0;-1.94;2.14
28/01/2024 00:30:00;0.0;0.0;0.0;-2.04;2.14
28/01/2024 01:00:00;0.0;0.0;0.0;-2.14;2.14
28/01/2024 01:30:00;0.0;0.0;0.0;-2.185;2.175
28/01/2024 02:00:00;0.0;0.0;0.0;-2.23;2.21
28/01/2024 02:30:00;0.0;0.0;0.0;-2.31;2.21
28/01/2024 03:00:00;0.0;0.0;0.0;-2.39;2.21
28/01/2024 03:30:00;0.0;0.0;0.0;-2.185;2.31
28/01/2024 04:00:00;0.0;0.0;0.0;-1.98;2.41
28/01/2024 04:30:00;0.0;0.0;0.0;-1.8599999999999999;2.375
28/01/2024 05:00:00;0.0;0.0;0.0;-1.74;2.34
28/01/2024 05:30:00;0.0;0.0;0.0;-1.585;2.3099999999999996
28/01/2024 06:00:00;0.0;0.0;0.0;-1.43;2.28
28/01/2024 06:30:00;0.0;0.0;0.0;-1.305;2.5549999999999997
28/01/2024 07:00:00;0.0;0.0;0.0;-1.18;2.83
28/01/2024 07:30:00;8.26;26.855;0.615;-1.315;2.83
28/01/2024 08:00:00;16.52;53.71;1.23;-1.45;2.83
28/01/2024 08:30:00;10.75;69.535;1.58;-1.03;3.14
28/01/2024 09:00:00;4.98;85.36;1.93;-0.61;3.45
28/01/2024 09:30:00;2.49;76.84;1.73;0.10499999999999998;3.45
28/01/2024 10:00:00;0.0;68.32;1.53;0.82;3.45
28/01/2024 10:30:00;0.0;69.215;1.55;1.0999999999999999;3.415
28/01/2024 11:00:00;0.0;70.11;1.57;1.38;3.38
28/01/2024 11:30:00;0.0;74.60499999999999;1.67;1.63;3.38
28/01/2024 12:00:00;0.0;79.1;1.77;1.88;3.38
28/01/2024 12:30:00;0.0;69.215;1.55;1.95;3.3449999999999998
28/01/2024 13:00:00;0.0;59.33;1.33;2.02;3.31
28/01/2024 13:30:00;0.0;50.34;1.125;2.085;3.24
28/01/2024 14:00:00;0.0;41.35;0.92;2.15;3.17
28/01/2024 14:30:00;0.0;36.405;0.81;2.0949999999999998;2.965
28/01/2024 15:00:00;0.0;31.46;0.7;2.04;2.76
28/01/2024 15:30:00;0.0;15.73;0.35;1.7650000000000001;2.62
28/01/2024 16:00:00;0.0;0.0;0.0;1.49;2.48
28/01/2024 16:30:00;0.0;0.0;0.0;1.1;2.4450000000000003
28/01/2024 17:00:00;0.0;0.0;0.0;0.71;2.41
28/01/2024 17:30:00;0.0;0.0;0.0;0.49;2.31
28/01/2024 18:00:00;0.0;0.0;0.0;0.27;2.21
28/01/2024 18:30:00;0.0;0.0;0.0;-0.010000000000000009;2.1399999999999997
28/01/2024 19:00:00;0.0;0.0;0.0;-0.29;2.07
28/01/2024 19:30:00;0.0;0.0;0.0;-0.665;2.0
28/01/2024 20:00:00;0.0;0.0;0.0;-1.04;1.93
28/01/2024 20:30:00;0.0;0.0;0.0;-1.3599999999999999;1.825
28/01/2024 21:00:00;0.0;0.0;0.0;-1.68;1.72
28/01/2024 21:30:00;0.0;0.0;0.0;-1.9649999999999999;1.825
28/01/2024 22:00:00;0.0;0.0;0.0;-2.25;1.93
28/01/2024 22:30:00;0.0;0.0;0.0;-2.255;2.0
28/01/2024 23:00:00;0.0;0.0;0.0;-2.26;2.07
28/01/2024 23:30:00;0.0;0.0;0.0;-2.55;2.035
29/01/2024 00:00:00;0.0;0.0;0.0;-2.84;2.0
29/01/2024 00:30:00;0.0;0.0;0.0;-2.91;1.83
29/01/2024 01:00:00;0.0;0.0;0.0;-2.98;1.66
29/01/2024 01:30:00;0.0;0.0;0.0;-3.165;1.5899999999999999
29/01/2024 02:00:00;0.0;0.0;0.0;-3.35;1.52
29/01/2024 02:30:00;0.0;0.0;0.0;-3.285;1.4849999999999999
29/01/2024 03:00:00;0.0;0.0;0.0;-3.22;1.45
29/01/2024 03:30:00;0.0;0.0;0.0;-3.285;1.415
29/01/2024 04:00:00;0.0;0.0;0.0;-3.35;1.38
29/01/2024 04:30:00;0.0;0.0;0.0;-2.875;1.24
29/01/2024 05:00:00;0.0;0.0;0.0;-2.4;1.1
29/01/2024 05:30:00;0.0;0.0;0.0;-2.605;1.135
29/01/2024 06:00:00;0.0;0.0;0.0;-2.81;1.17
29/01/2024 06:30:00;0.0;0.0;0.0;-1.98;0.86
29/01/2024 07:00:00;0.0;0.0;0.0;-1.15;0.55
29/01/2024 07:30:00;8.095;27.73;0.635;-1.055;0.655
29/01/2024 08:00:00;16.19;55.46;1.27;-0.96;0.76
29/01/2024 08:30:00;35.2;89.56;2.1;-0.6799999999999999;0.965
29/01/2024 09:00:00;54.21;123.66;2.93;-0.4;1.17
29/01/2024 09:30:00;172.935;160.49;4.33;0.0;1.135
29/01/2024 10:00:00;291.66;197.32;5.73;0.4;1.1
29/01/2024 10:30:00;455.20000000000005;180.5;6.805;1.0750000000000002;0.895
29/01/2024 11:00:00;618.74;163.68;7.88;1.75;0.69
29/01/2024 11:30:00;345.705;177.585;6.24;2.185;0.515
29/01/2024 12:00:00;72.67;191.49;4.6;2.62;0.34
29/01/2024 12:30:00;241.09999999999997;190.28;5.494999999999999;2.885;0.20500000000000002
29/01/2024 13:00:00;409.53;189.07;6.39;3.15;0.07
29/01/2024 13:30:00;417.38;159.55;5.755;3.2;0.31000000000000005
29/01/2024 14:00:00;425.23;130.03;5.12;3.25;0.55
29/01/2024 14:30:00;252.96;105.595;3.525;3.225;0.62
29/01/2024 15:00:00;80.69;81.16;1.93;3.2;0.69
29/01/2024 15:30:00;40.345;40.58;0.965;2.7800000000000002;0.76
29/01/2024 16:00:00;0.0;0.0;0.0;2.36;0.83
29/01/2024 16:30:00;0.0;0.0;0.0;2.335;0.7949999999999999
29/01/2024 17:00:00;0.0;0.0;0.0;2.31;0.76
29/01/2024 17:30:00;0.0;0.0;0.0;2.0300000000000002;0.69
29/01/2024 18:00:00;0.0;0.0;0.0;1.75;0.62
29/01/2024 18:30:00;0.0;0.0;0.0;0.27;1.0
29/01/2024 19:00:00;0.0;0.0;0.0;-1.21;1.38
29/01/2024 19:30:00;0.0;0.0;0.0;-1.565;1.345
29/01/2024 20:00:00;0.0;0.0;0.0;-1.92;1.31
29/01/2024 20:30:00;0.0;0.0;0.0;-2.145;1.38
29/01/2024 21:00:00;0.0;0.0;0.0;-2.37;1.45
29/01/2024 21:30:00;0.0;0.0;0.0;-2.575;1.4849999999999999
29/01/2024 22:00:00;0.0;0.0;0.0;-2.78;1.52
29/01/2024 22:30:00;0.0;0.0;0.0;-2.905;1.5550000000000002
29/01/2024 23:00:00;0.0;0.0;0.0;-3.03;1.59
29/01/2024 23:30:00;0.0;0.0;0.0;-3.25;1.625
30/01/2024 00:00:00;0.0;0.0;0.0;-3.47;1.66
30/01/2024 00:30:00;0.0;0.0;0.0;-3.555;1.66
30/01/2024 01:00:00;0.0;0.0;0.0;-3.64;1.66
30/01/2024 01:30:00;0.0;0.0;0.0;-3.7350000000000003;1.69
30/01/2024 02:00:00;0.0;0.0;0.0;-3.83;1.72
30/01/2024 02:30:00;0.0;0.0;0.0;-3.92;1.79
30/01/2024 03:00:00;0.0;0.0;0.0;-4.01;1.86
30/01/2024 03:30:00;0.0;0.0;0.0;-3.755;2.035
30/01/2024 04:00:00;0.0;0.0;0.0;-3.5;2.21
30/01/2024 04:30:00;0.0;0.0;0.0;-3.325;2.275
30/01/2024 05:00:00;0.0;0.0;0.0;-3.15;2.34
30/01/2024 05:30:00;0.0;0.0;0.0;-3.085;2.205
30/01/2024 06:00:00;0.0;0.0;0.0;-3.02;2.07
30/01/2024 06:30:00;0.0;0.0;0.0;-2.83;2.105
30/01/2024 07:00:00;0.0;0.0;0.0;-2.64;2.14
30/01/2024 07:30:00;138.03;37.7;1.285;-2.055;2.2750000000000004
30/01/2024 08:00:00;276.06;75.4;2.57;-1.47;2.41
30/01/2024 08:30:00;242.78;112.645;3.335;-0.72;2.55
30/01/2024 09:00:00;209.5;149.89;4.1;0.03;2.69
30/01/2024 09:30:00;209.575;173.27499999999998;4.695;0.6;2.965
30/01/2024 10:00:00;209.65;196.66;5.29;1.17;3.24
30/01/2024 10:30:00;263.07;209.39;5.92;1.67;3.38
30/01/2024 11:00:00;316.49;222.12;6.55;2.17;3.52
30/01/2024 11:30:00;205.955;211.7;5.734999999999999;2.45;3.52
30/01/2024 12:00:00;95.42;201.28;4.92;2.73;3.52
30/01/2024 12:30:00;162.88;200.69;5.205;2.84;3.5549999999999997
30/01/2024 13:00:00;230.34;200.1;5.49;2.95;3.59
30/01/2024 13:30:00;133.18;160.555;4.16;2.965;3.59
30/01/2024 14:00:00;36.02;121.01;2.83;2.98;3.59
30/01/2024 14:30:00;186.64000000000001;95.385;2.89;2.5700000000000003;3.45
30/01/2024 15:00:00;337.26;69.76;2.95;2.16;3.31
30/01/2024 15:30:00;168.63;34.88;1.475;2.18;3.17
30/01/2024 16:00:00;0.0;0.0;0.0;2.2;3.03
30/01/2024 16:30:00;0.0;0.0;0.0;2.005;2.8949999999999996
30/01/2024 17:00:00;0.0;0.0;0.0;1.81;2.76
30/01/2024 17:30:00;0.0;0.0;0.0;1.675;2.62
30/01/2024 18:00:00;0.0;0.0;0.0;1.54;2.48
30/01/2024 18:30:00;0.0;0.0;0.0;1.27;2.31
30/01/2024 19:00:00;0.0;0.0;0.0;1.0;2.14
30/01/2024 19:30:00;0.0;0.0;0.0;0.8300000000000001;2.0700000000000003
30/01/2024 20:00:00;0.0;0.0;0.0;0.66;2.0
30/01/2024 20:30:00;0.0;0.0;0.0;0.5900000000000001;1.895
30/01/2024 21:00:00;0.0;0.0;0.0;0.52;1.79
30/01/2024 21:30:00;0.0;0.0;0.0;0.395;1.655
30/01/2024 22:00:00;0.0;0.0;0.0;0.27;1.52
30/01/2024 22:30:00;0.0;0.0;0.0;0.13;1.45
30/01/2024 23:00:00;0.0;0.0;0.0;-0.01;1.38
30/01/2024 23:30:00;0.0;0.0;0.0;0.060000000000000005;1.31
31/01/2024 00:00:00;0.0;0.0;0.0;0.13;1.24
31/01/2024 00:30:00;0.0;0.0;0.0;0.08;1.24
31/01/2024 01:00:00;0.0;0.0;0.0;0.03;1.24
31/01/2024 01:30:00;0.0;0.0;0.0;-0.095;1.275
31/01/2024 02:00:00;0.0;0.0;0.0;-0.22;1.31
31/01/2024 02:30:00;0.0;0.0;0.0;-0.43000000000000005;1.275
31/01/2024 03:00:00;0.0;0.0;0.0;-0.64;1.24
31/01/2024 03:30:00;0.0;0.0;0.0;-0.675;1.205
31/01/2024 04:00:00;0.0;0.0;0.0;-0.71;1.17
31/01/2024 04:30:00;0.0;0.0;0.0;-0.88;1.205
31/01/2024 05:00:00;0.0;0.0;0.0;-1.05;1.24
31/01/2024 05:30:00;0.0;0.0;0.0;-1.17;1.275
31/01/2024 06:00:00;0.0;0.0;0.0;-1.29;1.31
31/01/2024 06:30:00;0.0;0.0;0.0;-1.46;1.38
31/01/2024 07:00:00;0.0;0.0;0.0;-1.63;1.45
31/01/2024 07:30:00;10.885;30.125;0.695;-1.2449999999999999;1.31
31/01/2024 08:00:00;21.77;60.25;1.39;-0.86;1.17
31/01/2024 08:30:00;24.13;85.89500000000001;1.9899999999999998;0.20499999999999996;1.205
31/01/2024 09:00:00;26.49;111.54;2.59;1.27;1.24
31/01/2024 09:30:00;188.23000000000002;152.415;4.35;1.925;1.585
31/01/2024 10:00:00;349.97;193.29;6.11;2.58;1.93
31/01/2024 10:30:00;535.315;158.47;7.234999999999999;3.21;2.17
31/01/2024 11:00:00;720.66;123.65;8.36;3.84;2.41
31/01/2024 11:30:00;438.15999999999997;170.04000000000002;6.955;4.205;2.6900000000000004
31/01/2024 12:00:00;155.66;216.43;5.55;4.57;2.97
31/01/2024 12:30:00;98.47999999999999;188.075;4.654999999999999;4.585;2.97
31/01/2024 13:00:00;41.3;159.72;3.76;4.6;2.97
31/01/2024 13:30:00;66.91499999999999;150.965;3.63;4.609999999999999;2.97
31/01/2024 14:00:00;92.53;142.21;3.5;4.62;2.97
31/01/2024 14:30:00;46.265;85.49000000000001;2.0700000000000003;4.4;2.865
31/01/2024 15:00:00;0.0;28.77;0.64;4.18;2.76
31/01/2024 15:30:00;0.0;14.834999999999999;0.33;3.715;2.655
31/01/2024 16:00:00;0.0;0.9;0.02;3.25;2.55
31/01/2024 16:30:00;0.0;0.45;0.01;2.9699999999999998;2.445
31/01/2024 17:00:00;0.0;0.0;0.0;2.69;2.34
31/01/2024 17:30:00;0.0;0.0;0.0;2.52;2.24
31/01/2024 18:00:00;0.0;0.0;0.0;2.35;2.14
31/01/2024 18:30:00;0.0;0.0;0.0;2.315;2.14
31/01/2024 19:00:00;0.0;0.0;0.0;2.28;2.14
31/01/2024 19:30:00;0.0;0.0;0.0;2.29;2.2750000000000004
31/01/2024 20:00:00;0.0;0.0;0.0;2.3;2.41
31/01/2024 20:30:00;0.0;0.0;0.0;2.315;2.48
31/01/2024 21:00:00;0.0;0.0;0.0;2.33;2.55
31/01/2024 21:30:00;0.0;0.0;0.0;2.325;2.5149999999999997
31/01/2024 22:00:00;0.0;0.0;0.0;2.32;2.48
31/01/2024 22:30:00;0.0;0.0;0.0;2.2249999999999996;2.41
31/01/2024 23:00:00;0.0;0.0;0.0;2.13;2.34
31/01/2024 23:30:00;0.0;0.0;0.0;2.09;2.34
01/02/2024 00:00:00;0.0;0.0;0.0;2.05;2.34
01/02/2024 00:30:00;0.0;0.0;0.0;1.955;2.375
01/02/2024 01:00:00;0.0;0.0;0.0;1.86;2.41
01/02/2024 01:30:00;0.0;0.0;0.0;1.705;2.375
01/02/2024 02:00:00;0.0;0.0;0.0;1.55;2.34
01/02/2024 02:30:00;0.0;0.0;0.0;1.4849999999999999;2.34
01/02/2024 03:00:00;0.0;0.0;0.0;1.42;2.34
01/02/2024 03:30:00;0.0;0.0;0.0;1.355;2.3099999999999996
01/02/2024 04:00:00;0.0;0.0;0.0;1.29;2.28
01/02/2024 04:30:00;0.0;0.0;0.0;1.375;2.3099999999999996
01/02/2024 05:00:00;0.0;0.0;0.0;1.46;2.34
01/02/2024 05:30:00;0.0;0.0;0.0;1.63;2.5149999999999997
01/02/2024 06:00:00;0.0;0.0;0.0;1.8;2.69
01/02/2024 06:30:00;0.0;0.0;0.0;1.975;2.76
01/02/2024 07:00:00;0.0;0.0;0.0;2.15;2.83
01/02/2024 07:30:00;19.81;34.94;0.815;2.385;2.9000000000000004
01/02/2024 08:00:00;39.62;69.88;1.63;2.62;2.97
01/02/2024 08:30:00;25.759999999999998;84.58500000000001;1.95;2.855;3.1050000000000004
01/02/2024 09:00:00;11.9;99.29;2.27;3.09;3.24
01/02/2024 09:30:00;67.735;143.5;3.495;3.45;3.515
01/02/2024 10:00:00;123.57;187.71;4.72;3.81;3.79
01/02/2024 10:30:00;61.785;130.71;3.1849999999999996;4.245;4.1
01/02/2024 11:00:00;0.0;73.71;1.65;4.68;4.41
01/02/2024 11:30:00;0.0;95.285;2.13;4.895;4.445
01/02/2024 12:00:00;0.0;116.86;2.61;5.11;4.48
01/02/2024 12:30:00;0.0;102.925;2.3;5.265000000000001;4.62
01/02/2024 13:00:00;0.0;88.99;1.99;5.42;4.76
01/02/2024 13:30:00;0.0;56.18;1.255;5.390000000000001;4.484999999999999
01/02/2024 14:00:00;0.0;23.37;0.52;5.36;4.21
01/02/2024 14:30:00;33.525;53.31999999999999;1.255;5.220000000000001;3.9
01/02/2024 15:00:00;67.05;83.27;1.99;5.08;3.59
01/02/2024 15:30:00;33.525;42.085;1.005;4.77;3.52
01/02/2024 16:00:00;0.0;0.9;0.02;4.46;3.45
01/02/2024 16:30:00;0.0;0.45;0.01;4.075;3.31
01/02/2024 17:00:00;0.0;0.0;0.0;3.69;3.17
01/02/2024 17:30:00;0.0;0.0;0.0;3.505;3.205
01/02/2024 18:00:00;0.0;0.0;0.0;3.32;3.24
01/02/2024 18:30:00;0.0;0.0;0.0;3.27;3.45
01/02/2024 19:00:00;0.0;0.0;0.0;3.22;3.66
01/02/2024 19:30:00;0.0;0.0;0.0;3.205;3.625
01/02/2024 20:00:00;0.0;0.0;0.0;3.19;3.59
01/02/2024 20:30:00;0.0;0.0;0.0;3.165;3.5549999999999997
01/02/2024 21:00:00;0.0;0.0;0.0;3.14;3.52
01/02/2024 21:30:00;0.0;0.0;0.0;3.05;3.52
01/02/2024 22:00:00;0.0;0.0;0.0;2.96;3.52
01/02/2024 22:30:00;0.0;0.0;0.0;2.955;3.5549999999999997
01/02/2024 23:00:00;0.0;0.0;0.0;2.95;3.59
01/02/2024 23:30:00;0.0;0.0;0.0;2.955;3.5549999999999997
02/02/2024 00:00:00;0.0;0.0;0.0;2.96;3.52
02/02/2024 00:30:00;0.0;0.0;0.0;2.9050000000000002;3.45
02/02/2024 01:00:00;0.0;0.0;0.0;2.85;3.38
02/02/2024 01:30:00;0.0;0.0;0.0;2.835;3.31
02/02/2024 02:00:00;0.0;0.0;0.0;2.82;3.24
02/02/2024 02:30:00;0.0;0.0;0.0;2.795;3.135
02/02/2024 03:00:00;0.0;0.0;0.0;2.77;3.03
02/02/2024 03:30:00;0.0;0.0;0.0;2.77;2.8949999999999996
02/02/2024 04:00:00;0.0;0.0;0.0;2.77;2.76
02/02/2024 04:30:00;0.0;0.0;0.0;2.795;2.69
02/02/2024 05:00:00;0.0;0.0;0.0;2.82;2.62
02/02/2024 05:30:00;0.0;0.0;0.0;2.885;2.62
02/02/2024 06:00:00;0.0;0.0;0.0;2.95;2.62
02/02/2024 06:30:00;0.0;0.0;0.0;2.885;2.76
02/02/2024 07:00:00;0.0;0.0;0.0;2.82;2.9
02/02/2024 07:30:00;0.0;14.83;0.33;2.9050000000000002;2.935
02/02/2024 08:00:00;0.0;29.66;0.66;2.99;2.97
02/02/2024 08:30:00;5.88;66.28;1.505;3.135;3.035
02/02/2024 09:00:00;11.76;102.9;2.35;3.28;3.1
02/02/2024 09:30:00;5.88;82.91;1.88;3.505;3.17
02/02/2024 10:00:00;0.0;62.92;1.41;3.73;3.24
02/02/2024 10:30:00;0.0;63.82;1.43;4.055;3.55
02/02/2024 11:00:00;0.0;64.72;1.45;4.38;3.86
02/02/2024 11:30:00;0.0;73.71000000000001;1.65;4.71;4.135
02/02/2024 12:00:00;0.0;82.7;1.85;5.04;4.41
02/02/2024 12:30:00;0.0;74.61;1.67;5.245;4.41
02/02/2024 13:00:00;0.0;66.52;1.49;5.45;4.41
02/02/2024 13:30:00;0.0;57.53;1.29;5.5649999999999995;4.065
02/02/2024 14:00:00;0.0;48.54;1.09;5.68;3.72
02/02/2024 14:30:00;0.0;43.144999999999996;0.9650000000000001;5.65;3.4800000000000004
02/02/2024 15:00:00;0.0;37.75;0.84;5.62;3.24
02/02/2024 15:30:00;0.0;20.225;0.44999999999999996;5.46;3.1050000000000004
02/02/2024 16:00:00;0.0;2.7;0.06;5.3;2.97
02/02/2024 16:30:00;0.0;1.35;0.03;4.995;2.795
02/02/2024 17:00:00;0.0;0.0;0.0;4.69;2.62
02/02/2024 17:30:00;0.0;0.0;0.0;4.425000000000001;2.55
02/02/2024 18:00:00;0.0;0.0;0.0;4.16;2.48
02/02/2024 18:30:00;0.0;0.0;0.0;4.08;2.4450000000000003
02/02/2024 19:00:00;0.0;0.0;0.0;4.0;2.41
02/02/2024 19:30:00;0.0;0.0;0.0;3.6399999999999997;2.31
02/02/2024 20:00:00;0.0;0.0;0.0;3.28;2.21
02/02/2024 20:30:00;0.0;0.0;0.0;2.835;2.1399999999999997
02/02/2024 21:00:00;0.0;0.0;0.0;2.39;2.07
02/02/2024 21:30:00;0.0;0.0;0.0;2.1;2.105
02/02/2024 22:00:00;0.0;0.0;0.0;1.81;2.14
02/02/2024 22:30:00;0.0;0.0;0.0;1.67;2.105
02/02/2024 23:00:00;0.0;0.0;0.0;1.53;2.07
02/02/2024 23:30:00;0.0;0.0;0.0;1.4300000000000002;2.035
03/02/2024 00:00:00;0.0;0.0;0.0;1.33;2.0
03/02/2024 00:30:00;0.0;0.0;0.0;1.2850000000000001;2.0
03/02/2024 01:00:00;0.0;0.0;0.0;1.24;2.0
03/02/2024 01:30:00;0.0;0.0;0.0;1.345;2.035
03/02/2024 02:00:00;0.0;0.0;0.0;1.45;2.07
03/02/2024 02:30:00;0.0;0.0;0.0;1.8050000000000002;2.175
03/02/2024 03:00:00;0.0;0.0;0.0;2.16;2.28
03/02/2024 03:30:00;0.0;0.0;0.0;2.455;2.28
03/02/2024 04:00:00;0.0;0.0;0.0;2.75;2.28
03/02/2024 04:30:00;0.0;0.0;0.0;2.825;2.245
03/02/2024 05:00:00;0.0;0.0;0.0;2.9;2.21
03/02/2024 05:30:00;0.0;0.0;0.0;3.115;2.245
03/02/2024 06:00:00;0.0;0.0;0.0;3.33;2.28
03/02/2024 06:30:00;0.0;0.0;0.0;3.44;2.415
03/02/2024 07:00:00;0.0;0.0;0.0;3.55;2.55
03/02/2024 07:30:00;16.1;34.92;0.815;3.705;2.655
03/02/2024 08:00:00;32.2;69.84;1.63;3.86;2.76
03/02/2024 08:30:00;50.980000000000004;102.86;2.465;4.155;2.7249999999999996
03/02/2024 09:00:00;69.76;135.88;3.3;4.45;2.69
03/02/2024 09:30:00;34.88;105.245;2.485;5.055;2.895
03/02/2024 10:00:00;0.0;74.61;1.67;5.66;3.1
03/02/2024 10:30:00;172.775;150.5;4.32;6.145;3.6550000000000002
03/02/2024 11:00:00;345.55;226.39;6.97;6.63;4.21
03/02/2024 11:30:00;172.775;140.16;4.09;6.734999999999999;4.21
03/02/2024 12:00:00;0.0;53.93;1.21;6.84;4.21
03/02/2024 12:30:00;0.0;51.235;1.15;6.92;4.245
03/02/2024 13:00:00;0.0;48.54;1.09;7.0;4.28
03/02/2024 13:30:00;0.0;49.44;1.1099999999999999;7.02;4.07
03/02/2024 14:00:00;0.0;50.34;1.13;7.04;3.86
03/02/2024 14:30:00;2.8;53.515;1.21;6.945;3.5149999999999997
03/02/2024 15:00:00;5.6;56.69;1.29;6.85;3.17
03/02/2024 15:30:00;2.8;31.49;0.7150000000000001;6.555;2.965
03/02/2024 16:00:00;0.0;6.29;0.14;6.26;2.76
03/02/2024 16:30:00;0.0;3.145;0.07;6.025;2.76
03/02/2024 17:00:00;0.0;0.0;0.0;5.79;2.76
03/02/2024 17:30:00;0.0;0.0;0.0;5.635;2.865
03/02/2024 18:00:00;0.0;0.0;0.0;5.48;2.97
03/02/2024 18:30:00;0.0;0.0;0.0;5.3100000000000005;3.0
03/02/2024 19:00:00;0.0;0.0;0.0;5.14;3.03
03/02/2024 19:30:00;0.0;0.0;0.0;5.154999999999999;3.0
03/02/2024 20:00:00;0.0;0.0;0.0;5.17;2.97
03/02/2024 20:30:00;0.0;0.0;0.0;5.13;2.865
03/02/2024 21:00:00;0.0;0.0;0.0;5.09;2.76
03/02/2024 21:30:00;0.0;0.0;0.0;5.074999999999999;2.62
03/02/2024 22:00:00;0.0;0.0;0.0;5.06;2.48
03/02/2024 22:30:00;0.0;0.0;0.0;5.005;2.48
03/02/2024 23:00:00;0.0;0.0;0.0;4.95;2.48
03/02/2024 23:30:00;0.0;0.0;0.0;4.925000000000001;2.48
04/02/2024 00:00:00;0.0;0.0;0.0;4.9;2.48
04/02/2024 00:30:00;0.0;0.0;0.0;4.91;2.41
04/02/2024 01:00:00;0.0;0.0;0.0;4.92;2.34
04/02/2024 01:30:00;0.0;0.0;0.0;4.915;2.275
04/02/2024 02:00:00;0.0;0.0;0.0;4.91;2.21
04/02/2024 02:30:00;0.0;0.0;0.0;4.915;2.1399999999999997
04/02/2024 03:00:00;0.0;0.0;0.0;4.92;2.07
04/02/2024 03:30:00;0.0;0.0;0.0;4.945;2.0
04/02/2024 04:00:00;0.0;0.0;0.0;4.97;1.93
04/02/2024 04:30:00;0.0;0.0;0.0;4.994999999999999;1.8599999999999999
04/02/2024 05:00:00;0.0;0.0;0.0;5.02;1.79
04/02/2024 05:30:00;0.0;0.0;0.0;5.02;1.655
04/02/2024 06:00:00;0.0;0.0;0.0;5.02;1.52
04/02/2024 06:30:00;0.0;0.45;0.01;4.914999999999999;1.45
04/02/2024 07:00:00;0.0;0.9;0.02;4.81;1.38
04/02/2024 07:30:00;27.26;39.19;0.935;4.875;1.31
04/02/2024 08:00:00;54.52;77.48;1.85;4.94;1.24
04/02/2024 08:30:00;74.37;110.22999999999999;2.705;5.105;1.105
04/02/2024 09:00:00;94.22;142.98;3.56;5.27;0.97
04/02/2024 09:30:00;47.11;119.58;2.855;5.365;0.83
04/02/2024 10:00:00;0.0;96.18;2.15;5.46;0.69
04/02/2024 10:30:00;0.0;84.045;1.88;5.91;0.9299999999999999
04/02/2024 11:00:00;0.0;71.91;1.61;6.36;1.17
04/02/2024 11:30:00;0.0;88.99;1.9900000000000002;6.5649999999999995;1.345
04/02/2024 12:00:00;0.0;106.07;2.37;6.77;1.52
04/02/2024 12:30:00;104.815;155.405;3.99;7.125;1.725
04/02/2024 13:00:00;209.63;204.74;5.61;7.48;1.93
04/02/2024 13:30:00;104.815;141.47;3.68;7.45;1.9649999999999999
04/02/2024 14:00:00;0.0;78.2;1.75;7.42;2.0
04/02/2024 14:30:00;0.0;56.18;1.255;7.215;1.895
04/02/2024 15:00:00;0.0;34.16;0.76;7.01;1.79
04/02/2024 15:30:00;0.0;18.43;0.41000000000000003;6.605;1.655
04/02/2024 16:00:00;0.0;2.7;0.06;6.2;1.52
04/02/2024 16:30:00;0.0;1.35;0.03;5.6;1.4849999999999999
04/02/2024 17:00:00;0.0;0.0;0.0;5.0;1.45
04/02/2024 17:30:00;0.0;0.0;0.0;4.43;1.415
04/02/2024 18:00:00;0.0;0.0;0.0;3.86;1.38
04/02/2024 18:30:00;0.0;0.0;0.0;3.74;1.275
04/02/2024 19:00:00;0.0;0.0;0.0;3.62;1.17
04/02/2024 19:30:00;0.0;0.0;0.0;3.2;1.205
04/02/2024 20:00:00;0.0;0.0;0.0;2.78;1.24
04/02/2024 20:30:00;0.0;0.0;0.0;2.31;1.17
04/02/2024 21:00:00;0.0;0.0;0.0;1.84;1.1
04/02/2024 21:30:00;0.0;0.0;0.0;1.84;0.9650000000000001
04/02/2024 22:00:00;0.0;0.0;0.0;1.84;0.83
04/02/2024 22:30:00;0.0;0.0;0.0;1.7850000000000001;0.76
04/02/2024 23:00:00;0.0;0.0;0.0;1.73;0.69
04/02/2024 23:30:00;0.0;0.0;0.0;1.635;0.69
05/02/2024 00:00:00;0.0;0.0;0.0;1.54;0.69
05/02/2024 00:30:00;0.0;0.0;0.0;1.3;0.585
05/02/2024 01:00:00;0.0;0.0;0.0;1.06;0.48
05/02/2024 01:30:00;0.0;0.0;0.0;0.96;0.44499999999999995
05/02/2024 02:00:00;0.0;0.0;0.0;0.86;0.41
05/02/2024 02:30:00;0.0;0.0;0.0;0.585;0.44499999999999995
05/02/2024 03:00:00;0.0;0.0;0.0;0.31;0.48
05/02/2024 03:30:00;0.0;0.0;0.0;0.095;0.48
05/02/2024 04:00:00;0.0;0.0;0.0;-0.12;0.48
05/02/2024 04:30:00;0.0;0.0;0.0;-0.275;0.41000000000000003
05/02/2024 05:00:00;0.0;0.0;0.0;-0.43;0.34
05/02/2024 05:30:00;0.0;0.0;0.0;-0.42;0.275
05/02/2024 06:00:00;0.0;0.0;0.0;-0.41;0.21
05/02/2024 06:30:00;0.0;0.45;0.01;-0.205;0.59
05/02/2024 07:00:00;0.0;0.9;0.02;0.0;0.97
05/02/2024 07:30:00;0.0;22.025;0.49;0.36;1.0699999999999998
05/02/2024 08:00:00;0.0;43.15;0.96;0.72;1.17
05/02/2024 08:30:00;3.405;70.245;1.585;1.335;1.24
05/02/2024 09:00:00;6.81;97.34;2.21;1.95;1.31
05/02/2024 09:30:00;3.405;74.74000000000001;1.69;2.4899999999999998;1.17
05/02/2024 10:00:00;0.0;52.14;1.17;3.03;1.03
05/02/2024 10:30:00;0.0;53.485;1.2;3.5999999999999996;1.135
05/02/2024 11:00:00;0.0;54.83;1.23;4.17;1.24
05/02/2024 11:30:00;0.0;61.574999999999996;1.38;4.535;1.55
05/02/2024 12:00:00;0.0;68.32;1.53;4.9;1.86
05/02/2024 12:30:00;0.0;69.66499999999999;1.56;5.055;1.9300000000000002
05/02/2024 13:00:00;0.0;71.01;1.59;5.21;2.0
05/02/2024 13:30:00;0.0;64.27000000000001;1.44;5.05;1.9649999999999999
05/02/2024 14:00:00;0.0;57.53;1.29;4.89;1.93
05/02/2024 14:30:00;0.0;44.495000000000005;0.995;4.66;1.9649999999999999
05/02/2024 15:00:00;0.0;31.46;0.7;4.43;2.0
05/02/2024 15:30:00;0.0;19.775;0.43999999999999995;4.145;2.105
05/02/2024 16:00:00;0.0;8.09;0.18;3.86;2.21
05/02/2024 16:30:00;0.0;4.045;0.09;3.675;2.105
05/02/2024 17:00:00;0.0;0.0;0.0;3.49;2.0
05/02/2024 17:30:00;0.0;0.0;0.0;3.375;1.8599999999999999
05/02/2024 18:00:00;0.0;0.0;0.0;3.26;1.72
05/02/2024 18:30:00;0.0;0.0;0.0;3.29;1.72
05/02/2024 19:00:00;0.0;0.0;0.0;3.32;1.72
05/02/2024 19:30:00;0.0;0.0;0.0;3.245;1.79
05/02/2024 20:00:00;0.0;0.0;0.0;3.17;1.86
05/02/2024 20:30:00;0.0;0.0;0.0;3.115;1.9300000000000002
05/02/2024 21:00:00;0.0;0.0;0.0;3.06;2.0
05/02/2024 21:30:00;0.0;0.0;0.0;3.01;2.105
05/02/2024 22:00:00;0.0;0.0;0.0;2.96;2.21
05/02/2024 22:30:00;0.0;0.0;0.0;2.865;2.245
05/02/2024 23:00:00;0.0;0.0;0.0;2.77;2.28
05/02/2024 23:30:00;0.0;0.0;0.0;2.69;2.3449999999999998
06/02/2024 00:00:00;0.0;0.0;0.0;2.61;2.41
06/02/2024 00:30:00;0.0;0.0;0.0;2.445;2.4450000000000003
06/02/2024 01:00:00;0.0;0.0;0.0;2.28;2.48
06/02/2024 01:30:00;0.0;0.0;0.0;2.13;2.4450000000000003
06/02/2024 02:00:00;0.0;0.0;0.0;1.98;2.41
06/02/2024 02:30:00;0.0;0.0;0.0;1.815;2.375
06/02/2024 03:00:00;0.0;0.0;0.0;1.65;2.34
06/02/2024 03:30:00;0.0;0.0;0.0;1.505;2.275
06/02/2024 04:00:00;0.0;0.0;0.0;1.36;2.21
06/02/2024 04:30:00;0.0;0.0;0.0;1.205;2.1399999999999997
06/02/2024 05:00:00;0.0;0.0;0.0;1.05;2.07
06/02/2024 05:30:00;0.0;0.0;0.0;0.995;2.035
06/02/2024 06:00:00;0.0;0.0;0.0;0.94;2.0
06/02/2024 06:30:00;0.0;0.0;0.0;0.965;2.0700000000000003
06/02/2024 07:00:00;0.0;0.0;0.0;0.99;2.14
06/02/2024 07:30:00;1.38;24.935;0.565;1.075;2.31
06/02/2024 08:00:00;2.76;49.87;1.13;1.16;2.48
06/02/2024 08:30:00;1.38;45.61;1.025;1.43;2.55
06/02/2024 09:00:00;0.0;41.35;0.92;1.7;2.62
06/02/2024 09:30:00;0.0;54.834999999999994;1.225;2.005;2.725
06/02/2024 10:00:00;0.0;68.32;1.53;2.31;2.83
06/02/2024 10:30:00;0.0;84.05;1.88;2.565;2.9000000000000004
06/02/2024 11:00:00;0.0;99.78;2.23;2.82;2.97
06/02/2024 11:30:00;0.0;111.91499999999999;2.5;3.02;2.865
06/02/2024 12:00:00;0.0;124.05;2.77;3.22;2.76
06/02/2024 12:30:00;0.0;96.185;2.15;3.3550000000000004;2.83
06/02/2024 13:00:00;0.0;68.32;1.53;3.49;2.9
06/02/2024 13:30:00;0.0;68.77;1.54;3.5250000000000004;3.0700000000000003
06/02/2024 14:00:00;0.0;69.22;1.55;3.56;3.24
06/02/2024 14:30:00;15.86;75.72;1.74;3.415;3.31
06/02/2024 15:00:00;31.72;82.22;1.93;3.27;3.38
06/02/2024 15:30:00;15.86;45.155;1.055;2.955;3.24
06/02/2024 16:00:00;0.0;8.09;0.18;2.64;3.1
06/02/2024 16:30:00;0.0;4.045;0.09;2.26;3.035
06/02/2024 17:00:00;0.0;0.0;0.0;1.88;2.97
06/02/2024 17:30:00;0.0;0.0;0.0;1.47;2.83
06/02/2024 18:00:00;0.0;0.0;0.0;1.06;2.69
06/02/2024 18:30:00;0.0;0.0;0.0;0.9550000000000001;2.69
06/02/2024 19:00:00;0.0;0.0;0.0;0.85;2.69
06/02/2024 19:30:00;0.0;0.0;0.0;0.625;2.69
06/02/2024 20:00:00;0.0;0.0;0.0;0.4;2.69
06/02/2024 20:30:00;0.0;0.0;0.0;0.22;2.6550000000000002
06/02/2024 21:00:00;0.0;0.0;0.0;0.04;2.62
06/02/2024 21:30:00;0.0;0.0;0.0;-0.225;2.515
06/02/2024 22:00:00;0.0;0.0;0.0;-0.49;2.41
06/02/2024 22:30:00;0.0;0.0;0.0;-0.82;2.515
06/02/2024 23:00:00;0.0;0.0;0.0;-1.15;2.62
06/02/2024 23:30:00;0.0;0.0;0.0;-1.165;2.76
07/02/2024 00:00:00;0.0;0.0;0.0;-1.18;2.9
07/02/2024 00:30:00;0.0;0.0;0.0;-1.17;2.965
07/02/2024 01:00:00;0.0;0.0;0.0;-1.16;3.03
07/02/2024 01:30:00;0.0;0.0;0.0;-1.3399999999999999;3.065
07/02/2024 02:00:00;0.0;0.0;0.0;-1.52;3.1
07/02/2024 02:30:00;0.0;0.0;0.0;-1.655;2.965
07/02/2024 03:00:00;0.0;0.0;0.0;-1.79;2.83
07/02/2024 03:30:00;0.0;0.0;0.0;-2.0;2.585
07/02/2024 04:00:00;0.0;0.0;0.0;-2.21;2.34
07/02/2024 04:30:00;0.0;0.0;0.0;-2.61;2.135
07/02/2024 05:00:00;0.0;0.0;0.0;-3.01;1.93
07/02/2024 05:30:00;0.0;0.0;0.0;-3.13;1.6549999999999998
07/02/2024 06:00:00;0.0;0.0;0.0;-3.25;1.38
07/02/2024 06:30:00;0.0;4.045;0.09;-3.355;1.38
07/02/2024 07:00:00;0.0;8.09;0.18;-3.46;1.38
07/02/2024 07:30:00;164.965;44.16;1.7699999999999998;-2.79;1.1749999999999998
07/02/2024 08:00:00;329.93;80.23;3.36;-2.12;0.97
07/02/2024 08:30:00;441.16999999999996;91.45500000000001;4.785;-1.09;1.21
07/02/2024 09:00:00;552.41;102.68;6.21;-0.06;1.45
07/02/2024 09:30:00;601.585;118.31;7.125;0.5700000000000001;1.52
07/02/2024 10:00:00;650.76;133.94;8.04;1.2;1.59
07/02/2024 10:30:00;736.48;120.705;8.815;1.8250000000000002;1.655
07/02/2024 11:00:00;822.2;107.47;9.59;2.45;1.72
07/02/2024 11:30:00;805.565;115.445;9.54;2.97;1.755
07/02/2024 12:00:00;788.93;123.42;9.49;3.49;1.79
07/02/2024 12:30:00;755.535;119.17;8.995000000000001;3.865;1.8250000000000002
07/02/2024 13:00:00;722.14;114.92;8.5;4.24;1.86
07/02/2024 13:30:00;623.3399999999999;117.13;7.395;4.390000000000001;1.86
07/02/2024 14:00:00;524.54;119.34;6.29;4.54;1.86
07/02/2024 14:30:00;428.29499999999996;104.65;4.965;4.45;1.8250000000000002
07/02/2024 15:00:00;332.05;89.96;3.64;4.36;1.79
07/02/2024 15:30:00;168.62;53.28;2.01;3.915;1.585
07/02/2024 16:00:00;5.19;16.6;0.38;3.47;1.38
07/02/2024 16:30:00;2.595;8.3;0.19;2.56;1.5499999999999998
07/02/2024 17:00:00;0.0;0.0;0.0;1.65;1.72
07/02/2024 17:30:00;0.0;0.0;0.0;0.52;1.72
07/02/2024 18:00:00;0.0;0.0;0.0;-0.61;1.72
07/02/2024 18:30:00;0.0;0.0;0.0;-1.01;1.62
07/02/2024 19:00:00;0.0;0.0;0.0;-1.41;1.52
07/02/2024 19:30:00;0.0;0.0;0.0;-1.71;1.52
07/02/2024 20:00:00;0.0;0.0;0.0;-2.01;1.52
07/02/2024 20:30:00;0.0;0.0;0.0;-2.25;1.52
07/02/2024 21:00:00;0.0;0.0;0.0;-2.49;1.52
07/02/2024 21:30:00;0.0;0.0;0.0;-2.675;1.4849999999999999
07/02/2024 22:00:00;0.0;0.0;0.0;-2.86;1.45
07/02/2024 22:30:00;0.0;0.0;0.0;-2.98;1.45
07/02/2024 23:00:00;0.0;0.0;0.0;-3.1;1.45
07/02/2024 23:30:00;0.0;0.0;0.0;-3.2199999999999998;1.45
08/02/2024 00:00:00;0.0;0.0;0.0;-3.34;1.45
08/02/2024 00:30:00;0.0;0.0;0.0;-3.4349999999999996;1.4849999999999999
08/02/2024 01:00:00;0.0;0.0;0.0;-3.53;1.52
08/02/2024 01:30:00;0.0;0.0;0.0;-3.71;1.5550000000000002
08/02/2024 02:00:00;0.0;0.0;0.0;-3.89;1.59
08/02/2024 02:30:00;0.0;0.0;0.0;-3.9400000000000004;1.59
08/02/2024 03:00:00;0.0;0.0;0.0;-3.99;1.59
08/02/2024 03:30:00;0.0;0.0;0.0;-4.025;1.59
08/02/2024 04:00:00;0.0;0.0;0.0;-4.06;1.59
08/02/2024 04:30:00;0.0;0.0;0.0;-4.045;1.5550000000000002
08/02/2024 05:00:00;0.0;0.0;0.0;-4.03;1.52
08/02/2024 05:30:00;0.0;0.0;0.0;-3.88;1.45
08/02/2024 06:00:00;0.0;0.0;0.0;-3.73;1.38
08/02/2024 06:30:00;0.0;4.495;0.1;-3.835;1.345
08/02/2024 07:00:00;0.0;8.99;0.2;-3.94;1.31
08/02/2024 07:30:00;157.81;47.51500000000001;1.7999999999999998;-3.565;1.205
08/02/2024 08:00:00;315.62;86.04;3.4;-3.19;1.1
08/02/2024 08:30:00;423.115;99.65;4.815;-1.955;1.275
08/02/2024 09:00:00;530.61;113.26;6.23;-0.72;1.45
08/02/2024 09:30:00;592.81;125.68;7.215;-0.0050000000000000044;1.62
08/02/2024 10:00:00;655.01;138.1;8.2;0.71;1.79
08/02/2024 10:30:00;705.635;138.365;8.815;1.365;1.755
08/02/2024 11:00:00;756.26;138.63;9.43;2.02;1.72
08/02/2024 11:30:00;764.46;136.56;9.49;2.535;1.655
08/02/2024 12:00:00;772.66;134.49;9.55;3.05;1.59
08/02/2024 12:30:00;740.105;130.335;9.065000000000001;3.375;1.52
08/02/2024 13:00:00;707.55;126.18;8.58;3.7;1.45
08/02/2024 13:30:00;618.4549999999999;124.875;7.515000000000001;3.7800000000000002;1.415
08/02/2024 14:00:00;529.36;123.57;6.45;3.86;1.38
08/02/2024 14:30:00;436.6;106.85;5.115;3.745;1.205
08/02/2024 15:00:00;343.84;90.13;3.78;3.63;1.03
08/02/2024 15:30:00;176.79;54.955;2.12;3.23;0.9650000000000001
08/02/2024 16:00:00;9.74;19.78;0.46;2.83;0.9
08/02/2024 16:30:00;4.87;9.89;0.23;2.375;0.7949999999999999
08/02/2024 17:00:00;0.0;0.0;0.0;1.92;0.69
08/02/2024 17:30:00;0.0;0.0;0.0;1.605;0.69
08/02/2024 18:00:00;0.0;0.0;0.0;1.29;0.69
08/02/2024 18:30:00;0.0;0.0;0.0;-0.2549999999999999;0.965
08/02/2024 19:00:00;0.0;0.0;0.0;-1.8;1.24
08/02/2024 19:30:00;0.0;0.0;0.0;-1.855;1.17
08/02/2024 20:00:00;0.0;0.0;0.0;-1.91;1.1
08/02/2024 20:30:00;0.0;0.0;0.0;-2.09;1.1
08/02/2024 21:00:00;0.0;0.0;0.0;-2.27;1.1
08/02/2024 21:30:00;0.0;0.0;0.0;-2.385;1.065
08/02/2024 22:00:00;0.0;0.0;0.0;-2.5;1.03
08/02/2024 22:30:00;0.0;0.0;0.0;-2.605;1.0
08/02/2024 23:00:00;0.0;0.0;0.0;-2.71;0.97
08/02/2024 23:30:00;0.0;0.0;0.0;-2.7800000000000002;0.97
09/02/2024 00:00:00;0.0;0.0;0.0;-2.85;0.97
09/02/2024 00:30:00;0.0;0.0;0.0;-2.975;0.935
09/02/2024 01:00:00;0.0;0.0;0.0;-3.1;0.9
09/02/2024 01:30:00;0.0;0.0;0.0;-3.33;0.9650000000000001
09/02/2024 02:00:00;0.0;0.0;0.0;-3.56;1.03
09/02/2024 02:30:00;0.0;0.0;0.0;-3.705;1.03
09/02/2024 03:00:00;0.0;0.0;0.0;-3.85;1.03
09/02/2024 03:30:00;0.0;0.0;0.0;-3.88;1.03
09/02/2024 04:00:00;0.0;0.0;0.0;-3.91;1.03
09/02/2024 04:30:00;0.0;0.0;0.0;-3.8150000000000004;1.03
09/02/2024 05:00:00;0.0;0.0;0.0;-3.72;1.03
09/02/2024 05:30:00;0.0;0.0;0.0;-3.795;1.03
09/02/2024 06:00:00;0.0;0.0;0.0;-3.87;1.03
09/02/2024 06:30:00;2.99;5.555;0.13;-4.575;1.17
09/02/2024 07:00:00;5.98;11.11;0.26;-5.28;1.31
09/02/2024 07:30:00;160.37999999999997;48.765;1.86;-4.665;1.1400000000000001
09/02/2024 08:00:00;314.78;86.42;3.46;-4.05;0.97
09/02/2024 08:30:00;417.44;101.295;4.855;-2.17;0.8999999999999999
09/02/2024 09:00:00;520.1;116.17;6.25;-0.29;0.83
09/02/2024 09:30:00;585.5799999999999;127.25;7.245;0.9099999999999999;0.83
09/02/2024 10:00:00;651.06;138.33;8.24;2.11;0.83
09/02/2024 10:30:00;702.535;137.91500000000002;8.855;2.96;0.83
09/02/2024 11:00:00;754.01;137.5;9.47;3.81;0.83
09/02/2024 11:30:00;751.395;140.265;9.49;4.35;0.9650000000000001
09/02/2024 12:00:00;748.78;143.03;9.51;4.89;1.1
09/02/2024 12:30:00;721.98;136.905;9.055;5.16;1.205
09/02/2024 13:00:00;695.18;130.78;8.6;5.43;1.31
09/02/2024 13:30:00;615.68;126.13;7.574999999999999;5.505;1.31
09/02/2024 14:00:00;536.18;121.48;6.55;5.58;1.31
09/02/2024 14:30:00;439.42999999999995;106.795;5.205;5.34;1.1400000000000001
09/02/2024 15:00:00;342.68;92.11;3.86;5.1;0.97
09/02/2024 15:30:00;178.225;56.605000000000004;2.1799999999999997;4.6;0.865
09/02/2024 16:00:00;13.77;21.1;0.5;4.1;0.76
09/02/2024 16:30:00;6.885;10.55;0.25;3.54;0.52
09/02/2024 17:00:00;0.0;0.0;0.0;2.98;0.28
09/02/2024 17:30:00;0.0;0.0;0.0;2.36;0.345
09/02/2024 18:00:00;0.0;0.0;0.0;1.74;0.41
09/02/2024 18:30:00;0.0;0.0;0.0;1.585;0.345
09/02/2024 19:00:00;0.0;0.0;0.0;1.43;0.28
09/02/2024 19:30:00;0.0;0.0;0.0;1.025;0.45
09/02/2024 20:00:00;0.0;0.0;0.0;0.62;0.62
09/02/2024 20:30:00;0.0;0.0;0.0;0.025000000000000022;0.76
09/02/2024 21:00:00;0.0;0.0;0.0;-0.57;0.9
09/02/2024 21:30:00;0.0;0.0;0.0;-1.1549999999999998;0.9
09/02/2024 22:00:00;0.0;0.0;0.0;-1.74;0.9
09/02/2024 22:30:00;0.0;0.0;0.0;-1.875;0.7949999999999999
09/02/2024 23:00:00;0.0;0.0;0.0;-2.01;0.69
09/02/2024 23:30:00;0.0;0.0;0.0;-2.005;0.655
10/02/2024 00:00:00;0.0;0.0;0.0;-2.0;0.62
10/02/2024 00:30:00;0.0;0.0;0.0;-1.935;0.655
10/02/2024 01:00:00;0.0;0.0;0.0;-1.87;0.69
10/02/2024 01:30:00;0.0;0.0;0.0;-1.945;0.7949999999999999
10/02/2024 02:00:00;0.0;0.0;0.0;-2.02;0.9
10/02/2024 02:30:00;0.0;0.0;0.0;-2.44;0.9650000000000001
10/02/2024 03:00:00;0.0;0.0;0.0;-2.86;1.03
10/02/2024 03:30:00;0.0;0.0;0.0;-2.95;1.0
10/02/2024 04:00:00;0.0;0.0;0.0;-3.04;0.97
10/02/2024 04:30:00;0.0;0.0;0.0;-2.81;0.865
10/02/2024 05:00:00;0.0;0.0;0.0;-2.58;0.76
10/02/2024 05:30:00;0.0;0.0;0.0;-2.67;0.69
10/02/2024 06:00:00;0.0;0.0;0.0;-2.76;0.62
10/02/2024 06:30:00;2.77;6.465;0.15;-3.525;0.725
10/02/2024 07:00:00;5.54;12.93;0.3;-4.29;0.83
10/02/2024 07:30:00;159.73499999999999;49.86000000000001;1.9100000000000001;-3.63;0.655
10/02/2024 08:00:00;313.93;86.79;3.52;-2.97;0.48
10/02/2024 08:30:00;412.92;102.17500000000001;4.895;-1.4200000000000002;0.38
10/02/2024 09:00:00;511.91;117.56;6.27;0.13;0.28
10/02/2024 09:30:00;585.515;126.18;7.305;1.3050000000000002;0.31000000000000005
10/02/2024 10:00:00;659.12;134.8;8.34;2.48;0.34
10/02/2024 10:30:00;705.435;136.39;8.934999999999999;3.19;0.275
10/02/2024 11:00:00;751.75;137.98;9.53;3.9;0.21
10/02/2024 11:30:00;743.35;142.64;9.52;4.305;0.275
10/02/2024 12:00:00;734.95;147.3;9.51;4.71;0.34
10/02/2024 12:30:00;714.9300000000001;138.53500000000003;9.085;4.98;0.48
10/02/2024 13:00:00;694.91;129.77;8.66;5.25;0.62
10/02/2024 13:30:00;548.105;145.275;7.365;5.27;0.76
10/02/2024 14:00:00;401.3;160.78;6.07;5.29;0.9
10/02/2024 14:30:00;264.53499999999997;137.255;4.5200000000000005;5.08;0.865
10/02/2024 15:00:00;127.77;113.73;2.97;4.87;0.83
10/02/2024 15:30:00;68.225;67.63;1.735;4.37;0.83
10/02/2024 16:00:00;8.68;21.53;0.5;3.87;0.83
10/02/2024 16:30:00;4.34;10.765;0.25;3.26;0.725
10/02/2024 17:00:00;0.0;0.0;0.0;2.65;0.62
10/02/2024 17:30:00;0.0;0.0;0.0;2.295;0.55
10/02/2024 18:00:00;0.0;0.0;0.0;1.94;0.48
10/02/2024 18:30:00;0.0;0.0;0.0;1.775;0.48
10/02/2024 19:00:00;0.0;0.0;0.0;1.61;0.48
10/02/2024 19:30:00;0.0;0.0;0.0;1.275;0.585
10/02/2024 20:00:00;0.0;0.0;0.0;0.94;0.69
10/02/2024 20:30:00;0.0;0.0;0.0;0.565;0.69
10/02/2024 21:00:00;0.0;0.0;0.0;0.19;0.69
10/02/2024 21:30:00;0.0;0.0;0.0;-0.15999999999999998;0.5499999999999999
10/02/2024 22:00:00;0.0;0.0;0.0;-0.51;0.41
10/02/2024 22:30:00;0.0;0.0;0.0;-0.77;0.345
10/02/2024 23:00:00;0.0;0.0;0.0;-1.03;0.28
10/02/2024 23:30:00;0.0;0.0;0.0;-1.19;0.38
11/02/2024 00:00:00;0.0;0.0;0.0;-1.35;0.48
11/02/2024 00:30:00;0.0;0.0;0.0;-1.4700000000000002;0.585
11/02/2024 01:00:00;0.0;0.0;0.0;-1.59;0.69
11/02/2024 01:30:00;0.0;0.0;0.0;-1.815;0.725
11/02/2024 02:00:00;0.0;0.0;0.0;-2.04;0.76
11/02/2024 02:30:00;0.0;0.0;0.0;-2.275;0.69
11/02/2024 03:00:00;0.0;0.0;0.0;-2.51;0.62
11/02/2024 03:30:00;0.0;0.0;0.0;-2.62;0.45
11/02/2024 04:00:00;0.0;0.0;0.0;-2.73;0.28
11/02/2024 04:30:00;0.0;0.0;0.0;-2.6950000000000003;0.28
11/02/2024 05:00:00;0.0;0.0;0.0;-2.66;0.28
11/02/2024 05:30:00;0.0;0.0;0.0;-2.58;0.345
11/02/2024 06:00:00;0.0;0.0;0.0;-2.5;0.41
11/02/2024 06:30:00;2.575;6.45;0.15;-3.37;0.69
11/02/2024 07:00:00;5.15;12.9;0.3;-4.24;0.97
11/02/2024 07:30:00;126.54;55.72;1.81;-3.435;0.7949999999999999
11/02/2024 08:00:00;247.93;98.54;3.32;-2.63;0.62
11/02/2024 08:30:00;204.41500000000002;134.18;3.9399999999999995;-0.6000000000000001;0.415
11/02/2024 09:00:00;160.9;169.82;4.56;1.43;0.21
11/02/2024 09:30:00;385.245;159.75;6.359999999999999;2.5549999999999997;0.175
11/02/2024 10:00:00;609.59;149.68;8.16;3.68;0.14
11/02/2024 10:30:00;661.23;148.925;8.765;4.53;0.175
11/02/2024 11:00:00;712.87;148.17;9.37;5.38;0.21
11/02/2024 11:30:00;708.4300000000001;151.415;9.379999999999999;6.005;0.31
11/02/2024 12:00:00;703.99;154.66;9.39;6.63;0.41
11/02/2024 12:30:00;663.88;152.82;8.875;6.98;0.515
11/02/2024 13:00:00;623.77;150.98;8.36;7.33;0.62
11/02/2024 13:30:00;568.77;137.26;7.445;7.365;0.69
11/02/2024 14:00:00;513.77;123.54;6.53;7.4;0.76
11/02/2024 14:30:00;422.275;108.36500000000001;5.225;7.17;0.895
11/02/2024 15:00:00;330.78;93.19;3.92;6.94;1.03
11/02/2024 15:30:00;171.57;58.96;2.25;6.3100000000000005;1.24
11/02/2024 16:00:00;12.36;24.73;0.58;5.68;1.45
11/02/2024 16:30:00;6.18;12.365;0.29;4.45;1.31
11/02/2024 17:00:00;0.0;0.0;0.0;3.22;1.17
11/02/2024 17:30:00;0.0;0.0;0.0;3.37;1.0699999999999998
11/02/2024 18:00:00;0.0;0.0;0.0;3.52;0.97
11/02/2024 18:30:00;0.0;0.0;0.0;3.135;1.0350000000000001
11/02/2024 19:00:00;0.0;0.0;0.0;2.75;1.1
11/02/2024 19:30:00;0.0;0.0;0.0;1.96;1.1
11/02/2024 20:00:00;0.0;0.0;0.0;1.17;1.1
11/02/2024 20:30:00;0.0;0.0;0.0;0.7649999999999999;1.065
11/02/2024 21:00:00;0.0;0.0;0.0;0.36;1.03
11/02/2024 21:30:00;0.0;0.0;0.0;-0.15000000000000002;1.065
11/02/2024 22:00:00;0.0;0.0;0.0;-0.66;1.1
11/02/2024 22:30:00;0.0;0.0;0.0;-0.94;1.1
11/02/2024 23:00:00;0.0;0.0;0.0;-1.22;1.1
11/02/2024 23:30:00;0.0;0.0;0.0;-1.155;1.065
12/02/2024 00:00:00;0.0;0.0;0.0;-1.09;1.03
12/02/2024 00:30:00;0.0;0.0;0.0;-0.925;1.0
12/02/2024 01:00:00;0.0;0.0;0.0;-0.76;0.97
12/02/2024 01:30:00;0.0;0.0;0.0;-0.845;0.97
12/02/2024 02:00:00;0.0;0.0;0.0;-0.93;0.97
12/02/2024 02:30:00;0.0;0.0;0.0;-1.305;1.0699999999999998
12/02/2024 03:00:00;0.0;0.0;0.0;-1.68;1.17
12/02/2024 03:30:00;0.0;0.0;0.0;-1.77;1.205
12/02/2024 04:00:00;0.0;0.0;0.0;-1.86;1.24
12/02/2024 04:30:00;0.0;0.0;0.0;-1.885;1.24
12/02/2024 05:00:00;0.0;0.0;0.0;-1.91;1.24
12/02/2024 05:30:00;0.0;0.0;0.0;-2.01;1.24
12/02/2024 06:00:00;0.0;0.0;0.0;-2.11;1.24
12/02/2024 06:30:00;7.22;8.645;0.21;-1.9249999999999998;1.24
12/02/2024 07:00:00;14.44;17.29;0.42;-1.74;1.24
12/02/2024 07:30:00;79.725;61.904999999999994;1.665;-1.3;1.105
12/02/2024 08:00:00;145.01;106.52;2.91;-0.86;0.97
12/02/2024 08:30:00;238.865;135.005;4.27;0.8749999999999999;0.935
12/02/2024 09:00:00;332.72;163.49;5.63;2.61;0.9
12/02/2024 09:30:00;490.945;149.315;7.015000000000001;3.6899999999999995;1.035
12/02/2024 10:00:00;649.17;135.14;8.4;4.77;1.17
12/02/2024 10:30:00;694.3599999999999;136.75;8.985;5.59;1.275
12/02/2024 11:00:00;739.55;138.36;9.57;6.41;1.38
12/02/2024 11:30:00;723.69;146.16500000000002;9.530000000000001;6.955;1.52
12/02/2024 12:00:00;707.83;153.97;9.49;7.5;1.66
12/02/2024 12:30:00;690.33;144.01;9.075;7.865;1.795
12/02/2024 13:00:00;672.83;134.05;8.66;8.23;1.93
12/02/2024 13:30:00;599.745;128.08;7.675000000000001;8.36;1.93
12/02/2024 14:00:00;526.66;122.11;6.69;8.49;1.93
12/02/2024 14:30:00;434.2;106.9;5.365;8.26;1.6549999999999998
12/02/2024 15:00:00;341.74;91.69;4.04;8.03;1.38
12/02/2024 15:30:00;229.67000000000002;62.504999999999995;2.565;7.375;1.4849999999999999
12/02/2024 16:00:00;117.6;33.32;1.09;6.72;1.59
12/02/2024 16:30:00;58.8;16.66;0.545;5.404999999999999;1.5550000000000002
12/02/2024 17:00:00;0.0;0.0;0.0;4.09;1.52
12/02/2024 17:30:00;0.0;0.0;0.0;2.92;1.4849999999999999
12/02/2024 18:00:00;0.0;0.0;0.0;1.75;1.45
12/02/2024 18:30:00;0.0;0.0;0.0;1.8399999999999999;1.38
12/02/2024 19:00:00;0.0;0.0;0.0;1.93;1.31
12/02/2024 19:30:00;0.0;0.0;0.0;1.555;1.275
12/02/2024 20:00:00;0.0;0.0;0.0;1.18;1.24
12/02/2024 20:30:00;0.0;0.0;0.0;0.975;1.205
12/02/2024 21:00:00;0.0;0.0;0.0;0.77;1.17
12/02/2024 21:30:00;0.0;0.0;0.0;0.665;1.135
12/02/2024 22:00:00;0.0;0.0;0.0;0.56;1.1
12/02/2024 22:30:00;0.0;0.0;0.0;0.545;1.065
12/02/2024 23:00:00;0.0;0.0;0.0;0.53;1.03
12/02/2024 23:30:00;0.0;0.0;0.0;0.495;1.0
13/02/2024 00:00:00;0.0;0.0;0.0;0.46;0.97
13/02/2024 00:30:00;0.0;0.0;0.0;0.505;0.8999999999999999
13/02/2024 01:00:00;0.0;0.0;0.0;0.55;0.83
13/02/2024 01:30:00;0.0;0.0;0.0;0.49;0.83
13/02/2024 02:00:00;0.0;0.0;0.0;0.43;0.83
13/02/2024 02:30:00;0.0;0.0;0.0;0.3;0.865
13/02/2024 03:00:00;0.0;0.0;0.0;0.17;0.9
13/02/2024 03:30:00;0.0;0.0;0.0;-0.225;0.935
13/02/2024 04:00:00;0.0;0.0;0.0;-0.62;0.97
13/02/2024 04:30:00;0.0;0.0;0.0;-1.035;1.0
13/02/2024 05:00:00;0.0;0.0;0.0;-1.45;1.03
13/02/2024 05:30:00;0.0;0.0;0.0;-1.505;1.0
13/02/2024 06:00:00;0.0;0.0;0.0;-1.56;0.97
13/02/2024 06:30:00;4.515;9.37;0.22;-1.235;0.97
13/02/2024 07:00:00;9.03;18.74;0.44;-0.91;0.97
13/02/2024 07:30:00;140.835;59.290000000000006;2.02;-0.5700000000000001;0.935
13/02/2024 08:00:00;272.64;99.84;3.6;-0.23;0.9
13/02/2024 08:30:00;332.835;127.27;4.805;1.03;0.865
13/02/2024 09:00:00;393.03;154.7;6.01;2.29;0.83
13/02/2024 09:30:00;322.84;190.89499999999998;6.279999999999999;3.425;0.83
13/02/2024 10:00:00;252.65;227.09;6.55;4.56;0.83
13/02/2024 10:30:00;496.89;184.635;8.13;5.77;0.83
13/02/2024 11:00:00;741.13;142.18;9.71;6.98;0.83
13/02/2024 11:30:00;730.145;148.785;9.7;7.925;0.76
13/02/2024 12:00:00;719.16;155.39;9.69;8.87;0.69
13/02/2024 12:30:00;701.7149999999999;144.665;9.265;9.5;0.62
13/02/2024 13:00:00;684.27;133.94;8.84;10.13;0.55
13/02/2024 13:30:00;610.735;127.97999999999999;7.845;10.46;0.48
13/02/2024 14:00:00;537.2;122.02;6.85;10.79;0.41
13/02/2024 14:30:00;441.26;108.08500000000001;5.505;10.78;0.375
13/02/2024 15:00:00;345.32;94.15;4.16;10.77;0.34
13/02/2024 15:30:00;236.225;64.83;2.675;10.48;0.375
13/02/2024 16:00:00;127.13;35.51;1.19;10.19;0.41
13/02/2024 16:30:00;63.565;17.755;0.595;9.614999999999998;0.48
13/02/2024 17:00:00;0.0;0.0;0.0;9.04;0.55
13/02/2024 17:30:00;0.0;0.0;0.0;8.33;0.69
13/02/2024 18:00:00;0.0;0.0;0.0;7.62;0.83
13/02/2024 18:30:00;0.0;0.0;0.0;5.08;1.105
13/02/2024 19:00:00;0.0;0.0;0.0;2.54;1.38
13/02/2024 19:30:00;0.0;0.0;0.0;1.8050000000000002;1.31
13/02/2024 20:00:00;0.0;0.0;0.0;1.07;1.24
13/02/2024 20:30:00;0.0;0.0;0.0;0.71;1.205
13/02/2024 21:00:00;0.0;0.0;0.0;0.35;1.17
13/02/2024 21:30:00;0.0;0.0;0.0;0.15999999999999998;1.135
13/02/2024 22:00:00;0.0;0.0;0.0;-0.03;1.1
13/02/2024 22:30:00;0.0;0.0;0.0;-0.15000000000000002;1.1
13/02/2024 23:00:00;0.0;0.0;0.0;-0.27;1.1
13/02/2024 23:30:00;0.0;0.0;0.0;-0.36;1.0350000000000001
14/02/2024 00:00:00;0.0;0.0;0.0;-0.45;0.97
14/02/2024 00:30:00;0.0;0.0;0.0;-0.625;0.97
14/02/2024 01:00:00;0.0;0.0;0.0;-0.8;0.97
14/02/2024 01:30:00;0.0;0.0;0.0;-0.9600000000000001;1.0
14/02/2024 02:00:00;0.0;0.0;0.0;-1.12;1.03
14/02/2024 02:30:00;0.0;0.0;0.0;-1.3050000000000002;1.065
14/02/2024 03:00:00;0.0;0.0;0.0;-1.49;1.1
14/02/2024 03:30:00;0.0;0.0;0.0;-1.52;1.1
14/02/2024 04:00:00;0.0;0.0;0.0;-1.55;1.1
14/02/2024 04:30:00;0.0;0.0;0.0;-1.6099999999999999;1.135
14/02/2024 05:00:00;0.0;0.0;0.0;-1.67;1.17
14/02/2024 05:30:00;0.0;0.0;0.0;-1.705;1.205
14/02/2024 06:00:00;0.0;0.0;0.0;-1.74;1.24
14/02/2024 06:30:00;6.375;10.47;0.25;-2.45;1.17
14/02/2024 07:00:00;12.75;20.94;0.5;-3.16;1.1
14/02/2024 07:30:00;173.39;55.120000000000005;2.2199999999999998;-2.21;1.0350000000000001
14/02/2024 08:00:00;334.03;89.3;3.94;-1.26;0.97
14/02/2024 08:30:00;431.83;103.69;5.325;0.29500000000000015;0.8999999999999999
14/02/2024 09:00:00;529.63;118.08;6.71;1.85;0.83
14/02/2024 09:30:00;595.115;129.16;7.715;3.42;0.7949999999999999
14/02/2024 10:00:00;660.6;140.24;8.72;4.99;0.76
14/02/2024 10:30:00;706.3199999999999;141.895;9.315000000000001;6.195;0.725
14/02/2024 11:00:00;752.04;143.55;9.91;7.4;0.69
14/02/2024 11:30:00;728.01;154.375;9.83;8.219999999999999;0.62
14/02/2024 12:00:00;703.98;165.2;9.75;9.04;0.55
14/02/2024 12:30:00;676.735;159.17;9.295;9.46;0.55
14/02/2024 13:00:00;649.49;153.14;8.84;9.88;0.55
14/02/2024 13:30:00;588.39;141.24;7.885;10.0;0.55
14/02/2024 14:00:00;527.29;129.34;6.93;10.12;0.55
14/02/2024 14:30:00;443.77;112.005;5.635;9.96;0.55
14/02/2024 15:00:00;360.25;94.67;4.34;9.8;0.55
14/02/2024 15:30:00;253.41;65.965;2.835;9.11;0.55
14/02/2024 16:00:00;146.57;37.26;1.33;8.42;0.55
14/02/2024 16:30:00;73.285;18.63;0.665;7.609999999999999;0.7250000000000001
14/02/2024 17:00:00;0.0;0.0;0.0;6.8;0.9
14/02/2024 17:30:00;0.0;0.0;0.0;5.65;1.035
14/02/2024 18:00:00;0.0;0.0;0.0;4.5;1.17
14/02/2024 18:30:00;0.0;0.0;0.0;2.435;1.135
14/02/2024 19:00:00;0.0;0.0;0.0;0.37;1.1
14/02/2024 19:30:00;0.0;0.0;0.0;0.19;1.1
14/02/2024 20:00:00;0.0;0.0;0.0;0.01;1.1
14/02/2024 20:30:00;0.0;0.0;0.0;-0.16999999999999998;1.1
14/02/2024 21:00:00;0.0;0.0;0.0;-0.35;1.1
14/02/2024 21:30:00;0.0;0.0;0.0;-0.295;1.0350000000000001
14/02/2024 22:00:00;0.0;0.0;0.0;-0.24;0.97
14/02/2024 22:30:00;0.0;0.0;0.0;-0.1;0.935
14/02/2024 23:00:00;0.0;0.0;0.0;0.04;0.9
14/02/2024 23:30:00;0.0;0.0;0.0;-0.07;0.865
15/02/2024 00:00:00;0.0;0.0;0.0;-0.18;0.83
15/02/2024 00:30:00;0.0;0.0;0.0;-0.29000000000000004;0.865
15/02/2024 01:00:00;0.0;0.0;0.0;-0.4;0.9
15/02/2024 01:30:00;0.0;0.0;0.0;-0.825;0.9650000000000001
15/02/2024 02:00:00;0.0;0.0;0.0;-1.25;1.03
15/02/2024 02:30:00;0.0;0.0;0.0;-1.53;1.1
15/02/2024 03:00:00;0.0;0.0;0.0;-1.81;1.17
15/02/2024 03:30:00;0.0;0.0;0.0;-1.885;1.17
15/02/2024 04:00:00;0.0;0.0;0.0;-1.96;1.17
15/02/2024 04:30:00;0.0;0.0;0.0;-2.005;1.17
15/02/2024 05:00:00;0.0;0.0;0.0;-2.05;1.17
15/02/2024 05:30:00;0.0;0.0;0.0;-2.0549999999999997;1.17
15/02/2024 06:00:00;0.0;0.0;0.0;-2.06;1.17
15/02/2024 06:30:00;4.015;10.245;0.24;-2.675;1.1
15/02/2024 07:00:00;8.03;20.49;0.48;-3.29;1.03
15/02/2024 07:30:00;128.48499999999999;63.8;2.0700000000000003;-2.1950000000000003;0.9650000000000001
15/02/2024 08:00:00;248.94;107.11;3.66;-1.1;0.9
15/02/2024 08:30:00;290.245;139.515;4.785;1.105;0.9
15/02/2024 09:00:00;331.55;171.92;5.91;3.31;0.9
15/02/2024 09:30:00;465.42999999999995;167.88;7.225;5.105;0.8300000000000001
15/02/2024 10:00:00;599.31;163.84;8.54;6.9;0.76
15/02/2024 10:30:00;675.435;153.195;9.254999999999999;8.165;0.69
15/02/2024 11:00:00;751.56;142.55;9.97;9.43;0.62
15/02/2024 11:30:00;726.81;154.76;9.9;10.235;0.45
15/02/2024 12:00:00;702.06;166.97;9.83;11.04;0.28
15/02/2024 12:30:00;682.42;157.065;9.395;11.364999999999998;0.245
15/02/2024 13:00:00;662.78;147.16;8.96;11.69;0.21
15/02/2024 13:30:00;605.165;134.775;8.025;11.8;0.345
15/02/2024 14:00:00;547.55;122.39;7.09;11.91;0.48
15/02/2024 14:30:00;454.34499999999997;108.00999999999999;5.745;11.745000000000001;0.725
15/02/2024 15:00:00;361.14;93.63;4.4;11.58;0.97
15/02/2024 15:30:00;257.63;69.66;2.915;10.530000000000001;1.1400000000000001
15/02/2024 16:00:00;154.12;45.69;1.43;9.48;1.31
15/02/2024 16:30:00;77.06;22.845;0.715;7.65;1.4849999999999999
15/02/2024 17:00:00;0.0;0.0;0.0;5.82;1.66
15/02/2024 17:30:00;0.0;0.0;0.0;4.465;1.66
15/02/2024 18:00:00;0.0;0.0;0.0;3.11;1.66
15/02/2024 18:30:00;0.0;0.0;0.0;2.05;1.625
15/02/2024 19:00:00;0.0;0.0;0.0;0.99;1.59
15/02/2024 19:30:00;0.0;0.0;0.0;0.485;1.4849999999999999
15/02/2024 20:00:00;0.0;0.0;0.0;-0.02;1.38
15/02/2024 20:30:00;0.0;0.0;0.0;-0.125;1.275
15/02/2024 21:00:00;0.0;0.0;0.0;-0.23;1.17
15/02/2024 21:30:00;0.0;0.0;0.0;-0.20500000000000002;1.1
15/02/2024 22:00:00;0.0;0.0;0.0;-0.18;1.03
15/02/2024 22:30:00;0.0;0.0;0.0;-0.29000000000000004;1.03
15/02/2024 23:00:00;0.0;0.0;0.0;-0.4;1.03
15/02/2024 23:30:00;0.0;0.0;0.0;-0.5449999999999999;1.1
16/02/2024 00:00:00;0.0;0.0;0.0;-0.69;1.17
16/02/2024 00:30:00;0.0;0.0;0.0;-0.815;1.24
16/02/2024 01:00:00;0.0;0.0;0.0;-0.94;1.31
16/02/2024 01:30:00;0.0;0.0;0.0;-0.985;1.38
16/02/2024 02:00:00;0.0;0.0;0.0;-1.03;1.45
16/02/2024 02:30:00;0.0;0.0;0.0;-1.0750000000000002;1.45
16/02/2024 03:00:00;0.0;0.0;0.0;-1.12;1.45
16/02/2024 03:30:00;0.0;0.0;0.0;-1.15;1.45
16/02/2024 04:00:00;0.0;0.0;0.0;-1.18;1.45
16/02/2024 04:30:00;0.0;0.0;0.0;-1.29;1.4849999999999999
16/02/2024 05:00:00;0.0;0.0;0.0;-1.4;1.52
16/02/2024 05:30:00;0.0;0.0;0.0;-1.47;1.5550000000000002
16/02/2024 06:00:00;0.0;0.0;0.0;-1.54;1.59
16/02/2024 06:30:00;9.5;13.16;0.32;-1.76;1.59
16/02/2024 07:00:00;19.0;26.32;0.64;-1.98;1.59
16/02/2024 07:30:00;191.185;54.120000000000005;2.42;-0.885;1.4500000000000002
16/02/2024 08:00:00;363.37;81.92;4.2;0.21;1.31
16/02/2024 08:30:00;449.52;99.205;5.545;2.525;1.24
16/02/2024 09:00:00;535.67;116.49;6.89;4.84;1.17
16/02/2024 09:30:00;606.415;124.93;7.914999999999999;6.38;1.135
16/02/2024 10:00:00;677.16;133.37;8.94;7.92;1.1
16/02/2024 10:30:00;700.2349999999999;143.26999999999998;9.425;8.895;1.17
16/02/2024 11:00:00;723.31;153.17;9.91;9.87;1.24
16/02/2024 11:30:00;616.5899999999999;191.74;9.465;10.515;1.415
16/02/2024 12:00:00;509.87;230.31;9.02;11.16;1.59
16/02/2024 12:30:00;522.25;211.54500000000002;8.75;11.485;1.655
16/02/2024 13:00:00;534.63;192.78;8.48;11.81;1.72
16/02/2024 13:30:00;475.875;178.54500000000002;7.545;11.68;1.48
16/02/2024 14:00:00;417.12;164.31;6.61;11.55;1.24
16/02/2024 14:30:00;215.225;127.44;4.35;11.06;1.17
16/02/2024 15:00:00;13.33;90.57;2.09;10.57;1.1
16/02/2024 15:30:00;52.69;69.53;1.68;9.64;1.275
16/02/2024 16:00:00;92.05;48.49;1.27;8.71;1.45
16/02/2024 16:30:00;46.025;24.245;0.635;7.365;1.655
16/02/2024 17:00:00;0.0;0.0;0.0;6.02;1.86
16/02/2024 17:30:00;0.0;0.0;0.0;5.06;1.895
16/02/2024 18:00:00;0.0;0.0;0.0;4.1;1.93
16/02/2024 18:30:00;0.0;0.0;0.0;3.485;1.825
16/02/2024 19:00:00;0.0;0.0;0.0;2.87;1.72
16/02/2024 19:30:00;0.0;0.0;0.0;2.675;1.79
16/02/2024 20:00:00;0.0;0.0;0.0;2.48;1.86
16/02/2024 20:30:00;0.0;0.0;0.0;2.605;1.895
16/02/2024 21:00:00;0.0;0.0;0.0;2.73;1.93
16/02/2024 21:30:00;0.0;0.0;0.0;2.785;1.9649999999999999
16/02/2024 22:00:00;0.0;0.0;0.0;2.84;2.0
16/02/2024 22:30:00;0.0;0.0;0.0;2.775;1.9649999999999999
16/02/2024 23:00:00;0.0;0.0;0.0;2.71;1.93
16/02/2024 23:30:00;0.0;0.0;0.0;2.83;1.93
17/02/2024 00:00:00;0.0;0.0;0.0;2.95;1.93
17/02/2024 00:30:00;0.0;0.0;0.0;2.925;1.9649999999999999
17/02/2024 01:00:00;0.0;0.0;0.0;2.9;2.0
17/02/2024 01:30:00;0.0;0.0;0.0;3.105;2.0700000000000003
17/02/2024 02:00:00;0.0;0.0;0.0;3.31;2.14
17/02/2024 02:30:00;0.0;0.0;0.0;3.585;2.21
17/02/2024 03:00:00;0.0;0.0;0.0;3.86;2.28
17/02/2024 03:30:00;0.0;0.0;0.0;4.185;2.28
17/02/2024 04:00:00;0.0;0.0;0.0;4.51;2.28
17/02/2024 04:30:00;0.0;0.0;0.0;4.665;2.3099999999999996
17/02/2024 05:00:00;0.0;0.0;0.0;4.82;2.34
17/02/2024 05:30:00;0.0;0.0;0.0;4.970000000000001;2.34
17/02/2024 06:00:00;0.0;0.0;0.0;5.12;2.34
17/02/2024 06:30:00;21.645;15.505;0.41;5.755;2.55
17/02/2024 07:00:00;43.29;31.01;0.82;6.39;2.76
17/02/2024 07:30:00;117.07500000000002;71.965;2.15;6.765;2.795
17/02/2024 08:00:00;190.86;112.92;3.48;7.14;2.83
17/02/2024 08:30:00;134.955;139.225;3.8099999999999996;7.635;2.865
17/02/2024 09:00:00;79.05;165.53;4.14;8.13;2.9
17/02/2024 09:30:00;48.9;167.59;4.029999999999999;8.33;2.965
17/02/2024 10:00:00;18.75;169.65;3.92;8.53;3.03
17/02/2024 10:30:00;17.634999999999998;176.595;4.07;8.75;3.17
17/02/2024 11:00:00;16.52;183.54;4.22;8.97;3.31
17/02/2024 11:30:00;30.25;197.6;4.619999999999999;9.225000000000001;3.2750000000000004
17/02/2024 12:00:00;43.98;211.66;5.02;9.48;3.24
17/02/2024 12:30:00;128.36;222.845;5.795;9.59;3.24
17/02/2024 13:00:00;212.74;234.03;6.57;9.7;3.24
17/02/2024 13:30:00;174.82;209.325;5.735;9.85;3.205
17/02/2024 14:00:00;136.9;184.62;4.9;10.0;3.17
17/02/2024 14:30:00;127.465;153.72;4.1;9.995000000000001;3.0700000000000003
17/02/2024 15:00:00;118.03;122.82;3.3;9.99;2.97
17/02/2024 15:30:00;76.4;82.34;2.15;9.93;2.97
17/02/2024 16:00:00;34.77;41.86;1.0;9.87;2.97
17/02/2024 16:30:00;17.385;20.93;0.5;9.51;2.935
17/02/2024 17:00:00;0.0;0.0;0.0;9.15;2.9
17/02/2024 17:30:00;0.0;0.0;0.0;8.885;2.865
17/02/2024 18:00:00;0.0;0.0;0.0;8.62;2.83
17/02/2024 18:30:00;0.0;0.0;0.0;8.375;2.62
17/02/2024 19:00:00;0.0;0.0;0.0;8.13;2.41
17/02/2024 19:30:00;0.0;0.0;0.0;8.125;2.3449999999999998
17/02/2024 20:00:00;0.0;0.0;0.0;8.12;2.28
17/02/2024 20:30:00;0.0;0.0;0.0;8.114999999999998;2.28
17/02/2024 21:00:00;0.0;0.0;0.0;8.11;2.28
17/02/2024 21:30:00;0.0;0.0;0.0;8.135;2.3099999999999996
17/02/2024 22:00:00;0.0;0.0;0.0;8.16;2.34
17/02/2024 22:30:00;0.0;0.0;0.0;8.135;2.34
17/02/2024 23:00:00;0.0;0.0;0.0;8.11;2.34
17/02/2024 23:30:00;0.0;0.0;0.0;8.09;2.3099999999999996
18/02/2024 00:00:00;0.0;0.0;0.0;8.07;2.28
18/02/2024 00:30:00;0.0;0.0;0.0;8.04;2.21
18/02/2024 01:00:00;0.0;0.0;0.0;8.01;2.14
18/02/2024 01:30:00;0.0;0.0;0.0;7.91;2.14
18/02/2024 02:00:00;0.0;0.0;0.0;7.81;2.14
18/02/2024 02:30:00;0.0;0.0;0.0;7.805;2.175
18/02/2024 03:00:00;0.0;0.0;0.0;7.8;2.21
18/02/2024 03:30:00;0.0;0.0;0.0;7.82;2.275
18/02/2024 04:00:00;0.0;0.0;0.0;7.84;2.34
18/02/2024 04:30:00;0.0;0.0;0.0;7.915;2.375
18/02/2024 05:00:00;0.0;0.0;0.0;7.99;2.41
18/02/2024 05:30:00;0.0;0.0;0.0;7.955;2.515
18/02/2024 06:00:00;0.0;0.0;0.0;7.92;2.62
18/02/2024 06:30:00;0.0;2.245;0.05;8.135;2.6550000000000002
18/02/2024 07:00:00;0.0;4.49;0.1;8.35;2.69
18/02/2024 07:30:00;0.0;11.684999999999999;0.26;8.67;2.86
18/02/2024 08:00:00;0.0;18.88;0.42;8.99;3.03
18/02/2024 08:30:00;0.0;33.71;0.7550000000000001;9.495000000000001;3.24
18/02/2024 09:00:00;0.0;48.54;1.09;10.0;3.45
18/02/2024 09:30:00;0.0;81.35;1.8199999999999998;10.49;4.275
18/02/2024 10:00:00;0.0;114.16;2.55;10.98;5.1
18/02/2024 10:30:00;31.855;170.005;4.01;11.395;5.38
18/02/2024 11:00:00;63.71;225.85;5.47;11.81;5.66
18/02/2024 11:30:00;36.4;201.315;4.744999999999999;12.175;5.625
18/02/2024 12:00:00;9.09;176.78;4.02;12.54;5.59
18/02/2024 12:30:00;4.545;134.685;3.045;12.829999999999998;5.484999999999999
18/02/2024 13:00:00;0.0;92.59;2.07;13.12;5.38
18/02/2024 13:30:00;31.93;131.45499999999998;3.125;13.14;5.0
18/02/2024 14:00:00;63.86;170.32;4.18;13.16;4.62
18/02/2024 14:30:00;42.69;134.855;3.255;13.05;4.38
18/02/2024 15:00:00;21.52;99.39;2.33;12.94;4.14
18/02/2024 15:30:00;25.985;71.09;1.675;12.565;3.83
18/02/2024 16:00:00;30.45;42.79;1.02;12.19;3.52
18/02/2024 16:30:00;15.225;21.395;0.51;11.725;3.275
18/02/2024 17:00:00;0.0;0.0;0.0;11.26;3.03
18/02/2024 17:30:00;0.0;0.0;0.0;10.83;2.86
18/02/2024 18:00:00;0.0;0.0;0.0;10.4;2.69
18/02/2024 18:30:00;0.0;0.0;0.0;10.08;2.62
18/02/2024 19:00:00;0.0;0.0;0.0;9.76;2.55
18/02/2024 19:30:00;0.0;0.0;0.0;9.305;2.48
18/02/2024 20:00:00;0.0;0.0;0.0;8.85;2.41
18/02/2024 20:30:00;0.0;0.0;0.0;8.745000000000001;2.41
18/02/2024 21:00:00;0.0;0.0;0.0;8.64;2.41
18/02/2024 21:30:00;0.0;0.0;0.0;8.504999999999999;2.48
18/02/2024 22:00:00;0.0;0.0;0.0;8.37;2.55
18/02/2024 22:30:00;0.0;0.0;0.0;8.48;2.69
18/02/2024 23:00:00;0.0;0.0;0.0;8.59;2.83
18/02/2024 23:30:00;0.0;0.0;0.0;8.469999999999999;2.9299999999999997
19/02/2024 00:00:00;0.0;0.0;0.0;8.35;3.03
19/02/2024 00:30:00;0.0;0.0;0.0;8.245000000000001;3.0999999999999996
19/02/2024 01:00:00;0.0;0.0;0.0;8.14;3.17
19/02/2024 01:30:00;0.0;0.0;0.0;8.030000000000001;3.205
19/02/2024 02:00:00;0.0;0.0;0.0;7.92;3.24
19/02/2024 02:30:00;0.0;0.0;0.0;7.855;3.31
19/02/2024 03:00:00;0.0;0.0;0.0;7.79;3.38
19/02/2024 03:30:00;0.0;0.0;0.0;7.715;3.45
19/02/2024 04:00:00;0.0;0.0;0.0;7.64;3.52
19/02/2024 04:30:00;0.0;0.0;0.0;7.47;3.415
19/02/2024 05:00:00;0.0;0.0;0.0;7.3;3.31
19/02/2024 05:30:00;0.0;0.0;0.0;7.32;3.2750000000000004
19/02/2024 06:00:00;0.0;0.0;0.0;7.34;3.24
19/02/2024 06:30:00;36.035;19.35;0.555;7.41;3.1050000000000004
19/02/2024 07:00:00;72.07;38.7;1.11;7.48;2.97
19/02/2024 07:30:00;90.26499999999999;78.515;2.135;7.575;3.0
19/02/2024 08:00:00;108.46;118.33;3.16;7.67;3.03
19/02/2024 08:30:00;105.445;147.995;3.86;7.77;3.0999999999999996
19/02/2024 09:00:00;102.43;177.66;4.56;7.87;3.17
19/02/2024 09:30:00;133.16500000000002;205.02499999999998;5.395;8.24;3.55
19/02/2024 10:00:00;163.9;232.39;6.23;8.61;3.93
19/02/2024 10:30:00;157.79500000000002;243.85;6.460000000000001;8.765;3.8600000000000003
19/02/2024 11:00:00;151.69;255.31;6.69;8.92;3.79
19/02/2024 11:30:00;75.845;158.66500000000002;4.04;9.075;3.8600000000000003
19/02/2024 12:00:00;0.0;62.02;1.39;9.23;3.93
19/02/2024 12:30:00;32.095;136.815;3.2700000000000005;9.285;3.795
19/02/2024 13:00:00;64.19;211.61;5.15;9.34;3.66
19/02/2024 13:30:00;40.71;177.91500000000002;4.245;9.395;3.3449999999999998
19/02/2024 14:00:00;17.23;144.22;3.34;9.45;3.03
19/02/2024 14:30:00;8.615;97.73;2.245;9.41;2.86
19/02/2024 15:00:00;0.0;51.24;1.15;9.37;2.69
19/02/2024 15:30:00;19.085;49.725;1.16;9.2;2.55
19/02/2024 16:00:00;38.17;48.21;1.17;9.03;2.41
19/02/2024 16:30:00;19.085;24.105;0.585;8.585;2.1350000000000002
19/02/2024 17:00:00;0.0;0.0;0.0;8.14;1.86
19/02/2024 17:30:00;0.0;0.0;0.0;7.6;1.8250000000000002
19/02/2024 18:00:00;0.0;0.0;0.0;7.06;1.79
19/02/2024 18:30:00;0.0;0.0;0.0;6.715;1.755
19/02/2024 19:00:00;0.0;0.0;0.0;6.37;1.72
19/02/2024 19:30:00;0.0;0.0;0.0;5.8149999999999995;1.72
19/02/2024 20:00:00;0.0;0.0;0.0;5.26;1.72
19/02/2024 20:30:00;0.0;0.0;0.0;4.975;1.72
19/02/2024 21:00:00;0.0;0.0;0.0;4.69;1.72
19/02/2024 21:30:00;0.0;0.0;0.0;4.475;1.655
19/02/2024 22:00:00;0.0;0.0;0.0;4.26;1.59
19/02/2024 22:30:00;0.0;0.0;0.0;4.3149999999999995;1.4500000000000002
19/02/2024 23:00:00;0.0;0.0;0.0;4.37;1.31
19/02/2024 23:30:00;0.0;0.0;0.0;4.15;1.415
20/02/2024 00:00:00;0.0;0.0;0.0;3.93;1.52
20/02/2024 00:30:00;0.0;0.0;0.0;3.6900000000000004;1.52
20/02/2024 01:00:00;0.0;0.0;0.0;3.45;1.52
20/02/2024 01:30:00;0.0;0.0;0.0;3.2;1.52
20/02/2024 02:00:00;0.0;0.0;0.0;2.95;1.52
20/02/2024 02:30:00;0.0;0.0;0.0;2.49;1.52
20/02/2024 03:00:00;0.0;0.0;0.0;2.03;1.52
20/02/2024 03:30:00;0.0;0.0;0.0;2.08;1.38
20/02/2024 04:00:00;0.0;0.0;0.0;2.13;1.24
20/02/2024 04:30:00;0.0;0.0;0.0;2.25;1.105
20/02/2024 05:00:00;0.0;0.0;0.0;2.37;0.97
20/02/2024 05:30:00;0.0;0.0;0.0;2.245;0.865
20/02/2024 06:00:00;0.0;0.0;0.0;2.12;0.76
20/02/2024 06:30:00;65.76;21.655;0.695;2.415;0.7949999999999999
20/02/2024 07:00:00;131.52;43.31;1.39;2.71;0.83
20/02/2024 07:30:00;241.72500000000002;66.955;2.9450000000000003;3.505;0.69
20/02/2024 08:00:00;351.93;90.6;4.5;4.3;0.55
20/02/2024 08:30:00;431.135;109.41499999999999;5.805;5.66;0.55
20/02/2024 09:00:00;510.34;128.23;7.11;7.02;0.55
20/02/2024 09:30:00;568.22;142.38;8.085;8.14;0.62
20/02/2024 10:00:00;626.1;156.53;9.06;9.26;0.69
20/02/2024 10:30:00;669.5699999999999;159.115;9.645;10.115;0.76
20/02/2024 11:00:00;713.04;161.7;10.23;10.97;0.83
20/02/2024 11:30:00;677.75;176.95999999999998;10.100000000000001;11.645;0.76
20/02/2024 12:00:00;642.46;192.22;9.97;12.32;0.69
20/02/2024 12:30:00;646.73;173.36;9.65;12.785;0.62
20/02/2024 13:00:00;651.0;154.5;9.33;13.25;0.55
20/02/2024 13:30:00;601.2;139.145;8.425;13.515;0.62
20/02/2024 14:00:00;551.4;123.79;7.52;13.78;0.69
20/02/2024 14:30:00;466.615;108.64500000000001;6.21;13.774999999999999;0.69
20/02/2024 15:00:00;381.83;93.5;4.9;13.77;0.69
20/02/2024 15:30:00;266.075;72.935;3.325;13.495000000000001;0.515
20/02/2024 16:00:00;150.32;52.37;1.75;13.22;0.34
20/02/2024 16:30:00;75.16;26.185;0.875;12.77;0.275
20/02/2024 17:00:00;0.0;0.0;0.0;12.32;0.21
20/02/2024 17:30:00;0.0;0.0;0.0;11.54;0.41500000000000004
20/02/2024 18:00:00;0.0;0.0;0.0;10.76;0.62
20/02/2024 18:30:00;0.0;0.0;0.0;10.030000000000001;0.8600000000000001
20/02/2024 19:00:00;0.0;0.0;0.0;9.3;1.1
20/02/2024 19:30:00;0.0;0.0;0.0;7.550000000000001;1.24
20/02/2024 20:00:00;0.0;0.0;0.0;5.8;1.38
20/02/2024 20:30:00;0.0;0.0;0.0;4.975;1.31
20/02/2024 21:00:00;0.0;0.0;0.0;4.15;1.24
20/02/2024 21:30:00;0.0;0.0;0.0;4.085;1.135
20/02/2024 22:00:00;0.0;0.0;0.0;4.02;1.03
20/02/2024 22:30:00;0.0;0.0;0.0;3.955;0.9650000000000001
20/02/2024 23:00:00;0.0;0.0;0.0;3.89;0.9
20/02/2024 23:30:00;0.0;0.0;0.0;3.765;0.9
21/02/2024 00:00:00;0.0;0.0;0.0;3.64;0.9
21/02/2024 00:30:00;0.0;0.0;0.0;3.605;0.9
21/02/2024 01:00:00;0.0;0.0;0.0;3.57;0.9
21/02/2024 01:30:00;0.0;0.0;0.0;3.525;0.935
21/02/2024 02:00:00;0.0;0.0;0.0;3.48;0.97
21/02/2024 02:30:00;0.0;0.0;0.0;3.385;0.97
21/02/2024 03:00:00;0.0;0.0;0.0;3.29;0.97
21/02/2024 03:30:00;0.0;0.0;0.0;3.15;0.97
21/02/2024 04:00:00;0.0;0.0;0.0;3.01;0.97
21/02/2024 04:30:00;0.0;0.0;0.0;2.7699999999999996;0.97
21/02/2024 05:00:00;0.0;0.0;0.0;2.53;0.97
21/02/2024 05:30:00;0.0;0.0;0.0;2.19;0.97
21/02/2024 06:00:00;0.0;0.0;0.0;1.85;0.97
21/02/2024 06:30:00;70.49;23.32;0.765;1.2850000000000001;0.97
21/02/2024 07:00:00;140.98;46.64;1.53;0.72;0.97
21/02/2024 07:30:00;261.38;66.39;3.1449999999999996;1.8099999999999998;0.865
21/02/2024 08:00:00;381.78;86.14;4.76;2.9;0.76
21/02/2024 08:30:00;472.585;101.41;6.15;4.914999999999999;0.76
21/02/2024 09:00:00;563.39;116.68;7.54;6.93;0.76
21/02/2024 09:30:00;634.53;125.14500000000001;8.585;8.41;0.76
21/02/2024 10:00:00;705.67;133.61;9.63;9.89;0.76
21/02/2024 10:30:00;720.765;147.3;10.08;10.96;0.76
21/02/2024 11:00:00;735.86;160.99;10.53;12.03;0.76
21/02/2024 11:30:00;699.0799999999999;177.73000000000002;10.399999999999999;12.765;0.725
21/02/2024 12:00:00;662.3;194.47;10.27;13.5;0.69
21/02/2024 12:30:00;673.72;171.675;9.969999999999999;13.93;0.69
21/02/2024 13:00:00;685.14;148.88;9.67;14.36;0.69
21/02/2024 13:30:00;627.615;136.6;8.725;14.54;0.725
21/02/2024 14:00:00;570.09;124.32;7.78;14.72;0.76
21/02/2024 14:30:00;405.285;128.195;6.09;14.65;0.7949999999999999
21/02/2024 15:00:00;240.48;132.07;4.4;14.58;0.83
21/02/2024 15:30:00;195.665;94.0;3.125;14.115;0.8999999999999999
21/02/2024 16:00:00;150.85;55.93;1.85;13.65;0.97
21/02/2024 16:30:00;75.425;27.965;0.925;12.535;1.0
21/02/2024 17:00:00;0.0;0.0;0.0;11.42;1.03
21/02/2024 17:30:00;0.0;0.0;0.0;11.065000000000001;1.03
21/02/2024 18:00:00;0.0;0.0;0.0;10.71;1.03
21/02/2024 18:30:00;0.0;0.0;0.0;9.675;1.065
21/02/2024 19:00:00;0.0;0.0;0.0;8.64;1.1
21/02/2024 19:30:00;0.0;0.0;0.0;7.98;1.0350000000000001
21/02/2024 20:00:00;0.0;0.0;0.0;7.32;0.97
21/02/2024 20:30:00;0.0;0.0;0.0;6.86;0.8999999999999999
21/02/2024 21:00:00;0.0;0.0;0.0;6.4;0.83
21/02/2024 21:30:00;0.0;0.0;0.0;6.035;0.83
21/02/2024 22:00:00;0.0;0.0;0.0;5.67;0.83
21/02/2024 22:30:00;0.0;0.0;0.0;5.455;0.865
21/02/2024 23:00:00;0.0;0.0;0.0;5.24;0.9
21/02/2024 23:30:00;0.0;0.0;0.0;4.75;0.9650000000000001
22/02/2024 00:00:00;0.0;0.0;0.0;4.26;1.03
22/02/2024 00:30:00;0.0;0.0;0.0;4.145;1.0
22/02/2024 01:00:00;0.0;0.0;0.0;4.03;0.97
22/02/2024 01:30:00;0.0;0.0;0.0;3.7350000000000003;0.97
22/02/2024 02:00:00;0.0;0.0;0.0;3.44;0.97
22/02/2024 02:30:00;0.0;0.0;0.0;3.005;1.0699999999999998
22/02/2024 03:00:00;0.0;0.0;0.0;2.57;1.17
22/02/2024 03:30:00;0.0;0.0;0.0;2.565;1.135
22/02/2024 04:00:00;0.0;0.0;0.0;2.56;1.1
22/02/2024 04:30:00;0.0;0.0;0.0;2.625;1.0350000000000001
22/02/2024 05:00:00;0.0;0.0;0.0;2.69;0.97
22/02/2024 05:30:00;0.0;0.0;0.0;2.665;0.8999999999999999
22/02/2024 06:00:00;0.0;0.0;0.0;2.64;0.83
22/02/2024 06:30:00;54.69;24.11;0.725;2.145;0.9650000000000001
22/02/2024 07:00:00;109.38;48.22;1.45;1.65;1.1
22/02/2024 07:30:00;217.71;73.65;2.995;2.8499999999999996;1.0
22/02/2024 08:00:00;326.04;99.08;4.54;4.05;0.9
22/02/2024 08:30:00;300.475;144.05;5.325;6.045;0.935
22/02/2024 09:00:00;274.91;189.02;6.11;8.04;0.97
22/02/2024 09:30:00;246.87;216.27;6.52;9.145;1.1400000000000001
22/02/2024 10:00:00;218.83;243.52;6.93;10.25;1.31
22/02/2024 10:30:00;261.955;255.685;7.5649999999999995;10.975;1.62
22/02/2024 11:00:00;305.08;267.85;8.2;11.7;1.93
22/02/2024 11:30:00;182.49;251.27;6.935;12.14;2.07
22/02/2024 12:00:00;59.9;234.69;5.67;12.58;2.21
22/02/2024 12:30:00;71.07;229.91;5.63;12.9;2.31
22/02/2024 13:00:00;82.24;225.13;5.59;13.22;2.41
22/02/2024 13:30:00;76.38499999999999;204.20999999999998;5.0649999999999995;13.375;2.515
22/02/2024 14:00:00;70.53;183.29;4.54;13.53;2.62
22/02/2024 14:30:00;39.315;137.25;3.315;13.32;2.3449999999999998
22/02/2024 15:00:00;8.1;91.21;2.09;13.11;2.07
22/02/2024 15:30:00;6.705;64.0;1.4649999999999999;12.51;1.9649999999999999
22/02/2024 16:00:00;5.31;36.79;0.84;11.91;1.86
22/02/2024 16:30:00;2.655;18.395;0.42;11.17;1.895
22/02/2024 17:00:00;0.0;0.0;0.0;10.43;1.93
22/02/2024 17:30:00;0.0;0.0;0.0;9.92;1.895
22/02/2024 18:00:00;0.0;0.0;0.0;9.41;1.86
22/02/2024 18:30:00;0.0;0.0;0.0;8.940000000000001;1.69
22/02/2024 19:00:00;0.0;0.0;0.0;8.47;1.52
22/02/2024 19:30:00;0.0;0.0;0.0;8.29;1.38
22/02/2024 20:00:00;0.0;0.0;0.0;8.11;1.24
22/02/2024 20:30:00;0.0;0.0;0.0;7.88;1.17
22/02/2024 21:00:00;0.0;0.0;0.0;7.65;1.1
22/02/2024 21:30:00;0.0;0.0;0.0;7.455;0.9650000000000001
22/02/2024 22:00:00;0.0;0.0;0.0;7.26;0.83
22/02/2024 22:30:00;0.0;0.0;0.0;7.115;0.7949999999999999
22/02/2024 23:00:00;0.0;0.0;0.0;6.97;0.76
22/02/2024 23:30:00;0.0;0.0;0.0;6.765;0.725
23/02/2024 00:00:00;0.0;0.0;0.0;6.56;0.69
23/02/2024 00:30:00;0.0;0.0;0.0;6.244999999999999;0.69
23/02/2024 01:00:00;0.0;0.0;0.0;5.93;0.69
23/02/2024 01:30:00;0.0;0.0;0.0;5.725;0.655
23/02/2024 02:00:00;0.0;0.0;0.0;5.52;0.62
23/02/2024 02:30:00;0.0;0.0;0.0;5.234999999999999;0.62
23/02/2024 03:00:00;0.0;0.0;0.0;4.95;0.62
23/02/2024 03:30:00;0.0;0.0;0.0;5.035;0.585
23/02/2024 04:00:00;0.0;0.0;0.0;5.12;0.55
23/02/2024 04:30:00;0.0;0.0;0.0;5.025;0.585
23/02/2024 05:00:00;0.0;0.0;0.0;4.93;0.62
23/02/2024 05:30:00;0.0;0.0;0.0;4.869999999999999;0.655
23/02/2024 06:00:00;0.0;0.0;0.0;4.81;0.69
23/02/2024 06:30:00;24.9;24.695;0.625;5.335;0.725
23/02/2024 07:00:00;49.8;49.39;1.25;5.86;0.76
23/02/2024 07:30:00;112.215;88.59;2.565;6.3149999999999995;0.725
23/02/2024 08:00:00;174.63;127.79;3.88;6.77;0.69
23/02/2024 08:30:00;164.095;160.47;4.595;7.825;0.69
23/02/2024 09:00:00;153.56;193.15;5.31;8.88;0.69
23/02/2024 09:30:00;259.94;213.075;6.654999999999999;9.64;0.69
23/02/2024 10:00:00;366.32;233.0;8.0;10.4;0.69
23/02/2024 10:30:00;416.75;239.11;8.645;10.905000000000001;0.76
23/02/2024 11:00:00;467.18;245.22;9.29;11.41;0.83
23/02/2024 11:30:00;479.21000000000004;242.9;9.37;11.68;0.725
23/02/2024 12:00:00;491.24;240.58;9.45;11.95;0.62
23/02/2024 12:30:00;525.72;214.92000000000002;9.295;12.155;0.345
23/02/2024 13:00:00;560.2;189.26;9.14;12.36;0.07
23/02/2024 13:30:00;551.105;159.11;8.43;12.445;0.24
23/02/2024 14:00:00;542.01;128.96;7.72;12.53;0.41
23/02/2024 14:30:00;407.72;126.755;6.18;12.55;0.5499999999999999
23/02/2024 15:00:00;273.43;124.55;4.64;12.57;0.69
23/02/2024 15:30:00;148.3;86.905;2.915;12.31;0.7949999999999999
23/02/2024 16:00:00;23.17;49.26;1.19;12.05;0.9
23/02/2024 16:30:00;11.585;24.63;0.595;11.395;0.9650000000000001
23/02/2024 17:00:00;0.0;0.0;0.0;10.74;1.03
23/02/2024 17:30:00;0.0;0.0;0.0;9.780000000000001;1.205
23/02/2024 18:00:00;0.0;0.0;0.0;8.82;1.38
23/02/2024 18:30:00;0.0;0.0;0.0;8.39;1.31
23/02/2024 19:00:00;0.0;0.0;0.0;7.96;1.24
23/02/2024 19:30:00;0.0;0.0;0.0;7.93;1.105
23/02/2024 20:00:00;0.0;0.0;0.0;7.9;0.97
23/02/2024 20:30:00;0.0;0.0;0.0;7.77;0.935
23/02/2024 21:00:00;0.0;0.0;0.0;7.64;0.9
23/02/2024 21:30:00;0.0;0.0;0.0;7.04;0.9650000000000001
23/02/2024 22:00:00;0.0;0.0;0.0;6.44;1.03
23/02/2024 22:30:00;0.0;0.0;0.0;6.055;1.03
23/02/2024 23:00:00;0.0;0.0;0.0;5.67;1.03
23/02/2024 23:30:00;0.0;0.0;0.0;5.495;0.9299999999999999
24/02/2024 00:00:00;0.0;0.0;0.0;5.32;0.83
24/02/2024 00:30:00;0.0;0.0;0.0;4.705;0.725
24/02/2024 01:00:00;0.0;0.0;0.0;4.09;0.62
24/02/2024 01:30:00;0.0;0.0;0.0;3.955;0.69
24/02/2024 02:00:00;0.0;0.0;0.0;3.82;0.76
24/02/2024 02:30:00;0.0;0.0;0.0;3.92;0.76
24/02/2024 03:00:00;0.0;0.0;0.0;4.02;0.76
24/02/2024 03:30:00;0.0;0.0;0.0;4.039999999999999;0.76
24/02/2024 04:00:00;0.0;0.0;0.0;4.06;0.76
24/02/2024 04:30:00;0.0;0.0;0.0;3.985;0.655
24/02/2024 05:00:00;0.0;0.0;0.0;3.91;0.55
24/02/2024 05:30:00;0.0;0.0;0.0;4.01;0.31000000000000005
24/02/2024 06:00:00;0.0;0.0;0.0;4.11;0.07
24/02/2024 06:30:00;7.99;21.27;0.5;4.390000000000001;0.275
24/02/2024 07:00:00;15.98;42.54;1.0;4.67;0.48
24/02/2024 07:30:00;20.98;74.49;1.765;5.25;0.38
24/02/2024 08:00:00;25.98;106.44;2.53;5.83;0.28
24/02/2024 08:30:00;16.65;119.41499999999999;2.7699999999999996;6.640000000000001;0.31000000000000005
24/02/2024 09:00:00;7.32;132.39;3.01;7.45;0.34
24/02/2024 09:30:00;3.66;109.345;2.4699999999999998;8.12;0.375
24/02/2024 10:00:00;0.0;86.3;1.93;8.79;0.41
24/02/2024 10:30:00;57.295;172.985;4.2700000000000005;9.265;0.375
24/02/2024 11:00:00;114.59;259.67;6.61;9.74;0.34
24/02/2024 11:30:00;98.93;255.005;6.4;10.344999999999999;0.375
24/02/2024 12:00:00;83.27;250.34;6.19;10.95;0.41
24/02/2024 12:30:00;292.15500000000003;230.53;7.575000000000001;11.395;0.585
24/02/2024 13:00:00;501.04;210.72;8.96;11.84;0.76
24/02/2024 13:30:00;356.925;207.7;7.495000000000001;11.965;0.7949999999999999
24/02/2024 14:00:00;212.81;204.68;6.03;12.09;0.83
24/02/2024 14:30:00;154.60500000000002;170.43;4.815;12.075;0.8999999999999999
24/02/2024 15:00:00;96.4;136.18;3.6;12.06;0.97
24/02/2024 15:30:00;89.405;99.67;2.665;11.685;1.105
24/02/2024 16:00:00;82.41;63.16;1.73;11.31;1.24
24/02/2024 16:30:00;41.205;31.58;0.865;10.74;1.31
24/02/2024 17:00:00;0.0;0.0;0.0;10.17;1.38
24/02/2024 17:30:00;0.0;0.0;0.0;9.34;1.31
24/02/2024 18:00:00;0.0;0.0;0.0;8.51;1.24
24/02/2024 18:30:00;0.0;0.0;0.0;7.949999999999999;1.275
24/02/2024 19:00:00;0.0;0.0;0.0;7.39;1.31
24/02/2024 19:30:00;0.0;0.0;0.0;7.05;1.31
24/02/2024 20:00:00;0.0;0.0;0.0;6.71;1.31
24/02/2024 20:30:00;0.0;0.0;0.0;6.575;1.31
24/02/2024 21:00:00;0.0;0.0;0.0;6.44;1.31
24/02/2024 21:30:00;0.0;0.0;0.0;6.720000000000001;1.655
24/02/2024 22:00:00;0.0;0.0;0.0;7.0;2.0
24/02/2024 22:30:00;0.0;0.0;0.0;6.79;2.4850000000000003
24/02/2024 23:00:00;0.0;0.0;0.0;6.58;2.97
24/02/2024 23:30:00;0.0;0.0;0.0;6.15;2.555
25/02/2024 00:00:00;0.0;0.0;0.0;5.72;2.14
25/02/2024 00:30:00;0.0;0.0;0.0;5.41;1.69
25/02/2024 01:00:00;0.0;0.0;0.0;5.1;1.24
25/02/2024 01:30:00;0.0;0.0;0.0;4.994999999999999;1.24
25/02/2024 02:00:00;0.0;0.0;0.0;4.89;1.24
25/02/2024 02:30:00;0.0;0.0;0.0;4.73;1.24
25/02/2024 03:00:00;0.0;0.0;0.0;4.57;1.24
25/02/2024 03:30:00;0.0;0.0;0.0;4.4399999999999995;1.205
25/02/2024 04:00:00;0.0;0.0;0.0;4.31;1.17
25/02/2024 04:30:00;0.0;0.0;0.0;4.095;1.17
25/02/2024 05:00:00;0.0;0.0;0.0;3.88;1.17
25/02/2024 05:30:00;0.0;0.0;0.0;3.67;1.275
25/02/2024 06:00:00;0.0;0.0;0.0;3.46;1.38
25/02/2024 06:30:00;1.285;17.73;0.4;3.49;1.205
25/02/2024 07:00:00;2.57;35.46;0.8;3.52;1.03
25/02/2024 07:30:00;2.27;59.675;1.345;3.9800000000000004;1.17
25/02/2024 08:00:00;1.97;83.89;1.89;4.44;1.31
25/02/2024 08:30:00;0.985;93.185;2.09;4.645;1.585
25/02/2024 09:00:00;0.0;102.48;2.29;4.85;1.86
25/02/2024 09:30:00;0.0;100.23;2.24;5.085;2.1350000000000002
25/02/2024 10:00:00;0.0;97.98;2.19;5.32;2.41
25/02/2024 10:30:00;0.0;98.43;2.2;5.36;2.48
25/02/2024 11:00:00;0.0;98.88;2.21;5.4;2.55
25/02/2024 11:30:00;24.1;167.765;3.93;5.465;2.69
25/02/2024 12:00:00;48.2;236.65;5.65;5.53;2.83
25/02/2024 12:30:00;24.1;184.39499999999998;4.300000000000001;5.390000000000001;2.865
25/02/2024 13:00:00;0.0;132.14;2.95;5.25;2.9
25/02/2024 13:30:00;0.0;120.905;2.7;5.154999999999999;2.795
25/02/2024 14:00:00;0.0;109.67;2.45;5.06;2.69
25/02/2024 14:30:00;25.215;119.17500000000001;2.8150000000000004;4.925;2.585
25/02/2024 15:00:00;50.43;128.68;3.18;4.79;2.48
25/02/2024 15:30:00;45.83;95.0;2.355;4.66;2.38
25/02/2024 16:00:00;41.23;61.32;1.53;4.53;2.28
25/02/2024 16:30:00;20.615;30.66;0.765;4.23;1.9699999999999998
25/02/2024 17:00:00;0.0;0.0;0.0;3.93;1.66
25/02/2024 17:30:00;0.0;0.0;0.0;3.46;1.52
25/02/2024 18:00:00;0.0;0.0;0.0;2.99;1.38
25/02/2024 18:30:00;0.0;0.0;0.0;2.33;1.4849999999999999
25/02/2024 19:00:00;0.0;0.0;0.0;1.67;1.59
25/02/2024 19:30:00;0.0;0.0;0.0;1.055;1.725
25/02/2024 20:00:00;0.0;0.0;0.0;0.44;1.86
25/02/2024 20:30:00;0.0;0.0;0.0;0.14500000000000002;2.1
25/02/2024 21:00:00;0.0;0.0;0.0;-0.15;2.34
25/02/2024 21:30:00;0.0;0.0;0.0;-0.395;2.48
25/02/2024 22:00:00;0.0;0.0;0.0;-0.64;2.62
25/02/2024 22:30:00;0.0;0.0;0.0;-0.8;2.6550000000000002
25/02/2024 23:00:00;0.0;0.0;0.0;-0.96;2.69
25/02/2024 23:30:00;0.0;0.0;0.0;-0.975;2.69
26/02/2024 00:00:00;0.0;0.0;0.0;-0.99;2.69
26/02/2024 00:30:00;0.0;0.0;0.0;-0.9299999999999999;2.83
26/02/2024 01:00:00;0.0;0.0;0.0;-0.87;2.97
26/02/2024 01:30:00;0.0;0.0;0.0;-0.99;3.0700000000000003
26/02/2024 02:00:00;0.0;0.0;0.0;-1.11;3.17
26/02/2024 02:30:00;0.0;0.0;0.0;-1.225;3.135
26/02/2024 03:00:00;0.0;0.0;0.0;-1.34;3.1
26/02/2024 03:30:00;0.0;0.0;0.0;-1.53;3.1
26/02/2024 04:00:00;0.0;0.0;0.0;-1.72;3.1
26/02/2024 04:30:00;0.0;0.0;0.0;-1.915;3.1
26/02/2024 05:00:00;0.0;0.0;0.0;-2.11;3.1
26/02/2024 05:30:00;0.0;0.0;0.0;-2.255;3.135
26/02/2024 06:00:00;0.0;0.0;0.0;-2.4;3.17
26/02/2024 06:30:00;91.77;25.35;1.065;-2.455;3.24
26/02/2024 07:00:00;183.54;50.7;2.13;-2.51;3.31
26/02/2024 07:30:00;303.92;68.31;3.83;-2.195;3.795
26/02/2024 08:00:00;424.3;85.92;5.53;-1.88;4.28
26/02/2024 08:30:00;500.735;105.98;6.865;-1.3599999999999999;4.795
26/02/2024 09:00:00;577.17;126.04;8.2;-0.84;5.31
26/02/2024 09:30:00;328.45;182.19;7.045;-0.37;5.619999999999999
26/02/2024 10:00:00;79.73;238.34;5.89;0.1;5.93
26/02/2024 10:30:00;157.825;264.245;7.045;0.545;6.0
26/02/2024 11:00:00;235.92;290.15;8.2;0.99;6.07
26/02/2024 11:30:00;117.96;210.245;5.555;1.4;6.140000000000001
26/02/2024 12:00:00;0.0;130.34;2.91;1.81;6.21
26/02/2024 12:30:00;8.645;163.775;3.725;2.075;6.245
26/02/2024 13:00:00;17.29;197.21;4.54;2.34;6.28
26/02/2024 13:30:00;8.645;153.44;3.495;2.355;6.45
26/02/2024 14:00:00;0.0;109.67;2.45;2.37;6.62
26/02/2024 14:30:00;4.78;108.7;2.46;2.265;6.550000000000001
26/02/2024 15:00:00;9.56;107.73;2.47;2.16;6.48
26/02/2024 15:30:00;42.505;88.775;2.17;1.94;6.3100000000000005
26/02/2024 16:00:00;75.45;69.82;1.87;1.72;6.14
26/02/2024 16:30:00;37.725;34.91;0.935;1.37;5.865
26/02/2024 17:00:00;0.0;0.0;0.0;1.02;5.59
26/02/2024 17:30:00;0.0;0.0;0.0;0.715;5.38
26/02/2024 18:00:00;0.0;0.0;0.0;0.41;5.17
26/02/2024 18:30:00;0.0;0.0;0.0;0.019999999999999962;5.275
26/02/2024 19:00:00;0.0;0.0;0.0;-0.37;5.38
26/02/2024 19:30:00;0.0;0.0;0.0;-0.5;5.38
26/02/2024 20:00:00;0.0;0.0;0.0;-0.63;5.38
26/02/2024 20:30:00;0.0;0.0;0.0;-0.7949999999999999;5.38
26/02/2024 21:00:00;0.0;0.0;0.0;-0.96;5.38
26/02/2024 21:30:00;0.0;0.0;0.0;-1.03;5.345
26/02/2024 22:00:00;0.0;0.0;0.0;-1.1;5.31
26/02/2024 22:30:00;0.0;0.0;0.0;-1.17;5.24
26/02/2024 23:00:00;0.0;0.0;0.0;-1.24;5.17
26/02/2024 23:30:00;0.0;0.0;0.0;-1.25;5.17
27/02/2024 00:00:00;0.0;0.0;0.0;-1.26;5.17
27/02/2024 00:30:00;0.0;0.0;0.0;-1.3050000000000002;5.1
27/02/2024 01:00:00;0.0;0.0;0.0;-1.35;5.03
27/02/2024 01:30:00;0.0;0.0;0.0;-1.435;5.03
27/02/2024 02:00:00;0.0;0.0;0.0;-1.52;5.03
27/02/2024 02:30:00;0.0;0.0;0.0;-1.55;5.03
27/02/2024 03:00:00;0.0;0.0;0.0;-1.58;5.03
27/02/2024 03:30:00;0.0;0.0;0.0;-1.6600000000000001;5.0
27/02/2024 04:00:00;0.0;0.0;0.0;-1.74;4.97
27/02/2024 04:30:00;0.0;0.0;0.0;-1.755;4.9350000000000005
27/02/2024 05:00:00;0.0;0.0;0.0;-1.77;4.9
27/02/2024 05:30:00;0.0;0.0;0.0;-1.82;4.795
27/02/2024 06:00:00;0.0;0.0;0.0;-1.87;4.69
27/02/2024 06:30:00;51.565;31.055;0.925;-1.54;4.725
27/02/2024 07:00:00;103.13;62.11;1.85;-1.21;4.76
27/02/2024 07:30:00;147.935;101.81;3.135;-0.915;4.83
27/02/2024 08:00:00;192.74;141.51;4.42;-0.62;4.9
27/02/2024 08:30:00;249.82;172.595;5.645;-0.185;5.105
27/02/2024 09:00:00;306.9;203.68;6.87;0.25;5.31
27/02/2024 09:30:00;160.325;196.945;5.615;0.675;5.275
27/02/2024 10:00:00;13.75;190.21;4.36;1.1;5.24
27/02/2024 10:30:00;26.385;212.925;4.965;1.565;5.275
27/02/2024 11:00:00;39.02;235.64;5.57;2.03;5.31
27/02/2024 11:30:00;19.51;181.64;4.21;2.335;5.38
27/02/2024 12:00:00;0.0;127.64;2.85;2.64;5.45
27/02/2024 12:30:00;3.43;153.355;3.455;2.835;5.415
27/02/2024 13:00:00;6.86;179.07;4.06;3.03;5.38
27/02/2024 13:30:00;12.260000000000002;171.54;3.9299999999999997;3.035;5.24
27/02/2024 14:00:00;17.66;164.01;3.8;3.04;5.1
27/02/2024 14:30:00;8.83;120.66;2.7649999999999997;2.99;5.035
27/02/2024 15:00:00;0.0;77.31;1.73;2.94;4.97
27/02/2024 15:30:00;0.0;56.635000000000005;1.2650000000000001;2.775;4.625
27/02/2024 16:00:00;0.0;35.96;0.8;2.61;4.28
27/02/2024 16:30:00;0.0;17.98;0.4;2.205;3.9000000000000004
27/02/2024 17:00:00;0.0;0.0;0.0;1.8;3.52
27/02/2024 17:30:00;0.0;0.0;0.0;1.4300000000000002;3.415
27/02/2024 18:00:00;0.0;0.0;0.0;1.06;3.31
27/02/2024 18:30:00;0.0;0.0;0.0;0.605;3.31
27/02/2024 19:00:00;0.0;0.0;0.0;0.15;3.31
27/02/2024 19:30:00;0.0;0.0;0.0;-0.12999999999999998;3.2750000000000004
27/02/2024 20:00:00;0.0;0.0;0.0;-0.41;3.24
27/02/2024 20:30:00;0.0;0.0;0.0;-0.6699999999999999;3.17
27/02/2024 21:00:00;0.0;0.0;0.0;-0.93;3.1
27/02/2024 21:30:00;0.0;0.0;0.0;-1.11;3.035
27/02/2024 22:00:00;0.0;0.0;0.0;-1.29;2.97
27/02/2024 22:30:00;0.0;0.0;0.0;-1.5;2.9000000000000004
27/02/2024 23:00:00;0.0;0.0;0.0;-1.71;2.83
27/02/2024 23:30:00;0.0;0.0;0.0;-1.8599999999999999;2.76
28/02/2024 00:00:00;0.0;0.0;0.0;-2.01;2.69
28/02/2024 00:30:00;0.0;0.0;0.0;-2.0549999999999997;2.7249999999999996
28/02/2024 01:00:00;0.0;0.0;0.0;-2.1;2.76
28/02/2024 01:30:00;0.0;0.0;0.0;-2.16;2.76
28/02/2024 02:00:00;0.0;0.0;0.0;-2.22;2.76
28/02/2024 02:30:00;0.0;0.0;0.0;-2.22;2.69
28/02/2024 03:00:00;0.0;0.0;0.0;-2.22;2.62
28/02/2024 03:30:00;0.0;0.0;0.0;-2.24;2.515
28/02/2024 04:00:00;0.0;0.0;0.0;-2.26;2.41
28/02/2024 04:30:00;0.0;0.0;0.0;-2.32;2.375
28/02/2024 05:00:00;0.0;0.0;0.0;-2.38;2.34
28/02/2024 05:30:00;0.0;0.0;0.0;-2.4749999999999996;2.3099999999999996
28/02/2024 06:00:00;0.0;0.0;0.0;-2.57;2.28
28/02/2024 06:30:00;9.29;25.98;0.625;-2.26;2.3099999999999996
28/02/2024 07:00:00;18.58;51.96;1.25;-1.95;2.34
28/02/2024 07:30:00;9.29;42.16;0.985;-1.54;2.445
28/02/2024 08:00:00;0.0;32.36;0.72;-1.13;2.55
28/02/2024 08:30:00;0.0;50.79;1.135;-0.5;2.7249999999999996
28/02/2024 09:00:00;0.0;69.22;1.55;0.13;2.9
28/02/2024 09:30:00;0.0;99.78;2.23;0.7999999999999999;2.865
28/02/2024 10:00:00;0.0;130.34;2.91;1.47;2.83
28/02/2024 10:30:00;0.0;145.62;3.255;2.23;2.865
28/02/2024 11:00:00;0.0;160.9;3.6;2.99;2.9
28/02/2024 11:30:00;0.0;130.34;2.915;3.775;2.965
28/02/2024 12:00:00;0.0;99.78;2.23;4.56;3.03
28/02/2024 12:30:00;0.0;114.61;2.56;4.904999999999999;3.0
28/02/2024 13:00:00;0.0;129.44;2.89;5.25;2.97
28/02/2024 13:30:00;0.0;119.10499999999999;2.66;5.4350000000000005;3.0700000000000003
28/02/2024 14:00:00;0.0;108.77;2.43;5.62;3.17
28/02/2024 14:30:00;3.72;107.125;2.42;5.640000000000001;3.17
28/02/2024 15:00:00;7.44;105.48;2.41;5.66;3.17
28/02/2024 15:30:00;9.305;79.315;1.83;5.475;3.0
28/02/2024 16:00:00;11.17;53.15;1.25;5.29;2.83
28/02/2024 16:30:00;5.585;26.575;0.625;4.615;2.585
28/02/2024 17:00:00;0.0;0.0;0.0;3.94;2.34
28/02/2024 17:30:00;0.0;0.0;0.0;3.13;2.3099999999999996
28/02/2024 18:00:00;0.0;0.0;0.0;2.32;2.28
28/02/2024 18:30:00;0.0;0.0;0.0;1.255;2.07
28/02/2024 19:00:00;0.0;0.0;0.0;0.19;1.86
28/02/2024 19:30:00;0.0;0.0;0.0;-0.34500000000000003;1.86
28/02/2024 20:00:00;0.0;0.0;0.0;-0.88;1.86
28/02/2024 20:30:00;0.0;0.0;0.0;-1.4049999999999998;1.86
28/02/2024 21:00:00;0.0;0.0;0.0;-1.93;1.86
28/02/2024 21:30:00;0.0;0.0;0.0;-2.305;1.86
28/02/2024 22:00:00;0.0;0.0;0.0;-2.68;1.86
28/02/2024 22:30:00;0.0;0.0;0.0;-2.835;1.86
28/02/2024 23:00:00;0.0;0.0;0.0;-2.99;1.86
28/02/2024 23:30:00;0.0;0.0;0.0;-2.9942;1.86
29/02/2024 00:00:00;0.0;0.0;0.0;-3.2;0.0
29/02/2024 00:30:00;0.0;0.0;0.0;-3.2;0.0
29/02/2024 01:00:00;0.0;0.0;0.0;-3.2;0.0
29/02/2024 01:30:00;0.0;0.0;0.0;-3.2;0.0
29/02/2024 02:00:00;0.0;0.0;0.0;-3.2;0.0
29/02/2024 02:30:00;0.0;0.0;0.0;-3.2;0.0
29/02/2024 03:00:00;0.0;0.0;0.0;-3.2;0.0
29/02/2024 03:30:00;0.0;0.0;0.0;-3.2;0.0
29/02/2024 04:00:00;0.0;0.0;0.0;-3.2;0.0
29/02/2024 04:30:00;0.0;0.0;0.0;-3.2;0.0
29/02/2024 05:00:00;0.0;0.0;0.0;-3.2;0.0
29/02/2024 05:30:00;0.0;0.0;0.0;-3.2;0.0
29/02/2024 06:00:00;0.0;0.0;0.0;-3.2;0.0
29/02/2024 06:30:00;0.0;0.0;0.0;-3.2;0.0
29/02/2024 07:00:00;0.0;0.0;0.0;-3.2;0.0
29/02/2024 07:30:00;0.0;0.0;0.0;-3.2;0.0
29/02/2024 08:00:00;0.0;0.0;0.0;-3.2;0.0
29/02/2024 08:30:00;0.0;0.0;0.0;-3.2;0.0
29/02/2024 09:00:00;0.0;0.0;0.0;-3.2;0.0
29/02/2024 09:30:00;0.0;0.0;0.0;-3.2;0.0
29/02/2024 10:00:00;0.0;0.0;0.0;-3.2;0.0
29/02/2024 10:30:00;0.0;0.0;0.0;-3.2;0.0
29/02/2024 11:00:00;0.0;0.0;0.0;-3.2;0.0
29/02/2024 11:30:00;0.0;0.0;0.0;-3.2;0.0
29/02/2024 12:00:00;0.0;0.0;0.0;-3.2;0.0
29/02/2024 12:30:00;0.0;0.0;0.0;-3.2;0.0
29/02/2024 13:00:00;0.0;0.0;0.0;-3.2;0.0
29/02/2024 13:30:00;0.0;0.0;0.0;-3.2;0.0
29/02/2024 14:00:00;0.0;0.0;0.0;-3.2;0.0
29/02/2024 14:30:00;0.0;0.0;0.0;-3.2;0.0
29/02/2024 15:00:00;0.0;0.0;0.0;-3.2;0.0
29/02/2024 15:30:00;0.0;0.0;0.0;-3.2;0.0
29/02/2024 16:00:00;0.0;0.0;0.0;-3.2;0.0
29/02/2024 16:30:00;0.0;0.0;0.0;-3.2;0.0
29/02/2024 17:00:00;0.0;0.0;0.0;-3.2;0.0
29/02/2024 17:30:00;0.0;0.0;0.0;-3.2;0.0
29/02/2024 18:00:00;0.0;0.0;0.0;-3.2;0.0
29/02/2024 18:30:00;0.0;0.0;0.0;-3.2;0.0
29/02/2024 19:00:00;0.0;0.0;0.0;-3.2;0.0
29/02/2024 19:30:00;0.0;0.0;0.0;-3.2;0.0
29/02/2024 20:00:00;0.0;0.0;0.0;-3.2;0.0
29/02/2024 20:30:00;0.0;0.0;0.0;-3.2;0.0
29/02/2024 21:00:00;0.0;0.0;0.0;-3.2;0.0
29/02/2024 21:30:00;0.0;0.0;0.0;-3.2;0.0
29/02/2024 22:00:00;0.0;0.0;0.0;-3.2;0.0
29/02/2024 22:30:00;0.0;0.0;0.0;-3.2;0.0
29/02/2024 23:00:00;0.0;0.0;0.0;-3.2;0.0
29/02/2024 23:30:00;0.0;0.0;0.0;-3.2;0.0
01/03/2024 00:00:00;0.0;0.0;0.0;-3.2;1.86
01/03/2024 00:30:00;0.0;0.0;0.0;-3.255;1.8250000000000002
01/03/2024 01:00:00;0.0;0.0;0.0;-3.31;1.79
01/03/2024 01:30:00;0.0;0.0;0.0;-3.425;1.79
01/03/2024 02:00:00;0.0;0.0;0.0;-3.54;1.79
01/03/2024 02:30:00;0.0;0.0;0.0;-3.66;1.79
01/03/2024 03:00:00;0.0;0.0;0.0;-3.78;1.79
01/03/2024 03:30:00;0.0;0.0;0.0;-3.8449999999999998;1.79
01/03/2024 04:00:00;0.0;0.0;0.0;-3.91;1.79
01/03/2024 04:30:00;0.0;0.0;0.0;-3.955;1.79
01/03/2024 05:00:00;0.0;0.0;0.0;-4.0;1.79
01/03/2024 05:30:00;0.0;0.0;0.0;-4.0;1.79
01/03/2024 06:00:00;0.0;0.0;0.0;-4.0;1.79
01/03/2024 06:30:00;12.38;28.39;0.695;-3.275;1.725
01/03/2024 07:00:00;24.76;56.78;1.39;-2.55;1.66
01/03/2024 07:30:00;22.57;85.94;2.05;-1.18;1.9699999999999998
01/03/2024 08:00:00;20.38;115.1;2.71;0.19;2.28
01/03/2024 08:30:00;12.795;128.06;2.955;0.835;2.5549999999999997
01/03/2024 09:00:00;5.21;141.02;3.2;1.48;2.83
01/03/2024 09:30:00;2.605;137.93;3.105;2.0700000000000003;2.9299999999999997
01/03/2024 10:00:00;0.0;134.84;3.01;2.66;3.03
01/03/2024 10:30:00;0.835;153.38;3.4349999999999996;3.335;3.03
01/03/2024 11:00:00;1.67;171.92;3.86;4.01;3.03
01/03/2024 11:30:00;0.835;144.39;3.235;4.675;3.065
01/03/2024 12:00:00;0.0;116.86;2.61;5.34;3.1
01/03/2024 12:30:00;0.0;119.10499999999999;2.66;5.8100000000000005;3.135
01/03/2024 13:00:00;0.0;121.35;2.71;6.28;3.17
01/03/2024 13:30:00;2.6;132.07999999999998;2.975;6.605;3.275
01/03/2024 14:00:00;5.2;142.81;3.24;6.93;3.38
01/03/2024 14:30:00;3.52;114.22;2.585;6.925;3.31
01/03/2024 15:00:00;1.84;85.63;1.93;6.92;3.24
01/03/2024 15:30:00;16.155;74.88;1.76;6.66;2.895
01/03/2024 16:00:00;30.47;64.13;1.59;6.4;2.55
01/03/2024 16:30:00;15.235;32.065;0.795;5.765000000000001;2.3449999999999998
01/03/2024 17:00:00;0.0;0.0;0.0;5.13;2.14
01/03/2024 17:30:00;0.0;0.0;0.0;4.37;2.14
01/03/2024 18:00:00;0.0;0.0;0.0;3.61;2.14
01/03/2024 18:30:00;0.0;0.0;0.0;2.61;1.8650000000000002
01/03/2024 19:00:00;0.0;0.0;0.0;1.61;1.59
01/03/2024 19:30:00;0.0;0.0;0.0;1.2550000000000001;1.4500000000000002
01/03/2024 20:00:00;0.0;0.0;0.0;0.9;1.31
01/03/2024 20:30:00;0.0;0.0;0.0;0.68;1.31
01/03/2024 21:00:00;0.0;0.0;0.0;0.46;1.31
01/03/2024 21:30:00;0.0;0.0;0.0;0.20500000000000002;1.31
01/03/2024 22:00:00;0.0;0.0;0.0;-0.05;1.31
01/03/2024 22:30:00;0.0;0.0;0.0;-0.38499999999999995;1.345
01/03/2024 23:00:00;0.0;0.0;0.0;-0.72;1.38
01/03/2024 23:30:00;0.0;0.0;0.0;-0.94;1.38
02/03/2024 00:00:00;0.0;0.0;0.0;-1.16;1.38
02/03/2024 00:30:00;0.0;0.0;0.0;-1.21;1.345
02/03/2024 01:00:00;0.0;0.0;0.0;-1.26;1.31
02/03/2024 01:30:00;0.0;0.0;0.0;-1.22;1.275
02/03/2024 02:00:00;0.0;0.0;0.0;-1.18;1.24
02/03/2024 02:30:00;0.0;0.0;0.0;-1.16;1.205
02/03/2024 03:00:00;0.0;0.0;0.0;-1.14;1.17
02/03/2024 03:30:00;0.0;0.0;0.0;-1.23;1.135
02/03/2024 04:00:00;0.0;0.0;0.0;-1.32;1.1
02/03/2024 04:30:00;0.0;0.0;0.0;-1.145;1.0350000000000001
02/03/2024 05:00:00;0.0;0.0;0.0;-0.97;0.97
02/03/2024 05:30:00;0.0;0.0;0.0;-0.9299999999999999;0.865
02/03/2024 06:00:00;0.0;0.0;0.0;-0.89;0.76
02/03/2024 06:30:00;14.195;30.075;0.745;-0.09500000000000008;0.485
02/03/2024 07:00:00;28.39;60.15;1.49;0.7;0.21
02/03/2024 07:30:00;16.935000000000002;79.935;1.88;1.04;0.31
02/03/2024 08:00:00;5.48;99.72;2.27;1.38;0.41
02/03/2024 08:30:00;4.46;117.975;2.67;2.32;0.655
02/03/2024 09:00:00;3.44;136.23;3.07;3.26;0.9
02/03/2024 09:30:00;4.235;153.43;3.465;3.8899999999999997;0.935
02/03/2024 10:00:00;5.03;170.63;3.86;4.52;0.97
02/03/2024 10:30:00;2.515;146.44;3.295;5.23;0.865
02/03/2024 11:00:00;0.0;122.25;2.73;5.94;0.76
02/03/2024 11:30:00;0.0;112.81;2.52;6.51;0.655
02/03/2024 12:00:00;0.0;103.37;2.31;7.08;0.55
02/03/2024 12:30:00;4.185;142.215;3.215;7.495;0.69
02/03/2024 13:00:00;8.37;181.06;4.12;7.91;0.83
02/03/2024 13:30:00;223.735;182.485;6.0600000000000005;8.1;0.9650000000000001
02/03/2024 14:00:00;439.1;183.91;8.0;8.29;1.1
02/03/2024 14:30:00;350.925;164.11;6.625;8.265;1.24
02/03/2024 15:00:00;262.75;144.31;5.25;8.24;1.38
02/03/2024 15:30:00;158.96;108.42500000000001;3.58;8.09;1.415
02/03/2024 16:00:00;55.17;72.54;1.91;7.94;1.45
02/03/2024 16:30:00;27.585;36.27;0.955;7.375;1.275
02/03/2024 17:00:00;0.0;0.0;0.0;6.81;1.1
02/03/2024 17:30:00;0.0;0.0;0.0;6.31;0.8600000000000001
02/03/2024 18:00:00;0.0;0.0;0.0;5.81;0.62
02/03/2024 18:30:00;0.0;0.0;0.0;4.99;0.825
02/03/2024 19:00:00;0.0;0.0;0.0;4.17;1.03
02/03/2024 19:30:00;0.0;0.0;0.0;4.02;1.03
02/03/2024 20:00:00;0.0;0.0;0.0;3.87;1.03
02/03/2024 20:30:00;0.0;0.0;0.0;3.625;1.03
02/03/2024 21:00:00;0.0;0.0;0.0;3.38;1.03
02/03/2024 21:30:00;0.0;0.0;0.0;3.3499999999999996;0.9299999999999999
02/03/2024 22:00:00;0.0;0.0;0.0;3.32;0.83
02/03/2024 22:30:00;0.0;0.0;0.0;3.08;0.725
02/03/2024 23:00:00;0.0;0.0;0.0;2.84;0.62
02/03/2024 23:30:00;0.0;0.0;0.0;2.59;0.55
03/03/2024 00:00:00;0.0;0.0;0.0;2.34;0.48
03/03/2024 00:30:00;0.0;0.0;0.0;2.0949999999999998;0.44499999999999995
03/03/2024 01:00:00;0.0;0.0;0.0;1.85;0.41
03/03/2024 01:30:00;0.0;0.0;0.0;1.695;0.41
03/03/2024 02:00:00;0.0;0.0;0.0;1.54;0.41
03/03/2024 02:30:00;0.0;0.0;0.0;1.49;0.31
03/03/2024 03:00:00;0.0;0.0;0.0;1.44;0.21
03/03/2024 03:30:00;0.0;0.0;0.0;1.44;0.175
03/03/2024 04:00:00;0.0;0.0;0.0;1.44;0.14
03/03/2024 04:30:00;0.0;0.0;0.0;1.4;0.14
03/03/2024 05:00:00;0.0;0.0;0.0;1.36;0.14
03/03/2024 05:30:00;0.0;0.0;0.0;1.42;0.14
03/03/2024 06:00:00;0.0;0.0;0.0;1.48;0.14
03/03/2024 06:30:00;19.095;32.335;0.825;-0.030000000000000027;0.175
03/03/2024 07:00:00;38.19;64.67;1.65;-1.54;0.21
03/03/2024 07:30:00;56.01;103.775;2.675;-0.655;0.21
03/03/2024 08:00:00;73.83;142.88;3.7;0.23;0.21
03/03/2024 08:30:00;93.995;177.0;4.635;1.725;0.21
03/03/2024 09:00:00;114.16;211.12;5.57;3.22;0.21
03/03/2024 09:30:00;246.655;233.285;7.245;4.07;0.52
03/03/2024 10:00:00;379.15;255.45;8.92;4.92;0.83
03/03/2024 10:30:00;327.04999999999995;275.71000000000004;8.870000000000001;5.625;1.105
03/03/2024 11:00:00;274.95;295.97;8.82;6.33;1.38
03/03/2024 11:30:00;254.325;296.32000000000005;8.65;6.95;1.5499999999999998
03/03/2024 12:00:00;233.7;296.67;8.48;7.57;1.72
03/03/2024 12:30:00;160.03;273.16;7.365;7.9350000000000005;1.755
03/03/2024 13:00:00;86.36;249.65;6.25;8.3;1.79
03/03/2024 13:30:00;277.655;213.42000000000002;7.255;8.36;1.8250000000000002
03/03/2024 14:00:00;468.95;177.19;8.26;8.42;1.86
03/03/2024 14:30:00;259.515;158.985;5.88;8.24;1.9649999999999999
03/03/2024 15:00:00;50.08;140.78;3.5;8.06;2.07
03/03/2024 15:30:00;56.095;108.15;2.7649999999999997;7.735;2.0
03/03/2024 16:00:00;62.11;75.52;2.03;7.41;1.93
03/03/2024 16:30:00;31.055;37.76;1.015;6.945;1.725
03/03/2024 17:00:00;0.0;0.0;0.0;6.48;1.52
03/03/2024 17:30:00;0.0;0.0;0.0;5.95;1.45
03/03/2024 18:00:00;0.0;0.0;0.0;5.42;1.38
03/03/2024 18:30:00;0.0;0.0;0.0;5.1850000000000005;1.4849999999999999
03/03/2024 19:00:00;0.0;0.0;0.0;4.95;1.59
03/03/2024 19:30:00;0.0;0.0;0.0;4.390000000000001;1.5550000000000002
03/03/2024 20:00:00;0.0;0.0;0.0;3.83;1.52
03/03/2024 20:30:00;0.0;0.0;0.0;3.56;1.5550000000000002
03/03/2024 21:00:00;0.0;0.0;0.0;3.29;1.59
03/03/2024 21:30:00;0.0;0.0;0.0;2.8449999999999998;1.59
03/03/2024 22:00:00;0.0;0.0;0.0;2.4;1.59
03/03/2024 22:30:00;0.0;0.0;0.0;2.01;1.5550000000000002
03/03/2024 23:00:00;0.0;0.0;0.0;1.62;1.52
03/03/2024 23:30:00;0.0;0.0;0.0;1.395;1.45
04/03/2024 00:00:00;0.0;0.0;0.0;1.17;1.38
04/03/2024 00:30:00;0.0;0.0;0.0;0.745;1.415
04/03/2024 01:00:00;0.0;0.0;0.0;0.32;1.45
04/03/2024 01:30:00;0.0;0.0;0.0;0.18;1.38
04/03/2024 02:00:00;0.0;0.0;0.0;0.04;1.31
04/03/2024 02:30:00;0.0;0.0;0.0;-0.095;1.31
04/03/2024 03:00:00;0.0;0.0;0.0;-0.23;1.31
04/03/2024 03:30:00;0.0;0.0;0.0;-0.475;1.31
04/03/2024 04:00:00;0.0;0.0;0.0;-0.72;1.31
04/03/2024 04:30:00;0.0;0.0;0.0;-1.0;1.275
04/03/2024 05:00:00;0.0;0.0;0.0;-1.28;1.24
04/03/2024 05:30:00;0.0;0.0;0.0;-1.4849999999999999;1.105
04/03/2024 06:00:00;0.0;0.0;0.0;-1.69;0.97
04/03/2024 06:30:00;80.475;33.5;1.285;-1.1099999999999999;0.69
04/03/2024 07:00:00;160.95;67.0;2.57;-0.53;0.41
04/03/2024 07:30:00;257.18;92.955;4.17;0.28;0.5499999999999999
04/03/2024 08:00:00;353.41;118.91;5.77;1.09;0.69
04/03/2024 08:30:00;393.53;153.17000000000002;6.935;1.975;1.0
04/03/2024 09:00:00;433.65;187.43;8.1;2.86;1.31
04/03/2024 09:30:00;565.71;174.375;9.465;3.67;1.4500000000000002
04/03/2024 10:00:00;697.77;161.32;10.83;4.48;1.59
04/03/2024 10:30:00;715.785;174.61;11.305;5.295;1.76
04/03/2024 11:00:00;733.8;187.9;11.78;6.11;1.93
04/03/2024 11:30:00;721.43;193.62;11.73;6.52;1.895
04/03/2024 12:00:00;709.06;199.34;11.68;6.93;1.86
04/03/2024 12:30:00;717.8599999999999;176.865;11.375;7.22;1.8250000000000002
04/03/2024 13:00:00;726.66;154.39;11.07;7.51;1.79
04/03/2024 13:30:00;655.37;147.635;10.035;7.55;1.8599999999999999
04/03/2024 14:00:00;584.08;140.88;9.0;7.59;1.93
04/03/2024 14:30:00;495.975;125.63499999999999;7.615;7.465;2.07
04/03/2024 15:00:00;407.87;110.39;6.23;7.34;2.21
04/03/2024 15:30:00;288.83500000000004;91.00999999999999;4.5;6.890000000000001;2.1399999999999997
04/03/2024 16:00:00;169.8;71.63;2.77;6.44;2.07
04/03/2024 16:30:00;84.9;35.815;1.385;5.73;1.895
04/03/2024 17:00:00;0.0;0.0;0.0;5.02;1.72
04/03/2024 17:30:00;0.0;0.0;0.0;4.1499999999999995;1.69
04/03/2024 18:00:00;0.0;0.0;0.0;3.28;1.66
04/03/2024 18:30:00;0.0;0.0;0.0;2.61;1.76
04/03/2024 19:00:00;0.0;0.0;0.0;1.94;1.86
04/03/2024 19:30:00;0.0;0.0;0.0;1.29;1.69
04/03/2024 20:00:00;0.0;0.0;0.0;0.64;1.52
04/03/2024 20:30:00;0.0;0.0;0.0;0.18;1.38
04/03/2024 21:00:00;0.0;0.0;0.0;-0.28;1.24
04/03/2024 21:30:00;0.0;0.0;0.0;-0.325;1.17
04/03/2024 22:00:00;0.0;0.0;0.0;-0.37;1.1
04/03/2024 22:30:00;0.0;0.0;0.0;-0.28;1.065
04/03/2024 23:00:00;0.0;0.0;0.0;-0.19;1.03
04/03/2024 23:30:00;0.0;0.0;0.0;-0.085;1.0
05/03/2024 00:00:00;0.0;0.0;0.0;0.02;0.97
05/03/2024 00:30:00;0.0;0.0;0.0;0.025;0.8999999999999999
05/03/2024 01:00:00;0.0;0.0;0.0;0.03;0.83
05/03/2024 01:30:00;0.0;0.0;0.0;0.045;0.83
05/03/2024 02:00:00;0.0;0.0;0.0;0.06;0.83
05/03/2024 02:30:00;0.0;0.0;0.0;0.185;0.69
05/03/2024 03:00:00;0.0;0.0;0.0;0.31;0.55
05/03/2024 03:30:00;0.0;0.0;0.0;0.27;0.48
05/03/2024 04:00:00;0.0;0.0;0.0;0.23;0.41
05/03/2024 04:30:00;0.0;0.0;0.0;0.22;0.345
05/03/2024 05:00:00;0.0;0.0;0.0;0.21;0.28
05/03/2024 05:30:00;0.0;0.0;0.0;0.19;0.31000000000000005
05/03/2024 06:00:00;0.0;0.0;0.0;0.17;0.34
05/03/2024 06:30:00;88.38;33.29;1.375;0.035;0.17
05/03/2024 07:00:00;176.76;66.58;2.75;-0.1;0.0
05/03/2024 07:30:00;268.82;93.25999999999999;4.34;0.53;0.0
05/03/2024 08:00:00;360.88;119.94;5.93;1.16;0.0
05/03/2024 08:30:00;470.375;129.51;7.455;1.9649999999999999;0.035
05/03/2024 09:00:00;579.87;139.08;8.98;2.77;0.07
05/03/2024 09:30:00;631.13;156.03500000000003;9.945;3.275;0.275
05/03/2024 10:00:00;682.39;172.99;10.91;3.78;0.48
05/03/2024 10:30:00;629.98;211.95;11.01;4.225;0.62
05/03/2024 11:00:00;577.57;250.91;11.11;4.67;0.76
05/03/2024 11:30:00;331.765;264.64;9.01;4.93;0.895
05/03/2024 12:00:00;85.96;278.37;6.91;5.19;1.03
05/03/2024 12:30:00;65.87;257.59000000000003;6.29;5.355;1.065
05/03/2024 13:00:00;45.78;236.81;5.67;5.52;1.1
05/03/2024 13:30:00;51.24;221.36;5.355;5.65;1.135
05/03/2024 14:00:00;56.7;205.91;5.04;5.78;1.17
05/03/2024 14:30:00;56.245000000000005;177.51999999999998;4.390000000000001;5.745;1.205
05/03/2024 15:00:00;55.79;149.13;3.74;5.71;1.24
05/03/2024 15:30:00;77.265;115.625;3.095;5.49;1.17
05/03/2024 16:00:00;98.74;82.12;2.45;5.27;1.1
05/03/2024 16:30:00;49.37;41.06;1.225;4.855;1.0350000000000001
05/03/2024 17:00:00;0.0;0.0;0.0;4.44;0.97
05/03/2024 17:30:00;0.0;0.0;0.0;3.665;0.935
05/03/2024 18:00:00;0.0;0.0;0.0;2.89;0.9
05/03/2024 18:30:00;0.0;0.0;0.0;2.88;0.865
05/03/2024 19:00:00;0.0;0.0;0.0;2.87;0.83
05/03/2024 19:30:00;0.0;0.0;0.0;2.66;0.69
05/03/2024 20:00:00;0.0;0.0;0.0;2.45;0.55
05/03/2024 20:30:00;0.0;0.0;0.0;2.205;0.585
05/03/2024 21:00:00;0.0;0.0;0.0;1.96;0.62
05/03/2024 21:30:00;0.0;0.0;0.0;1.7149999999999999;0.62
05/03/2024 22:00:00;0.0;0.0;0.0;1.47;0.62
05/03/2024 22:30:00;0.0;0.0;0.0;1.2650000000000001;0.45
05/03/2024 23:00:00;0.0;0.0;0.0;1.06;0.28
05/03/2024 23:30:00;0.0;0.0;0.0;0.895;0.38
06/03/2024 00:00:00;0.0;0.0;0.0;0.73;0.48
06/03/2024 00:30:00;0.0;0.0;0.0;0.485;0.62
06/03/2024 01:00:00;0.0;0.0;0.0;0.24;0.76
06/03/2024 01:30:00;0.0;0.0;0.0;0.15;0.725
06/03/2024 02:00:00;0.0;0.0;0.0;0.06;0.69
06/03/2024 02:30:00;0.0;0.0;0.0;0.07;0.62
06/03/2024 03:00:00;0.0;0.0;0.0;0.08;0.55
06/03/2024 03:30:00;0.0;0.0;0.0;0.065;0.585
06/03/2024 04:00:00;0.0;0.0;0.0;0.05;0.62
06/03/2024 04:30:00;0.0;0.0;0.0;-0.14999999999999997;0.76
06/03/2024 05:00:00;0.0;0.0;0.0;-0.35;0.9
06/03/2024 05:30:00;0.0;0.0;0.0;-0.6799999999999999;1.0
06/03/2024 06:00:00;0.0;0.0;0.0;-1.01;1.1
06/03/2024 06:30:00;0.0;20.225;0.45;-0.895;1.135
06/03/2024 07:00:00;0.0;40.45;0.9;-0.78;1.17
06/03/2024 07:30:00;0.0;40.900000000000006;0.91;0.43999999999999995;1.17
06/03/2024 08:00:00;0.0;41.35;0.92;1.66;1.17
06/03/2024 08:30:00;0.0;77.305;1.725;2.545;1.5499999999999998
06/03/2024 09:00:00;0.0;113.26;2.53;3.43;1.93
06/03/2024 09:30:00;0.0;125.39500000000001;2.8;4.005;2.45
06/03/2024 10:00:00;0.0;137.53;3.07;4.58;2.97
06/03/2024 10:30:00;103.085;220.91000000000003;5.775;5.01;3.175
06/03/2024 11:00:00;206.17;304.29;8.48;5.44;3.38
06/03/2024 11:30:00;121.60499999999999;277.73;7.205;5.605;3.38
06/03/2024 12:00:00;37.04;251.17;5.93;5.77;3.38
06/03/2024 12:30:00;25.82;227.89499999999998;5.3149999999999995;5.904999999999999;3.38
06/03/2024 13:00:00;14.6;204.62;4.7;6.04;3.38
06/03/2024 13:30:00;7.3;153.55;3.495;5.9399999999999995;3.31
06/03/2024 14:00:00;0.0;102.48;2.29;5.84;3.24
06/03/2024 14:30:00;0.0;85.4;1.9100000000000001;5.92;3.55
06/03/2024 15:00:00;0.0;68.32;1.53;6.0;3.86
06/03/2024 15:30:00;1.93;62.765;1.42;5.66;3.415
06/03/2024 16:00:00;3.86;57.21;1.31;5.32;2.97
06/03/2024 16:30:00;1.93;28.605;0.655;4.800000000000001;2.795
06/03/2024 17:00:00;0.0;0.0;0.0;4.28;2.62
06/03/2024 17:30:00;0.0;0.0;0.0;3.725;2.55
06/03/2024 18:00:00;0.0;0.0;0.0;3.17;2.48
06/03/2024 18:30:00;0.0;0.0;0.0;2.66;2.035
06/03/2024 19:00:00;0.0;0.0;0.0;2.15;1.59
06/03/2024 19:30:00;0.0;0.0;0.0;1.595;1.59
06/03/2024 20:00:00;0.0;0.0;0.0;1.04;1.59
06/03/2024 20:30:00;0.0;0.0;0.0;0.5800000000000001;1.625
06/03/2024 21:00:00;0.0;0.0;0.0;0.12;1.66
06/03/2024 21:30:00;0.0;0.0;0.0;-0.4;1.69
06/03/2024 22:00:00;0.0;0.0;0.0;-0.92;1.72
06/03/2024 22:30:00;0.0;0.0;0.0;-1.08;1.72
06/03/2024 23:00:00;0.0;0.0;0.0;-1.24;1.72
06/03/2024 23:30:00;0.0;0.0;0.0;-1.175;1.69
07/03/2024 00:00:00;0.0;0.0;0.0;-1.11;1.66
07/03/2024 00:30:00;0.0;0.0;0.0;-1.26;1.66
07/03/2024 01:00:00;0.0;0.0;0.0;-1.41;1.66
07/03/2024 01:30:00;0.0;0.0;0.0;-1.3900000000000001;1.66
07/03/2024 02:00:00;0.0;0.0;0.0;-1.37;1.66
07/03/2024 02:30:00;0.0;0.0;0.0;-1.52;1.66
07/03/2024 03:00:00;0.0;0.0;0.0;-1.67;1.66
07/03/2024 03:30:00;0.0;0.0;0.0;-1.8699999999999999;1.66
07/03/2024 04:00:00;0.0;0.0;0.0;-2.07;1.66
07/03/2024 04:30:00;0.0;0.0;0.0;-2.005;1.625
07/03/2024 05:00:00;0.0;0.0;0.0;-1.94;1.59
07/03/2024 05:30:00;0.0;0.0;0.0;-2.09;1.59
07/03/2024 06:00:00;0.0;0.0;0.0;-2.24;1.59
07/03/2024 06:30:00;4.77;30.425;0.715;-1.2750000000000001;1.4500000000000002
07/03/2024 07:00:00;9.54;60.85;1.43;-0.31;1.31
07/03/2024 07:30:00;42.300000000000004;107.67500000000001;2.7249999999999996;0.95;1.4500000000000002
07/03/2024 08:00:00;75.06;154.5;4.02;2.21;1.59
07/03/2024 08:30:00;72.785;183.3;4.664999999999999;2.865;2.0
07/03/2024 09:00:00;70.51;212.1;5.31;3.52;2.41
07/03/2024 09:30:00;86.80000000000001;239.26;6.05;4.1;2.825
07/03/2024 10:00:00;103.09;266.42;6.79;4.68;3.24
07/03/2024 10:30:00;232.25000000000003;284.84000000000003;8.36;5.255;3.8600000000000003
07/03/2024 11:00:00;361.41;303.26;9.93;5.83;4.48
07/03/2024 11:30:00;370.97;302.5;10.01;6.0600000000000005;4.585000000000001
07/03/2024 12:00:00;380.53;301.74;10.09;6.29;4.69
07/03/2024 12:30:00;398.74;283.28499999999997;9.89;6.415;4.795
07/03/2024 13:00:00;416.95;264.83;9.69;6.54;4.9
07/03/2024 13:30:00;222.39499999999998;226.98;7.074999999999999;6.54;4.655
07/03/2024 14:00:00;27.84;189.13;4.46;6.54;4.41
07/03/2024 14:30:00;13.92;135.915;3.1550000000000002;6.25;3.895
07/03/2024 15:00:00;0.0;82.7;1.85;5.96;3.38
07/03/2024 15:30:00;0.0;58.88;1.315;5.7;3.205
07/03/2024 16:00:00;0.0;35.06;0.78;5.44;3.03
07/03/2024 16:30:00;0.0;17.53;0.39;5.065;2.86
07/03/2024 17:00:00;0.0;0.0;0.0;4.69;2.69
07/03/2024 17:30:00;0.0;0.0;0.0;4.195;2.62
07/03/2024 18:00:00;0.0;0.0;0.0;3.7;2.55
07/03/2024 18:30:00;0.0;0.0;0.0;3.395;2.48
07/03/2024 19:00:00;0.0;0.0;0.0;3.09;2.41
07/03/2024 19:30:00;0.0;0.0;0.0;2.7649999999999997;2.4450000000000003
07/03/2024 20:00:00;0.0;0.0;0.0;2.44;2.48
07/03/2024 20:30:00;0.0;0.0;0.0;2.355;2.55
07/03/2024 21:00:00;0.0;0.0;0.0;2.27;2.62
07/03/2024 21:30:00;0.0;0.0;0.0;2.16;2.62
07/03/2024 22:00:00;0.0;0.0;0.0;2.05;2.62
07/03/2024 22:30:00;0.0;0.0;0.0;1.665;2.55
07/03/2024 23:00:00;0.0;0.0;0.0;1.28;2.48
07/03/2024 23:30:00;0.0;0.0;0.0;0.79;2.31
08/03/2024 00:00:00;0.0;0.0;0.0;0.3;2.14
08/03/2024 00:30:00;0.0;0.0;0.0;-0.21500000000000002;1.965
08/03/2024 01:00:00;0.0;0.0;0.0;-0.73;1.79
08/03/2024 01:30:00;0.0;0.0;0.0;-0.87;1.69
08/03/2024 02:00:00;0.0;0.0;0.0;-1.01;1.59
08/03/2024 02:30:00;0.0;0.0;0.0;-0.985;1.4849999999999999
08/03/2024 03:00:00;0.0;0.0;0.0;-0.96;1.38
08/03/2024 03:30:00;0.0;0.0;0.0;-0.87;1.415
08/03/2024 04:00:00;0.0;0.0;0.0;-0.78;1.45
08/03/2024 04:30:00;0.0;0.0;0.0;-0.55;1.52
08/03/2024 05:00:00;0.0;0.0;0.0;-0.32;1.59
08/03/2024 05:30:00;0.0;0.0;0.0;-0.04999999999999999;1.69
08/03/2024 06:00:00;0.0;0.0;0.0;0.22;1.79
08/03/2024 06:30:00;18.63;37.905;0.975;1.165;2.065
08/03/2024 07:00:00;37.26;75.81;1.95;2.11;2.34
08/03/2024 07:30:00;59.89;115.655;3.035;3.3149999999999995;3.135
08/03/2024 08:00:00;82.52;155.5;4.12;4.52;3.93
08/03/2024 08:30:00;75.375;182.975;4.695;5.25;4.515
08/03/2024 09:00:00;68.23;210.45;5.27;5.98;5.1
08/03/2024 09:30:00;106.84;241.82;6.295;6.58;5.31
08/03/2024 10:00:00;145.45;273.19;7.32;7.18;5.52
08/03/2024 10:30:00;101.30499999999999;269.46500000000003;6.875;7.6499999999999995;5.555
08/03/2024 11:00:00;57.16;265.74;6.43;8.12;5.59
08/03/2024 11:30:00;168.28500000000003;285.78499999999997;7.835;8.67;5.59
08/03/2024 12:00:00;279.41;305.83;9.24;9.22;5.59
08/03/2024 12:30:00;201.21;288.28999999999996;8.155000000000001;9.815000000000001;5.3100000000000005
08/03/2024 13:00:00;123.01;270.75;7.07;10.41;5.03
08/03/2024 13:30:00;205.925;248.51;7.325;10.395;5.1
08/03/2024 14:00:00;288.84;226.27;7.58;10.38;5.17
08/03/2024 14:30:00;144.42;154.035;4.705;10.785;5.035
08/03/2024 15:00:00;0.0;81.8;1.83;11.19;4.9
08/03/2024 15:30:00;0.0;53.035;1.185;10.745000000000001;5.140000000000001
08/03/2024 16:00:00;0.0;24.27;0.54;10.3;5.38
08/03/2024 16:30:00;0.0;12.135;0.27;10.0;5.3100000000000005
08/03/2024 17:00:00;0.0;0.0;0.0;9.7;5.24
08/03/2024 17:30:00;0.0;0.0;0.0;9.594999999999999;5.515000000000001
08/03/2024 18:00:00;0.0;0.0;0.0;9.49;5.79
08/03/2024 18:30:00;0.0;0.0;0.0;9.71;5.825
08/03/2024 19:00:00;0.0;0.0;0.0;9.93;5.86
08/03/2024 19:30:00;0.0;0.0;0.0;9.95;5.655
08/03/2024 20:00:00;0.0;0.0;0.0;9.97;5.45
08/03/2024 20:30:00;0.0;0.0;0.0;9.98;5.415
08/03/2024 21:00:00;0.0;0.0;0.0;9.99;5.38
08/03/2024 21:30:00;0.0;0.0;0.0;9.86;5.205
08/03/2024 22:00:00;0.0;0.0;0.0;9.73;5.03
08/03/2024 22:30:00;0.0;0.0;0.0;9.77;5.3100000000000005
08/03/2024 23:00:00;0.0;0.0;0.0;9.81;5.59
08/03/2024 23:30:00;0.0;0.0;0.0;9.935;6.105
09/03/2024 00:00:00;0.0;0.0;0.0;10.06;6.62
09/03/2024 00:30:00;0.0;0.0;0.0;10.035;7.035
09/03/2024 01:00:00;0.0;0.0;0.0;10.01;7.45
09/03/2024 01:30:00;0.0;0.0;0.0;9.76;7.52
09/03/2024 02:00:00;0.0;0.0;0.0;9.51;7.59
09/03/2024 02:30:00;0.0;0.0;0.0;9.175;7.415
09/03/2024 03:00:00;0.0;0.0;0.0;8.84;7.24
09/03/2024 03:30:00;0.0;0.0;0.0;8.635;6.76
09/03/2024 04:00:00;0.0;0.0;0.0;8.43;6.28
09/03/2024 04:30:00;0.0;0.0;0.0;8.215;5.9350000000000005
09/03/2024 05:00:00;0.0;0.0;0.0;8.0;5.59
09/03/2024 05:30:00;0.0;0.0;0.0;7.885;5.38
09/03/2024 06:00:00;0.0;0.0;0.0;7.77;5.17
09/03/2024 06:30:00;54.59;41.505;1.335;7.89;5.24
09/03/2024 07:00:00;109.18;83.01;2.67;8.01;5.31
09/03/2024 07:30:00;111.125;122.82;3.605;8.055;5.24
09/03/2024 08:00:00;113.07;162.63;4.54;8.1;5.17
09/03/2024 08:30:00;85.505;185.48000000000002;4.845000000000001;8.415;5.17
09/03/2024 09:00:00;57.94;208.33;5.15;8.73;5.17
09/03/2024 09:30:00;28.97;171.585;4.08;9.195;5.24
09/03/2024 10:00:00;0.0;134.84;3.01;9.66;5.31
09/03/2024 10:30:00;85.925;219.06;5.625;10.01;5.14
09/03/2024 11:00:00;171.85;303.28;8.24;10.36;4.97
09/03/2024 11:30:00;210.45999999999998;305.75;8.64;10.614999999999998;4.76
09/03/2024 12:00:00;249.07;308.22;9.04;10.87;4.55
09/03/2024 12:30:00;497.135;226.96;10.309999999999999;11.35;4.445
09/03/2024 13:00:00;745.2;145.7;11.58;11.83;4.34
09/03/2024 13:30:00;687.01;134.315;10.615;12.455;4.654999999999999
09/03/2024 14:00:00;628.82;122.93;9.65;13.08;4.97
09/03/2024 14:30:00;499.45500000000004;122.76;8.01;13.11;4.3149999999999995
09/03/2024 15:00:00;370.09;122.59;6.37;13.14;3.66
09/03/2024 15:30:00;277.275;98.47;4.795;13.06;3.14
09/03/2024 16:00:00;184.46;74.35;3.22;12.98;2.62
09/03/2024 16:30:00;92.23;38.525;1.6400000000000001;12.39;2.275
09/03/2024 17:00:00;0.0;2.7;0.06;11.8;1.93
09/03/2024 17:30:00;0.0;1.35;0.03;10.855;1.9649999999999999
09/03/2024 18:00:00;0.0;0.0;0.0;9.91;2.0
09/03/2024 18:30:00;0.0;0.0;0.0;9.52;2.45
09/03/2024 19:00:00;0.0;0.0;0.0;9.13;2.9
09/03/2024 19:30:00;0.0;0.0;0.0;8.9;2.965
09/03/2024 20:00:00;0.0;0.0;0.0;8.67;3.03
09/03/2024 20:30:00;0.0;0.0;0.0;8.3;2.79
09/03/2024 21:00:00;0.0;0.0;0.0;7.93;2.55
09/03/2024 21:30:00;0.0;0.0;0.0;7.369999999999999;2.17
09/03/2024 22:00:00;0.0;0.0;0.0;6.81;1.79
09/03/2024 22:30:00;0.0;0.0;0.0;6.4;1.8250000000000002
09/03/2024 23:00:00;0.0;0.0;0.0;5.99;1.86
09/03/2024 23:30:00;0.0;0.0;0.0;6.88;2.62
10/03/2024 00:00:00;0.0;0.0;0.0;7.77;3.38
10/03/2024 00:30:00;0.0;0.0;0.0;8.205;4.0
10/03/2024 01:00:00;0.0;0.0;0.0;8.64;4.62
10/03/2024 01:30:00;0.0;0.0;0.0;8.75;4.795
10/03/2024 02:00:00;0.0;0.0;0.0;8.86;4.97
10/03/2024 02:30:00;0.0;0.0;0.0;8.875;5.0
10/03/2024 03:00:00;0.0;0.0;0.0;8.89;5.03
10/03/2024 03:30:00;0.0;0.0;0.0;8.780000000000001;4.79
10/03/2024 04:00:00;0.0;0.0;0.0;8.67;4.55
10/03/2024 04:30:00;0.0;0.0;0.0;8.58;4.55
10/03/2024 05:00:00;0.0;0.0;0.0;8.49;4.55
10/03/2024 05:30:00;0.0;0.9;0.02;8.280000000000001;4.6899999999999995
10/03/2024 06:00:00;0.0;1.8;0.04;8.07;4.83
10/03/2024 06:30:00;46.25;44.045;1.335;8.065000000000001;5.245
10/03/2024 07:00:00;92.5;86.29;2.63;8.06;5.66
10/03/2024 07:30:00;90.58500000000001;124.035;3.485;8.025;5.6899999999999995
10/03/2024 08:00:00;88.67;161.78;4.34;7.99;5.72
10/03/2024 08:30:00;124.88;197.215;5.455;8.129999999999999;5.895
10/03/2024 09:00:00;161.09;232.65;6.57;8.27;6.07
10/03/2024 09:30:00;116.75;245.265;6.48;7.9399999999999995;6.035
10/03/2024 10:00:00;72.41;257.88;6.39;7.61;6.0
10/03/2024 10:30:00;36.205;208.04500000000002;4.965;7.4399999999999995;6.24
10/03/2024 11:00:00;0.0;158.21;3.54;7.27;6.48
10/03/2024 11:30:00;0.0;166.3;3.7199999999999998;7.23;6.79
10/03/2024 12:00:00;0.0;174.39;3.9;7.19;7.1
10/03/2024 12:30:00;0.0;166.75;3.73;6.965;7.205
10/03/2024 13:00:00;0.0;159.11;3.56;6.74;7.31
10/03/2024 13:30:00;0.0;113.715;2.545;6.62;7.414999999999999
10/03/2024 14:00:00;0.0;68.32;1.53;6.5;7.52
10/03/2024 14:30:00;7.38;99.60499999999999;2.29;6.71;7.52
10/03/2024 15:00:00;14.76;130.89;3.05;6.92;7.52
10/03/2024 15:30:00;7.38;90.16499999999999;2.08;6.67;7.484999999999999
10/03/2024 16:00:00;0.0;49.44;1.11;6.42;7.45
10/03/2024 16:30:00;0.0;25.169999999999998;0.5650000000000001;6.015000000000001;7.52
10/03/2024 17:00:00;0.0;0.9;0.02;5.61;7.59
10/03/2024 17:30:00;0.0;0.45;0.01;5.305;7.245
10/03/2024 18:00:00;0.0;0.0;0.0;5.0;6.9
10/03/2024 18:30:00;0.0;0.0;0.0;4.845000000000001;6.69
10/03/2024 19:00:00;0.0;0.0;0.0;4.69;6.48
10/03/2024 19:30:00;0.0;0.0;0.0;4.37;6.07
10/03/2024 20:00:00;0.0;0.0;0.0;4.05;5.66
10/03/2024 20:30:00;0.0;0.0;0.0;3.835;5.21
10/03/2024 21:00:00;0.0;0.0;0.0;3.62;4.76
10/03/2024 21:30:00;0.0;0.0;0.0;3.41;4.38
10/03/2024 22:00:00;0.0;0.0;0.0;3.2;4.0
10/03/2024 22:30:00;0.0;0.0;0.0;3.005;3.6550000000000002
10/03/2024 23:00:00;0.0;0.0;0.0;2.81;3.31
10/03/2024 23:30:00;0.0;0.0;0.0;2.635;2.965
11/03/2024 00:00:00;0.0;0.0;0.0;2.46;2.62
11/03/2024 00:30:00;0.0;0.0;0.0;2.425;2.275
11/03/2024 01:00:00;0.0;0.0;0.0;2.39;1.93
11/03/2024 01:30:00;0.0;0.0;0.0;2.3200000000000003;1.6549999999999998
11/03/2024 02:00:00;0.0;0.0;0.0;2.25;1.38
11/03/2024 02:30:00;0.0;0.0;0.0;2.05;1.345
11/03/2024 03:00:00;0.0;0.0;0.0;1.85;1.31
11/03/2024 03:30:00;0.0;0.0;0.0;1.81;1.415
11/03/2024 04:00:00;0.0;0.0;0.0;1.77;1.52
11/03/2024 04:30:00;0.0;0.0;0.0;1.51;1.4849999999999999
11/03/2024 05:00:00;0.0;0.0;0.0;1.25;1.45
11/03/2024 05:30:00;0.0;1.35;0.03;1.085;1.175
11/03/2024 06:00:00;0.0;2.7;0.06;0.92;0.9
11/03/2024 06:30:00;2.61;32.725;0.7549999999999999;0.8200000000000001;0.865
11/03/2024 07:00:00;5.22;62.75;1.45;0.72;0.83
11/03/2024 07:30:00;2.61;70.925;1.6099999999999999;0.95;1.105
11/03/2024 08:00:00;0.0;79.1;1.77;1.18;1.38
11/03/2024 08:30:00;22.13;143.25;3.3949999999999996;1.43;1.38
11/03/2024 09:00:00;44.26;207.4;5.02;1.68;1.38
11/03/2024 09:30:00;140.08;247.76;6.77;2.025;1.31
11/03/2024 10:00:00;235.9;288.12;8.52;2.37;1.24
11/03/2024 10:30:00;334.835;290.25;9.594999999999999;2.8600000000000003;1.07
11/03/2024 11:00:00;433.77;292.38;10.67;3.35;0.9
11/03/2024 11:30:00;317.15999999999997;302.52;9.705;3.7350000000000003;0.655
11/03/2024 12:00:00;200.55;312.66;8.74;4.12;0.41
11/03/2024 12:30:00;330.67;283.85;9.475000000000001;4.645;0.375
11/03/2024 13:00:00;460.79;255.04;10.21;5.17;0.34
11/03/2024 13:30:00;267.53;238.63;7.91;5.595;0.55
11/03/2024 14:00:00;74.27;222.22;5.61;6.02;0.76
11/03/2024 14:30:00;79.275;194.31;5.015000000000001;6.14;0.895
11/03/2024 15:00:00;84.28;166.4;4.42;6.26;1.03
11/03/2024 15:30:00;91.605;129.1;3.625;6.199999999999999;1.1
11/03/2024 16:00:00;98.93;91.8;2.83;6.14;1.17
11/03/2024 16:30:00;49.465;46.8;1.435;5.9399999999999995;0.7899999999999999
11/03/2024 17:00:00;0.0;1.8;0.04;5.74;0.41
11/03/2024 17:30:00;0.0;0.9;0.02;5.375;0.5499999999999999
11/03/2024 18:00:00;0.0;0.0;0.0;5.01;0.69
11/03/2024 18:30:00;0.0;0.0;0.0;4.33;0.725
11/03/2024 19:00:00;0.0;0.0;0.0;3.65;0.76
11/03/2024 19:30:00;0.0;0.0;0.0;3.44;0.8300000000000001
11/03/2024 20:00:00;0.0;0.0;0.0;3.23;0.9
11/03/2024 20:30:00;0.0;0.0;0.0;3.115;0.9
11/03/2024 21:00:00;0.0;0.0;0.0;3.0;0.9
11/03/2024 21:30:00;0.0;0.0;0.0;2.9299999999999997;0.9
11/03/2024 22:00:00;0.0;0.0;0.0;2.86;0.9
11/03/2024 22:30:00;0.0;0.0;0.0;2.7800000000000002;0.935
11/03/2024 23:00:00;0.0;0.0;0.0;2.7;0.97
11/03/2024 23:30:00;0.0;0.0;0.0;2.73;1.0699999999999998
12/03/2024 00:00:00;0.0;0.0;0.0;2.76;1.17
12/03/2024 00:30:00;0.0;0.0;0.0;2.755;1.31
12/03/2024 01:00:00;0.0;0.0;0.0;2.75;1.45
12/03/2024 01:30:00;0.0;0.0;0.0;2.8600000000000003;1.45
12/03/2024 02:00:00;0.0;0.0;0.0;2.97;1.45
12/03/2024 02:30:00;0.0;0.0;0.0;2.725;1.45
12/03/2024 03:00:00;0.0;0.0;0.0;2.48;1.45
12/03/2024 03:30:00;0.0;0.0;0.0;2.6100000000000003;1.415
12/03/2024 04:00:00;0.0;0.0;0.0;2.74;1.38
12/03/2024 04:30:00;0.0;0.0;0.0;2.755;1.415
12/03/2024 05:00:00;0.0;0.0;0.0;2.77;1.45
12/03/2024 05:30:00;0.0;0.9;0.02;3.075;1.895
12/03/2024 06:00:00;0.0;1.8;0.04;3.38;2.34
12/03/2024 06:30:00;32.375;46.434999999999995;1.295;4.4350000000000005;2.5149999999999997
12/03/2024 07:00:00;64.75;91.07;2.55;5.49;2.69
12/03/2024 07:30:00;71.64;128.58499999999998;3.465;6.205;2.86
12/03/2024 08:00:00;78.53;166.1;4.38;6.92;3.03
12/03/2024 08:30:00;46.315;174.04500000000002;4.29;7.17;2.965
12/03/2024 09:00:00;14.1;181.99;4.2;7.42;2.9
12/03/2024 09:30:00;10.15;188.97;4.32;8.0;3.1399999999999997
12/03/2024 10:00:00;6.2;195.95;4.44;8.58;3.38
12/03/2024 10:30:00;316.54499999999996;217.245;8.200000000000001;9.17;3.52
12/03/2024 11:00:00;626.89;238.54;11.96;9.76;3.66
12/03/2024 11:30:00;526.52;267.875;11.345;10.27;4.07
12/03/2024 12:00:00;426.15;297.21;10.73;10.78;4.48
12/03/2024 12:30:00;525.5;249.70999999999998;10.99;11.035;4.585000000000001
12/03/2024 13:00:00;624.85;202.21;11.25;11.29;4.69
12/03/2024 13:30:00;615.53;169.52;10.54;11.495;4.725
12/03/2024 14:00:00;606.21;136.83;9.83;11.7;4.76
12/03/2024 14:30:00;377.6;155.04500000000002;7.5;11.73;4.449999999999999
12/03/2024 15:00:00;148.99;173.26;5.17;11.76;4.14
12/03/2024 15:30:00;123.83500000000001;133.31;4.03;11.605;3.8649999999999998
12/03/2024 16:00:00;98.68;93.36;2.89;11.45;3.59
12/03/2024 16:30:00;49.34;50.725;1.5350000000000001;11.02;3.2800000000000002
12/03/2024 17:00:00;0.0;8.09;0.18;10.59;2.97
12/03/2024 17:30:00;0.0;4.045;0.09;9.905000000000001;2.625
12/03/2024 18:00:00;0.0;0.0;0.0;9.22;2.28
12/03/2024 18:30:00;0.0;0.0;0.0;8.77;2.38
12/03/2024 19:00:00;0.0;0.0;0.0;8.32;2.48
12/03/2024 19:30:00;0.0;0.0;0.0;7.68;2.4450000000000003
12/03/2024 20:00:00;0.0;0.0;0.0;7.04;2.41
12/03/2024 20:30:00;0.0;0.0;0.0;6.404999999999999;2.31
12/03/2024 21:00:00;0.0;0.0;0.0;5.77;2.21
12/03/2024 21:30:00;0.0;0.0;0.0;5.5;2.21
12/03/2024 22:00:00;0.0;0.0;0.0;5.23;2.21
12/03/2024 22:30:00;0.0;0.0;0.0;5.220000000000001;2.175
12/03/2024 23:00:00;0.0;0.0;0.0;5.21;2.14
12/03/2024 23:30:00;0.0;0.0;0.0;5.255;2.14
13/03/2024 00:00:00;0.0;0.0;0.0;5.3;2.14
13/03/2024 00:30:00;0.0;0.0;0.0;5.425;2.14
13/03/2024 01:00:00;0.0;0.0;0.0;5.55;2.14
13/03/2024 01:30:00;0.0;0.0;0.0;6.115;2.2750000000000004
13/03/2024 02:00:00;0.0;0.0;0.0;6.68;2.41
13/03/2024 02:30:00;0.0;0.0;0.0;6.99;2.4450000000000003
13/03/2024 03:00:00;0.0;0.0;0.0;7.3;2.48
13/03/2024 03:30:00;0.0;0.0;0.0;7.779999999999999;2.6550000000000002
13/03/2024 04:00:00;0.0;0.0;0.0;8.26;2.83
13/03/2024 04:30:00;0.0;0.0;0.0;8.615;2.865
13/03/2024 05:00:00;0.0;0.0;0.0;8.97;2.9
13/03/2024 05:30:00;0.0;2.695;0.06;9.27;2.9
13/03/2024 06:00:00;0.0;5.39;0.12;9.57;2.9
13/03/2024 06:30:00;45.07;48.99;1.475;9.870000000000001;3.0
13/03/2024 07:00:00;90.14;92.59;2.83;10.17;3.1
13/03/2024 07:30:00;213.755;113.815;4.65;10.695;3.035
13/03/2024 08:00:00;337.37;135.04;6.47;11.22;2.97
13/03/2024 08:30:00;433.49;147.85;7.92;12.485;2.83
13/03/2024 09:00:00;529.61;160.66;9.37;13.75;2.69
13/03/2024 09:30:00;521.085;199.175;9.989999999999998;14.8;2.895
13/03/2024 10:00:00;512.56;237.69;10.61;15.85;3.1
13/03/2024 10:30:00;668.805;193.285;11.815;16.794999999999998;3.41
13/03/2024 11:00:00;825.05;148.88;13.02;17.74;3.72
13/03/2024 11:30:00;745.305;182.935;12.58;18.479999999999997;4.17
13/03/2024 12:00:00;665.56;216.99;12.14;19.22;4.62
13/03/2024 12:30:00;579.05;230.41500000000002;11.315000000000001;19.59;4.585
13/03/2024 13:00:00;492.54;243.84;10.49;19.96;4.55
13/03/2024 13:30:00;420.20500000000004;232.125;9.405000000000001;20.16;4.585
13/03/2024 14:00:00;347.87;220.41;8.32;20.36;4.62
13/03/2024 14:30:00;337.055;180.195;7.375;20.244999999999997;4.38
13/03/2024 15:00:00;326.24;139.98;6.43;20.13;4.14
13/03/2024 15:30:00;202.33;116.38;4.58;19.67;3.485
13/03/2024 16:00:00;78.42;92.78;2.73;19.21;2.83
13/03/2024 16:30:00;40.395;50.89;1.475;18.195;2.175
13/03/2024 17:00:00;2.37;9.0;0.22;17.18;1.52
13/03/2024 17:30:00;1.185;4.5;0.11;15.715;1.415
13/03/2024 18:00:00;0.0;0.0;0.0;14.25;1.31
13/03/2024 18:30:00;0.0;0.0;0.0;13.5;2.24
13/03/2024 19:00:00;0.0;0.0;0.0;12.75;3.17
13/03/2024 19:30:00;0.0;0.0;0.0;12.48;3.725
13/03/2024 20:00:00;0.0;0.0;0.0;12.21;4.28
13/03/2024 20:30:00;0.0;0.0;0.0;12.155000000000001;4.07
13/03/2024 21:00:00;0.0;0.0;0.0;12.1;3.86
13/03/2024 21:30:00;0.0;0.0;0.0;11.805;3.48
13/03/2024 22:00:00;0.0;0.0;0.0;11.51;3.1
13/03/2024 22:30:00;0.0;0.0;0.0;11.125;3.0
13/03/2024 23:00:00;0.0;0.0;0.0;10.74;2.9
13/03/2024 23:30:00;0.0;0.0;0.0;10.465;3.7249999999999996
14/03/2024 00:00:00;0.0;0.0;0.0;10.19;4.55
14/03/2024 00:30:00;0.0;0.0;0.0;9.745000000000001;4.515000000000001
14/03/2024 01:00:00;0.0;0.0;0.0;9.3;4.48
14/03/2024 01:30:00;0.0;0.0;0.0;9.030000000000001;4.48
14/03/2024 02:00:00;0.0;0.0;0.0;8.76;4.48
14/03/2024 02:30:00;0.0;0.0;0.0;8.530000000000001;4.41
14/03/2024 03:00:00;0.0;0.0;0.0;8.3;4.34
14/03/2024 03:30:00;0.0;0.0;0.0;8.190000000000001;4.135
14/03/2024 04:00:00;0.0;0.0;0.0;8.08;3.93
14/03/2024 04:30:00;0.0;0.0;0.0;8.08;3.895
14/03/2024 05:00:00;0.0;0.0;0.0;8.08;3.86
14/03/2024 05:30:00;2.17;6.3;0.16;7.955;3.9299999999999997
14/03/2024 06:00:00;4.34;12.6;0.32;7.83;4.0
14/03/2024 06:30:00;2.17;23.379999999999995;0.54;8.105;4.140000000000001
14/03/2024 07:00:00;0.0;34.16;0.76;8.38;4.28
14/03/2024 07:30:00;18.005;94.73;2.2800000000000002;8.83;4.485
14/03/2024 08:00:00;36.01;155.3;3.8;9.28;4.69
14/03/2024 08:30:00;78.82499999999999;197.985;5.135;9.149999999999999;5.345000000000001
14/03/2024 09:00:00;121.64;240.67;6.47;9.02;6.0
14/03/2024 09:30:00;73.81;238.43;6.0;8.625;6.17
14/03/2024 10:00:00;25.98;236.19;5.53;8.23;6.34
14/03/2024 10:30:00;60.209999999999994;267.485;6.535;7.925000000000001;6.445
14/03/2024 11:00:00;94.44;298.78;7.54;7.62;6.55
14/03/2024 11:30:00;281.8;294.275;9.355;7.495;5.965
14/03/2024 12:00:00;469.16;289.77;11.17;7.37;5.38
14/03/2024 12:30:00;251.39000000000001;266.83;8.469999999999999;7.775;5.585
14/03/2024 13:00:00;33.62;243.89;5.77;8.18;5.79
14/03/2024 13:30:00;279.35;206.75;7.6499999999999995;8.225;5.585
14/03/2024 14:00:00;525.08;169.61;9.53;8.27;5.38
14/03/2024 14:30:00;373.71500000000003;169.52;7.709999999999999;8.325;4.93
14/03/2024 15:00:00;222.35;169.43;5.89;8.38;4.48
14/03/2024 15:30:00;216.76;122.57;4.845;7.865;4.41
14/03/2024 16:00:00;211.17;75.71;3.8;7.35;4.34
14/03/2024 16:30:00;105.585;40.099999999999994;1.95;7.119999999999999;4.41
14/03/2024 17:00:00;0.0;4.49;0.1;6.89;4.48
14/03/2024 17:30:00;0.0;2.245;0.05;6.369999999999999;4.345000000000001
14/03/2024 18:00:00;0.0;0.0;0.0;5.85;4.21
14/03/2024 18:30:00;0.0;0.0;0.0;5.465;3.725
14/03/2024 19:00:00;0.0;0.0;0.0;5.08;3.24
14/03/2024 19:30:00;0.0;0.0;0.0;4.79;3.345
14/03/2024 20:00:00;0.0;0.0;0.0;4.5;3.45
14/03/2024 20:30:00;0.0;0.0;0.0;4.335;3.31
14/03/2024 21:00:00;0.0;0.0;0.0;4.17;3.17
14/03/2024 21:30:00;0.0;0.0;0.0;4.005;3.31
14/03/2024 22:00:00;0.0;0.0;0.0;3.84;3.45
14/03/2024 22:30:00;0.0;0.0;0.0;3.61;3.38
14/03/2024 23:00:00;0.0;0.0;0.0;3.38;3.31
14/03/2024 23:30:00;0.0;0.0;0.0;3.315;3.14
15/03/2024 00:00:00;0.0;0.0;0.0;3.25;2.97
15/03/2024 00:30:00;0.0;0.0;0.0;3.075;2.795
15/03/2024 01:00:00;0.0;0.0;0.0;2.9;2.62
15/03/2024 01:30:00;0.0;0.0;0.0;2.7199999999999998;2.48
15/03/2024 02:00:00;0.0;0.0;0.0;2.54;2.34
15/03/2024 02:30:00;0.0;0.0;0.0;2.3049999999999997;2.1
15/03/2024 03:00:00;0.0;0.0;0.0;2.07;1.86
15/03/2024 03:30:00;0.0;0.0;0.0;1.9;1.8250000000000002
15/03/2024 04:00:00;0.0;0.0;0.0;1.73;1.79
15/03/2024 04:30:00;0.0;0.0;0.0;1.5150000000000001;1.725
15/03/2024 05:00:00;0.0;0.0;0.0;1.3;1.66
15/03/2024 05:30:00;2.005;7.64;0.19;1.145;1.625
15/03/2024 06:00:00;4.01;15.28;0.38;0.99;1.59
15/03/2024 06:30:00;116.77000000000001;45.205;2.2199999999999998;0.73;1.3450000000000002
15/03/2024 07:00:00;229.53;75.13;4.06;0.47;1.1
15/03/2024 07:30:00;346.955;89.41;5.83;1.49;1.38
15/03/2024 08:00:00;464.38;103.69;7.6;2.51;1.66
15/03/2024 08:30:00;567.2950000000001;112.1;9.105;3.42;1.9699999999999998
15/03/2024 09:00:00;670.21;120.51;10.61;4.33;2.28
15/03/2024 09:30:00;743.1800000000001;126.43;11.684999999999999;5.09;2.3099999999999996
15/03/2024 10:00:00;816.15;132.35;12.76;5.85;2.34
15/03/2024 10:30:00;822.65;148.685;13.125;6.515;2.5149999999999997
15/03/2024 11:00:00;829.15;165.02;13.49;7.18;2.69
15/03/2024 11:30:00;845.8;157.78500000000003;13.59;7.5649999999999995;2.895
15/03/2024 12:00:00;862.45;150.55;13.69;7.95;3.1
15/03/2024 12:30:00;789.26;162.21;12.915;8.07;3.035
15/03/2024 13:00:00;716.07;173.87;12.14;8.19;2.97
15/03/2024 13:30:00;565.69;195.285;10.620000000000001;8.36;3.0
15/03/2024 14:00:00;415.31;216.7;9.1;8.53;3.03
15/03/2024 14:30:00;432.945;162.48;8.3;8.5;2.825
15/03/2024 15:00:00;450.58;108.26;7.5;8.47;2.62
15/03/2024 15:30:00;299.195;101.215;5.5;8.345;2.275
15/03/2024 16:00:00;147.81;94.17;3.5;8.22;1.93
15/03/2024 16:30:00;76.94500000000001;54.725;1.95;7.955;1.5150000000000001
15/03/2024 17:00:00;6.08;15.28;0.4;7.69;1.1
15/03/2024 17:30:00;3.04;7.64;0.2;7.41;0.8250000000000001
15/03/2024 18:00:00;0.0;0.0;0.0;7.13;0.55
15/03/2024 18:30:00;0.0;0.0;0.0;6.529999999999999;0.69
15/03/2024 19:00:00;0.0;0.0;0.0;5.93;0.83
15/03/2024 19:30:00;0.0;0.0;0.0;5.5;0.8999999999999999
15/03/2024 20:00:00;0.0;0.0;0.0;5.07;0.97
15/03/2024 20:30:00;0.0;0.0;0.0;4.295;1.0
15/03/2024 21:00:00;0.0;0.0;0.0;3.52;1.03
15/03/2024 21:30:00;0.0;0.0;0.0;3.0949999999999998;1.03
15/03/2024 22:00:00;0.0;0.0;0.0;2.67;1.03
15/03/2024 22:30:00;0.0;0.0;0.0;2.41;1.0
15/03/2024 23:00:00;0.0;0.0;0.0;2.15;0.97
15/03/2024 23:30:00;0.0;0.0;0.0;1.995;0.97
16/03/2024 00:00:00;0.0;0.0;0.0;1.84;0.97
16/03/2024 00:30:00;0.0;0.0;0.0;1.465;1.0350000000000001
16/03/2024 01:00:00;0.0;0.0;0.0;1.09;1.1
16/03/2024 01:30:00;0.0;0.0;0.0;0.9950000000000001;1.065
16/03/2024 02:00:00;0.0;0.0;0.0;0.9;1.03
16/03/2024 02:30:00;0.0;0.0;0.0;0.5900000000000001;1.065
16/03/2024 03:00:00;0.0;0.0;0.0;0.28;1.1
16/03/2024 03:30:00;0.0;0.0;0.0;-0.345;1.275
16/03/2024 04:00:00;0.0;0.0;0.0;-0.97;1.45
16/03/2024 04:30:00;0.0;0.0;0.0;-0.915;1.38
16/03/2024 05:00:00;0.0;0.0;0.0;-0.86;1.31
16/03/2024 05:30:00;1.865;8.535;0.21;-0.665;1.24
16/03/2024 06:00:00;3.73;17.07;0.42;-0.47;1.17
16/03/2024 06:30:00;97.18;51.169999999999995;2.14;-0.13;1.17
16/03/2024 07:00:00;190.63;85.27;3.86;0.21;1.17
16/03/2024 07:30:00;307.32;101.16;5.63;1.935;1.275
16/03/2024 08:00:00;424.01;117.05;7.4;3.66;1.38
16/03/2024 08:30:00;471.635;148.405;8.585;4.74;1.52
16/03/2024 09:00:00;519.26;179.76;9.77;5.82;1.66
16/03/2024 09:30:00;435.855;235.65;9.870000000000001;6.800000000000001;1.795
16/03/2024 10:00:00;352.45;291.54;9.97;7.78;1.93
16/03/2024 10:30:00;590.31;225.84500000000003;11.73;8.605;1.8599999999999999
16/03/2024 11:00:00;828.17;160.15;13.49;9.43;1.79
16/03/2024 11:30:00;802.63;171.285;13.335;10.105;1.755
16/03/2024 12:00:00;777.09;182.42;13.18;10.78;1.72
16/03/2024 12:30:00;600.1800000000001;229.15999999999997;11.815;11.239999999999998;1.72
16/03/2024 13:00:00;423.27;275.9;10.45;11.7;1.72
16/03/2024 13:30:00;432.7;240.77999999999997;9.87;12.02;1.755
16/03/2024 14:00:00;442.13;205.66;9.29;12.34;1.79
16/03/2024 14:30:00;299.93;193.8;7.42;12.475;1.8250000000000002
16/03/2024 15:00:00;157.73;181.94;5.55;12.61;1.86
16/03/2024 15:30:00;126.185;141.6;4.345;12.36;1.725
16/03/2024 16:00:00;94.64;101.26;3.14;12.11;1.59
16/03/2024 16:30:00;47.32;56.025000000000006;1.69;11.42;1.725
16/03/2024 17:00:00;0.0;10.79;0.24;10.73;1.86
16/03/2024 17:30:00;0.0;5.395;0.12;9.65;1.895
16/03/2024 18:00:00;0.0;0.0;0.0;8.57;1.93
16/03/2024 18:30:00;0.0;0.0;0.0;7.43;1.795
16/03/2024 19:00:00;0.0;0.0;0.0;6.29;1.66
16/03/2024 19:30:00;0.0;0.0;0.0;5.35;1.66
16/03/2024 20:00:00;0.0;0.0;0.0;4.41;1.66
16/03/2024 20:30:00;0.0;0.0;0.0;3.92;1.66
16/03/2024 21:00:00;0.0;0.0;0.0;3.43;1.66
16/03/2024 21:30:00;0.0;0.0;0.0;3.245;1.5899999999999999
16/03/2024 22:00:00;0.0;0.0;0.0;3.06;1.52
16/03/2024 22:30:00;0.0;0.0;0.0;2.935;1.4849999999999999
16/03/2024 23:00:00;0.0;0.0;0.0;2.81;1.45
16/03/2024 23:30:00;0.0;0.0;0.0;2.785;1.345
17/03/2024 00:00:00;0.0;0.0;0.0;2.76;1.24
17/03/2024 00:30:00;0.0;0.0;0.0;2.75;1.17
17/03/2024 01:00:00;0.0;0.0;0.0;2.74;1.1
17/03/2024 01:30:00;0.0;0.0;0.0;2.5250000000000004;1.1
17/03/2024 02:00:00;0.0;0.0;0.0;2.31;1.1
17/03/2024 02:30:00;0.0;0.0;0.0;2.15;1.1
17/03/2024 03:00:00;0.0;0.0;0.0;1.99;1.1
17/03/2024 03:30:00;0.0;0.0;0.0;1.8050000000000002;1.1
17/03/2024 04:00:00;0.0;0.0;0.0;1.62;1.1
17/03/2024 04:30:00;0.0;0.0;0.0;1.46;1.065
17/03/2024 05:00:00;0.0;0.0;0.0;1.3;1.03
17/03/2024 05:30:00;0.875;8.535;0.2;1.1600000000000001;1.065
17/03/2024 06:00:00;1.75;17.07;0.4;1.02;1.1
17/03/2024 06:30:00;94.48;52.339999999999996;2.16;1.725;1.0350000000000001
17/03/2024 07:00:00;187.21;87.61;3.92;2.43;0.97
17/03/2024 07:30:00;271.505;115.25;5.495;4.645;0.97
17/03/2024 08:00:00;355.8;142.89;7.07;6.86;0.97
17/03/2024 08:30:00;433.135;162.95;8.43;8.645;1.0350000000000001
17/03/2024 09:00:00;510.47;183.01;9.79;10.43;1.1
17/03/2024 09:30:00;640.345;164.575;11.175;11.780000000000001;1.135
17/03/2024 10:00:00;770.22;146.14;12.56;13.13;1.17
17/03/2024 10:30:00;692.705;198.58499999999998;12.47;14.155000000000001;1.17
17/03/2024 11:00:00;615.19;251.03;12.38;15.18;1.17
17/03/2024 11:30:00;707.78;210.43;12.870000000000001;15.87;1.17
17/03/2024 12:00:00;800.37;169.83;13.36;16.56;1.17
17/03/2024 12:30:00;695.585;196.05;12.45;17.005;1.275
17/03/2024 13:00:00;590.8;222.27;11.54;17.45;1.38
17/03/2024 13:30:00;318.67499999999995;221.62;8.465;17.619999999999997;1.415
17/03/2024 14:00:00;46.55;220.97;5.39;17.79;1.45
17/03/2024 14:30:00;45.995;193.88;4.775;17.735;1.275
17/03/2024 15:00:00;45.44;166.79;4.16;17.68;1.1
17/03/2024 15:30:00;29.689999999999998;125.775;3.0949999999999998;17.369999999999997;0.93
17/03/2024 16:00:00;13.94;84.76;2.03;17.06;0.76
17/03/2024 16:30:00;6.97;47.325;1.125;16.085;0.93
17/03/2024 17:00:00;0.0;9.89;0.22;15.11;1.1
17/03/2024 17:30:00;0.0;4.945;0.11;13.915;1.24
17/03/2024 18:00:00;0.0;0.0;0.0;12.72;1.38
17/03/2024 18:30:00;0.0;0.0;0.0;12.955;1.205
17/03/2024 19:00:00;0.0;0.0;0.0;13.19;1.03
17/03/2024 19:30:00;0.0;0.0;0.0;12.61;1.065
17/03/2024 20:00:00;0.0;0.0;0.0;12.03;1.1
17/03/2024 20:30:00;0.0;0.0;0.0;11.48;1.1
17/03/2024 21:00:00;0.0;0.0;0.0;10.93;1.1
17/03/2024 21:30:00;0.0;0.0;0.0;10.254999999999999;1.17
17/03/2024 22:00:00;0.0;0.0;0.0;9.58;1.24
17/03/2024 22:30:00;0.0;0.0;0.0;8.685;1.345
17/03/2024 23:00:00;0.0;0.0;0.0;7.79;1.45
17/03/2024 23:30:00;0.0;0.0;0.0;7.385;1.52
18/03/2024 00:00:00;0.0;0.0;0.0;6.98;1.59
18/03/2024 00:30:00;0.0;0.0;0.0;6.655;1.5550000000000002
18/03/2024 01:00:00;0.0;0.0;0.0;6.33;1.52
18/03/2024 01:30:00;0.0;0.0;0.0;6.09;1.45
18/03/2024 02:00:00;0.0;0.0;0.0;5.85;1.38
18/03/2024 02:30:00;0.0;0.0;0.0;5.484999999999999;1.345
18/03/2024 03:00:00;0.0;0.0;0.0;5.12;1.31
18/03/2024 03:30:00;0.0;0.0;0.0;4.58;1.275
18/03/2024 04:00:00;0.0;0.0;0.0;4.04;1.24
18/03/2024 04:30:00;0.0;0.0;0.0;3.71;1.17
18/03/2024 05:00:00;0.0;0.0;0.0;3.38;1.1
18/03/2024 05:30:00;0.0;6.74;0.15;3.09;1.1
18/03/2024 06:00:00;0.0;13.48;0.3;2.8;1.1
18/03/2024 06:30:00;95.775;51.52499999999999;2.1799999999999997;3.9499999999999997;0.9650000000000001
18/03/2024 07:00:00;191.55;89.57;4.06;5.1;0.83
18/03/2024 07:30:00;125.73;133.035;4.289999999999999;6.885;0.7949999999999999
18/03/2024 08:00:00;59.91;176.5;4.52;8.67;0.76
18/03/2024 08:30:00;335.975;159.575;7.495;10.125;0.76
18/03/2024 09:00:00;612.04;142.65;10.47;11.58;0.76
18/03/2024 09:30:00;708.49;138.175;11.685;12.5;0.93
18/03/2024 10:00:00;804.94;133.7;12.9;13.42;1.1
18/03/2024 10:30:00;827.49;142.70499999999998;13.355;14.059999999999999;1.24
18/03/2024 11:00:00;850.04;151.71;13.81;14.7;1.38
18/03/2024 11:30:00;827.0550000000001;160.485;13.65;15.135;1.38
18/03/2024 12:00:00;804.07;169.26;13.49;15.57;1.38
18/03/2024 12:30:00;530.51;236.125;11.379999999999999;15.81;1.31
18/03/2024 13:00:00;256.95;302.99;9.27;16.05;1.24
18/03/2024 13:30:00;201.45499999999998;277.195;8.14;16.125;1.07
18/03/2024 14:00:00;145.96;251.4;7.01;16.2;0.9
18/03/2024 14:30:00;167.38;216.405;6.47;16.205;0.69
18/03/2024 15:00:00;188.8;181.41;5.93;16.21;0.48
18/03/2024 15:30:00;97.44500000000001;129.31;3.86;15.975000000000001;0.585
18/03/2024 16:00:00;6.09;77.21;1.79;15.74;0.69
18/03/2024 16:30:00;4.71;48.019999999999996;1.125;15.06;0.895
18/03/2024 17:00:00;3.33;18.83;0.46;14.38;1.1
18/03/2024 17:30:00;1.665;9.415;0.23;13.755;0.9650000000000001
18/03/2024 18:00:00;0.0;0.0;0.0;13.13;0.83
18/03/2024 18:30:00;0.0;0.0;0.0;13.010000000000002;0.725
18/03/2024 19:00:00;0.0;0.0;0.0;12.89;0.62
18/03/2024 19:30:00;0.0;0.0;0.0;12.265;0.7949999999999999
18/03/2024 20:00:00;0.0;0.0;0.0;11.64;0.97
18/03/2024 20:30:00;0.0;0.0;0.0;9.675;1.315
18/03/2024 21:00:00;0.0;0.0;0.0;7.71;1.66
18/03/2024 21:30:00;0.0;0.0;0.0;7.154999999999999;1.625
18/03/2024 22:00:00;0.0;0.0;0.0;6.6;1.59
18/03/2024 22:30:00;0.0;0.0;0.0;6.39;1.625
18/03/2024 23:00:00;0.0;0.0;0.0;6.18;1.66
18/03/2024 23:30:00;0.0;0.0;0.0;6.08;1.625
19/03/2024 00:00:00;0.0;0.0;0.0;5.98;1.59
19/03/2024 00:30:00;0.0;0.0;0.0;5.615;1.625
19/03/2024 01:00:00;0.0;0.0;0.0;5.25;1.66
19/03/2024 01:30:00;0.0;0.0;0.0;5.445;1.555
19/03/2024 02:00:00;0.0;0.0;0.0;5.64;1.45
19/03/2024 02:30:00;0.0;0.0;0.0;5.625;1.415
19/03/2024 03:00:00;0.0;0.0;0.0;5.61;1.38
19/03/2024 03:30:00;0.0;0.0;0.0;5.33;1.415
19/03/2024 04:00:00;0.0;0.0;0.0;5.05;1.45
19/03/2024 04:30:00;0.0;0.0;0.0;4.98;1.45
19/03/2024 05:00:00;0.0;0.0;0.0;4.91;1.45
19/03/2024 05:30:00;0.78;8.98;0.21;4.9;1.415
19/03/2024 06:00:00;1.56;17.96;0.42;4.89;1.38
19/03/2024 06:30:00;82.235;58.105;2.18;6.13;1.14
19/03/2024 07:00:00;162.91;98.25;3.94;7.37;0.9
19/03/2024 07:30:00;102.945;134.44;4.09;8.68;0.9650000000000001
19/03/2024 08:00:00;42.98;170.63;4.24;9.99;1.03
19/03/2024 08:30:00;34.785;190.79;4.61;10.74;1.5150000000000001
19/03/2024 09:00:00;26.59;210.95;4.98;11.49;2.0
19/03/2024 09:30:00;60.489999999999995;249.13;6.16;11.655000000000001;2.1399999999999997
19/03/2024 10:00:00;94.39;287.31;7.34;11.82;2.28
19/03/2024 10:30:00;81.83500000000001;292.635;7.34;12.09;2.1399999999999997
19/03/2024 11:00:00;69.28;297.96;7.34;12.36;2.0
19/03/2024 11:30:00;50.115;283.625;6.835;12.5;1.895
19/03/2024 12:00:00;30.95;269.29;6.33;12.64;1.79
19/03/2024 12:30:00;18.425;237.07;5.484999999999999;12.58;1.655
19/03/2024 13:00:00;5.9;204.85;4.64;12.52;1.52
19/03/2024 13:30:00;2.95;142.425;3.215;12.405;1.965
19/03/2024 14:00:00;0.0;80.0;1.79;12.29;2.41
19/03/2024 14:30:00;206.065;98.97999999999999;4.635;11.87;2.41
19/03/2024 15:00:00;412.13;117.96;7.48;11.45;2.41
19/03/2024 15:30:00;238.225;111.215;5.2250000000000005;11.19;2.0
19/03/2024 16:00:00;64.32;104.47;2.97;10.93;1.59
19/03/2024 16:30:00;41.599999999999994;62.825;1.8450000000000002;10.625;1.69
19/03/2024 17:00:00;18.88;21.18;0.72;10.32;1.79
19/03/2024 17:30:00;9.44;10.59;0.36;9.775;1.725
19/03/2024 18:00:00;0.0;0.0;0.0;9.23;1.66
19/03/2024 18:30:00;0.0;0.0;0.0;8.715;1.66
19/03/2024 19:00:00;0.0;0.0;0.0;8.2;1.66
19/03/2024 19:30:00;0.0;0.0;0.0;7.795;1.625
19/03/2024 20:00:00;0.0;0.0;0.0;7.39;1.59
19/03/2024 20:30:00;0.0;0.0;0.0;7.045;1.625
19/03/2024 21:00:00;0.0;0.0;0.0;6.7;1.66
19/03/2024 21:30:00;0.0;0.0;0.0;6.3149999999999995;1.66
19/03/2024 22:00:00;0.0;0.0;0.0;5.93;1.66
19/03/2024 22:30:00;0.0;0.0;0.0;5.715;1.555
19/03/2024 23:00:00;0.0;0.0;0.0;5.5;1.45
19/03/2024 23:30:00;0.0;0.0;0.0;5.525;1.415
20/03/2024 00:00:00;0.0;0.0;0.0;5.55;1.38
20/03/2024 00:30:00;0.0;0.0;0.0;5.59;1.345
20/03/2024 01:00:00;0.0;0.0;0.0;5.63;1.31
20/03/2024 01:30:00;0.0;0.0;0.0;5.390000000000001;1.31
20/03/2024 02:00:00;0.0;0.0;0.0;5.15;1.31
20/03/2024 02:30:00;0.0;0.0;0.0;5.165;1.31
20/03/2024 03:00:00;0.0;0.0;0.0;5.18;1.31
20/03/2024 03:30:00;0.0;0.0;0.0;5.295;1.31
20/03/2024 04:00:00;0.0;0.0;0.0;5.41;1.31
20/03/2024 04:30:00;0.0;0.0;0.0;5.51;1.275
20/03/2024 05:00:00;0.0;0.0;0.0;5.61;1.24
20/03/2024 05:30:00;0.745;9.88;0.23;5.635;1.24
20/03/2024 06:00:00;1.49;19.76;0.46;5.66;1.24
20/03/2024 06:30:00;38.23500000000001;66.03;1.8699999999999999;6.27;1.205
20/03/2024 07:00:00;74.98;112.3;3.28;6.88;1.17
20/03/2024 07:30:00;49.225;137.525;3.58;7.165;1.275
20/03/2024 08:00:00;23.47;162.75;3.88;7.45;1.38
20/03/2024 08:30:00;142.89;209.665;6.140000000000001;7.845000000000001;1.1749999999999998
20/03/2024 09:00:00;262.31;256.58;8.4;8.24;0.97
20/03/2024 09:30:00;142.875;251.48;7.075;8.66;1.0
20/03/2024 10:00:00;23.44;246.38;5.75;9.08;1.03
20/03/2024 10:30:00;71.035;283.555;7.035;9.555;1.17
20/03/2024 11:00:00;118.63;320.73;8.32;10.03;1.31
20/03/2024 11:30:00;194.055;327.405;9.225000000000001;10.364999999999998;1.345
20/03/2024 12:00:00;269.48;334.08;10.13;10.7;1.38
20/03/2024 12:30:00;495.09000000000003;250.785;11.315000000000001;11.01;1.24
20/03/2024 13:00:00;720.7;167.49;12.5;11.32;1.1
20/03/2024 13:30:00;435.82500000000005;211.96;9.86;11.575;1.065
20/03/2024 14:00:00;150.95;256.43;7.22;11.83;1.03
20/03/2024 14:30:00;175.225;220.16;6.695;11.95;1.1
20/03/2024 15:00:00;199.5;183.89;6.17;12.07;1.17
20/03/2024 15:30:00;210.04000000000002;131.095;5.245;12.075;1.31
20/03/2024 16:00:00;220.58;78.3;4.32;12.08;1.45
20/03/2024 16:30:00;111.03500000000001;48.57;2.38;11.68;1.105
20/03/2024 17:00:00;1.49;18.84;0.44;11.28;0.76
20/03/2024 17:30:00;0.745;9.42;0.22;10.815;0.55
20/03/2024 18:00:00;0.0;0.0;0.0;10.35;0.34
20/03/2024 18:30:00;0.0;0.0;0.0;10.215;0.55
20/03/2024 19:00:00;0.0;0.0;0.0;10.08;0.76
20/03/2024 19:30:00;0.0;0.0;0.0;9.705;0.41500000000000004
20/03/2024 20:00:00;0.0;0.0;0.0;9.33;0.07
20/03/2024 20:30:00;0.0;0.0;0.0;8.93;0.34500000000000003
20/03/2024 21:00:00;0.0;0.0;0.0;8.53;0.62
20/03/2024 21:30:00;0.0;0.0;0.0;7.89;0.76
20/03/2024 22:00:00;0.0;0.0;0.0;7.25;0.9
20/03/2024 22:30:00;0.0;0.0;0.0;6.805;0.8300000000000001
20/03/2024 23:00:00;0.0;0.0;0.0;6.36;0.76
20/03/2024 23:30:00;0.0;0.0;0.0;5.9399999999999995;0.725
21/03/2024 00:00:00;0.0;0.0;0.0;5.52;0.69
21/03/2024 00:30:00;0.0;0.0;0.0;5.234999999999999;0.69
21/03/2024 01:00:00;0.0;0.0;0.0;4.95;0.69
21/03/2024 01:30:00;0.0;0.0;0.0;4.65;0.69
21/03/2024 02:00:00;0.0;0.0;0.0;4.35;0.69
21/03/2024 02:30:00;0.0;0.0;0.0;4.12;0.69
21/03/2024 03:00:00;0.0;0.0;0.0;3.89;0.69
21/03/2024 03:30:00;0.0;0.0;0.0;3.7199999999999998;0.725
21/03/2024 04:00:00;0.0;0.0;0.0;3.55;0.76
21/03/2024 04:30:00;0.0;0.0;0.0;3.375;0.76
21/03/2024 05:00:00;0.0;0.0;0.0;3.2;0.76
21/03/2024 05:30:00;0.0;8.54;0.19;3.14;0.76
21/03/2024 06:00:00;0.0;17.08;0.38;3.08;0.76
21/03/2024 06:30:00;0.0;8.54;0.19;3.875;0.725
21/03/2024 07:00:00;0.0;0.0;0.0;4.67;0.69
21/03/2024 07:30:00;0.0;0.0;0.0;6.33;0.69
21/03/2024 08:00:00;0.0;0.0;0.0;7.99;0.69
21/03/2024 08:30:00;310.425;70.365;5.395;9.190000000000001;0.76
21/03/2024 09:00:00;620.85;140.73;10.79;10.39;0.83
21/03/2024 09:30:00;602.14;185.28;11.325;11.325;0.9299999999999999
21/03/2024 10:00:00;583.43;229.83;11.86;12.26;1.03
21/03/2024 10:30:00;580.5999999999999;248.72500000000002;12.17;12.955;1.135
21/03/2024 11:00:00;577.77;267.62;12.48;13.65;1.24
21/03/2024 11:30:00;490.445;291.505;11.875;14.205;1.38
21/03/2024 12:00:00;403.12;315.39;11.27;14.76;1.52
21/03/2024 12:30:00;397.97;299.96;10.899999999999999;14.955;1.5550000000000002
21/03/2024 13:00:00;392.82;284.53;10.53;15.15;1.59
21/03/2024 13:30:00;234.20999999999998;263.355;8.35;15.135;1.38
21/03/2024 14:00:00;75.6;242.18;6.17;15.12;1.17
21/03/2024 14:30:00;75.54499999999999;212.29500000000002;5.505;15.085;1.24
21/03/2024 15:00:00;75.49;182.41;4.84;15.05;1.31
21/03/2024 15:30:00;45.699999999999996;137.725;3.545;14.81;1.17
21/03/2024 16:00:00;15.91;93.04;2.25;14.57;1.03
21/03/2024 16:30:00;7.955;49.665000000000006;1.195;14.0;1.1
21/03/2024 17:00:00;0.0;6.29;0.14;13.43;1.17
21/03/2024 17:30:00;0.0;3.145;0.07;12.61;1.0699999999999998
21/03/2024 18:00:00;0.0;0.0;0.0;11.79;0.97
21/03/2024 18:30:00;0.0;0.0;0.0;11.204999999999998;1.0699999999999998
21/03/2024 19:00:00;0.0;0.0;0.0;10.62;1.17
21/03/2024 19:30:00;0.0;0.0;0.0;9.785;1.38
21/03/2024 20:00:00;0.0;0.0;0.0;8.95;1.59
21/03/2024 20:30:00;0.0;0.0;0.0;8.54;1.4849999999999999
21/03/2024 21:00:00;0.0;0.0;0.0;8.13;1.38
21/03/2024 21:30:00;0.0;0.0;0.0;8.0;1.275
21/03/2024 22:00:00;0.0;0.0;0.0;7.87;1.17
21/03/2024 22:30:00;0.0;0.0;0.0;7.505;1.205
21/03/2024 23:00:00;0.0;0.0;0.0;7.14;1.24
21/03/2024 23:30:00;0.0;0.0;0.0;6.835;1.275
22/03/2024 00:00:00;0.0;0.0;0.0;6.53;1.31
22/03/2024 00:30:00;0.0;0.0;0.0;6.01;1.38
22/03/2024 01:00:00;0.0;0.0;0.0;5.49;1.45
22/03/2024 01:30:00;0.0;0.0;0.0;5.13;1.4849999999999999
22/03/2024 02:00:00;0.0;0.0;0.0;4.77;1.52
22/03/2024 02:30:00;0.0;0.0;0.0;4.515;1.52
22/03/2024 03:00:00;0.0;0.0;0.0;4.26;1.52
22/03/2024 03:30:00;0.0;0.0;0.0;3.965;1.52
22/03/2024 04:00:00;0.0;0.0;0.0;3.67;1.52
22/03/2024 04:30:00;0.0;0.0;0.0;3.55;1.45
22/03/2024 05:00:00;0.0;0.0;0.0;3.43;1.38
22/03/2024 05:30:00;22.515;16.16;0.645;3.535;1.275
22/03/2024 06:00:00;45.03;32.32;1.29;3.64;1.17
22/03/2024 06:30:00;22.515;16.16;0.645;4.75;1.0699999999999998
22/03/2024 07:00:00;0.0;0.0;0.0;5.86;0.97
22/03/2024 07:30:00;228.555;57.085;4.11;7.91;1.0350000000000001
22/03/2024 08:00:00;457.11;114.17;8.22;9.96;1.1
22/03/2024 08:30:00;538.745;130.225;9.585;11.29;1.31
22/03/2024 09:00:00;620.38;146.28;10.95;12.62;1.52
22/03/2024 09:30:00;573.9449999999999;201.59500000000003;11.325;13.53;1.725
22/03/2024 10:00:00;527.51;256.91;11.7;14.44;1.93
22/03/2024 10:30:00;673.0450000000001;213.195;12.855;15.11;2.135
22/03/2024 11:00:00;818.58;169.48;14.01;15.78;2.34
22/03/2024 11:30:00;867.735;146.66;14.309999999999999;16.265;2.5149999999999997
22/03/2024 12:00:00;916.89;123.84;14.61;16.75;2.69
22/03/2024 12:30:00;853.675;132.465;13.885;17.025;2.795
22/03/2024 13:00:00;790.46;141.09;13.16;17.3;2.9
22/03/2024 13:30:00;698.145;142.92000000000002;11.945;17.425;2.83
22/03/2024 14:00:00;605.83;144.75;10.73;17.55;2.76
22/03/2024 14:30:00;493.29;140.10500000000002;9.155000000000001;17.52;2.585
22/03/2024 15:00:00;380.75;135.46;7.58;17.49;2.41
22/03/2024 15:30:00;283.55;113.45;5.91;17.15;2.035
22/03/2024 16:00:00;186.35;91.44;4.24;16.81;1.66
22/03/2024 16:30:00;99.245;58.935;2.5100000000000002;16.044999999999998;1.52
22/03/2024 17:00:00;12.14;26.43;0.78;15.28;1.38
22/03/2024 17:30:00;6.07;13.215;0.39;14.344999999999999;1.205
22/03/2024 18:00:00;0.0;0.0;0.0;13.41;1.03
22/03/2024 18:30:00;0.0;0.0;0.0;13.73;0.825
22/03/2024 19:00:00;0.0;0.0;0.0;14.05;0.62
22/03/2024 19:30:00;0.0;0.0;0.0;13.315000000000001;0.7949999999999999
22/03/2024 20:00:00;0.0;0.0;0.0;12.58;0.97
22/03/2024 20:30:00;0.0;0.0;0.0;11.96;0.76
22/03/2024 21:00:00;0.0;0.0;0.0;11.34;0.55
22/03/2024 21:30:00;0.0;0.0;0.0;10.379999999999999;0.895
22/03/2024 22:00:00;0.0;0.0;0.0;9.42;1.24
22/03/2024 22:30:00;0.0;0.0;0.0;8.895;1.31
22/03/2024 23:00:00;0.0;0.0;0.0;8.37;1.38
22/03/2024 23:30:00;0.0;0.0;0.0;8.309999999999999;1.4849999999999999
23/03/2024 00:00:00;0.0;0.0;0.0;8.25;1.59
23/03/2024 00:30:00;0.0;0.0;0.0;8.52;1.76
23/03/2024 01:00:00;0.0;0.0;0.0;8.79;1.93
23/03/2024 01:30:00;0.0;0.0;0.0;8.829999999999998;2.0
23/03/2024 02:00:00;0.0;0.0;0.0;8.87;2.07
23/03/2024 02:30:00;0.0;0.0;0.0;9.085;2.1399999999999997
23/03/2024 03:00:00;0.0;0.0;0.0;9.3;2.21
23/03/2024 03:30:00;0.0;0.0;0.0;9.29;2.21
23/03/2024 04:00:00;0.0;0.0;0.0;9.28;2.21
23/03/2024 04:30:00;0.0;0.0;0.0;9.254999999999999;2.105
23/03/2024 05:00:00;0.0;0.0;0.0;9.23;2.0
23/03/2024 05:30:00;0.0;3.595;0.08;9.295;1.8599999999999999
23/03/2024 06:00:00;0.0;7.19;0.16;9.36;1.72
23/03/2024 06:30:00;4.21;50.425;1.1749999999999998;9.535;1.5150000000000001
23/03/2024 07:00:00;8.42;93.66;2.19;9.71;1.31
23/03/2024 07:30:00;15.594999999999999;130.325;3.085;10.54;1.24
23/03/2024 08:00:00;22.77;166.99;3.98;11.37;1.17
23/03/2024 08:30:00;22.125;190.275;4.49;12.225;1.17
23/03/2024 09:00:00;21.48;213.56;5.0;13.08;1.17
23/03/2024 09:30:00;84.67999999999999;260.275;6.68;13.66;1.17
23/03/2024 10:00:00;147.88;306.99;8.36;14.24;1.17
23/03/2024 10:30:00;112.03;307.42;8.01;14.91;1.415
23/03/2024 11:00:00;76.18;307.85;7.66;15.58;1.66
23/03/2024 11:30:00;107.795;317.63;8.190000000000001;15.780000000000001;1.83
23/03/2024 12:00:00;139.41;327.41;8.72;15.98;2.0
23/03/2024 12:30:00;69.705;245.955;6.2;16.005000000000003;2.0
23/03/2024 13:00:00;0.0;164.5;3.68;16.03;2.0
23/03/2024 13:30:00;0.715;158.285;3.55;15.965;1.725
23/03/2024 14:00:00;1.43;152.07;3.42;15.9;1.45
23/03/2024 14:30:00;1.4249999999999998;132.74;2.985;15.865;1.0699999999999998
23/03/2024 15:00:00;1.42;113.41;2.55;15.83;0.69
23/03/2024 15:30:00;0.71;80.975;1.8199999999999998;15.57;0.62
23/03/2024 16:00:00;0.0;48.54;1.09;15.31;0.55
23/03/2024 16:30:00;0.645;35.03;0.795;14.935;0.62
23/03/2024 17:00:00;1.29;21.52;0.5;14.56;0.69
23/03/2024 17:30:00;0.645;10.76;0.25;13.845;0.725
23/03/2024 18:00:00;0.0;0.0;0.0;13.13;0.76
23/03/2024 18:30:00;0.0;0.0;0.0;12.385000000000002;1.275
23/03/2024 19:00:00;0.0;0.0;0.0;11.64;1.79
23/03/2024 19:30:00;0.0;0.0;0.0;11.135000000000002;1.755
23/03/2024 20:00:00;0.0;0.0;0.0;10.63;1.72
23/03/2024 20:30:00;0.0;0.0;0.0;10.245000000000001;1.655
23/03/2024 21:00:00;0.0;0.0;0.0;9.86;1.59
23/03/2024 21:30:00;0.0;0.0;0.0;9.735;1.59
23/03/2024 22:00:00;0.0;0.0;0.0;9.61;1.59
23/03/2024 22:30:00;0.0;0.0;0.0;9.489999999999998;1.4849999999999999
23/03/2024 23:00:00;0.0;0.0;0.0;9.37;1.38
23/03/2024 23:30:00;0.0;0.0;0.0;9.274999999999999;1.415
24/03/2024 00:00:00;0.0;0.0;0.0;9.18;1.45
24/03/2024 00:30:00;0.0;0.0;0.0;9.08;1.52
24/03/2024 01:00:00;0.0;0.0;0.0;8.98;1.59
24/03/2024 01:30:00;0.0;0.0;0.0;9.0;1.795
24/03/2024 02:00:00;0.0;0.0;0.0;9.02;2.0
24/03/2024 02:30:00;0.0;0.0;0.0;9.09;2.105
24/03/2024 03:00:00;0.0;0.0;0.0;9.16;2.21
24/03/2024 03:30:00;0.0;0.0;0.0;9.61;2.415
24/03/2024 04:00:00;0.0;0.0;0.0;10.06;2.62
24/03/2024 04:30:00;0.0;0.0;0.0;10.845;3.17
24/03/2024 05:00:00;0.0;0.0;0.0;11.63;3.72
24/03/2024 05:30:00;0.0;3.595;0.08;11.75;3.79
24/03/2024 06:00:00;0.0;7.19;0.16;11.87;3.86
24/03/2024 06:30:00;0.0;22.47;0.5;11.57;3.825
24/03/2024 07:00:00;0.0;37.75;0.84;11.27;3.79
24/03/2024 07:30:00;0.0;62.025;1.3849999999999998;11.434999999999999;3.895
24/03/2024 08:00:00;0.0;86.3;1.93;11.6;4.0
24/03/2024 08:30:00;0.0;92.14;2.06;11.74;4.24
24/03/2024 09:00:00;0.0;97.98;2.19;11.88;4.48
24/03/2024 09:30:00;0.0;75.06;1.68;11.97;4.550000000000001
24/03/2024 10:00:00;0.0;52.14;1.17;12.06;4.62
24/03/2024 10:30:00;0.0;92.13999999999999;2.06;12.045;4.38
24/03/2024 11:00:00;0.0;132.14;2.95;12.03;4.14
24/03/2024 11:30:00;0.0;120.005;2.68;12.09;3.9299999999999997
24/03/2024 12:00:00;0.0;107.87;2.41;12.15;3.72
24/03/2024 12:30:00;20.675;188.055;4.42;12.535;4.0
24/03/2024 13:00:00;41.35;268.24;6.43;12.92;4.28
24/03/2024 13:30:00;20.675;182.21;4.29;13.035;4.485
24/03/2024 14:00:00;0.0;96.18;2.15;13.15;4.69
24/03/2024 14:30:00;0.0;91.24000000000001;2.04;13.05;4.485
24/03/2024 15:00:00;0.0;86.3;1.93;12.95;4.28
24/03/2024 15:30:00;0.0;58.879999999999995;1.315;12.64;4.175000000000001
24/03/2024 16:00:00;0.0;31.46;0.7;12.33;4.07
24/03/2024 16:30:00;0.0;25.62;0.57;12.025;4.0
24/03/2024 17:00:00;0.0;19.78;0.44;11.72;3.93
24/03/2024 17:30:00;0.0;9.89;0.22;11.350000000000001;3.895
24/03/2024 18:00:00;0.0;0.0;0.0;10.98;3.86
24/03/2024 18:30:00;0.0;0.0;0.0;10.04;3.69
24/03/2024 19:00:00;0.0;0.0;0.0;9.1;3.52
24/03/2024 19:30:00;0.0;0.0;0.0;8.91;3.45
24/03/2024 20:00:00;0.0;0.0;0.0;8.72;3.38
24/03/2024 20:30:00;0.0;0.0;0.0;8.54;3.38
24/03/2024 21:00:00;0.0;0.0;0.0;8.36;3.38
24/03/2024 21:30:00;0.0;0.0;0.0;8.344999999999999;3.585
24/03/2024 22:00:00;0.0;0.0;0.0;8.33;3.79
24/03/2024 22:30:00;0.0;0.0;0.0;8.25;4.035
24/03/2024 23:00:00;0.0;0.0;0.0;8.17;4.28
24/03/2024 23:30:00;0.0;0.0;0.0;8.03;4.28
25/03/2024 00:00:00;0.0;0.0;0.0;7.89;4.28
25/03/2024 00:30:00;0.0;0.0;0.0;7.785;4.28
25/03/2024 01:00:00;0.0;0.0;0.0;7.68;4.28
25/03/2024 01:30:00;0.0;0.0;0.0;7.52;4.380000000000001
25/03/2024 02:00:00;0.0;0.0;0.0;7.36;4.48
25/03/2024 02:30:00;0.0;0.0;0.0;7.115;4.585000000000001
25/03/2024 03:00:00;0.0;0.0;0.0;6.87;4.69
25/03/2024 03:30:00;0.0;0.0;0.0;6.715;4.655
25/03/2024 04:00:00;0.0;0.0;0.0;6.56;4.62
25/03/2024 04:30:00;0.0;0.0;0.0;6.64;4.795
25/03/2024 05:00:00;0.0;0.0;0.0;6.72;4.97
25/03/2024 05:30:00;0.0;3.145;0.07;6.5600000000000005;4.865
25/03/2024 06:00:00;0.0;6.29;0.14;6.4;4.76
25/03/2024 06:30:00;2.725;50.214999999999996;1.1549999999999998;6.71;4.484999999999999
25/03/2024 07:00:00;5.45;94.14;2.17;7.02;4.21
25/03/2024 07:30:00;2.725;65.5;1.4949999999999999;7.24;4.484999999999999
25/03/2024 08:00:00;0.0;36.86;0.82;7.46;4.76
25/03/2024 08:30:00;0.0;71.015;1.585;7.4350000000000005;5.175
25/03/2024 09:00:00;0.0;105.17;2.35;7.41;5.59
25/03/2024 09:30:00;345.785;150.915;7.665000000000001;7.6;5.21
25/03/2024 10:00:00;691.57;196.66;12.98;7.79;4.83
25/03/2024 10:30:00;703.59;210.26999999999998;13.375;8.395;4.965
25/03/2024 11:00:00;715.61;223.88;13.77;9.0;5.1
25/03/2024 11:30:00;499.065;284.24;12.21;9.635;5.0
25/03/2024 12:00:00;282.52;344.6;10.65;10.27;4.9
25/03/2024 12:30:00;262.38;331.415;10.15;10.7;4.865
25/03/2024 13:00:00;242.24;318.23;9.65;11.13;4.83
25/03/2024 13:30:00;166.925;287.78499999999997;8.18;11.345;4.76
25/03/2024 14:00:00;91.61;257.34;6.71;11.56;4.69
25/03/2024 14:30:00;45.805;182.605;4.5600000000000005;11.32;5.0
25/03/2024 15:00:00;0.0;107.87;2.41;11.08;5.31
25/03/2024 15:30:00;109.855;95.5;3.555;10.809999999999999;5.0
25/03/2024 16:00:00;219.71;83.13;4.7;10.54;4.69
25/03/2024 16:30:00;130.505;56.684999999999995;3.005;10.219999999999999;4.725
25/03/2024 17:00:00;41.3;30.24;1.31;9.9;4.76
25/03/2024 17:30:00;20.65;15.12;0.655;9.41;4.345
25/03/2024 18:00:00;0.0;0.0;0.0;8.92;3.93
25/03/2024 18:30:00;0.0;0.0;0.0;8.665;3.515
25/03/2024 19:00:00;0.0;0.0;0.0;8.41;3.1
25/03/2024 19:30:00;0.0;0.0;0.0;8.145;2.8600000000000003
25/03/2024 20:00:00;0.0;0.0;0.0;7.88;2.62
25/03/2024 20:30:00;0.0;0.0;0.0;7.5600000000000005;2.415
25/03/2024 21:00:00;0.0;0.0;0.0;7.24;2.21
25/03/2024 21:30:00;0.0;0.0;0.0;6.9;2.07
25/03/2024 22:00:00;0.0;0.0;0.0;6.56;1.93
25/03/2024 22:30:00;0.0;0.0;0.0;6.33;1.825
25/03/2024 23:00:00;0.0;0.0;0.0;6.1;1.72
25/03/2024 23:30:00;0.0;0.0;0.0;5.83;1.69
26/03/2024 00:00:00;0.0;0.0;0.0;5.56;1.66
26/03/2024 00:30:00;0.0;0.0;0.0;5.185;1.625
26/03/2024 01:00:00;0.0;0.0;0.0;4.81;1.59
26/03/2024 01:30:00;0.0;0.0;0.0;4.755;1.59
26/03/2024 02:00:00;0.0;0.0;0.0;4.7;1.59
26/03/2024 02:30:00;0.0;0.0;0.0;4.7;1.52
26/03/2024 03:00:00;0.0;0.0;0.0;4.7;1.45
26/03/2024 03:30:00;0.0;0.0;0.0;4.66;1.38
26/03/2024 04:00:00;0.0;0.0;0.0;4.62;1.31
26/03/2024 04:30:00;0.0;0.0;0.0;4.83;1.345
26/03/2024 05:00:00;0.0;0.0;0.0;5.04;1.38
26/03/2024 05:30:00;0.0;8.09;0.18;5.325;1.45
26/03/2024 06:00:00;0.0;16.18;0.36;5.61;1.52
26/03/2024 06:30:00;2.69;55.145;1.2650000000000001;6.61;2.4850000000000003
26/03/2024 07:00:00;5.38;94.11;2.17;7.61;3.45
26/03/2024 07:30:00;224.065;110.75;5.3549999999999995;8.225;4.175000000000001
26/03/2024 08:00:00;442.75;127.39;8.54;8.84;4.9
26/03/2024 08:30:00;344.59000000000003;200.28500000000003;8.66;9.094999999999999;5.45
26/03/2024 09:00:00;246.43;273.18;8.78;9.35;6.0
26/03/2024 09:30:00;168.275;289.97;8.29;9.7;6.07
26/03/2024 10:00:00;90.12;306.76;7.8;10.05;6.14
26/03/2024 10:30:00;45.06;192.48;4.775;10.435;5.9
26/03/2024 11:00:00;0.0;78.2;1.75;10.82;5.66
26/03/2024 11:30:00;47.275;202.35000000000002;5.015;11.120000000000001;5.28
26/03/2024 12:00:00;94.55;326.5;8.28;11.42;4.9
26/03/2024 12:30:00;183.08999999999997;321.845;9.135;11.42;4.76
26/03/2024 13:00:00;271.63;317.19;9.99;11.42;4.62
26/03/2024 13:30:00;349.82;269.39;10.0;10.190000000000001;5.105
26/03/2024 14:00:00;428.01;221.59;10.01;8.96;5.59
26/03/2024 14:30:00;214.005;154.39;5.9799999999999995;8.705;5.52
26/03/2024 15:00:00;0.0;87.19;1.95;8.45;5.45
26/03/2024 15:30:00;113.52;84.53;3.3949999999999996;8.605;5.21
26/03/2024 16:00:00;227.04;81.87;4.84;8.76;4.97
26/03/2024 16:30:00;127.67999999999999;57.85;3.025;8.344999999999999;4.52
26/03/2024 17:00:00;28.32;33.83;1.21;7.93;4.07
26/03/2024 17:30:00;14.16;16.915;0.605;7.695;3.585
26/03/2024 18:00:00;0.0;0.0;0.0;7.46;3.1
26/03/2024 18:30:00;0.0;0.0;0.0;6.75;2.7199999999999998
26/03/2024 19:00:00;0.0;0.0;0.0;6.04;2.34
26/03/2024 19:30:00;0.0;0.0;0.0;5.77;2.205
26/03/2024 20:00:00;0.0;0.0;0.0;5.5;2.07
26/03/2024 20:30:00;0.0;0.0;0.0;5.335;2.105
26/03/2024 21:00:00;0.0;0.0;0.0;5.17;2.14
26/03/2024 21:30:00;0.0;0.0;0.0;5.045;2.24
26/03/2024 22:00:00;0.0;0.0;0.0;4.92;2.34
26/03/2024 22:30:00;0.0;0.0;0.0;5.029999999999999;2.5149999999999997
26/03/2024 23:00:00;0.0;0.0;0.0;5.14;2.69
26/03/2024 23:30:00;0.0;0.0;0.0;5.21;2.86
27/03/2024 00:00:00;0.0;0.0;0.0;5.28;3.03
27/03/2024 00:30:00;0.0;0.0;0.0;5.21;3.17
27/03/2024 01:00:00;0.0;0.0;0.0;5.14;3.31
27/03/2024 01:30:00;0.0;0.0;0.0;5.109999999999999;3.38
27/03/2024 02:00:00;0.0;0.0;0.0;5.08;3.45
27/03/2024 02:30:00;0.0;0.0;0.0;4.975;3.415
27/03/2024 03:00:00;0.0;0.0;0.0;4.87;3.38
27/03/2024 03:30:00;0.0;0.0;0.0;4.625;3.38
27/03/2024 04:00:00;0.0;0.0;0.0;4.38;3.38
27/03/2024 04:30:00;0.0;0.0;0.0;4.075;3.3449999999999998
27/03/2024 05:00:00;0.0;0.0;0.0;3.77;3.31
27/03/2024 05:30:00;1.735;19.475;0.46;3.465;3.17
27/03/2024 06:00:00;3.47;38.95;0.92;3.16;3.03
27/03/2024 06:30:00;1.735;55.88;1.275;3.3;3.065
27/03/2024 07:00:00;0.0;72.81;1.63;3.44;3.1
27/03/2024 07:30:00;13.025;127.78;3.005;3.465;3.1
27/03/2024 08:00:00;26.05;182.75;4.38;3.49;3.1
27/03/2024 08:30:00;40.825;219.075;5.345;3.685;3.17
27/03/2024 09:00:00;55.6;255.4;6.31;3.88;3.24
27/03/2024 09:30:00;172.62;290.765;8.36;4.21;3.345
27/03/2024 10:00:00;289.64;326.13;10.41;4.54;3.45
27/03/2024 10:30:00;514.505;273.76;12.3;5.045;3.415
27/03/2024 11:00:00;739.37;221.39;14.19;5.55;3.38
27/03/2024 11:30:00;393.53;263.38;10.765;5.875;3.175
27/03/2024 12:00:00;47.69;305.37;7.34;6.2;2.97
27/03/2024 12:30:00;23.845;238.53;5.59;6.43;3.035
27/03/2024 13:00:00;0.0;171.69;3.84;6.66;3.1
27/03/2024 13:30:00;3.47;183.84;4.15;6.635;3.135
27/03/2024 14:00:00;6.94;195.99;4.46;6.61;3.17
27/03/2024 14:30:00;78.66;199.45499999999998;5.345000000000001;6.605;3.17
27/03/2024 15:00:00;150.38;202.92;6.23;6.6;3.17
27/03/2024 15:30:00;89.005;157.295;4.53;6.42;3.205
27/03/2024 16:00:00;27.63;111.67;2.83;6.24;3.24
27/03/2024 16:30:00;20.895;73.96000000000001;1.94;5.95;2.965
27/03/2024 17:00:00;14.16;36.25;1.05;5.66;2.69
27/03/2024 17:30:00;7.08;18.125;0.525;5.32;2.275
27/03/2024 18:00:00;0.0;0.0;0.0;4.98;1.86
27/03/2024 18:30:00;0.0;0.0;0.0;4.305;1.76
27/03/2024 19:00:00;0.0;0.0;0.0;3.63;1.66
27/03/2024 19:30:00;0.0;0.0;0.0;3.05;1.66
27/03/2024 20:00:00;0.0;0.0;0.0;2.47;1.66
27/03/2024 20:30:00;0.0;0.0;0.0;1.82;1.5899999999999999
27/03/2024 21:00:00;0.0;0.0;0.0;1.17;1.52
27/03/2024 21:30:00;0.0;0.0;0.0;0.895;1.45
27/03/2024 22:00:00;0.0;0.0;0.0;0.62;1.38
27/03/2024 22:30:00;0.0;0.0;0.0;0.365;1.415
27/03/2024 23:00:00;0.0;0.0;0.0;0.11;1.45
27/03/2024 23:30:00;0.0;0.0;0.0;-0.009999999999999995;1.415
28/03/2024 00:00:00;0.0;0.0;0.0;-0.13;1.38
28/03/2024 00:30:00;0.0;0.0;0.0;-0.03;1.275
28/03/2024 01:00:00;0.0;0.0;0.0;0.07;1.17
28/03/2024 01:30:00;0.0;0.0;0.0;0.43;1.0
28/03/2024 02:00:00;0.0;0.0;0.0;0.79;0.83
28/03/2024 02:30:00;0.0;0.0;0.0;0.6;0.76
28/03/2024 03:00:00;0.0;0.0;0.0;0.41;0.69
28/03/2024 03:30:00;0.0;0.0;0.0;0.14999999999999997;0.655
28/03/2024 04:00:00;0.0;0.0;0.0;-0.11;0.62
28/03/2024 04:30:00;0.0;0.0;0.0;-0.295;0.62
28/03/2024 05:00:00;0.0;0.0;0.0;-0.48;0.62
28/03/2024 05:30:00;35.435;20.425;1.035;-0.49;0.62
28/03/2024 06:00:00;70.87;40.85;2.07;-0.5;0.62
28/03/2024 06:30:00;165.675;65.91;3.83;0.04499999999999993;0.55
28/03/2024 07:00:00;260.48;90.97;5.59;0.59;0.48
28/03/2024 07:30:00;380.94;101.505;7.415;2.175;0.755
28/03/2024 08:00:00;501.4;112.04;9.24;3.76;1.03
28/03/2024 08:30:00;602.66;118.82;10.74;4.425;1.17
28/03/2024 09:00:00;703.92;125.6;12.24;5.09;1.31
28/03/2024 09:30:00;761.4749999999999;136.255;13.195;5.665;1.31
28/03/2024 10:00:00;819.03;146.91;14.15;6.24;1.31
28/03/2024 10:30:00;885.8199999999999;134.82;14.885;6.78;1.275
28/03/2024 11:00:00;952.61;122.73;15.62;7.32;1.24
28/03/2024 11:30:00;912.76;140.16;15.335;7.795;1.275
28/03/2024 12:00:00;872.91;157.59;15.05;8.27;1.31
28/03/2024 12:30:00;868.5799999999999;137.16;14.68;8.649999999999999;1.205
28/03/2024 13:00:00;864.25;116.73;14.31;9.03;1.1
28/03/2024 13:30:00;770.4200000000001;120.315;13.075;9.295;1.1
28/03/2024 14:00:00;676.59;123.9;11.84;9.56;1.1
28/03/2024 14:30:00;554.935;123.32;10.16;9.77;1.135
28/03/2024 15:00:00;433.28;122.74;8.48;9.98;1.17
28/03/2024 15:30:00;222.47;112.89;5.465;10.02;1.17
28/03/2024 16:00:00;11.66;103.04;2.45;10.06;1.17
28/03/2024 16:30:00;16.845;70.805;1.85;9.84;1.0699999999999998
28/03/2024 17:00:00;22.03;38.57;1.25;9.62;0.97
28/03/2024 17:30:00;11.015;19.285;0.625;8.864999999999998;1.0
28/03/2024 18:00:00;0.0;0.0;0.0;8.11;1.03
28/03/2024 18:30:00;0.0;0.0;0.0;7.574999999999999;1.135
28/03/2024 19:00:00;0.0;0.0;0.0;7.04;1.24
28/03/2024 19:30:00;0.0;0.0;0.0;6.55;1.17
28/03/2024 20:00:00;0.0;0.0;0.0;6.06;1.1
28/03/2024 20:30:00;0.0;0.0;0.0;5.475;1.3450000000000002
28/03/2024 21:00:00;0.0;0.0;0.0;4.89;1.59
28/03/2024 21:30:00;0.0;0.0;0.0;4.84;1.655
28/03/2024 22:00:00;0.0;0.0;0.0;4.79;1.72
28/03/2024 22:30:00;0.0;0.0;0.0;4.605;1.48
28/03/2024 23:00:00;0.0;0.0;0.0;4.42;1.24
28/03/2024 23:30:00;0.0;0.0;0.0;4.5649999999999995;1.24
29/03/2024 00:00:00;0.0;0.0;0.0;4.71;1.24
29/03/2024 00:30:00;0.0;0.0;0.0;4.73;1.17
29/03/2024 01:00:00;0.0;0.0;0.0;4.75;1.1
29/03/2024 01:30:00;0.0;0.0;0.0;4.675;1.1
29/03/2024 02:00:00;0.0;0.0;0.0;4.6;1.1
29/03/2024 02:30:00;0.0;0.0;0.0;4.56;1.1
29/03/2024 03:00:00;0.0;0.0;0.0;4.52;1.1
29/03/2024 03:30:00;0.0;0.0;0.0;4.435;1.205
29/03/2024 04:00:00;0.0;0.0;0.0;4.35;1.31
29/03/2024 04:30:00;0.0;0.0;0.0;4.3;1.31
29/03/2024 05:00:00;0.0;0.0;0.0;4.25;1.31
29/03/2024 05:30:00;0.0;11.685;0.26;4.345000000000001;1.345
29/03/2024 06:00:00;0.0;23.37;0.52;4.44;1.38
29/03/2024 06:30:00;0.0;50.785;1.135;5.57;1.585
29/03/2024 07:00:00;0.0;78.2;1.75;6.7;1.79
29/03/2024 07:30:00;2.695;115.38499999999999;2.615;7.625;1.895
29/03/2024 08:00:00;5.39;152.57;3.48;8.55;2.0
29/03/2024 08:30:00;5.4350000000000005;172.355;3.92;9.09;2.0
29/03/2024 09:00:00;5.48;192.14;4.36;9.63;2.0
29/03/2024 09:30:00;243.20499999999998;236.775;8.17;10.71;2.0
29/03/2024 10:00:00;480.93;281.41;11.98;11.79;2.0
29/03/2024 10:30:00;345.85;316.655;11.055;12.925;2.3449999999999998
29/03/2024 11:00:00;210.77;351.9;10.13;14.06;2.69
29/03/2024 11:30:00;105.385;270.78499999999997;7.1850000000000005;14.850000000000001;3.0700000000000003
29/03/2024 12:00:00;0.0;189.67;4.24;15.64;3.45
29/03/2024 12:30:00;113.22;256.215;6.965;16.35;3.585
29/03/2024 13:00:00;226.44;322.76;9.69;17.06;3.72
29/03/2024 13:30:00;189.82;296.91499999999996;8.725;17.58;3.6900000000000004
29/03/2024 14:00:00;153.2;271.07;7.76;18.1;3.66
29/03/2024 14:30:00;77.27;196.28;5.245;18.25;3.245
29/03/2024 15:00:00;1.34;121.49;2.73;18.4;2.83
29/03/2024 15:30:00;0.67;93.10499999999999;2.09;18.17;2.4850000000000003
29/03/2024 16:00:00;0.0;64.72;1.45;17.94;2.14
29/03/2024 16:30:00;0.505;47.22;1.065;17.28;2.105
29/03/2024 17:00:00;1.01;29.72;0.68;16.62;2.07
29/03/2024 17:30:00;0.505;14.86;0.34;15.61;2.175
29/03/2024 18:00:00;0.0;0.0;0.0;14.6;2.28
29/03/2024 18:30:00;0.0;0.0;0.0;13.765;2.3449999999999998
29/03/2024 19:00:00;0.0;0.0;0.0;12.93;2.41
29/03/2024 19:30:00;0.0;0.0;0.0;12.675;2.585
29/03/2024 20:00:00;0.0;0.0;0.0;12.42;2.76
29/03/2024 20:30:00;0.0;0.0;0.0;12.379999999999999;2.9299999999999997
29/03/2024 21:00:00;0.0;0.0;0.0;12.34;3.1
29/03/2024 21:30:00;0.0;0.0;0.0;12.24;2.965
29/03/2024 22:00:00;0.0;0.0;0.0;12.14;2.83
29/03/2024 22:30:00;0.0;0.0;0.0;11.61;2.5549999999999997
29/03/2024 23:00:00;0.0;0.0;0.0;11.08;2.28
29/03/2024 23:30:00;0.0;0.0;0.0;10.29;2.035
30/03/2024 00:00:00;0.0;0.0;0.0;9.5;1.79
30/03/2024 00:30:00;0.0;0.0;0.0;9.215;1.5150000000000001
30/03/2024 01:00:00;0.0;0.0;0.0;8.93;1.24
30/03/2024 01:30:00;0.0;0.0;0.0;8.565;1.31
30/03/2024 02:00:00;0.0;0.0;0.0;8.2;1.38
30/03/2024 02:30:00;0.0;0.0;0.0;8.094999999999999;1.4849999999999999
30/03/2024 03:00:00;0.0;0.0;0.0;7.99;1.59
30/03/2024 03:30:00;0.0;0.0;0.0;8.405000000000001;1.31
30/03/2024 04:00:00;0.0;0.0;0.0;8.82;1.03
30/03/2024 04:30:00;0.0;0.0;0.0;8.66;1.17
30/03/2024 05:00:00;0.0;0.0;0.0;8.5;1.31
30/03/2024 05:30:00;7.495;26.265;0.715;8.59;1.795
30/03/2024 06:00:00;14.99;52.53;1.43;8.68;2.28
30/03/2024 06:30:00;26.64;91.78;2.425;10.175;2.9349999999999996
30/03/2024 07:00:00;38.29;131.03;3.42;11.67;3.59
30/03/2024 07:30:00;19.145;83.045;2.1;11.975;3.59
30/03/2024 08:00:00;0.0;35.06;0.78;12.28;3.59
30/03/2024 08:30:00;72.14;158.23;4.34;12.815;3.6550000000000002
30/03/2024 09:00:00;144.28;281.4;7.9;13.35;3.72
30/03/2024 09:30:00;120.9;298.03999999999996;8.0;14.02;3.8950000000000005
30/03/2024 10:00:00;97.52;314.68;8.1;14.69;4.07
30/03/2024 10:30:00;48.76;207.68;5.175;14.620000000000001;4.895
30/03/2024 11:00:00;0.0;100.68;2.25;14.55;5.72
30/03/2024 11:30:00;6.89;181.635;4.140000000000001;14.42;5.55
30/03/2024 12:00:00;13.78;262.59;6.03;14.29;5.38
30/03/2024 12:30:00;417.145;193.54999999999998;10.01;14.425;5.725
30/03/2024 13:00:00;820.51;124.51;13.99;14.56;6.07
30/03/2024 13:30:00;427.23;179.855;9.82;14.605;6.175000000000001
30/03/2024 14:00:00;33.95;235.2;5.65;14.65;6.28
30/03/2024 14:30:00;120.615;214.495;6.25;14.67;6.035
30/03/2024 15:00:00;207.28;193.79;6.85;14.69;5.79
30/03/2024 15:30:00;206.255;141.475;5.875;14.565;5.205
30/03/2024 16:00:00;205.23;89.16;4.9;14.44;4.62
30/03/2024 16:30:00;104.08;61.29;2.85;14.1;4.17
30/03/2024 17:00:00;2.93;33.42;0.8;13.76;3.72
30/03/2024 17:30:00;1.465;16.71;0.4;13.155000000000001;3.2750000000000004
30/03/2024 18:00:00;0.0;0.0;0.0;12.55;2.83
30/03/2024 18:30:00;0.0;0.0;0.0;12.47;2.62
30/03/2024 19:00:00;0.0;0.0;0.0;12.39;2.41
30/03/2024 19:30:00;0.0;0.0;0.0;11.56;2.24
30/03/2024 20:00:00;0.0;0.0;0.0;10.73;2.07
30/03/2024 20:30:00;0.0;0.0;0.0;10.06;2.07
30/03/2024 21:00:00;0.0;0.0;0.0;9.39;2.07
30/03/2024 21:30:00;0.0;0.0;0.0;9.175;2.07
30/03/2024 22:00:00;0.0;0.0;0.0;8.96;2.07
30/03/2024 22:30:00;0.0;0.0;0.0;8.81;2.105
30/03/2024 23:00:00;0.0;0.0;0.0;8.66;2.14
30/03/2024 23:30:00;0.0;0.0;0.0;8.73;2.175
31/03/2024 00:00:00;0.0;0.0;0.0;8.8;2.21
31/03/2024 00:30:00;0.0;0.0;0.0;8.725000000000001;2.105
31/03/2024 01:00:00;0.0;0.0;0.0;8.65;2.0
31/03/2024 01:30:00;0.0;0.0;0.0;8.435;1.895
31/03/2024 02:00:00;0.0;0.0;0.0;8.22;1.79
31/03/2024 02:30:00;0.0;0.0;0.0;7.755000000000001;1.725
31/03/2024 03:00:00;0.0;0.0;0.0;7.29;1.66
31/03/2024 03:30:00;0.0;0.0;0.0;7.109999999999999;1.5899999999999999
31/03/2024 04:00:00;0.0;0.0;0.0;6.93;1.52
31/03/2024 04:30:00;0.0;0.0;0.0;7.105;1.69
31/03/2024 05:00:00;0.0;0.0;0.0;7.28;1.86
31/03/2024 05:30:00;0.0;4.945;0.11;8.395;2.8950000000000005
31/03/2024 06:00:00;0.0;9.89;0.22;9.51;3.93
31/03/2024 06:30:00;128.625;51.01;2.9850000000000003;10.23;4.69
31/03/2024 07:00:00;257.25;92.13;5.75;10.95;5.45
31/03/2024 07:30:00;345.105;114.13499999999999;7.325;11.11;6.0
31/03/2024 08:00:00;432.96;136.14;8.9;11.27;6.55
31/03/2024 08:30:00;267.85;207.195;8.14;11.815;5.965
31/03/2024 09:00:00;102.74;278.25;7.38;12.36;5.38
31/03/2024 09:30:00;113.495;301.41999999999996;8.0;12.1;5.93
31/03/2024 10:00:00;124.25;324.59;8.62;11.84;6.48
31/03/2024 10:30:00;145.745;338.655;9.165;12.16;6.725
31/03/2024 11:00:00;167.24;352.72;9.71;12.48;6.97
31/03/2024 11:30:00;544.0450000000001;237.175;12.56;11.865;6.175
31/03/2024 12:00:00;920.85;121.63;15.41;11.25;5.38
31/03/2024 12:30:00;460.425;155.64999999999998;9.825;11.64;6.140000000000001
31/03/2024 13:00:00;0.0;189.67;4.24;12.03;6.9
31/03/2024 13:30:00;0.0;138.88;3.105;11.504999999999999;6.380000000000001
31/03/2024 14:00:00;0.0;88.09;1.97;10.98;5.86
31/03/2024 14:30:00;184.3;116.315;5.065;11.315000000000001;6.1
31/03/2024 15:00:00;368.6;144.54;8.16;11.65;6.34
31/03/2024 15:30:00;250.09500000000003;130.355;6.28;11.59;5.79
31/03/2024 16:00:00;131.59;116.17;4.4;11.53;5.24
31/03/2024 16:30:00;65.795;62.58;2.3000000000000003;11.065;5.79
31/03/2024 17:00:00;0.0;8.99;0.2;10.6;6.34
31/03/2024 17:30:00;0.0;4.495;0.1;9.899999999999999;5.93
31/03/2024 18:00:00;0.0;0.0;0.0;9.2;5.52
31/03/2024 18:30:00;0.0;0.0;0.0;9.16;5.21
31/03/2024 19:00:00;0.0;0.0;0.0;9.12;4.9
31/03/2024 19:30:00;0.0;0.0;0.0;8.969999999999999;4.965
31/03/2024 20:00:00;0.0;0.0;0.0;8.82;5.03
31/03/2024 20:30:00;0.0;0.0;0.0;8.625;5.03
31/03/2024 21:00:00;0.0;0.0;0.0;8.43;5.03
31/03/2024 21:30:00;0.0;0.0;0.0;8.17;5.03
31/03/2024 22:00:00;0.0;0.0;0.0;7.91;5.03
31/03/2024 22:30:00;0.0;0.0;0.0;7.76;5.0
31/03/2024 23:00:00;0.0;0.0;0.0;7.61;4.97
31/03/2024 23:30:00;0.0;0.0;0.0;7.585;5.035
01/04/2024 00:00:00;0.0;0.0;0.0;7.56;5.1
01/04/2024 00:30:00;0.0;0.0;0.0;7.48;5.17
01/04/2024 01:00:00;0.0;0.0;0.0;7.4;5.24
01/04/2024 01:30:00;0.0;0.0;0.0;7.275;5.17
01/04/2024 02:00:00;0.0;0.0;0.0;7.15;5.1
01/04/2024 02:30:00;0.0;0.0;0.0;6.970000000000001;5.1
01/04/2024 03:00:00;0.0;0.0;0.0;6.79;5.1
01/04/2024 03:30:00;0.0;0.0;0.0;6.775;5.1
01/04/2024 04:00:00;0.0;0.0;0.0;6.76;5.1
01/04/2024 04:30:00;0.0;0.0;0.0;6.6;5.0
01/04/2024 05:00:00;0.0;0.0;0.0;6.44;4.9
01/04/2024 05:30:00;0.0;19.325;0.43;6.505000000000001;5.105
01/04/2024 06:00:00;0.0;38.65;0.86;6.57;5.31
01/04/2024 06:30:00;59.82;89.21000000000001;2.79;6.625;5.414999999999999
01/04/2024 07:00:00;119.64;139.77;4.72;6.68;5.52
01/04/2024 07:30:00;150.42;180.395;5.925;6.9350000000000005;5.414999999999999
01/04/2024 08:00:00;181.2;221.02;7.13;7.19;5.31
01/04/2024 08:30:00;175.865;255.84000000000003;7.785;7.4;5.484999999999999
01/04/2024 09:00:00;170.53;290.66;8.44;7.61;5.66
01/04/2024 09:30:00;93.41;275.46500000000003;7.225;7.865;5.52
01/04/2024 10:00:00;16.29;260.27;6.01;8.12;5.38
01/04/2024 10:30:00;23.14;278.92499999999995;6.5;8.504999999999999;5.24
01/04/2024 11:00:00;29.99;297.58;6.99;8.89;5.1
01/04/2024 11:30:00;23.85;287.135;6.6899999999999995;9.215;4.965
01/04/2024 12:00:00;17.71;276.69;6.39;9.54;4.83
01/04/2024 12:30:00;63.065000000000005;297.925;7.365;9.5;4.795
01/04/2024 13:00:00;108.42;319.16;8.34;9.46;4.76
01/04/2024 13:30:00;56.22;255.555;6.34;9.735;4.38
01/04/2024 14:00:00;4.02;191.95;4.34;10.01;4.0
01/04/2024 14:30:00;35.925;197.245;4.845;10.365;3.895
01/04/2024 15:00:00;67.83;202.54;5.35;10.72;3.79
01/04/2024 15:30:00;130.015;150.775;5.175;10.165;3.79
01/04/2024 16:00:00;192.2;99.01;5.0;9.61;3.79
01/04/2024 16:30:00;107.52499999999999;71.67;3.235;9.33;3.41
01/04/2024 17:00:00;22.85;44.33;1.47;9.05;3.03
01/04/2024 17:30:00;11.425;22.165;0.735;8.675;2.8949999999999996
01/04/2024 18:00:00;0.0;0.0;0.0;8.3;2.76
01/04/2024 18:30:00;0.0;0.0;0.0;8.02;2.62
01/04/2024 19:00:00;0.0;0.0;0.0;7.74;2.48
01/04/2024 19:30:00;0.0;0.0;0.0;7.445;2.48
01/04/2024 20:00:00;0.0;0.0;0.0;7.15;2.48
01/04/2024 20:30:00;0.0;0.0;0.0;6.83;2.5149999999999997
01/04/2024 21:00:00;0.0;0.0;0.0;6.51;2.55
01/04/2024 21:30:00;0.0;0.0;0.0;6.529999999999999;2.55
01/04/2024 22:00:00;0.0;0.0;0.0;6.55;2.55
01/04/2024 22:30:00;0.0;0.0;0.0;6.5;2.48
01/04/2024 23:00:00;0.0;0.0;0.0;6.45;2.41
01/04/2024 23:30:00;0.0;0.0;0.0;6.359999999999999;2.31
02/04/2024 00:00:00;0.0;0.0;0.0;6.27;2.21
02/04/2024 00:30:00;0.0;0.0;0.0;6.255;2.1399999999999997
02/04/2024 01:00:00;0.0;0.0;0.0;6.24;2.07
02/04/2024 01:30:00;0.0;0.0;0.0;6.27;2.07
02/04/2024 02:00:00;0.0;0.0;0.0;6.3;2.07
02/04/2024 02:30:00;0.0;0.0;0.0;6.245;2.035
02/04/2024 03:00:00;0.0;0.0;0.0;6.19;2.0
02/04/2024 03:30:00;0.0;0.0;0.0;5.835000000000001;1.9300000000000002
02/04/2024 04:00:00;0.0;0.0;0.0;5.48;1.86
02/04/2024 04:30:00;0.0;0.0;0.0;5.315;1.76
02/04/2024 05:00:00;0.0;0.0;0.0;5.15;1.66
02/04/2024 05:30:00;0.0;16.18;0.36;5.335;1.555
02/04/2024 06:00:00;0.0;32.36;0.72;5.52;1.45
02/04/2024 06:30:00;11.705;82.375;1.9999999999999998;6.005;1.9300000000000002
02/04/2024 07:00:00;23.41;132.39;3.28;6.49;2.41
02/04/2024 07:30:00;87.24;178.85;5.075;6.775;2.2750000000000004
02/04/2024 08:00:00;151.07;225.31;6.87;7.06;2.14
02/04/2024 08:30:00;163.57;259.19;7.725;7.515;2.14
02/04/2024 09:00:00;176.07;293.07;8.58;7.97;2.14
02/04/2024 09:30:00;198.0;316.22;9.325;8.2;2.14
02/04/2024 10:00:00;219.93;339.37;10.07;8.43;2.14
02/04/2024 10:30:00;493.58;273.37;12.43;8.485;2.14
02/04/2024 11:00:00;767.23;207.37;14.79;8.54;2.14
02/04/2024 11:30:00;827.3299999999999;177.39;15.155;8.84;2.0700000000000003
02/04/2024 12:00:00;887.43;147.41;15.52;9.14;2.0
02/04/2024 12:30:00;813.4849999999999;158.99;14.675;9.405000000000001;1.895
02/04/2024 13:00:00;739.54;170.57;13.83;9.67;1.79
02/04/2024 13:30:00;647.5799999999999;172.995;12.605;9.925;1.62
02/04/2024 14:00:00;555.62;175.42;11.38;10.18;1.45
02/04/2024 14:30:00;473.01;157.785;9.95;10.295;1.275
02/04/2024 15:00:00;390.4;140.15;8.52;10.41;1.1
02/04/2024 15:30:00;254.975;131.62;6.48;10.385;1.135
02/04/2024 16:00:00;119.55;123.09;4.44;10.36;1.17
02/04/2024 16:30:00;59.775;65.14;2.3000000000000003;10.245000000000001;1.1
02/04/2024 17:00:00;0.0;7.19;0.16;10.13;1.03
02/04/2024 17:30:00;0.0;3.595;0.08;9.675;1.1
02/04/2024 18:00:00;0.0;0.0;0.0;9.22;1.17
02/04/2024 18:30:00;0.0;0.0;0.0;8.625;1.1
02/04/2024 19:00:00;0.0;0.0;0.0;8.03;1.03
02/04/2024 19:30:00;0.0;0.0;0.0;7.47;1.205
02/04/2024 20:00:00;0.0;0.0;0.0;6.91;1.38
02/04/2024 20:30:00;0.0;0.0;0.0;6.859999999999999;1.6549999999999998
02/04/2024 21:00:00;0.0;0.0;0.0;6.81;1.93
02/04/2024 21:30:00;0.0;0.0;0.0;6.71;2.135
02/04/2024 22:00:00;0.0;0.0;0.0;6.61;2.34
02/04/2024 22:30:00;0.0;0.0;0.0;6.45;2.41
02/04/2024 23:00:00;0.0;0.0;0.0;6.29;2.48
02/04/2024 23:30:00;0.0;0.0;0.0;6.165;2.55
03/04/2024 00:00:00;0.0;0.0;0.0;6.04;2.62
03/04/2024 00:30:00;0.0;0.0;0.0;5.82;2.6550000000000002
03/04/2024 01:00:00;0.0;0.0;0.0;5.6;2.69
03/04/2024 01:30:00;0.0;0.0;0.0;5.345;2.69
03/04/2024 02:00:00;0.0;0.0;0.0;5.09;2.69
03/04/2024 02:30:00;0.0;0.0;0.0;4.775;2.69
03/04/2024 03:00:00;0.0;0.0;0.0;4.46;2.69
03/04/2024 03:30:00;0.0;0.0;0.0;4.15;2.62
03/04/2024 04:00:00;0.0;0.0;0.0;3.84;2.55
03/04/2024 04:30:00;0.0;0.0;0.0;3.54;2.445
03/04/2024 05:00:00;0.0;0.0;0.0;3.24;2.34
03/04/2024 05:30:00;0.495;23.4;0.535;3.135;2.275
03/04/2024 06:00:00;0.99;46.8;1.07;3.03;2.21
03/04/2024 06:30:00;1.7149999999999999;74.755;1.7000000000000002;3.135;2.59
03/04/2024 07:00:00;2.44;102.71;2.33;3.24;2.97
03/04/2024 07:30:00;3.8049999999999997;134.35999999999999;3.0549999999999997;3.475;3.0700000000000003
03/04/2024 08:00:00;5.17;166.01;3.78;3.71;3.17
03/04/2024 08:30:00;7.225;191.92000000000002;4.38;4.125;3.24
03/04/2024 09:00:00;9.28;217.83;4.98;4.54;3.31
03/04/2024 09:30:00;4.64;173.635;3.9350000000000005;5.135;3.415
03/04/2024 10:00:00;0.0;129.44;2.89;5.73;3.52
03/04/2024 10:30:00;4.045;196.045;4.43;6.125;3.5549999999999997
03/04/2024 11:00:00;8.09;262.65;5.97;6.52;3.59
03/04/2024 11:30:00;11.455;270.34;6.18;7.02;3.69
03/04/2024 12:00:00;14.82;278.03;6.39;7.52;3.79
03/04/2024 12:30:00;7.41;216.76999999999998;4.935;7.8;3.8600000000000003
03/04/2024 13:00:00;0.0;155.51;3.48;8.08;3.93
03/04/2024 13:30:00;0.0;147.87;3.31;8.23;4.105
03/04/2024 14:00:00;0.0;140.23;3.14;8.38;4.28
03/04/2024 14:30:00;0.0;131.24;2.935;8.3;4.245
03/04/2024 15:00:00;0.0;122.25;2.73;8.22;4.21
03/04/2024 15:30:00;1.785;109.84;2.48;7.9750000000000005;4.175
03/04/2024 16:00:00;3.57;97.43;2.23;7.73;4.14
03/04/2024 16:30:00;3.5;69.0;1.605;7.345000000000001;3.9
03/04/2024 17:00:00;3.43;40.57;0.98;6.96;3.66
03/04/2024 17:30:00;1.715;20.285;0.49;6.38;3.4850000000000003
03/04/2024 18:00:00;0.0;0.0;0.0;5.8;3.31
03/04/2024 18:30:00;0.0;0.0;0.0;5.22;3.2750000000000004
03/04/2024 19:00:00;0.0;0.0;0.0;4.64;3.24
03/04/2024 19:30:00;0.0;0.0;0.0;4.2299999999999995;3.17
03/04/2024 20:00:00;0.0;0.0;0.0;3.82;3.1
03/04/2024 20:30:00;0.0;0.0;0.0;3.385;2.965
03/04/2024 21:00:00;0.0;0.0;0.0;2.95;2.83
03/04/2024 21:30:00;0.0;0.0;0.0;2.535;2.795
03/04/2024 22:00:00;0.0;0.0;0.0;2.12;2.76
03/04/2024 22:30:00;0.0;0.0;0.0;1.77;2.76
03/04/2024 23:00:00;0.0;0.0;0.0;1.42;2.76
03/04/2024 23:30:00;0.0;0.0;0.0;1.13;2.795
04/04/2024 00:00:00;0.0;0.0;0.0;0.84;2.83
04/04/2024 00:30:00;0.0;0.0;0.0;0.575;2.795
04/04/2024 01:00:00;0.0;0.0;0.0;0.31;2.76
04/04/2024 01:30:00;0.0;0.0;0.0;0.04999999999999999;2.69
04/04/2024 02:00:00;0.0;0.0;0.0;-0.21;2.62
04/04/2024 02:30:00;0.0;0.0;0.0;-0.535;2.55
04/04/2024 03:00:00;0.0;0.0;0.0;-0.86;2.48
04/04/2024 03:30:00;0.0;0.0;0.0;-1.23;2.4450000000000003
04/04/2024 04:00:00;0.0;0.0;0.0;-1.6;2.41
04/04/2024 04:30:00;0.0;0.0;0.0;-1.955;2.375
04/04/2024 05:00:00;0.0;0.0;0.0;-2.31;2.34
04/04/2024 05:30:00;44.975;25.41;1.455;-2.15;2.3099999999999996
04/04/2024 06:00:00;89.95;50.82;2.91;-1.99;2.28
04/04/2024 06:30:00;187.78000000000003;74.91;4.73;-0.7150000000000001;2.415
04/04/2024 07:00:00;285.61;99.0;6.55;0.56;2.55
04/04/2024 07:30:00;411.34000000000003;106.36500000000001;8.44;1.305;2.9299999999999997
04/04/2024 08:00:00;537.07;113.73;10.33;2.05;3.31
04/04/2024 08:30:00;643.7850000000001;117.67;11.879999999999999;2.795;3.38
04/04/2024 09:00:00;750.5;121.61;13.43;3.54;3.45
04/04/2024 09:30:00;813.4;129.91;14.42;4.27;3.415
04/04/2024 10:00:00;876.3;138.21;15.41;5.0;3.38
04/04/2024 10:30:00;929.525;130.935;16.045;5.665;3.415
04/04/2024 11:00:00;982.75;123.66;16.68;6.33;3.45
04/04/2024 11:30:00;977.76;124.235;16.619999999999997;6.845000000000001;3.555
04/04/2024 12:00:00;972.77;124.81;16.56;7.36;3.66
04/04/2024 12:30:00;922.9649999999999;125.38499999999999;15.875;7.6850000000000005;3.6900000000000004
04/04/2024 13:00:00;873.16;125.96;15.19;8.01;3.72
04/04/2024 13:30:00;781.355;128.02;13.945;8.145;3.6900000000000004
04/04/2024 14:00:00;689.55;130.08;12.7;8.28;3.66
04/04/2024 14:30:00;569.56;128.085;10.995;8.274999999999999;3.59
04/04/2024 15:00:00;449.57;126.09;9.29;8.27;3.52
04/04/2024 15:30:00;348.83;106.36;7.56;8.045;3.38
04/04/2024 16:00:00;248.09;86.63;5.83;7.82;3.24
04/04/2024 16:30:00;150.305;62.739999999999995;3.9699999999999998;7.415;2.895
04/04/2024 17:00:00;52.52;38.85;2.11;7.01;2.55
04/04/2024 17:30:00;26.26;19.425;1.055;6.279999999999999;2.3449999999999998
04/04/2024 18:00:00;0.0;0.0;0.0;5.55;2.14
04/04/2024 18:30:00;0.0;0.0;0.0;4.85;2.0
04/04/2024 19:00:00;0.0;0.0;0.0;4.15;1.86
04/04/2024 19:30:00;0.0;0.0;0.0;3.25;1.8250000000000002
04/04/2024 20:00:00;0.0;0.0;0.0;2.35;1.79
04/04/2024 20:30:00;0.0;0.0;0.0;1.665;1.69
04/04/2024 21:00:00;0.0;0.0;0.0;0.98;1.59
04/04/2024 21:30:00;0.0;0.0;0.0;0.5700000000000001;1.5550000000000002
04/04/2024 22:00:00;0.0;0.0;0.0;0.16;1.52
04/04/2024 22:30:00;0.0;0.0;0.0;-0.09;1.4849999999999999
04/04/2024 23:00:00;0.0;0.0;0.0;-0.34;1.45
04/04/2024 23:30:00;0.0;0.0;0.0;-0.485;1.415
05/04/2024 00:00:00;0.0;0.0;0.0;-0.63;1.38
05/04/2024 00:30:00;0.0;0.0;0.0;-0.525;1.275
05/04/2024 01:00:00;0.0;0.0;0.0;-0.42;1.17
05/04/2024 01:30:00;0.0;0.0;0.0;-0.265;1.1
05/04/2024 02:00:00;0.0;0.0;0.0;-0.11;1.03
05/04/2024 02:30:00;0.0;0.0;0.0;-0.19;1.0
05/04/2024 03:00:00;0.0;0.0;0.0;-0.27;0.97
05/04/2024 03:30:00;0.0;0.0;0.0;-0.755;1.0699999999999998
05/04/2024 04:00:00;0.0;0.0;0.0;-1.24;1.17
05/04/2024 04:30:00;0.0;0.0;0.0;-1.4100000000000001;1.17
05/04/2024 05:00:00;0.0;0.0;0.0;-1.58;1.17
05/04/2024 05:30:00;43.725;26.64;1.475;-1.0350000000000001;1.0
05/04/2024 06:00:00;87.45;53.28;2.95;-0.49;0.83
05/04/2024 06:30:00;179.65000000000003;78.755;4.720000000000001;0.51;0.69
05/04/2024 07:00:00;271.85;104.23;6.49;1.51;0.55
05/04/2024 07:30:00;392.21000000000004;114.095;8.350000000000001;2.415;0.79
05/04/2024 08:00:00;512.57;123.96;10.21;3.32;1.03
05/04/2024 08:30:00;608.875;132.75;11.685;3.9450000000000003;1.205
05/04/2024 09:00:00;705.18;141.54;13.16;4.57;1.38
05/04/2024 09:30:00;764.39;151.095;14.125;5.125;1.415
05/04/2024 10:00:00;823.6;160.65;15.09;5.68;1.45
05/04/2024 10:30:00;875.86;153.76;15.715;6.195;1.38
05/04/2024 11:00:00;928.12;146.87;16.34;6.71;1.31
05/04/2024 11:30:00;917.145;150.35000000000002;16.240000000000002;7.165;1.31
05/04/2024 12:00:00;906.17;153.83;16.14;7.62;1.31
05/04/2024 12:30:00;852.035;155.765;15.415;7.98;1.24
05/04/2024 13:00:00;797.9;157.7;14.69;8.34;1.17
05/04/2024 13:30:00;722.5;151.855;13.555;8.525;1.17
05/04/2024 14:00:00;647.1;146.01;12.42;8.71;1.17
05/04/2024 14:30:00;538.835;139.285;10.8;8.755;1.1
05/04/2024 15:00:00;430.57;132.56;9.18;8.8;1.03
05/04/2024 15:30:00;334.82;110.71000000000001;7.484999999999999;8.625;1.03
05/04/2024 16:00:00;239.07;88.86;5.79;8.45;1.03
05/04/2024 16:30:00;144.245;65.06;3.96;8.075;1.0
05/04/2024 17:00:00;49.42;41.26;2.13;7.7;0.97
05/04/2024 17:30:00;24.71;20.63;1.065;6.96;1.1400000000000001
05/04/2024 18:00:00;0.0;0.0;0.0;6.22;1.31
05/04/2024 18:30:00;0.0;0.0;0.0;5.585;1.205
05/04/2024 19:00:00;0.0;0.0;0.0;4.95;1.1
05/04/2024 19:30:00;0.0;0.0;0.0;4.734999999999999;1.065
05/04/2024 20:00:00;0.0;0.0;0.0;4.52;1.03
05/04/2024 20:30:00;0.0;0.0;0.0;4.585;0.9650000000000001
05/04/2024 21:00:00;0.0;0.0;0.0;4.65;0.9
05/04/2024 21:30:00;0.0;0.0;0.0;4.35;0.76
05/04/2024 22:00:00;0.0;0.0;0.0;4.05;0.62
05/04/2024 22:30:00;0.0;0.0;0.0;3.815;0.515
05/04/2024 23:00:00;0.0;0.0;0.0;3.58;0.41
05/04/2024 23:30:00;0.0;0.0;0.0;3.38;0.41
06/04/2024 00:00:00;0.0;0.0;0.0;3.18;0.41
06/04/2024 00:30:00;0.0;0.0;0.0;2.89;0.5499999999999999
06/04/2024 01:00:00;0.0;0.0;0.0;2.6;0.69
06/04/2024 01:30:00;0.0;0.0;0.0;2.3600000000000003;0.7949999999999999
06/04/2024 02:00:00;0.0;0.0;0.0;2.12;0.9
06/04/2024 02:30:00;0.0;0.0;0.0;1.875;0.9
06/04/2024 03:00:00;0.0;0.0;0.0;1.63;0.9
06/04/2024 03:30:00;0.0;0.0;0.0;1.375;0.865
06/04/2024 04:00:00;0.0;0.0;0.0;1.12;0.83
06/04/2024 04:30:00;0.0;0.0;0.0;0.905;0.7949999999999999
06/04/2024 05:00:00;0.0;0.0;0.0;0.69;0.76
06/04/2024 05:30:00;42.075;27.855;1.485;0.655;0.69
06/04/2024 06:00:00;84.15;55.71;2.97;0.62;0.62
06/04/2024 06:30:00;155.95;89.555;4.59;1.6099999999999999;0.655
06/04/2024 07:00:00;227.75;123.4;6.21;2.6;0.69
06/04/2024 07:30:00;259.66499999999996;168.005;7.425000000000001;4.26;0.725
06/04/2024 08:00:00;291.58;212.61;8.64;5.92;0.76
06/04/2024 08:30:00;440.92499999999995;202.55;10.530000000000001;6.795;0.8300000000000001
06/04/2024 09:00:00;590.27;192.49;12.42;7.67;0.9
06/04/2024 09:30:00;574.73;235.37;12.925;8.21;0.9650000000000001
06/04/2024 10:00:00;559.19;278.25;13.43;8.75;1.03
06/04/2024 10:30:00;414.89;326.48;12.475;9.225;1.065
06/04/2024 11:00:00;270.59;374.71;11.52;9.7;1.1
06/04/2024 11:30:00;320.19;367.14;11.98;10.075;1.205
06/04/2024 12:00:00;369.79;359.57;12.44;10.45;1.31
06/04/2024 12:30:00;309.21500000000003;351.06;11.515;10.575;1.415
06/04/2024 13:00:00;248.64;342.55;10.59;10.7;1.52
06/04/2024 13:30:00;196.095;316.885;9.415;10.61;1.52
06/04/2024 14:00:00;143.55;291.22;8.24;10.52;1.52
06/04/2024 14:30:00;72.4;212.64000000000001;5.625;10.305;1.5899999999999999
06/04/2024 15:00:00;1.25;134.06;3.01;10.09;1.66
06/04/2024 15:30:00;8.075;127.62;2.9699999999999998;9.73;1.4849999999999999
06/04/2024 16:00:00;14.9;121.18;2.93;9.37;1.31
06/04/2024 16:30:00;9.42;84.44500000000001;2.05;8.975;1.07
06/04/2024 17:00:00;3.94;47.71;1.17;8.58;0.83
06/04/2024 17:30:00;1.97;23.855;0.585;8.15;0.62
06/04/2024 18:00:00;0.0;0.0;0.0;7.72;0.41
06/04/2024 18:30:00;0.0;0.0;0.0;8.155;0.585
06/04/2024 19:00:00;0.0;0.0;0.0;8.59;0.76
06/04/2024 19:30:00;0.0;0.0;0.0;7.779999999999999;0.965
06/04/2024 20:00:00;0.0;0.0;0.0;6.97;1.17
06/04/2024 20:30:00;0.0;0.0;0.0;6.445;1.275
06/04/2024 21:00:00;0.0;0.0;0.0;5.92;1.38
06/04/2024 21:30:00;0.0;0.0;0.0;5.46;1.45
06/04/2024 22:00:00;0.0;0.0;0.0;5.0;1.52
06/04/2024 22:30:00;0.0;0.0;0.0;4.575;1.52
06/04/2024 23:00:00;0.0;0.0;0.0;4.15;1.52
06/04/2024 23:30:00;0.0;0.0;0.0;3.915;1.45
07/04/2024 00:00:00;0.0;0.0;0.0;3.68;1.38
07/04/2024 00:30:00;0.0;0.0;0.0;3.365;1.345
07/04/2024 01:00:00;0.0;0.0;0.0;3.05;1.31
07/04/2024 01:30:00;0.0;0.0;0.0;2.9299999999999997;1.24
07/04/2024 02:00:00;0.0;0.0;0.0;2.81;1.17
07/04/2024 02:30:00;0.0;0.0;0.0;2.81;1.0699999999999998
07/04/2024 03:00:00;0.0;0.0;0.0;2.81;0.97
07/04/2024 03:30:00;0.0;0.0;0.0;2.715;1.0
07/04/2024 04:00:00;0.0;0.0;0.0;2.62;1.03
07/04/2024 04:30:00;0.0;0.0;0.0;2.37;1.275
07/04/2024 05:00:00;0.0;0.0;0.0;2.12;1.52
07/04/2024 05:30:00;0.0;5.845;0.13;2.425;1.52
07/04/2024 06:00:00;0.0;11.69;0.26;2.73;1.52
07/04/2024 06:30:00;0.0;26.97;0.6;3.3;1.4849999999999999
07/04/2024 07:00:00;0.0;42.25;0.94;3.87;1.45
07/04/2024 07:30:00;0.0;44.045;0.98;4.3149999999999995;1.555
07/04/2024 08:00:00;0.0;45.84;1.02;4.76;1.66
07/04/2024 08:30:00;0.0;101.125;2.26;4.785;1.76
07/04/2024 09:00:00;0.0;156.41;3.5;4.81;1.86
07/04/2024 09:30:00;0.0;127.645;2.855;5.055;1.8250000000000002
07/04/2024 10:00:00;0.0;98.88;2.21;5.3;1.79
07/04/2024 10:30:00;0.0;102.025;2.2800000000000002;5.785;1.8599999999999999
07/04/2024 11:00:00;0.0;105.17;2.35;6.27;1.93
07/04/2024 11:30:00;0.0;108.315;2.42;6.605;1.9649999999999999
07/04/2024 12:00:00;0.0;111.46;2.49;6.94;2.0
07/04/2024 12:30:00;0.0;121.35;2.71;7.375;2.0
07/04/2024 13:00:00;0.0;131.24;2.93;7.81;2.0
07/04/2024 13:30:00;0.0;115.51;2.58;7.88;2.035
07/04/2024 14:00:00;0.0;99.78;2.23;7.95;2.07
07/04/2024 14:30:00;0.0;100.23;2.24;8.18;1.895
07/04/2024 15:00:00;0.0;100.68;2.25;8.41;1.72
07/04/2024 15:30:00;37.335;118.805;3.225;8.49;1.5499999999999998
07/04/2024 16:00:00;74.67;136.93;4.2;8.57;1.38
07/04/2024 16:30:00;51.525;94.215;3.045;8.425;1.14
07/04/2024 17:00:00;28.38;51.5;1.89;8.28;0.9
07/04/2024 17:30:00;14.19;25.75;0.945;7.949999999999999;1.035
07/04/2024 18:00:00;0.0;0.0;0.0;7.62;1.17
07/04/2024 18:30:00;0.0;0.0;0.0;7.33;0.7899999999999999
07/04/2024 19:00:00;0.0;0.0;0.0;7.04;0.41
07/04/2024 19:30:00;0.0;0.0;0.0;6.85;0.41
07/04/2024 20:00:00;0.0;0.0;0.0;6.66;0.41
07/04/2024 20:30:00;0.0;0.0;0.0;6.345000000000001;0.44499999999999995
07/04/2024 21:00:00;0.0;0.0;0.0;6.03;0.48
07/04/2024 21:30:00;0.0;0.0;0.0;5.76;0.48
07/04/2024 22:00:00;0.0;0.0;0.0;5.49;0.48
07/04/2024 22:30:00;0.0;0.0;0.0;5.25;0.48
07/04/2024 23:00:00;0.0;0.0;0.0;5.01;0.48
07/04/2024 23:30:00;0.0;0.0;0.0;4.775;0.48
08/04/2024 00:00:00;0.0;0.0;0.0;4.54;0.48
08/04/2024 00:30:00;0.0;0.0;0.0;4.34;0.44499999999999995
08/04/2024 01:00:00;0.0;0.0;0.0;4.14;0.41
08/04/2024 01:30:00;0.0;0.0;0.0;3.955;0.48
08/04/2024 02:00:00;0.0;0.0;0.0;3.77;0.55
08/04/2024 02:30:00;0.0;0.0;0.0;3.615;0.655
08/04/2024 03:00:00;0.0;0.0;0.0;3.46;0.76
08/04/2024 03:30:00;0.0;0.0;0.0;3.31;0.7949999999999999
08/04/2024 04:00:00;0.0;0.0;0.0;3.16;0.83
08/04/2024 04:30:00;0.0;0.0;0.0;3.165;0.83
08/04/2024 05:00:00;0.0;0.0;0.0;3.17;0.83
08/04/2024 05:30:00;4.08;34.82;0.865;3.2800000000000002;0.76
08/04/2024 06:00:00;8.16;69.64;1.73;3.39;0.69
08/04/2024 06:30:00;12.755;105.46000000000001;2.575;4.32;0.485
08/04/2024 07:00:00;17.35;141.28;3.42;5.25;0.28
08/04/2024 07:30:00;58.419999999999995;190.175;5.025;6.345000000000001;0.725
08/04/2024 08:00:00;99.49;239.07;6.63;7.44;1.17
08/04/2024 08:30:00;80.57;261.71000000000004;6.87;8.05;1.345
08/04/2024 09:00:00;61.65;284.35;7.11;8.66;1.52
08/04/2024 09:30:00;77.135;310.45500000000004;7.865;9.125;1.655
08/04/2024 10:00:00;92.62;336.56;8.62;9.59;1.79
08/04/2024 10:30:00;67.31;330.55;8.19;10.035;1.93
08/04/2024 11:00:00;42.0;324.54;7.76;10.48;2.07
08/04/2024 11:30:00;66.245;338.08000000000004;8.34;10.72;2.275
08/04/2024 12:00:00;90.49;351.62;8.92;10.96;2.48
08/04/2024 12:30:00;99.87;342.27;8.83;10.97;2.55
08/04/2024 13:00:00;109.25;332.92;8.74;10.98;2.62
08/04/2024 13:30:00;127.37;311.885;8.52;11.015;2.6550000000000002
08/04/2024 14:00:00;145.49;290.85;8.3;11.05;2.69
08/04/2024 14:30:00;91.155;246.32;6.65;11.04;2.585
08/04/2024 15:00:00;36.82;201.79;5.0;11.03;2.48
08/04/2024 15:30:00;30.145;165.075;4.12;10.855;2.38
08/04/2024 16:00:00;23.47;128.36;3.24;10.68;2.28
08/04/2024 16:30:00;13.605;88.46000000000001;2.215;10.42;1.935
08/04/2024 17:00:00;3.74;48.56;1.19;10.16;1.59
08/04/2024 17:30:00;1.87;24.28;0.595;9.73;1.31
08/04/2024 18:00:00;0.0;0.0;0.0;9.3;1.03
08/04/2024 18:30:00;0.0;0.0;0.0;8.63;1.17
08/04/2024 19:00:00;0.0;0.0;0.0;7.96;1.31
08/04/2024 19:30:00;0.0;0.0;0.0;7.445;1.24
08/04/2024 20:00:00;0.0;0.0;0.0;6.93;1.17
08/04/2024 20:30:00;0.0;0.0;0.0;6.5600000000000005;1.24
08/04/2024 21:00:00;0.0;0.0;0.0;6.19;1.31
08/04/2024 21:30:00;0.0;0.0;0.0;5.82;1.31
08/04/2024 22:00:00;0.0;0.0;0.0;5.45;1.31
08/04/2024 22:30:00;0.0;0.0;0.0;5.23;1.24
08/04/2024 23:00:00;0.0;0.0;0.0;5.01;1.17
08/04/2024 23:30:00;0.0;0.0;0.0;4.73;1.135
09/04/2024 00:00:00;0.0;0.0;0.0;4.45;1.1
09/04/2024 00:30:00;0.0;0.0;0.0;4.025;1.135
09/04/2024 01:00:00;0.0;0.0;0.0;3.6;1.17
09/04/2024 01:30:00;0.0;0.0;0.0;3.1;1.205
09/04/2024 02:00:00;0.0;0.0;0.0;2.6;1.24
09/04/2024 02:30:00;0.0;0.0;0.0;2.09;1.275
09/04/2024 03:00:00;0.0;0.0;0.0;1.58;1.31
09/04/2024 03:30:00;0.0;0.0;0.0;1.335;1.31
09/04/2024 04:00:00;0.0;0.0;0.0;1.09;1.31
09/04/2024 04:30:00;0.0;0.84;0.02;0.9450000000000001;1.275
09/04/2024 05:00:00;0.0;1.68;0.04;0.8;1.24
09/04/2024 05:30:00;24.57;39.36;1.405;1.395;1.035
09/04/2024 06:00:00;49.14;77.04;2.77;1.99;0.83
09/04/2024 06:30:00;155.74;95.635;4.76;3.4349999999999996;0.83
09/04/2024 07:00:00;262.34;114.23;6.75;4.88;0.83
09/04/2024 07:30:00;378.11;123.805;8.559999999999999;5.6899999999999995;1.035
09/04/2024 08:00:00;493.88;133.38;10.37;6.5;1.24
09/04/2024 08:30:00;584.6;143.425;11.795;7.37;1.585
09/04/2024 09:00:00;675.32;153.47;13.22;8.24;1.93
09/04/2024 09:30:00;543.3050000000001;242.14499999999998;12.89;8.935;2.105
09/04/2024 10:00:00;411.29;330.82;12.56;9.63;2.28
09/04/2024 10:30:00;305.54;355.505;11.705;10.24;2.245
09/04/2024 11:00:00;199.79;380.19;10.85;10.85;2.21
09/04/2024 11:30:00;418.86;328.815;12.76;11.325;2.105
09/04/2024 12:00:00;637.93;277.44;14.67;11.8;2.0
09/04/2024 12:30:00;712.755;218.0;14.77;12.265;1.895
09/04/2024 13:00:00;787.58;158.56;14.87;12.73;1.79
09/04/2024 13:30:00;708.87;154.26999999999998;13.704999999999998;13.004999999999999;1.69
09/04/2024 14:00:00;630.16;149.98;12.54;13.28;1.59
09/04/2024 14:30:00;527.485;141.58499999999998;10.965;13.370000000000001;1.52
09/04/2024 15:00:00;424.81;133.19;9.39;13.46;1.45
09/04/2024 15:30:00;330.53;111.99000000000001;7.710000000000001;13.34;1.38
09/04/2024 16:00:00;236.25;90.79;6.03;13.22;1.31
09/04/2024 16:30:00;143.265;67.68;4.21;12.815000000000001;1.0
09/04/2024 17:00:00;50.28;44.57;2.39;12.41;0.69
09/04/2024 17:30:00;25.14;22.285;1.195;11.530000000000001;0.725
09/04/2024 18:00:00;0.0;0.0;0.0;10.65;0.76
09/04/2024 18:30:00;0.0;0.0;0.0;10.295;0.895
09/04/2024 19:00:00;0.0;0.0;0.0;9.94;1.03
09/04/2024 19:30:00;0.0;0.0;0.0;8.515;1.31
09/04/2024 20:00:00;0.0;0.0;0.0;7.09;1.59
09/04/2024 20:30:00;0.0;0.0;0.0;6.16;1.655
09/04/2024 21:00:00;0.0;0.0;0.0;5.23;1.72
09/04/2024 21:30:00;0.0;0.0;0.0;4.845000000000001;1.655
09/04/2024 22:00:00;0.0;0.0;0.0;4.46;1.59
09/04/2024 22:30:00;0.0;0.0;0.0;4.33;1.52
09/04/2024 23:00:00;0.0;0.0;0.0;4.2;1.45
09/04/2024 23:30:00;0.0;0.0;0.0;3.935;1.45
10/04/2024 00:00:00;0.0;0.0;0.0;3.67;1.45
10/04/2024 00:30:00;0.0;0.0;0.0;3.9699999999999998;1.275
10/04/2024 01:00:00;0.0;0.0;0.0;4.27;1.1
10/04/2024 01:30:00;0.0;0.0;0.0;3.5599999999999996;1.205
10/04/2024 02:00:00;0.0;0.0;0.0;2.85;1.31
10/04/2024 02:30:00;0.0;0.0;0.0;2.1550000000000002;1.415
10/04/2024 03:00:00;0.0;0.0;0.0;1.46;1.52
10/04/2024 03:30:00;0.0;0.0;0.0;1.635;1.38
10/04/2024 04:00:00;0.0;0.0;0.0;1.81;1.24
10/04/2024 04:30:00;0.0;2.945;0.07;2.2350000000000003;1.07
10/04/2024 05:00:00;0.0;5.89;0.14;2.66;0.9
10/04/2024 05:30:00;50.665;31.325;1.83;2.875;0.7949999999999999
10/04/2024 06:00:00;101.33;56.76;3.52;3.09;0.69
10/04/2024 06:30:00;186.85000000000002;83.345;5.205;4.385;0.83
10/04/2024 07:00:00;272.37;109.93;6.89;5.68;0.97
10/04/2024 07:30:00;321.92;150.07;8.24;7.12;1.0350000000000001
10/04/2024 08:00:00;371.47;190.21;9.59;8.56;1.1
10/04/2024 08:30:00;410.36;223.01;10.684999999999999;9.690000000000001;1.275
10/04/2024 09:00:00;449.25;255.81;11.78;10.82;1.45
10/04/2024 09:30:00;429.18;293.37;12.18;11.795;1.52
10/04/2024 10:00:00;409.11;330.93;12.58;12.77;1.59
10/04/2024 10:30:00;458.545;330.65;13.235;13.565;1.5550000000000002
10/04/2024 11:00:00;507.98;330.37;13.89;14.36;1.52
10/04/2024 11:30:00;467.485;339.425;13.515;14.91;1.4849999999999999
10/04/2024 12:00:00;426.99;348.48;13.14;15.46;1.45
10/04/2024 12:30:00;268.795;343.435;11.02;15.88;1.52
10/04/2024 13:00:00;110.6;338.39;8.9;16.3;1.59
10/04/2024 13:30:00;124.59;316.7;8.620000000000001;16.564999999999998;1.655
10/04/2024 14:00:00;138.58;295.01;8.34;16.83;1.72
10/04/2024 14:30:00;81.965;246.195;6.55;16.78;1.69
10/04/2024 15:00:00;25.35;197.38;4.76;16.73;1.66
10/04/2024 15:30:00;13.765;148.215;3.505;16.505000000000003;1.415
10/04/2024 16:00:00;2.18;99.05;2.25;16.28;1.17
10/04/2024 16:30:00;2.1550000000000002;73.785;1.7;15.77;1.205
10/04/2024 17:00:00;2.13;48.52;1.15;15.26;1.24
10/04/2024 17:30:00;1.065;24.26;0.575;14.48;1.45
10/04/2024 18:00:00;0.0;0.0;0.0;13.7;1.66
10/04/2024 18:30:00;0.0;0.0;0.0;12.84;1.9699999999999998
10/04/2024 19:00:00;0.0;0.0;0.0;11.98;2.28
10/04/2024 19:30:00;0.0;0.0;0.0;11.635;2.1399999999999997
10/04/2024 20:00:00;0.0;0.0;0.0;11.29;2.0
10/04/2024 20:30:00;0.0;0.0;0.0;11.17;2.17
10/04/2024 21:00:00;0.0;0.0;0.0;11.05;2.34
10/04/2024 21:30:00;0.0;0.0;0.0;11.190000000000001;2.55
10/04/2024 22:00:00;0.0;0.0;0.0;11.33;2.76
10/04/2024 22:30:00;0.0;0.0;0.0;11.515;3.035
10/04/2024 23:00:00;0.0;0.0;0.0;11.7;3.31
10/04/2024 23:30:00;0.0;0.0;0.0;11.745;3.585
11/04/2024 00:00:00;0.0;0.0;0.0;11.79;3.86
11/04/2024 00:30:00;0.0;0.0;0.0;11.395;3.895
11/04/2024 01:00:00;0.0;0.0;0.0;11.0;3.93
11/04/2024 01:30:00;0.0;0.0;0.0;10.645;3.8600000000000003
11/04/2024 02:00:00;0.0;0.0;0.0;10.29;3.79
11/04/2024 02:30:00;0.0;0.0;0.0;10.18;3.8600000000000003
11/04/2024 03:00:00;0.0;0.0;0.0;10.07;3.93
11/04/2024 03:30:00;0.0;0.0;0.0;9.935;4.0
11/04/2024 04:00:00;0.0;0.0;0.0;9.8;4.07
11/04/2024 04:30:00;0.0;0.84;0.02;9.505;4.140000000000001
11/04/2024 05:00:00;0.0;1.68;0.04;9.21;4.21
11/04/2024 05:30:00;0.0;11.625;0.26;9.08;3.965
11/04/2024 06:00:00;0.0;21.57;0.48;8.95;3.72
11/04/2024 06:30:00;0.0;44.94499999999999;1.005;8.75;3.135
11/04/2024 07:00:00;0.0;68.32;1.53;8.55;2.55
11/04/2024 07:30:00;0.0;104.725;2.345;8.655000000000001;2.655
11/04/2024 08:00:00;0.0;141.13;3.16;8.76;2.76
11/04/2024 08:30:00;6.94;191.44;4.375;8.82;2.865
11/04/2024 09:00:00;13.88;241.75;5.59;8.88;2.97
11/04/2024 09:30:00;47.38;288.45;7.035;9.175;3.1050000000000004
11/04/2024 10:00:00;80.88;335.15;8.48;9.47;3.24
11/04/2024 10:30:00;99.255;350.85;9.045;9.835;3.31
11/04/2024 11:00:00;117.63;366.55;9.61;10.2;3.38
11/04/2024 11:30:00;93.03;354.815;9.055;10.61;3.6550000000000002
11/04/2024 12:00:00;68.43;343.08;8.5;11.02;3.93
11/04/2024 12:30:00;251.005;323.515;10.48;11.18;3.795
11/04/2024 13:00:00;433.58;303.95;12.46;11.34;3.66
11/04/2024 13:30:00;298.78499999999997;298.74;10.56;11.495000000000001;3.555
11/04/2024 14:00:00;163.99;293.53;8.66;11.65;3.45
11/04/2024 14:30:00;135.29000000000002;258.59;7.5649999999999995;11.725000000000001;3.31
11/04/2024 15:00:00;106.59;223.65;6.47;11.8;3.17
11/04/2024 15:30:00;61.38;175.53;4.795;11.685;2.825
11/04/2024 16:00:00;16.17;127.41;3.12;11.57;2.48
11/04/2024 16:30:00;10.860000000000001;91.08;2.255;11.344999999999999;2.1
11/04/2024 17:00:00;5.55;54.75;1.39;11.12;1.72
11/04/2024 17:30:00;2.775;27.375;0.695;10.715;1.5150000000000001
11/04/2024 18:00:00;0.0;0.0;0.0;10.31;1.31
11/04/2024 18:30:00;0.0;0.0;0.0;10.335;0.9650000000000001
11/04/2024 19:00:00;0.0;0.0;0.0;10.36;0.62
11/04/2024 19:30:00;0.0;0.0;0.0;9.495000000000001;1.0
11/04/2024 20:00:00;0.0;0.0;0.0;8.63;1.38
11/04/2024 20:30:00;0.0;0.0;0.0;8.205;1.45
11/04/2024 21:00:00;0.0;0.0;0.0;7.78;1.52
11/04/2024 21:30:00;0.0;0.0;0.0;7.595000000000001;1.4849999999999999
11/04/2024 22:00:00;0.0;0.0;0.0;7.41;1.45
11/04/2024 22:30:00;0.0;0.0;0.0;7.33;1.415
11/04/2024 23:00:00;0.0;0.0;0.0;7.25;1.38
11/04/2024 23:30:00;0.0;0.0;0.0;7.12;1.38
12/04/2024 00:00:00;0.0;0.0;0.0;6.99;1.38
12/04/2024 00:30:00;0.0;0.0;0.0;6.83;1.205
12/04/2024 01:00:00;0.0;0.0;0.0;6.67;1.03
12/04/2024 01:30:00;0.0;0.0;0.0;6.5649999999999995;1.0
12/04/2024 02:00:00;0.0;0.0;0.0;6.46;0.97
12/04/2024 02:30:00;0.0;0.0;0.0;6.575;1.21
12/04/2024 03:00:00;0.0;0.0;0.0;6.69;1.45
12/04/2024 03:30:00;0.0;0.0;0.0;6.84;1.555
12/04/2024 04:00:00;0.0;0.0;0.0;6.99;1.66
12/04/2024 04:30:00;0.0;0.84;0.02;7.175000000000001;1.725
12/04/2024 05:00:00;0.0;1.68;0.04;7.36;1.79
12/04/2024 05:30:00;8.155;42.084999999999994;1.125;7.775;1.93
12/04/2024 06:00:00;16.31;82.49;2.21;8.19;2.07
12/04/2024 06:30:00;15.399999999999999;113.9;2.8449999999999998;8.29;1.8649999999999998
12/04/2024 07:00:00;14.49;145.31;3.48;8.39;1.66
12/04/2024 07:30:00;7.245;116.7;2.725;9.205;1.8649999999999998
12/04/2024 08:00:00;0.0;88.09;1.97;10.02;2.07
12/04/2024 08:30:00;0.0;90.34;2.02;10.795;2.52
12/04/2024 09:00:00;0.0;92.59;2.07;11.57;2.97
12/04/2024 09:30:00;0.0;124.5;2.785;12.02;3.45
12/04/2024 10:00:00;0.0;156.41;3.5;12.47;3.93
12/04/2024 10:30:00;16.08;237.34499999999997;5.51;12.515;4.0
12/04/2024 11:00:00;32.16;318.28;7.52;12.56;4.07
12/04/2024 11:30:00;75.82;341.575;8.565;12.405000000000001;4.3100000000000005
12/04/2024 12:00:00;119.48;364.87;9.61;12.25;4.55
12/04/2024 12:30:00;59.74;282.665;7.045;12.73;5.035
12/04/2024 13:00:00;0.0;200.46;4.48;13.21;5.52
12/04/2024 13:30:00;9.33;220.525;5.055;13.145;5.31
12/04/2024 14:00:00;18.66;240.59;5.63;13.08;5.1
12/04/2024 14:30:00;9.33;158.5;3.67;12.344999999999999;4.755
12/04/2024 15:00:00;0.0;76.41;1.71;11.61;4.41
12/04/2024 15:30:00;0.0;60.68;1.355;11.004999999999999;4.24
12/04/2024 16:00:00;0.0;44.95;1.0;10.4;4.07
12/04/2024 16:30:00;0.0;27.42;0.61;9.945;3.725
12/04/2024 17:00:00;0.0;9.89;0.22;9.49;3.38
12/04/2024 17:30:00;0.0;4.945;0.11;9.14;3.24
12/04/2024 18:00:00;0.0;0.0;0.0;8.79;3.1
12/04/2024 18:30:00;0.0;0.0;0.0;8.7;3.31
12/04/2024 19:00:00;0.0;0.0;0.0;8.61;3.52
12/04/2024 19:30:00;0.0;0.0;0.0;8.29;3.76
12/04/2024 20:00:00;0.0;0.0;0.0;7.97;4.0
12/04/2024 20:30:00;0.0;0.0;0.0;7.52;4.24
12/04/2024 21:00:00;0.0;0.0;0.0;7.07;4.48
12/04/2024 21:30:00;0.0;0.0;0.0;6.745;4.035
12/04/2024 22:00:00;0.0;0.0;0.0;6.42;3.59
12/04/2024 22:30:00;0.0;0.0;0.0;6.115;3.52
12/04/2024 23:00:00;0.0;0.0;0.0;5.81;3.45
12/04/2024 23:30:00;0.0;0.0;0.0;5.5;3.555
13/04/2024 00:00:00;0.0;0.0;0.0;5.19;3.66
13/04/2024 00:30:00;0.0;0.0;0.0;4.960000000000001;3.725
13/04/2024 01:00:00;0.0;0.0;0.0;4.73;3.79
13/04/2024 01:30:00;0.0;0.0;0.0;4.62;3.825
13/04/2024 02:00:00;0.0;0.0;0.0;4.51;3.86
13/04/2024 02:30:00;0.0;0.0;0.0;4.33;3.86
13/04/2024 03:00:00;0.0;0.0;0.0;4.15;3.86
13/04/2024 03:30:00;0.0;0.0;0.0;4.135;3.79
13/04/2024 04:00:00;0.0;0.0;0.0;4.12;3.72
13/04/2024 04:30:00;0.0;2.945;0.07;4.105;3.585
13/04/2024 05:00:00;0.0;5.89;0.14;4.09;3.45
13/04/2024 05:30:00;5.935;44.98;1.145;4.199999999999999;3.4850000000000003
13/04/2024 06:00:00;11.87;84.07;2.15;4.31;3.52
13/04/2024 06:30:00;98.73;118.72;4.289999999999999;4.835;3.5549999999999997
13/04/2024 07:00:00;185.59;153.37;6.43;5.36;3.59
13/04/2024 07:30:00;267.545;179.625;8.07;5.75;3.69
13/04/2024 08:00:00;349.5;205.88;9.71;6.14;3.79
13/04/2024 08:30:00;224.02;258.21000000000004;8.955;6.645;3.515
13/04/2024 09:00:00;98.54;310.54;8.2;7.15;3.24
13/04/2024 09:30:00;65.79;310.435;7.779999999999999;7.67;3.17
13/04/2024 10:00:00;33.04;310.33;7.36;8.19;3.1
13/04/2024 10:30:00;79.24000000000001;344.05499999999995;8.665000000000001;8.5;3.035
13/04/2024 11:00:00;125.44;377.78;9.97;8.81;2.97
13/04/2024 11:30:00;189.275;380.42999999999995;10.825;9.0;2.97
13/04/2024 12:00:00;253.11;383.08;11.68;9.19;2.97
13/04/2024 12:30:00;201.835;367.28999999999996;10.705;9.215;2.83
13/04/2024 13:00:00;150.56;351.5;9.73;9.24;2.69
13/04/2024 13:30:00;214.36;320.16999999999996;9.95;9.27;2.5149999999999997
13/04/2024 14:00:00;278.16;288.84;10.17;9.3;2.34
13/04/2024 14:30:00;201.56;259.54499999999996;8.54;9.27;2.135
13/04/2024 15:00:00;124.96;230.25;6.91;9.24;1.93
13/04/2024 15:30:00;89.35;188.845;5.555;9.225000000000001;1.725
13/04/2024 16:00:00;53.74;147.44;4.2;9.21;1.52
13/04/2024 16:30:00;36.825;105.3;3.115;8.850000000000001;1.38
13/04/2024 17:00:00;19.91;63.16;2.03;8.49;1.24
13/04/2024 17:30:00;9.955;31.58;1.015;8.09;1.415
13/04/2024 18:00:00;0.0;0.0;0.0;7.69;1.59
13/04/2024 18:30:00;0.0;0.0;0.0;7.305;1.28
13/04/2024 19:00:00;0.0;0.0;0.0;6.92;0.97
13/04/2024 19:30:00;0.0;0.0;0.0;6.22;1.1400000000000001
13/04/2024 20:00:00;0.0;0.0;0.0;5.52;1.31
13/04/2024 20:30:00;0.0;0.0;0.0;4.859999999999999;1.415
13/04/2024 21:00:00;0.0;0.0;0.0;4.2;1.52
13/04/2024 21:30:00;0.0;0.0;0.0;3.765;1.62
13/04/2024 22:00:00;0.0;0.0;0.0;3.33;1.72
13/04/2024 22:30:00;0.0;0.0;0.0;3.0700000000000003;1.69
13/04/2024 23:00:00;0.0;0.0;0.0;2.81;1.66
13/04/2024 23:30:00;0.0;0.0;0.0;2.665;1.555
14/04/2024 00:00:00;0.0;0.0;0.0;2.52;1.45
14/04/2024 00:30:00;0.0;0.0;0.0;2.16;1.4849999999999999
14/04/2024 01:00:00;0.0;0.0;0.0;1.8;1.52
14/04/2024 01:30:00;0.0;0.0;0.0;1.52;1.52
14/04/2024 02:00:00;0.0;0.0;0.0;1.24;1.52
14/04/2024 02:30:00;0.0;0.0;0.0;0.9450000000000001;1.52
14/04/2024 03:00:00;0.0;0.0;0.0;0.65;1.52
14/04/2024 03:30:00;0.0;0.0;0.0;0.56;1.4849999999999999
14/04/2024 04:00:00;0.0;0.0;0.0;0.47;1.45
14/04/2024 04:30:00;0.0;2.945;0.07;0.38;1.415
14/04/2024 05:00:00;0.0;5.89;0.14;0.29;1.38
14/04/2024 05:30:00;38.55;41.765;1.8399999999999999;1.15;1.1749999999999998
14/04/2024 06:00:00;77.1;77.64;3.54;2.01;0.97
14/04/2024 06:30:00;170.52499999999998;100.39;5.38;3.545;0.935
14/04/2024 07:00:00;263.95;123.14;7.22;5.08;0.9
14/04/2024 07:30:00;377.15999999999997;132.37;9.004999999999999;5.905;1.0
14/04/2024 08:00:00;490.37;141.6;10.79;6.73;1.1
14/04/2024 08:30:00;520.565;181.28;11.825;7.26;1.1
14/04/2024 09:00:00;550.76;220.96;12.86;7.79;1.1
14/04/2024 09:30:00;564.89;250.25;13.535;8.35;1.065
14/04/2024 10:00:00;579.02;279.54;14.21;8.91;1.03
14/04/2024 10:30:00;588.2049999999999;291.79;14.54;9.395;1.135
14/04/2024 11:00:00;597.39;304.04;14.87;9.88;1.24
14/04/2024 11:30:00;638.96;283.06;15.1;10.350000000000001;1.345
14/04/2024 12:00:00;680.53;262.08;15.33;10.82;1.45
14/04/2024 12:30:00;697.6800000000001;228.64999999999998;15.05;11.094999999999999;1.585
14/04/2024 13:00:00;714.83;195.22;14.77;11.37;1.72
14/04/2024 13:30:00;616.675;200.25;13.465;11.719999999999999;1.755
14/04/2024 14:00:00;518.52;205.28;12.16;12.07;1.79
14/04/2024 14:30:00;486.21;163.405;11.075;12.16;1.585
14/04/2024 15:00:00;453.9;121.53;9.99;12.25;1.38
14/04/2024 15:30:00;350.42499999999995;104.58;8.23;12.235;0.965
14/04/2024 16:00:00;246.95;87.63;6.47;12.22;0.55
14/04/2024 16:30:00;147.505;68.99;4.56;12.030000000000001;0.79
14/04/2024 17:00:00;48.06;50.35;2.65;11.84;1.03
14/04/2024 17:30:00;24.03;25.175;1.325;11.135;1.1
14/04/2024 18:00:00;0.0;0.0;0.0;10.43;1.17
14/04/2024 18:30:00;0.0;0.0;0.0;9.24;1.38
14/04/2024 19:00:00;0.0;0.0;0.0;8.05;1.59
14/04/2024 19:30:00;0.0;0.0;0.0;7.67;1.38
14/04/2024 20:00:00;0.0;0.0;0.0;7.29;1.17
14/04/2024 20:30:00;0.0;0.0;0.0;7.525;0.825
14/04/2024 21:00:00;0.0;0.0;0.0;7.76;0.48
14/04/2024 21:30:00;0.0;0.0;0.0;7.32;0.345
14/04/2024 22:00:00;0.0;0.0;0.0;6.88;0.21
14/04/2024 22:30:00;0.0;0.0;0.0;6.395;0.275
14/04/2024 23:00:00;0.0;0.0;0.0;5.91;0.34
14/04/2024 23:30:00;0.0;0.0;0.0;5.495;0.41000000000000003
15/04/2024 00:00:00;0.0;0.0;0.0;5.08;0.48
15/04/2024 00:30:00;0.0;0.0;0.0;4.9350000000000005;0.55
15/04/2024 01:00:00;0.0;0.0;0.0;4.79;0.62
15/04/2024 01:30:00;0.0;0.0;0.0;4.665;0.69
15/04/2024 02:00:00;0.0;0.0;0.0;4.54;0.76
15/04/2024 02:30:00;0.0;0.0;0.0;4.575;0.76
15/04/2024 03:00:00;0.0;0.0;0.0;4.61;0.76
15/04/2024 03:30:00;0.0;0.0;0.0;4.74;0.76
15/04/2024 04:00:00;0.0;0.0;0.0;4.87;0.76
15/04/2024 04:30:00;0.0;5.47;0.13;4.885;0.7949999999999999
15/04/2024 05:00:00;0.0;10.94;0.26;4.9;0.83
15/04/2024 05:30:00;0.0;34.235;0.775;5.125;0.76
15/04/2024 06:00:00;0.0;57.53;1.29;5.35;0.69
15/04/2024 06:30:00;5.43;102.545;2.385;5.744999999999999;0.7949999999999999
15/04/2024 07:00:00;10.86;147.56;3.48;6.14;0.9
15/04/2024 07:30:00;27.36;191.685;4.685;6.715;0.9
15/04/2024 08:00:00;43.86;235.81;5.89;7.29;0.9
15/04/2024 08:30:00;36.115;253.26500000000001;6.16;7.77;1.0
15/04/2024 09:00:00;28.37;270.72;6.43;8.25;1.1
15/04/2024 09:30:00;14.815000000000001;245.09000000000003;5.675;8.48;0.9650000000000001
15/04/2024 10:00:00;1.26;219.46;4.92;8.71;0.83
15/04/2024 10:30:00;3.8;243.59000000000003;5.495;8.995000000000001;0.655
15/04/2024 11:00:00;6.34;267.72;6.07;9.28;0.48
15/04/2024 11:30:00;31.02;305.62;7.2250000000000005;9.629999999999999;0.62
15/04/2024 12:00:00;55.7;343.52;8.38;9.98;0.76
15/04/2024 12:30:00;33.485;304.14;7.2250000000000005;10.17;0.965
15/04/2024 13:00:00;11.27;264.76;6.07;10.36;1.17
15/04/2024 13:30:00;30.669999999999998;270.225;6.45;10.54;1.275
15/04/2024 14:00:00;50.07;275.69;6.83;10.72;1.38
15/04/2024 14:30:00;225.885;208.25;8.190000000000001;10.95;1.585
15/04/2024 15:00:00;401.7;140.81;9.55;11.18;1.79
15/04/2024 15:30:00;291.54499999999996;128.835;7.720000000000001;11.3;1.8599999999999999
15/04/2024 16:00:00;181.39;116.86;5.89;11.42;1.93
15/04/2024 16:30:00;93.55499999999999;89.765;3.7399999999999998;11.315000000000001;1.6549999999999998
15/04/2024 17:00:00;5.72;62.67;1.59;11.21;1.38
15/04/2024 17:30:00;2.86;31.335;0.795;10.670000000000002;1.5499999999999998
15/04/2024 18:00:00;0.0;0.0;0.0;10.13;1.72
15/04/2024 18:30:00;0.0;0.0;0.0;9.195;1.825
15/04/2024 19:00:00;0.0;0.0;0.0;8.26;1.93
15/04/2024 19:30:00;0.0;0.0;0.0;7.475;1.725
15/04/2024 20:00:00;0.0;0.0;0.0;6.69;1.52
15/04/2024 20:30:00;0.0;0.0;0.0;6.48;1.245
15/04/2024 21:00:00;0.0;0.0;0.0;6.27;0.97
15/04/2024 21:30:00;0.0;0.0;0.0;6.0;1.0699999999999998
15/04/2024 22:00:00;0.0;0.0;0.0;5.73;1.17
15/04/2024 22:30:00;0.0;0.0;0.0;5.725;1.205
15/04/2024 23:00:00;0.0;0.0;0.0;5.72;1.24
15/04/2024 23:30:00;0.0;0.0;0.0;5.765;1.24
16/04/2024 00:00:00;0.0;0.0;0.0;5.81;1.24
16/04/2024 00:30:00;0.0;0.0;0.0;5.9;1.275
16/04/2024 01:00:00;0.0;0.0;0.0;5.99;1.31
16/04/2024 01:30:00;0.0;0.0;0.0;6.0;1.345
16/04/2024 02:00:00;0.0;0.0;0.0;6.01;1.38
16/04/2024 02:30:00;0.0;0.0;0.0;6.0649999999999995;1.38
16/04/2024 03:00:00;0.0;0.0;0.0;6.12;1.38
16/04/2024 03:30:00;0.0;0.0;0.0;6.15;1.415
16/04/2024 04:00:00;0.0;0.0;0.0;6.18;1.45
16/04/2024 04:30:00;0.0;7.575;0.18;6.18;1.45
16/04/2024 05:00:00;0.0;15.15;0.36;6.18;1.45
16/04/2024 05:30:00;5.325;51.779999999999994;1.295;6.25;1.45
16/04/2024 06:00:00;10.65;88.41;2.23;6.32;1.45
16/04/2024 06:30:00;5.325;88.25;2.1;6.655;1.38
16/04/2024 07:00:00;0.0;88.09;1.97;6.99;1.31
16/04/2024 07:30:00;0.0;84.945;1.9;7.0600000000000005;1.55
16/04/2024 08:00:00;0.0;81.8;1.83;7.13;1.79
16/04/2024 08:30:00;0.0;88.99000000000001;1.99;7.305;2.1
16/04/2024 09:00:00;0.0;96.18;2.15;7.48;2.41
16/04/2024 09:30:00;0.0;102.025;2.2800000000000002;7.505000000000001;2.375
16/04/2024 10:00:00;0.0;107.87;2.41;7.53;2.34
16/04/2024 10:30:00;0.0;111.91499999999999;2.5;7.62;2.3099999999999996
16/04/2024 11:00:00;0.0;115.96;2.59;7.71;2.28
16/04/2024 11:30:00;0.0;106.07;2.37;7.98;2.105
16/04/2024 12:00:00;0.0;96.18;2.15;8.25;1.93
16/04/2024 12:30:00;0.0;99.33000000000001;2.2199999999999998;8.455;1.795
16/04/2024 13:00:00;0.0;102.48;2.29;8.66;1.66
16/04/2024 13:30:00;0.0;106.525;2.38;8.865;1.555
16/04/2024 14:00:00;0.0;110.57;2.47;9.07;1.45
16/04/2024 14:30:00;50.7;170.42000000000002;4.550000000000001;9.25;1.38
16/04/2024 15:00:00;101.4;230.27;6.63;9.43;1.31
16/04/2024 15:30:00;50.7;155.135;4.21;9.44;1.4849999999999999
16/04/2024 16:00:00;0.0;80.0;1.79;9.45;1.66
16/04/2024 16:30:00;0.0;60.675;1.355;9.2;1.52
16/04/2024 17:00:00;0.0;41.35;0.92;8.95;1.38
16/04/2024 17:30:00;0.0;20.675;0.46;8.66;1.31
16/04/2024 18:00:00;0.0;0.0;0.0;8.37;1.24
16/04/2024 18:30:00;0.0;0.0;0.0;7.959999999999999;1.07
16/04/2024 19:00:00;0.0;0.0;0.0;7.55;0.9
16/04/2024 19:30:00;0.0;0.0;0.0;7.335;0.8300000000000001
16/04/2024 20:00:00;0.0;0.0;0.0;7.12;0.76
16/04/2024 20:30:00;0.0;0.0;0.0;6.915;0.7949999999999999
16/04/2024 21:00:00;0.0;0.0;0.0;6.71;0.83
16/04/2024 21:30:00;0.0;0.0;0.0;6.55;0.8999999999999999
16/04/2024 22:00:00;0.0;0.0;0.0;6.39;0.97
16/04/2024 22:30:00;0.0;0.0;0.0;6.32;1.0
16/04/2024 23:00:00;0.0;0.0;0.0;6.25;1.03
16/04/2024 23:30:00;0.0;0.0;0.0;6.27;1.17
17/04/2024 00:00:00;0.0;0.0;0.0;6.29;1.31
17/04/2024 00:30:00;0.0;0.0;0.0;6.359999999999999;1.38
17/04/2024 01:00:00;0.0;0.0;0.0;6.43;1.45
17/04/2024 01:30:00;0.0;0.0;0.0;6.48;1.52
17/04/2024 02:00:00;0.0;0.0;0.0;6.53;1.59
17/04/2024 02:30:00;0.0;0.0;0.0;6.51;1.625
17/04/2024 03:00:00;0.0;0.0;0.0;6.49;1.66
17/04/2024 03:30:00;0.0;0.0;0.0;6.465;1.69
17/04/2024 04:00:00;0.0;0.0;0.0;6.44;1.72
17/04/2024 04:30:00;0.0;3.365;0.08;6.42;1.655
17/04/2024 05:00:00;0.0;6.73;0.16;6.4;1.59
17/04/2024 05:30:00;2.025;44.315;1.045;6.445;1.69
17/04/2024 06:00:00;4.05;81.9;1.93;6.49;1.79
17/04/2024 06:30:00;47.975;131.12;3.74;6.71;1.965
17/04/2024 07:00:00;91.9;180.34;5.55;6.93;2.14
17/04/2024 07:30:00;60.580000000000005;204.775;5.55;7.3100000000000005;2.2750000000000004
17/04/2024 08:00:00;29.26;229.21;5.55;7.69;2.41
17/04/2024 08:30:00;39.65;261.43;6.395;8.31;2.55
17/04/2024 09:00:00;50.04;293.65;7.24;8.93;2.69
17/04/2024 09:30:00;25.02;216.49;5.18;9.395;2.9299999999999997
17/04/2024 10:00:00;0.0;139.33;3.12;9.86;3.17
17/04/2024 10:30:00;27.0;243.485;5.790000000000001;10.684999999999999;3.0700000000000003
17/04/2024 11:00:00;54.0;347.64;8.46;11.51;2.97
17/04/2024 11:30:00;66.495;353.67499999999995;8.75;11.835;2.865
17/04/2024 12:00:00;78.99;359.71;9.04;12.16;2.76
17/04/2024 12:30:00;118.79499999999999;356.615;9.495;12.54;2.795
17/04/2024 13:00:00;158.6;353.52;9.95;12.92;2.83
17/04/2024 13:30:00;84.13;290.57;7.59;12.89;2.9299999999999997
17/04/2024 14:00:00;9.66;227.62;5.23;12.86;3.03
17/04/2024 14:30:00;28.849999999999998;224.63;5.45;12.73;3.24
17/04/2024 15:00:00;48.04;221.64;5.67;12.6;3.45
17/04/2024 15:30:00;50.25;186.435;4.995;12.434999999999999;3.415
17/04/2024 16:00:00;52.46;151.23;4.32;12.27;3.38
17/04/2024 16:30:00;26.23;95.38999999999999;2.6;11.89;3.105
17/04/2024 17:00:00;0.0;39.55;0.88;11.51;2.83
17/04/2024 17:30:00;0.0;19.775;0.44;10.95;2.76
17/04/2024 18:00:00;0.0;0.0;0.0;10.39;2.69
17/04/2024 18:30:00;0.0;0.0;0.0;9.515;2.62
17/04/2024 19:00:00;0.0;0.0;0.0;8.64;2.55
17/04/2024 19:30:00;0.0;0.0;0.0;8.22;2.5149999999999997
17/04/2024 20:00:00;0.0;0.0;0.0;7.8;2.48
17/04/2024 20:30:00;0.0;0.0;0.0;7.375;2.38
17/04/2024 21:00:00;0.0;0.0;0.0;6.95;2.28
17/04/2024 21:30:00;0.0;0.0;0.0;6.640000000000001;2.175
17/04/2024 22:00:00;0.0;0.0;0.0;6.33;2.07
17/04/2024 22:30:00;0.0;0.0;0.0;6.045;2.0
17/04/2024 23:00:00;0.0;0.0;0.0;5.76;1.93
17/04/2024 23:30:00;0.0;0.0;0.0;5.545;1.895
18/04/2024 00:00:00;0.0;0.0;0.0;5.33;1.86
18/04/2024 00:30:00;0.0;0.0;0.0;5.155;1.86
18/04/2024 01:00:00;0.0;0.0;0.0;4.98;1.86
18/04/2024 01:30:00;0.0;0.0;0.0;4.945;1.8250000000000002
18/04/2024 02:00:00;0.0;0.0;0.0;4.91;1.79
18/04/2024 02:30:00;0.0;0.0;0.0;5.025;1.79
18/04/2024 03:00:00;0.0;0.0;0.0;5.14;1.79
18/04/2024 03:30:00;0.0;0.0;0.0;5.295;1.79
18/04/2024 04:00:00;0.0;0.0;0.0;5.45;1.79
18/04/2024 04:30:00;0.0;3.785;0.09;5.5649999999999995;1.8250000000000002
18/04/2024 05:00:00;0.0;7.57;0.18;5.68;1.86
18/04/2024 05:30:00;1.205;43.36000000000001;1.0050000000000001;5.994999999999999;1.895
18/04/2024 06:00:00;2.41;79.15;1.83;6.31;1.93
18/04/2024 06:30:00;1.205;93.51;2.12;6.859999999999999;2.035
18/04/2024 07:00:00;0.0;107.87;2.41;7.41;2.14
18/04/2024 07:30:00;0.0;124.5;2.785;8.01;2.6550000000000002
18/04/2024 08:00:00;0.0;141.13;3.16;8.61;3.17
18/04/2024 08:30:00;52.81;230.07;5.85;9.14;3.31
18/04/2024 09:00:00;105.62;319.01;8.54;9.67;3.45
18/04/2024 09:30:00;53.43;275.075;6.865;10.07;3.24
18/04/2024 10:00:00;1.24;231.14;5.19;10.47;3.03
18/04/2024 10:30:00;4.37;254.89;5.76;10.865;2.8949999999999996
18/04/2024 11:00:00;7.5;278.64;6.33;11.26;2.76
18/04/2024 11:30:00;88.61;332.04499999999996;8.55;11.66;2.7249999999999996
18/04/2024 12:00:00;169.72;385.45;10.77;12.06;2.69
18/04/2024 12:30:00;404.78;306.655;12.620000000000001;12.350000000000001;2.6550000000000002
18/04/2024 13:00:00;639.84;227.86;14.47;12.64;2.62
18/04/2024 13:30:00;639.095;184.29500000000002;13.815000000000001;12.81;2.69
18/04/2024 14:00:00;638.35;140.73;13.16;12.98;2.76
18/04/2024 14:30:00;532.6600000000001;135.625;11.565000000000001;13.350000000000001;2.8949999999999996
18/04/2024 15:00:00;426.97;130.52;9.97;13.72;3.03
18/04/2024 15:30:00;331.315;111.55000000000001;8.280000000000001;13.690000000000001;2.965
18/04/2024 16:00:00;235.66;92.58;6.59;13.66;2.9
18/04/2024 16:30:00;145.115;70.805;4.79;13.370000000000001;2.76
18/04/2024 17:00:00;54.57;49.03;2.99;13.08;2.62
18/04/2024 17:30:00;27.285;24.515;1.495;12.52;2.45
18/04/2024 18:00:00;0.0;0.0;0.0;11.96;2.28
18/04/2024 18:30:00;0.0;0.0;0.0;11.225000000000001;2.21
18/04/2024 19:00:00;0.0;0.0;0.0;10.49;2.14
18/04/2024 19:30:00;0.0;0.0;0.0;9.685;2.105
18/04/2024 20:00:00;0.0;0.0;0.0;8.88;2.07
18/04/2024 20:30:00;0.0;0.0;0.0;8.02;2.035
18/04/2024 21:00:00;0.0;0.0;0.0;7.16;2.0
18/04/2024 21:30:00;0.0;0.0;0.0;6.5600000000000005;1.9300000000000002
18/04/2024 22:00:00;0.0;0.0;0.0;5.96;1.86
18/04/2024 22:30:00;0.0;0.0;0.0;5.645;1.79
18/04/2024 23:00:00;0.0;0.0;0.0;5.33;1.72
18/04/2024 23:30:00;0.0;0.0;0.0;5.145;1.62
19/04/2024 00:00:00;0.0;0.0;0.0;4.96;1.52
19/04/2024 00:30:00;0.0;0.0;0.0;4.66;1.52
19/04/2024 01:00:00;0.0;0.0;0.0;4.36;1.52
19/04/2024 01:30:00;0.0;0.0;0.0;4.1850000000000005;1.4849999999999999
19/04/2024 02:00:00;0.0;0.0;0.0;4.01;1.45
19/04/2024 02:30:00;0.0;0.0;0.0;4.195;1.345
19/04/2024 03:00:00;0.0;0.0;0.0;4.38;1.24
19/04/2024 03:30:00;0.0;0.0;0.0;4.79;1.105
19/04/2024 04:00:00;0.0;0.0;0.0;5.2;0.97
19/04/2024 04:30:00;0.0;7.995;0.19;5.095000000000001;0.97
19/04/2024 05:00:00;0.0;15.99;0.38;4.99;0.97
19/04/2024 05:30:00;2.78;52.1;1.245;5.145;0.935
19/04/2024 06:00:00;5.56;88.21;2.11;5.3;0.9
19/04/2024 06:30:00;11.195;125.345;3.0149999999999997;6.845000000000001;0.9650000000000001
19/04/2024 07:00:00;16.83;162.48;3.92;8.39;1.03
19/04/2024 07:30:00;37.9;206.805;5.195;9.030000000000001;1.48
19/04/2024 08:00:00;58.97;251.13;6.47;9.67;1.93
19/04/2024 08:30:00;58.47;276.985;7.015;10.26;2.0
19/04/2024 09:00:00;57.97;302.84;7.56;10.85;2.07
19/04/2024 09:30:00;59.835;321.705;7.99;11.305;2.0
19/04/2024 10:00:00;61.7;340.57;8.42;11.76;1.93
19/04/2024 10:30:00;30.85;260.625;6.23;12.059999999999999;1.895
19/04/2024 11:00:00;0.0;180.68;4.04;12.36;1.86
19/04/2024 11:30:00;0.0;173.94;3.89;12.489999999999998;1.9649999999999999
19/04/2024 12:00:00;0.0;167.2;3.74;12.62;2.07
19/04/2024 12:30:00;17.785;238.37;5.57;12.765;2.1399999999999997
19/04/2024 13:00:00;35.57;309.54;7.4;12.91;2.21
19/04/2024 13:30:00;17.785;220.39000000000001;5.165;12.86;2.275
19/04/2024 14:00:00;0.0;131.24;2.93;12.81;2.34
19/04/2024 14:30:00;8.455;164.965;3.8150000000000004;12.530000000000001;2.445
19/04/2024 15:00:00;16.91;198.69;4.7;12.25;2.55
19/04/2024 15:30:00;13.89;165.825;3.9400000000000004;12.09;2.7249999999999996
19/04/2024 16:00:00;10.87;132.96;3.18;11.93;2.9
19/04/2024 16:30:00;5.435;79.965;1.8900000000000001;11.530000000000001;2.6550000000000002
19/04/2024 17:00:00;0.0;26.97;0.6;11.13;2.41
19/04/2024 17:30:00;0.0;13.485;0.3;10.620000000000001;2.515
19/04/2024 18:00:00;0.0;0.0;0.0;10.11;2.62
19/04/2024 18:30:00;0.0;0.0;0.0;9.695;2.45
19/04/2024 19:00:00;0.0;0.0;0.0;9.28;2.28
19/04/2024 19:30:00;0.0;0.0;0.0;9.035;2.38
19/04/2024 20:00:00;0.0;0.0;0.0;8.79;2.48
19/04/2024 20:30:00;0.0;0.0;0.0;8.46;2.3449999999999998
19/04/2024 21:00:00;0.0;0.0;0.0;8.13;2.21
19/04/2024 21:30:00;0.0;0.0;0.0;7.795;1.9649999999999999
19/04/2024 22:00:00;0.0;0.0;0.0;7.46;1.72
19/04/2024 22:30:00;0.0;0.0;0.0;7.234999999999999;1.62
19/04/2024 23:00:00;0.0;0.0;0.0;7.01;1.52
19/04/2024 23:30:00;0.0;0.0;0.0;6.715;1.415
20/04/2024 00:00:00;0.0;0.0;0.0;6.42;1.31
20/04/2024 00:30:00;0.0;0.0;0.0;5.895;1.345
20/04/2024 01:00:00;0.0;0.0;0.0;5.37;1.38
20/04/2024 01:30:00;0.0;0.0;0.0;4.965;1.45
20/04/2024 02:00:00;0.0;0.0;0.0;4.56;1.52
20/04/2024 02:30:00;0.0;0.0;0.0;4.12;1.5899999999999999
20/04/2024 03:00:00;0.0;0.0;0.0;3.68;1.66
20/04/2024 03:30:00;0.0;0.0;0.0;3.3150000000000004;1.625
20/04/2024 04:00:00;0.0;0.0;0.0;2.95;1.59
20/04/2024 04:30:00;0.0;2.525;0.06;2.72;1.52
20/04/2024 05:00:00;0.0;5.05;0.12;2.49;1.45
20/04/2024 05:30:00;0.0;20.055;0.45;3.22;1.31
20/04/2024 06:00:00;0.0;35.06;0.78;3.95;1.17
20/04/2024 06:30:00;2.09;88.71000000000001;2.0199999999999996;4.73;1.4449999999999998
20/04/2024 07:00:00;4.18;142.36;3.26;5.51;1.72
20/04/2024 07:30:00;2.09;143.54000000000002;3.25;5.734999999999999;1.825
20/04/2024 08:00:00;0.0;144.72;3.24;5.96;1.93
20/04/2024 08:30:00;61.885;236.25;6.12;6.470000000000001;2.0
20/04/2024 09:00:00;123.77;327.78;9.0;6.98;2.07
20/04/2024 09:30:00;259.63;337.04999999999995;11.059999999999999;7.425000000000001;2.105
20/04/2024 10:00:00;395.49;346.32;13.12;7.87;2.14
20/04/2024 10:30:00;329.675;370.355;12.68;8.275;2.105
20/04/2024 11:00:00;263.86;394.39;12.24;8.68;2.07
20/04/2024 11:30:00;470.11;328.395;13.95;9.085;1.9649999999999999
20/04/2024 12:00:00;676.36;262.4;15.66;9.49;1.86
20/04/2024 12:30:00;706.8199999999999;221.77499999999998;15.475;9.440000000000001;1.76
20/04/2024 13:00:00;737.28;181.15;15.29;9.39;1.66
20/04/2024 13:30:00;415.5;241.78000000000003;11.675;9.504999999999999;1.555
20/04/2024 14:00:00;93.72;302.41;8.06;9.62;1.45
20/04/2024 14:30:00;248.37499999999997;224.09500000000003;9.015;9.875;1.31
20/04/2024 15:00:00;403.03;145.78;9.97;10.13;1.17
20/04/2024 15:30:00;321.895;119.31;8.39;9.9;1.1
20/04/2024 16:00:00;240.76;92.84;6.81;9.67;1.03
20/04/2024 16:30:00;151.04;70.03;5.045;9.495000000000001;0.825
20/04/2024 17:00:00;61.32;47.22;3.28;9.32;0.62
20/04/2024 17:30:00;30.66;24.87;1.67;9.145;0.62
20/04/2024 18:00:00;0.0;2.52;0.06;8.97;0.62
20/04/2024 18:30:00;0.0;1.26;0.03;8.33;1.105
20/04/2024 19:00:00;0.0;0.0;0.0;7.69;1.59
20/04/2024 19:30:00;0.0;0.0;0.0;6.955;1.625
20/04/2024 20:00:00;0.0;0.0;0.0;6.22;1.66
20/04/2024 20:30:00;0.0;0.0;0.0;5.51;1.69
20/04/2024 21:00:00;0.0;0.0;0.0;4.8;1.72
20/04/2024 21:30:00;0.0;0.0;0.0;4.075;1.72
20/04/2024 22:00:00;0.0;0.0;0.0;3.35;1.72
20/04/2024 22:30:00;0.0;0.0;0.0;3.0949999999999998;1.62
20/04/2024 23:00:00;0.0;0.0;0.0;2.84;1.52
20/04/2024 23:30:00;0.0;0.0;0.0;2.74;1.415
21/04/2024 00:00:00;0.0;0.0;0.0;2.64;1.31
21/04/2024 00:30:00;0.0;0.0;0.0;2.375;1.31
21/04/2024 01:00:00;0.0;0.0;0.0;2.11;1.31
21/04/2024 01:30:00;0.0;0.0;0.0;1.8599999999999999;1.205
21/04/2024 02:00:00;0.0;0.0;0.0;1.61;1.1
21/04/2024 02:30:00;0.0;0.0;0.0;1.435;1.065
21/04/2024 03:00:00;0.0;0.0;0.0;1.26;1.03
21/04/2024 03:30:00;0.0;0.0;0.0;1.095;1.065
21/04/2024 04:00:00;0.0;0.0;0.0;0.93;1.1
21/04/2024 04:30:00;0.0;13.045;0.31;0.8400000000000001;1.135
21/04/2024 05:00:00;0.0;26.09;0.62;0.75;1.17
21/04/2024 05:30:00;60.405;46.515;2.61;1.67;1.205
21/04/2024 06:00:00;120.81;66.94;4.6;2.59;1.24
21/04/2024 06:30:00;217.445;87.095;6.39;3.73;1.31
21/04/2024 07:00:00;314.08;107.25;8.18;4.87;1.38
21/04/2024 07:30:00;354.71500000000003;151.01;9.405000000000001;5.970000000000001;1.38
21/04/2024 08:00:00;395.35;194.77;10.63;7.07;1.38
21/04/2024 08:30:00;216.805;244.175;8.86;8.33;1.345
21/04/2024 09:00:00;38.26;293.58;7.09;9.59;1.31
21/04/2024 09:30:00;19.13;211.95999999999998;5.0;10.545;1.17
21/04/2024 10:00:00;0.0;130.34;2.91;11.5;1.03
21/04/2024 10:30:00;112.85;263.89;7.365;12.36;1.065
21/04/2024 11:00:00;225.7;397.44;11.82;13.22;1.1
21/04/2024 11:30:00;112.85;256.7;7.205;13.870000000000001;1.0
21/04/2024 12:00:00;0.0;115.96;2.59;14.52;0.9
21/04/2024 12:30:00;0.605;169.505;3.795;14.809999999999999;0.935
21/04/2024 13:00:00;1.21;223.05;5.0;15.1;0.97
21/04/2024 13:30:00;2.965;219.185;4.9399999999999995;14.865;0.83
21/04/2024 14:00:00;4.72;215.32;4.88;14.63;0.69
21/04/2024 14:30:00;2.36;177.77499999999998;4.01;14.435;0.655
21/04/2024 15:00:00;0.0;140.23;3.14;14.24;0.62
21/04/2024 15:30:00;0.0;110.565;2.475;14.21;0.62
21/04/2024 16:00:00;0.0;80.9;1.81;14.18;0.62
21/04/2024 16:30:00;0.0;54.385000000000005;1.215;13.925;0.585
21/04/2024 17:00:00;0.0;27.87;0.62;13.67;0.55
21/04/2024 17:30:00;0.0;14.775;0.33;13.3;0.895
21/04/2024 18:00:00;0.0;1.68;0.04;12.93;1.24
21/04/2024 18:30:00;0.0;0.84;0.02;12.094999999999999;1.415
21/04/2024 19:00:00;0.0;0.0;0.0;11.26;1.59
21/04/2024 19:30:00;0.0;0.0;0.0;10.485;1.5550000000000002
21/04/2024 20:00:00;0.0;0.0;0.0;9.71;1.52
21/04/2024 20:30:00;0.0;0.0;0.0;9.195;1.38
21/04/2024 21:00:00;0.0;0.0;0.0;8.68;1.24
21/04/2024 21:30:00;0.0;0.0;0.0;8.52;1.135
21/04/2024 22:00:00;0.0;0.0;0.0;8.36;1.03
21/04/2024 22:30:00;0.0;0.0;0.0;8.129999999999999;1.1
21/04/2024 23:00:00;0.0;0.0;0.0;7.9;1.17
21/04/2024 23:30:00;0.0;0.0;0.0;7.720000000000001;1.205
22/04/2024 00:00:00;0.0;0.0;0.0;7.54;1.24
22/04/2024 00:30:00;0.0;0.0;0.0;7.42;1.17
22/04/2024 01:00:00;0.0;0.0;0.0;7.3;1.1
22/04/2024 01:30:00;0.0;0.0;0.0;7.3;1.065
22/04/2024 02:00:00;0.0;0.0;0.0;7.3;1.03
22/04/2024 02:30:00;0.0;0.0;0.0;7.1899999999999995;1.03
22/04/2024 03:00:00;0.0;0.0;0.0;7.08;1.03
22/04/2024 03:30:00;0.0;0.0;0.0;7.015000000000001;0.9650000000000001
22/04/2024 04:00:00;0.0;0.0;0.0;6.95;0.9
22/04/2024 04:30:00;0.0;14.725;0.35;7.109999999999999;0.8300000000000001
22/04/2024 05:00:00;0.0;29.45;0.7;7.27;0.76
22/04/2024 05:30:00;55.995;50.39999999999999;2.5999999999999996;7.555;0.725
22/04/2024 06:00:00;111.99;71.35;4.5;7.84;0.69
22/04/2024 06:30:00;191.325;98.57;6.140000000000001;8.99;0.86
22/04/2024 07:00:00;270.66;125.79;7.78;10.14;1.03
22/04/2024 07:30:00;222.24;193.60000000000002;8.120000000000001;11.335;1.065
22/04/2024 08:00:00;173.82;261.41;8.46;12.53;1.1
22/04/2024 08:30:00;151.75;293.82000000000005;8.77;13.535;1.275
22/04/2024 09:00:00;129.68;326.23;9.08;14.54;1.45
22/04/2024 09:30:00;64.84;249.41000000000003;6.47;14.785;1.52
22/04/2024 10:00:00;0.0;172.59;3.86;15.03;1.59
22/04/2024 10:30:00;15.35;251.48000000000002;5.83;15.39;1.175
22/04/2024 11:00:00;30.7;330.37;7.8;15.75;0.76
22/04/2024 11:30:00;260.445;330.615;11.025;16.105;0.865
22/04/2024 12:00:00;490.19;330.86;14.25;16.46;0.97
22/04/2024 12:30:00;419.78999999999996;332.745;13.295;16.895;1.1400000000000001
22/04/2024 13:00:00;349.39;334.63;12.34;17.33;1.31
22/04/2024 13:30:00;174.695;209.565;7.115;17.835;1.93
22/04/2024 14:00:00;0.0;84.5;1.89;18.34;2.55
22/04/2024 14:30:00;0.0;100.68;2.25;17.939999999999998;2.5149999999999997
22/04/2024 15:00:00;0.0;116.86;2.61;17.54;2.48
22/04/2024 15:30:00;0.0;71.91499999999999;1.605;16.924999999999997;2.24
22/04/2024 16:00:00;0.0;26.97;0.6;16.31;2.0
22/04/2024 16:30:00;0.0;29.665;0.6599999999999999;15.77;1.45
22/04/2024 17:00:00;0.0;32.36;0.72;15.23;0.9
22/04/2024 17:30:00;0.0;17.02;0.38;14.715;0.655
22/04/2024 18:00:00;0.0;1.68;0.04;14.2;0.41
22/04/2024 18:30:00;0.0;0.84;0.02;13.37;0.69
22/04/2024 19:00:00;0.0;0.0;0.0;12.54;0.97
22/04/2024 19:30:00;0.0;0.0;0.0;12.355;0.83
22/04/2024 20:00:00;0.0;0.0;0.0;12.17;0.69
22/04/2024 20:30:00;0.0;0.0;0.0;11.925;0.655
22/04/2024 21:00:00;0.0;0.0;0.0;11.68;0.62
22/04/2024 21:30:00;0.0;0.0;0.0;11.08;0.7949999999999999
22/04/2024 22:00:00;0.0;0.0;0.0;10.48;0.97
22/04/2024 22:30:00;0.0;0.0;0.0;10.29;1.0699999999999998
22/04/2024 23:00:00;0.0;0.0;0.0;10.1;1.17
22/04/2024 23:30:00;0.0;0.0;0.0;10.08;1.31
23/04/2024 00:00:00;0.0;0.0;0.0;10.06;1.45
23/04/2024 00:30:00;0.0;0.0;0.0;10.0;1.415
23/04/2024 01:00:00;0.0;0.0;0.0;9.94;1.38
23/04/2024 01:30:00;0.0;0.0;0.0;9.735;1.31
23/04/2024 02:00:00;0.0;0.0;0.0;9.53;1.24
23/04/2024 02:30:00;0.0;0.0;0.0;9.129999999999999;1.205
23/04/2024 03:00:00;0.0;0.0;0.0;8.73;1.17
23/04/2024 03:30:00;0.0;0.0;0.0;8.455;1.135
23/04/2024 04:00:00;0.0;0.0;0.0;8.18;1.1
23/04/2024 04:30:00;0.0;13.465;0.32;7.85;1.1
23/04/2024 05:00:00;0.0;26.93;0.64;7.52;1.1
23/04/2024 05:30:00;32.155;63.165;2.27;8.21;0.8600000000000001
23/04/2024 06:00:00;64.31;99.4;3.9;8.9;0.62
23/04/2024 06:30:00;108.285;138.71;5.295;10.14;0.725
23/04/2024 07:00:00;152.26;178.02;6.69;11.38;0.83
23/04/2024 07:30:00;165.935;220.84000000000003;7.654999999999999;11.895;1.07
23/04/2024 08:00:00;179.61;263.66;8.62;12.41;1.31
23/04/2024 08:30:00;157.29000000000002;296.615;8.93;12.935;1.415
23/04/2024 09:00:00;134.97;329.57;9.24;13.46;1.52
23/04/2024 09:30:00;411.605;276.03;12.305;13.91;1.725
23/04/2024 10:00:00;688.24;222.49;15.37;14.36;1.93
23/04/2024 10:30:00;605.77;275.115;15.04;15.125;2.3449999999999998
23/04/2024 11:00:00;523.3;327.74;14.71;15.89;2.76
23/04/2024 11:30:00;461.135;344.23;14.13;16.555;2.83
23/04/2024 12:00:00;398.97;360.72;13.55;17.22;2.9
23/04/2024 12:30:00;199.485;280.59000000000003;9.015;17.535;2.7249999999999996
23/04/2024 13:00:00;0.0;200.46;4.48;17.85;2.55
23/04/2024 13:30:00;16.335;235.72500000000002;5.505000000000001;16.615000000000002;3.135
23/04/2024 14:00:00;32.67;270.99;6.53;15.38;3.72
23/04/2024 14:30:00;38.269999999999996;248.52;6.140000000000001;15.475000000000001;2.79
23/04/2024 15:00:00;43.87;226.05;5.75;15.57;1.86
23/04/2024 15:30:00;37.625;190.145;4.904999999999999;15.59;1.585
23/04/2024 16:00:00;31.38;154.24;4.06;15.61;1.31
23/04/2024 16:30:00;15.69;99.14500000000001;2.5199999999999996;14.98;2.3449999999999998
23/04/2024 17:00:00;0.0;44.05;0.98;14.35;3.38
23/04/2024 17:30:00;0.0;23.285;0.52;13.524999999999999;3.175
23/04/2024 18:00:00;0.0;2.52;0.06;12.7;2.97
23/04/2024 18:30:00;0.0;1.26;0.03;11.774999999999999;3.175
23/04/2024 19:00:00;0.0;0.0;0.0;10.85;3.38
23/04/2024 19:30:00;0.0;0.0;0.0;10.594999999999999;3.105
23/04/2024 20:00:00;0.0;0.0;0.0;10.34;2.83
23/04/2024 20:30:00;0.0;0.0;0.0;10.21;2.69
23/04/2024 21:00:00;0.0;0.0;0.0;10.08;2.55
23/04/2024 21:30:00;0.0;0.0;0.0;9.91;2.655
23/04/2024 22:00:00;0.0;0.0;0.0;9.74;2.76
23/04/2024 22:30:00;0.0;0.0;0.0;9.645;3.0
23/04/2024 23:00:00;0.0;0.0;0.0;9.55;3.24
23/04/2024 23:30:00;0.0;0.0;0.0;9.510000000000002;3.345
24/04/2024 00:00:00;0.0;0.0;0.0;9.47;3.45
24/04/2024 00:30:00;0.0;0.0;0.0;9.24;3.415
24/04/2024 01:00:00;0.0;0.0;0.0;9.01;3.38
24/04/2024 01:30:00;0.0;0.0;0.0;8.875;3.3449999999999998
24/04/2024 02:00:00;0.0;0.0;0.0;8.74;3.31
24/04/2024 02:30:00;0.0;0.0;0.0;8.675;3.3449999999999998
24/04/2024 03:00:00;0.0;0.0;0.0;8.61;3.38
24/04/2024 03:30:00;0.0;0.0;0.0;8.629999999999999;3.485
24/04/2024 04:00:00;0.0;0.0;0.0;8.65;3.59
24/04/2024 04:30:00;0.0;15.57;0.37;8.52;3.6550000000000002
24/04/2024 05:00:00;0.0;31.14;0.74;8.39;3.72
24/04/2024 05:30:00;48.575;58.785000000000004;2.62;8.33;3.8600000000000003
24/04/2024 06:00:00;97.15;86.43;4.5;8.27;4.0
24/04/2024 06:30:00;132.805;132.16;5.755;8.405;4.38
24/04/2024 07:00:00;168.46;177.89;7.01;8.54;4.76
24/04/2024 07:30:00;287.56;185.325;8.969999999999999;8.7;4.83
24/04/2024 08:00:00;406.66;192.76;10.93;8.86;4.9
24/04/2024 08:30:00;259.3;261.855;9.945;9.075;4.9
24/04/2024 09:00:00;111.94;330.95;8.96;9.29;4.9
24/04/2024 09:30:00;55.97;269.3;6.800000000000001;9.524999999999999;5.0
24/04/2024 10:00:00;0.0;207.65;4.64;9.76;5.1
24/04/2024 10:30:00;10.35;263.79;6.04;10.19;5.0
24/04/2024 11:00:00;20.7;319.93;7.44;10.62;4.9
24/04/2024 11:30:00;77.16499999999999;354.08000000000004;8.945;10.95;4.69
24/04/2024 12:00:00;133.63;388.23;10.45;11.28;4.48
24/04/2024 12:30:00;297.96500000000003;347.88;12.01;11.57;4.515000000000001
24/04/2024 13:00:00;462.3;307.53;13.57;11.86;4.55
24/04/2024 13:30:00;436.025;280.46999999999997;12.745000000000001;12.09;4.445
24/04/2024 14:00:00;409.75;253.41;11.92;12.32;4.34
24/04/2024 14:30:00;314.385;238.95;10.25;12.219999999999999;4.375
24/04/2024 15:00:00;219.02;224.49;8.58;12.12;4.41
24/04/2024 15:30:00;215.06;166.82;7.665;11.844999999999999;4.275
24/04/2024 16:00:00;211.1;109.15;6.75;11.57;4.14
24/04/2024 16:30:00;116.94;92.885;4.68;11.26;3.69
24/04/2024 17:00:00;22.78;76.62;2.61;10.95;3.24
24/04/2024 17:30:00;11.39;39.995000000000005;1.345;10.64;3.2750000000000004
24/04/2024 18:00:00;0.0;3.37;0.08;10.33;3.31
24/04/2024 18:30:00;0.0;1.685;0.04;9.85;2.825
24/04/2024 19:00:00;0.0;0.0;0.0;9.37;2.34
24/04/2024 19:30:00;0.0;0.0;0.0;9.015;2.205
24/04/2024 20:00:00;0.0;0.0;0.0;8.66;2.07
24/04/2024 20:30:00;0.0;0.0;0.0;8.095;1.83
24/04/2024 21:00:00;0.0;0.0;0.0;7.53;1.59
24/04/2024 21:30:00;0.0;0.0;0.0;7.175000000000001;1.69
24/04/2024 22:00:00;0.0;0.0;0.0;6.82;1.79
24/04/2024 22:30:00;0.0;0.0;0.0;6.785;1.8599999999999999
24/04/2024 23:00:00;0.0;0.0;0.0;6.75;1.93
24/04/2024 23:30:00;0.0;0.0;0.0;6.37;1.8599999999999999
25/04/2024 00:00:00;0.0;0.0;0.0;5.99;1.79
25/04/2024 00:30:00;0.0;0.0;0.0;5.745;1.755
25/04/2024 01:00:00;0.0;0.0;0.0;5.5;1.72
25/04/2024 01:30:00;0.0;0.0;0.0;5.3;1.72
25/04/2024 02:00:00;0.0;0.0;0.0;5.1;1.72
25/04/2024 02:30:00;0.0;0.0;0.0;4.945;1.79
25/04/2024 03:00:00;0.0;0.0;0.0;4.79;1.86
25/04/2024 03:30:00;0.0;0.0;0.0;4.609999999999999;1.86
25/04/2024 04:00:00;0.0;0.0;0.0;4.43;1.86
25/04/2024 04:30:00;0.0;18.095;0.43;4.574999999999999;1.86
25/04/2024 05:00:00;0.0;36.19;0.86;4.72;1.86
25/04/2024 05:30:00;0.0;49.555;1.135;5.42;1.9649999999999999
25/04/2024 06:00:00;0.0;62.92;1.41;6.12;2.07
25/04/2024 06:30:00;10.08;119.975;2.865;6.365;2.3099999999999996
25/04/2024 07:00:00;20.16;177.03;4.32;6.61;2.55
25/04/2024 07:30:00;15.11;196.445;4.65;6.655;2.55
25/04/2024 08:00:00;10.06;215.86;4.98;6.7;2.55
25/04/2024 08:30:00;199.7;255.57;8.67;6.83;2.655
25/04/2024 09:00:00;389.34;295.28;12.36;6.96;2.76
25/04/2024 09:30:00;503.97;280.855;13.774999999999999;7.494999999999999;2.585
25/04/2024 10:00:00;618.6;266.43;15.19;8.03;2.41
25/04/2024 10:30:00;309.3;220.41;9.545;8.629999999999999;2.55
25/04/2024 11:00:00;0.0;174.39;3.9;9.23;2.69
25/04/2024 11:30:00;430.64;170.21499999999997;10.54;9.5;2.76
25/04/2024 12:00:00;861.28;166.04;17.18;9.77;2.83
25/04/2024 12:30:00;438.985;228.29500000000002;11.955;10.105;2.83
25/04/2024 13:00:00;16.69;290.55;6.73;10.44;2.83
25/04/2024 13:30:00;8.345;178.535;4.11;10.5;2.76
25/04/2024 14:00:00;0.0;66.52;1.49;10.56;2.69
25/04/2024 14:30:00;206.24;104.035;5.92;10.29;2.7249999999999996
25/04/2024 15:00:00;412.48;141.55;10.35;10.02;2.76
25/04/2024 15:30:00;226.32;151.76;7.385;9.815;2.865
25/04/2024 16:00:00;40.16;161.97;4.42;9.61;2.97
25/04/2024 16:30:00;23.284999999999997;119.28999999999999;3.195;9.364999999999998;2.83
25/04/2024 17:00:00;6.41;76.61;1.97;9.12;2.69
25/04/2024 17:30:00;3.205;39.565;1.0150000000000001;8.844999999999999;2.275
25/04/2024 18:00:00;0.0;2.52;0.06;8.57;1.86
25/04/2024 18:30:00;0.0;1.26;0.03;8.07;1.345
25/04/2024 19:00:00;0.0;0.0;0.0;7.57;0.83
25/04/2024 19:30:00;0.0;0.0;0.0;7.595000000000001;0.585
25/04/2024 20:00:00;0.0;0.0;0.0;7.62;0.34
25/04/2024 20:30:00;0.0;0.0;0.0;7.21;0.515
25/04/2024 21:00:00;0.0;0.0;0.0;6.8;0.69
25/04/2024 21:30:00;0.0;0.0;0.0;6.48;0.655
25/04/2024 22:00:00;0.0;0.0;0.0;6.16;0.62
25/04/2024 22:30:00;0.0;0.0;0.0;5.9;0.45
25/04/2024 23:00:00;0.0;0.0;0.0;5.64;0.28
25/04/2024 23:30:00;0.0;0.0;0.0;5.38;0.17500000000000002
26/04/2024 00:00:00;0.0;0.0;0.0;5.12;0.07
26/04/2024 00:30:00;0.0;0.0;0.0;4.92;0.14
26/04/2024 01:00:00;0.0;0.0;0.0;4.72;0.21
26/04/2024 01:30:00;0.0;0.0;0.0;4.52;0.245
26/04/2024 02:00:00;0.0;0.0;0.0;4.32;0.28
26/04/2024 02:30:00;0.0;0.0;0.0;3.925;0.31000000000000005
26/04/2024 03:00:00;0.0;0.0;0.0;3.53;0.34
26/04/2024 03:30:00;0.0;0.0;0.0;3.0149999999999997;0.34
26/04/2024 04:00:00;0.0;0.0;0.0;2.5;0.34
26/04/2024 04:30:00;0.0;9.255;0.22;2.075;0.31000000000000005
26/04/2024 05:00:00;0.0;18.51;0.44;1.65;0.28
26/04/2024 05:30:00;0.0;38.47;0.875;2.62;0.28
26/04/2024 06:00:00;0.0;58.43;1.31;3.59;0.28
26/04/2024 06:30:00;0.5;93.965;2.1100000000000003;4.765000000000001;0.5549999999999999
26/04/2024 07:00:00;1.0;129.5;2.91;5.94;0.83
26/04/2024 07:30:00;2.165;161.985;3.6550000000000002;6.57;0.9299999999999999
26/04/2024 08:00:00;3.33;194.47;4.4;7.2;1.03
26/04/2024 08:30:00;26.18;252.33499999999998;6.02;8.12;0.895
26/04/2024 09:00:00;49.03;310.2;7.64;9.04;0.76
26/04/2024 09:30:00;74.75;340.72;8.655;9.68;0.585
26/04/2024 10:00:00;100.47;371.24;9.67;10.32;0.41
26/04/2024 10:30:00;160.715;388.065;10.844999999999999;10.825;0.345
26/04/2024 11:00:00;220.96;404.89;12.02;11.33;0.28
26/04/2024 11:30:00;256.84000000000003;399.03999999999996;12.399999999999999;11.8;0.345
26/04/2024 12:00:00;292.72;393.19;12.78;12.27;0.41
26/04/2024 12:30:00;428.825;331.31;13.655;12.675;0.62
26/04/2024 13:00:00;564.93;269.43;14.53;13.08;0.83
26/04/2024 13:30:00;512.2149999999999;252.09;13.495000000000001;13.335;1.07
26/04/2024 14:00:00;459.5;234.75;12.46;13.59;1.31
26/04/2024 14:30:00;371.755;219.73000000000002;10.915;13.645;1.345
26/04/2024 15:00:00;284.01;204.71;9.37;13.7;1.38
26/04/2024 15:30:00;169.32;185.15;7.084999999999999;13.665;1.345
26/04/2024 16:00:00;54.63;165.59;4.8;13.63;1.31
26/04/2024 16:30:00;59.980000000000004;107.245;4.26;13.395;1.0350000000000001
26/04/2024 17:00:00;65.33;48.9;3.72;13.16;0.76
26/04/2024 17:30:00;32.665;29.08;1.9700000000000002;12.780000000000001;0.55
26/04/2024 18:00:00;0.0;9.26;0.22;12.4;0.34
26/04/2024 18:30:00;0.0;4.63;0.11;11.995000000000001;0.41000000000000003
26/04/2024 19:00:00;0.0;0.0;0.0;11.59;0.48
26/04/2024 19:30:00;0.0;0.0;0.0;11.15;0.38
26/04/2024 20:00:00;0.0;0.0;0.0;10.71;0.28
26/04/2024 20:30:00;0.0;0.0;0.0;10.33;0.38
26/04/2024 21:00:00;0.0;0.0;0.0;9.95;0.48
26/04/2024 21:30:00;0.0;0.0;0.0;9.629999999999999;0.55
26/04/2024 22:00:00;0.0;0.0;0.0;9.31;0.62
26/04/2024 22:30:00;0.0;0.0;0.0;9.08;0.655
26/04/2024 23:00:00;0.0;0.0;0.0;8.85;0.69
26/04/2024 23:30:00;0.0;0.0;0.0;8.465;0.725
27/04/2024 00:00:00;0.0;0.0;0.0;8.08;0.76
27/04/2024 00:30:00;0.0;0.0;0.0;7.95;0.69
27/04/2024 01:00:00;0.0;0.0;0.0;7.82;0.62
27/04/2024 01:30:00;0.0;0.0;0.0;7.59;0.585
27/04/2024 02:00:00;0.0;0.0;0.0;7.36;0.55
27/04/2024 02:30:00;0.0;0.0;0.0;7.04;0.585
27/04/2024 03:00:00;0.0;0.0;0.0;6.72;0.62
27/04/2024 03:30:00;0.0;0.0;0.0;6.5649999999999995;0.655
27/04/2024 04:00:00;0.0;0.0;0.0;6.41;0.69
27/04/2024 04:30:00;0.0;16.41;0.39;6.359999999999999;0.655
27/04/2024 05:00:00;0.0;32.82;0.78;6.31;0.62
27/04/2024 05:30:00;11.85;74.41;2.01;6.81;0.515
27/04/2024 06:00:00;23.7;116.0;3.24;7.31;0.41
27/04/2024 06:30:00;94.915;148.745;5.1850000000000005;8.86;0.48
27/04/2024 07:00:00;166.13;181.49;7.13;10.41;0.55
27/04/2024 07:30:00;185.87;224.225;8.165;11.305;0.585
27/04/2024 08:00:00;205.61;266.96;9.2;12.2;0.62
27/04/2024 08:30:00;235.85;297.595;10.205;12.895;0.515
27/04/2024 09:00:00;266.09;328.23;11.21;13.59;0.41
27/04/2024 09:30:00;542.77;242.73000000000002;13.895;14.11;0.345
27/04/2024 10:00:00;819.45;157.23;16.58;14.63;0.28
27/04/2024 10:30:00;777.7;196.97;16.549999999999997;14.955;0.245
27/04/2024 11:00:00;735.95;236.71;16.52;15.28;0.21
27/04/2024 11:30:00;651.69;272.32;15.865;15.364999999999998;0.275
27/04/2024 12:00:00;567.43;307.93;15.21;15.45;0.34
27/04/2024 12:30:00;585.015;277.03;14.98;15.5;0.48
27/04/2024 13:00:00;602.6;246.13;14.75;15.55;0.62
27/04/2024 13:30:00;596.75;204.47;14.055;15.97;0.515
27/04/2024 14:00:00;590.9;162.81;13.36;16.39;0.41
27/04/2024 14:30:00;414.655;190.86;11.129999999999999;16.35;0.48
27/04/2024 15:00:00;238.41;218.91;8.9;16.31;0.55
27/04/2024 15:30:00;211.45999999999998;171.29;7.765000000000001;16.225;0.69
27/04/2024 16:00:00;184.51;123.67;6.63;16.14;0.83
27/04/2024 16:30:00;112.785;96.28999999999999;4.9350000000000005;15.945;0.83
27/04/2024 17:00:00;41.06;68.91;3.24;15.75;0.83
27/04/2024 17:30:00;20.53;39.925;1.75;15.18;0.83
27/04/2024 18:00:00;0.0;10.94;0.26;14.61;0.83
27/04/2024 18:30:00;0.0;5.47;0.13;14.885;0.69
27/04/2024 19:00:00;0.0;0.0;0.0;15.16;0.55
27/04/2024 19:30:00;0.0;0.0;0.0;14.4;0.7250000000000001
27/04/2024 20:00:00;0.0;0.0;0.0;13.64;0.9
27/04/2024 20:30:00;0.0;0.0;0.0;12.97;0.9650000000000001
27/04/2024 21:00:00;0.0;0.0;0.0;12.3;1.03
27/04/2024 21:30:00;0.0;0.0;0.0;11.425;1.065
27/04/2024 22:00:00;0.0;0.0;0.0;10.55;1.1
27/04/2024 22:30:00;0.0;0.0;0.0;9.88;1.17
27/04/2024 23:00:00;0.0;0.0;0.0;9.21;1.24
27/04/2024 23:30:00;0.0;0.0;0.0;9.14;1.17
28/04/2024 00:00:00;0.0;0.0;0.0;9.07;1.1
28/04/2024 00:30:00;0.0;0.0;0.0;9.14;1.065
28/04/2024 01:00:00;0.0;0.0;0.0;9.21;1.03
28/04/2024 01:30:00;0.0;0.0;0.0;9.29;1.135
28/04/2024 02:00:00;0.0;0.0;0.0;9.37;1.24
28/04/2024 02:30:00;0.0;0.0;0.0;9.469999999999999;1.31
28/04/2024 03:00:00;0.0;0.0;0.0;9.57;1.38
28/04/2024 03:30:00;0.0;0.0;0.0;9.695;1.4849999999999999
28/04/2024 04:00:00;0.0;0.0;0.0;9.82;1.59
28/04/2024 04:30:00;0.0;19.775;0.47;9.945;1.655
28/04/2024 05:00:00;0.0;39.55;0.94;10.07;1.72
28/04/2024 05:30:00;0.0;29.665;0.69;10.440000000000001;1.655
28/04/2024 06:00:00;0.0;19.78;0.44;10.81;1.59
28/04/2024 06:30:00;1.485;82.8;1.88;11.754999999999999;1.9
28/04/2024 07:00:00;2.97;145.82;3.32;12.7;2.21
28/04/2024 07:30:00;13.030000000000001;191.44;4.495;12.785;2.275
28/04/2024 08:00:00;23.09;237.06;5.67;12.87;2.34
28/04/2024 08:30:00;12.125;225.55;5.234999999999999;12.93;2.41
28/04/2024 09:00:00;1.16;214.04;4.8;12.99;2.48
28/04/2024 09:30:00;1.1749999999999998;227.98;5.115;13.18;2.48
28/04/2024 10:00:00;1.19;241.92;5.43;13.37;2.48
28/04/2024 10:30:00;0.595;217.58999999999997;4.875;13.835;2.62
28/04/2024 11:00:00;0.0;193.26;4.32;14.3;2.76
28/04/2024 11:30:00;0.0;160.45;3.585;14.465;2.485
28/04/2024 12:00:00;0.0;127.64;2.85;14.63;2.21
28/04/2024 12:30:00;0.0;112.36;2.51;14.97;2.0
28/04/2024 13:00:00;0.0;97.08;2.17;15.31;1.79
28/04/2024 13:30:00;0.0;104.72;2.34;15.58;1.895
28/04/2024 14:00:00;0.0;112.36;2.51;15.85;2.0
28/04/2024 14:30:00;0.0;94.83500000000001;2.12;16.105;2.0
28/04/2024 15:00:00;0.0;77.31;1.73;16.36;2.0
28/04/2024 15:30:00;2.73;103.97;2.38;16.625;1.725
28/04/2024 16:00:00;5.46;130.63;3.03;16.89;1.45
28/04/2024 16:30:00;12.474999999999998;105.83500000000001;2.83;16.705;1.0
28/04/2024 17:00:00;19.49;81.04;2.63;16.52;0.55
28/04/2024 17:30:00;9.745;44.30500000000001;1.405;16.145;0.515
28/04/2024 18:00:00;0.0;7.57;0.18;15.77;0.48
28/04/2024 18:30:00;0.0;3.785;0.09;15.43;1.31
28/04/2024 19:00:00;0.0;0.0;0.0;15.09;2.14
28/04/2024 19:30:00;0.0;0.0;0.0;14.620000000000001;1.9300000000000002
28/04/2024 20:00:00;0.0;0.0;0.0;14.15;1.72
28/04/2024 20:30:00;0.0;0.0;0.0;13.73;1.79
28/04/2024 21:00:00;0.0;0.0;0.0;13.31;1.86
28/04/2024 21:30:00;0.0;0.0;0.0;12.925;1.79
28/04/2024 22:00:00;0.0;0.0;0.0;12.54;1.72
28/04/2024 22:30:00;0.0;0.0;0.0;12.235;1.655
28/04/2024 23:00:00;0.0;0.0;0.0;11.93;1.59
28/04/2024 23:30:00;0.0;0.0;0.0;11.64;1.4500000000000002
29/04/2024 00:00:00;0.0;0.0;0.0;11.35;1.31
29/04/2024 00:30:00;0.0;0.0;0.0;11.254999999999999;1.24
29/04/2024 01:00:00;0.0;0.0;0.0;11.16;1.17
29/04/2024 01:30:00;0.0;0.0;0.0;10.99;1.17
29/04/2024 02:00:00;0.0;0.0;0.0;10.82;1.17
29/04/2024 02:30:00;0.0;0.0;0.0;10.655000000000001;1.17
29/04/2024 03:00:00;0.0;0.0;0.0;10.49;1.17
29/04/2024 03:30:00;0.0;0.0;0.0;10.425;1.0699999999999998
29/04/2024 04:00:00;0.0;0.0;0.0;10.36;0.97
29/04/2024 04:30:00;0.0;17.67;0.42;10.73;0.76
29/04/2024 05:00:00;0.0;35.34;0.84;11.1;0.55
29/04/2024 05:30:00;43.76;67.22;2.7399999999999998;11.27;0.55
29/04/2024 06:00:00;87.52;99.1;4.64;11.44;0.55
29/04/2024 06:30:00;67.335;148.655;4.975;12.67;0.86
29/04/2024 07:00:00;47.15;198.21;5.31;13.9;1.17
29/04/2024 07:30:00;131.345;231.74;7.35;14.31;1.31
29/04/2024 08:00:00;215.54;265.27;9.39;14.72;1.45
29/04/2024 08:30:00;376.68000000000006;247.64;11.530000000000001;15.254999999999999;1.45
29/04/2024 09:00:00;537.82;230.01;13.67;15.79;1.45
29/04/2024 09:30:00;554.205;256.405;14.309999999999999;16.02;1.38
29/04/2024 10:00:00;570.59;282.8;14.95;16.25;1.31
29/04/2024 10:30:00;708.8199999999999;227.345;16.115000000000002;16.555;1.31
29/04/2024 11:00:00;847.05;171.89;17.28;16.86;1.31
29/04/2024 11:30:00;748.9849999999999;219.89499999999998;16.580000000000002;17.15;1.5150000000000001
29/04/2024 12:00:00;650.92;267.9;15.88;17.44;1.72
29/04/2024 12:30:00;409.79999999999995;317.07;13.225000000000001;17.575000000000003;1.825
29/04/2024 13:00:00;168.68;366.24;10.57;17.71;1.93
29/04/2024 13:30:00;383.11;261.445;12.030000000000001;17.745;2.0
29/04/2024 14:00:00;597.54;156.65;13.49;17.78;2.07
29/04/2024 14:30:00;446.11;176.81;11.51;17.565;2.175
29/04/2024 15:00:00;294.68;196.97;9.53;17.35;2.28
29/04/2024 15:30:00;208.29000000000002;174.935;7.76;17.17;2.38
29/04/2024 16:00:00;121.9;152.9;5.99;16.99;2.48
29/04/2024 16:30:00;74.63;116.815;4.48;16.485;2.48
29/04/2024 17:00:00;27.36;80.73;2.97;15.98;2.48
29/04/2024 17:30:00;13.68;46.255;1.625;15.265;2.55
29/04/2024 18:00:00;0.0;11.78;0.28;14.55;2.62
29/04/2024 18:30:00;0.0;5.89;0.14;13.55;2.795
29/04/2024 19:00:00;0.0;0.0;0.0;12.55;2.97
29/04/2024 19:30:00;0.0;0.0;0.0;12.125;2.725
29/04/2024 20:00:00;0.0;0.0;0.0;11.7;2.48
29/04/2024 20:30:00;0.0;0.0;0.0;11.305;2.24
29/04/2024 21:00:00;0.0;0.0;0.0;10.91;2.0
29/04/2024 21:30:00;0.0;0.0;0.0;10.61;1.8599999999999999
29/04/2024 22:00:00;0.0;0.0;0.0;10.31;1.72
29/04/2024 22:30:00;0.0;0.0;0.0;9.925;1.69
29/04/2024 23:00:00;0.0;0.0;0.0;9.54;1.66
29/04/2024 23:30:00;0.0;0.0;0.0;9.309999999999999;1.69
30/04/2024 00:00:00;0.0;0.0;0.0;9.08;1.72
30/04/2024 00:30:00;0.0;0.0;0.0;8.525;1.72
30/04/2024 01:00:00;0.0;0.0;0.0;7.97;1.72
30/04/2024 01:30:00;0.0;0.0;0.0;7.65;1.72
30/04/2024 02:00:00;0.0;0.0;0.0;7.33;1.72
30/04/2024 02:30:00;0.0;0.0;0.0;7.365;1.62
30/04/2024 03:00:00;0.0;0.0;0.0;7.4;1.52
30/04/2024 03:30:00;0.0;0.0;0.0;7.300000000000001;1.52
30/04/2024 04:00:00;0.0;0.0;0.0;7.2;1.52
30/04/2024 04:30:00;0.0;13.045;0.31;7.27;1.52
30/04/2024 05:00:00;0.0;26.09;0.62;7.34;1.52
30/04/2024 05:30:00;0.0;53.045;1.205;8.155000000000001;1.5550000000000002
30/04/2024 06:00:00;0.0;80.0;1.79;8.97;1.59
30/04/2024 06:30:00;7.81;130.04500000000002;3.055;10.04;1.935
30/04/2024 07:00:00;15.62;180.09;4.32;11.11;2.28
30/04/2024 07:30:00;91.09;228.745;6.59;11.765;2.83
30/04/2024 08:00:00;166.56;277.4;8.86;12.42;3.38
30/04/2024 08:30:00;162.4;309.895;9.415;13.035;3.38
30/04/2024 09:00:00;158.24;342.39;9.97;13.65;3.38
30/04/2024 09:30:00;124.42;356.315;9.760000000000002;14.265;3.275
30/04/2024 10:00:00;90.6;370.24;9.55;14.88;3.17
30/04/2024 10:30:00;51.834999999999994;339.59000000000003;8.32;15.170000000000002;3.0
30/04/2024 11:00:00;13.07;308.94;7.09;15.46;2.83
30/04/2024 11:30:00;23.13;325.135;7.595;15.66;2.76
30/04/2024 12:00:00;33.19;341.33;8.1;15.86;2.69
30/04/2024 12:30:00;23.009999999999998;313.40999999999997;7.335;16.115000000000002;2.7249999999999996
30/04/2024 13:00:00;12.83;285.49;6.57;16.37;2.76
30/04/2024 13:30:00;17.115;276.07500000000005;6.43;16.555;2.655
30/04/2024 14:00:00;21.4;266.66;6.29;16.74;2.55
30/04/2024 14:30:00;11.225;212.02;4.915;16.63;2.275
30/04/2024 15:00:00;1.05;157.38;3.54;16.52;2.0
30/04/2024 15:30:00;12.17;158.92000000000002;3.81;16.465;1.895
30/04/2024 16:00:00;23.29;160.46;4.08;16.41;1.79
30/04/2024 16:30:00;12.395;115.65;2.865;15.995000000000001;1.55
30/04/2024 17:00:00;1.5;70.84;1.65;15.58;1.31
30/04/2024 17:30:00;0.75;38.785000000000004;0.9049999999999999;15.11;1.31
30/04/2024 18:00:00;0.0;6.73;0.16;14.64;1.31
30/04/2024 18:30:00;0.0;3.365;0.08;13.915;1.345
30/04/2024 19:00:00;0.0;0.0;0.0;13.19;1.38
30/04/2024 19:30:00;0.0;0.0;0.0;12.614999999999998;1.275
30/04/2024 20:00:00;0.0;0.0;0.0;12.04;1.17
30/04/2024 20:30:00;0.0;0.0;0.0;12.245;0.965
30/04/2024 21:00:00;0.0;0.0;0.0;12.45;0.76
30/04/2024 21:30:00;0.0;0.0;0.0;12.295;0.55
30/04/2024 22:00:00;0.0;0.0;0.0;12.14;0.34
30/04/2024 22:30:00;0.0;0.0;0.0;11.97;0.275
30/04/2024 23:00:00;0.0;0.0;0.0;11.8;0.21
30/04/2024 23:30:00;0.0;0.0;0.0;11.645;0.14
01/05/2024 00:00:00;0.0;0.0;0.0;11.49;0.07
01/05/2024 00:30:00;0.0;0.0;0.0;11.344999999999999;0.035
01/05/2024 01:00:00;0.0;0.0;0.0;11.2;0.0
01/05/2024 01:30:00;0.0;0.0;0.0;11.14;0.105
01/05/2024 02:00:00;0.0;0.0;0.0;11.08;0.21
01/05/2024 02:30:00;0.0;0.0;0.0;11.01;0.345
01/05/2024 03:00:00;0.0;0.0;0.0;10.94;0.48
01/05/2024 03:30:00;0.0;0.0;0.0;10.785;0.585
01/05/2024 04:00:00;0.0;0.0;0.0;10.63;0.69
01/05/2024 04:30:00;0.0;3.365;0.08;10.09;0.7949999999999999
01/05/2024 05:00:00;0.0;6.73;0.16;9.55;0.9
01/05/2024 05:30:00;0.0;20.895000000000003;0.47;9.695;0.7250000000000001
01/05/2024 06:00:00;0.0;35.06;0.78;9.84;0.55
01/05/2024 06:30:00;0.0;35.06;0.78;10.780000000000001;0.655
01/05/2024 07:00:00;0.0;35.06;0.78;11.72;0.76
01/05/2024 07:30:00;39.0;155.48;4.1;11.93;0.895
01/05/2024 08:00:00;78.0;275.9;7.42;12.14;1.03
01/05/2024 08:30:00;137.19;308.51;8.975;12.395;1.1
01/05/2024 09:00:00;196.38;341.12;10.53;12.65;1.17
01/05/2024 09:30:00;383.575;313.065;12.809999999999999;13.185;1.24
01/05/2024 10:00:00;570.77;285.01;15.09;13.72;1.31
01/05/2024 10:30:00;387.78999999999996;345.055;13.495000000000001;14.23;1.31
01/05/2024 11:00:00;204.81;405.1;11.9;14.74;1.31
01/05/2024 11:30:00;110.67;359.025;9.57;14.795;1.31
01/05/2024 12:00:00;16.53;312.95;7.24;14.85;1.31
01/05/2024 12:30:00;48.34;332.595;8.129999999999999;15.075;1.55
01/05/2024 13:00:00;80.15;352.24;9.02;15.3;1.79
01/05/2024 13:30:00;50.165000000000006;308.91499999999996;7.635;15.34;1.8599999999999999
01/05/2024 14:00:00;20.18;265.59;6.25;15.38;1.93
01/05/2024 14:30:00;26.27;247.20499999999998;5.96;15.370000000000001;1.76
01/05/2024 15:00:00;32.36;228.82;5.67;15.36;1.59
01/05/2024 15:30:00;34.4;197.70499999999998;5.085;15.344999999999999;1.59
01/05/2024 16:00:00;36.44;166.59;4.5;15.33;1.59
01/05/2024 16:30:00;18.22;99.475;2.61;14.855;1.59
01/05/2024 17:00:00;0.0;32.36;0.72;14.38;1.59
01/05/2024 17:30:00;0.0;19.545;0.44;13.645;1.8650000000000002
01/05/2024 18:00:00;0.0;6.73;0.16;12.91;2.14
01/05/2024 18:30:00;0.0;3.365;0.08;12.475;1.725
01/05/2024 19:00:00;0.0;0.0;0.0;12.04;1.31
01/05/2024 19:30:00;0.0;0.0;0.0;11.43;1.31
01/05/2024 20:00:00;0.0;0.0;0.0;10.82;1.31
01/05/2024 20:30:00;0.0;0.0;0.0;10.100000000000001;1.38
01/05/2024 21:00:00;0.0;0.0;0.0;9.38;1.45
01/05/2024 21:30:00;0.0;0.0;0.0;8.895;1.415
01/05/2024 22:00:00;0.0;0.0;0.0;8.41;1.38
01/05/2024 22:30:00;0.0;0.0;0.0;7.91;1.415
01/05/2024 23:00:00;0.0;0.0;0.0;7.41;1.45
01/05/2024 23:30:00;0.0;0.0;0.0;7.23;1.415
02/05/2024 00:00:00;0.0;0.0;0.0;7.05;1.38
02/05/2024 00:30:00;0.0;0.0;0.0;7.035;1.345
02/05/2024 01:00:00;0.0;0.0;0.0;7.02;1.31
02/05/2024 01:30:00;0.0;0.0;0.0;7.029999999999999;1.24
02/05/2024 02:00:00;0.0;0.0;0.0;7.04;1.17
02/05/2024 02:30:00;0.0;0.0;0.0;6.95;1.17
02/05/2024 03:00:00;0.0;0.0;0.0;6.86;1.17
02/05/2024 03:30:00;0.0;0.0;0.0;6.9350000000000005;1.135
02/05/2024 04:00:00;0.0;0.0;0.0;7.01;1.1
02/05/2024 04:30:00;0.0;21.88;0.525;7.17;1.0350000000000001
02/05/2024 05:00:00;0.0;43.76;1.05;7.33;0.97
02/05/2024 05:30:00;10.345;83.80000000000001;2.205;8.190000000000001;0.935
02/05/2024 06:00:00;20.69;123.84;3.36;9.05;0.9
02/05/2024 06:30:00;10.345;61.92;1.68;9.865;0.9650000000000001
02/05/2024 07:00:00;0.0;0.0;0.0;10.68;1.03
02/05/2024 07:30:00;190.28;106.71;5.625;11.18;1.345
02/05/2024 08:00:00;380.56;213.42;11.25;11.68;1.66
02/05/2024 08:30:00;496.125;207.065;12.879999999999999;12.075;1.66
02/05/2024 09:00:00;611.69;200.71;14.51;12.47;1.66
02/05/2024 09:30:00;686.445;197.4;15.544999999999998;13.175;1.8649999999999998
02/05/2024 10:00:00;761.2;194.09;16.58;13.88;2.07
02/05/2024 10:30:00;764.5150000000001;209.255;16.84;14.285;2.24
02/05/2024 11:00:00;767.83;224.42;17.1;14.69;2.41
02/05/2024 11:30:00;753.245;227.75;16.94;14.765;2.41
02/05/2024 12:00:00;738.66;231.08;16.78;14.84;2.41
02/05/2024 12:30:00;735.4749999999999;205.97000000000003;16.380000000000003;14.965;2.48
02/05/2024 13:00:00;732.29;180.86;15.98;15.09;2.55
02/05/2024 13:30:00;663.5;172.43;14.865;15.21;2.69
02/05/2024 14:00:00;594.71;164.0;13.75;15.33;2.83
02/05/2024 14:30:00;521.065;144.95499999999998;12.42;15.15;2.865
02/05/2024 15:00:00;447.42;125.91;11.09;14.97;2.9
02/05/2024 15:30:00;336.19;116.155;9.235;14.690000000000001;3.0
02/05/2024 16:00:00;224.96;106.4;7.38;14.41;3.1
02/05/2024 16:30:00;138.185;86.195;5.5600000000000005;14.155000000000001;2.79
02/05/2024 17:00:00;51.41;65.99;3.74;13.9;2.48
02/05/2024 17:30:00;25.705;41.83;2.08;13.55;2.07
02/05/2024 18:00:00;0.0;17.67;0.42;13.2;1.66
02/05/2024 18:30:00;0.0;8.835;0.21;12.715;1.66
02/05/2024 19:00:00;0.0;0.0;0.0;12.23;1.66
02/05/2024 19:30:00;0.0;0.0;0.0;11.305;1.69
02/05/2024 20:00:00;0.0;0.0;0.0;10.38;1.72
02/05/2024 20:30:00;0.0;0.0;0.0;9.865;1.72
02/05/2024 21:00:00;0.0;0.0;0.0;9.35;1.72
02/05/2024 21:30:00;0.0;0.0;0.0;8.780000000000001;1.755
02/05/2024 22:00:00;0.0;0.0;0.0;8.21;1.79
02/05/2024 22:30:00;0.0;0.0;0.0;7.78;1.79
02/05/2024 23:00:00;0.0;0.0;0.0;7.35;1.79
02/05/2024 23:30:00;0.0;0.0;0.0;7.029999999999999;1.755
03/05/2024 00:00:00;0.0;0.0;0.0;6.71;1.72
03/05/2024 00:30:00;0.0;0.0;0.0;6.32;1.72
03/05/2024 01:00:00;0.0;0.0;0.0;5.93;1.72
03/05/2024 01:30:00;0.0;0.0;0.0;5.66;1.72
03/05/2024 02:00:00;0.0;0.0;0.0;5.39;1.72
03/05/2024 02:30:00;0.0;0.0;0.0;5.1850000000000005;1.655
03/05/2024 03:00:00;0.0;0.0;0.0;4.98;1.59
03/05/2024 03:30:00;0.0;0.0;0.0;4.795;1.5550000000000002
03/05/2024 04:00:00;0.0;0.0;0.0;4.61;1.52
03/05/2024 04:30:00;0.0;21.04;0.5;4.645;1.4849999999999999
03/05/2024 05:00:00;0.0;42.08;1.0;4.68;1.45
03/05/2024 05:30:00;64.13;61.735;3.255;6.109999999999999;1.45
03/05/2024 06:00:00;128.26;81.39;5.51;7.54;1.45
03/05/2024 06:30:00;231.03;96.31;7.375;9.0;1.69
03/05/2024 07:00:00;333.8;111.23;9.24;10.46;1.93
03/05/2024 07:30:00;428.16999999999996;126.255;10.850000000000001;11.305;2.415
03/05/2024 08:00:00;522.54;141.28;12.46;12.15;2.9
03/05/2024 08:30:00;603.22;151.73000000000002;13.775;13.004999999999999;3.1399999999999997
03/05/2024 09:00:00;683.9;162.18;15.09;13.86;3.38
03/05/2024 09:30:00;754.25;161.965;16.105;14.58;3.45
03/05/2024 10:00:00;824.6;161.75;17.12;15.3;3.52
03/05/2024 10:30:00;864.14;158.155;17.645000000000003;15.96;3.4850000000000003
03/05/2024 11:00:00;903.68;154.56;18.17;16.62;3.45
03/05/2024 11:30:00;889.51;157.09;18.0;17.08;3.2750000000000004
03/05/2024 12:00:00;875.34;159.62;17.83;17.54;3.1
03/05/2024 12:30:00;826.5450000000001;158.93;17.115;17.785;3.065
03/05/2024 13:00:00;777.75;158.24;16.4;18.03;3.03
03/05/2024 13:30:00;669.89;171.145;15.004999999999999;18.205;3.0
03/05/2024 14:00:00;562.03;184.05;13.61;18.38;2.97
03/05/2024 14:30:00;453.94;181.89;11.95;18.39;2.97
03/05/2024 15:00:00;345.85;179.73;10.29;18.4;2.97
03/05/2024 15:30:00;285.895;142.905;8.865;18.259999999999998;2.865
03/05/2024 16:00:00;225.94;106.08;7.44;18.12;2.76
03/05/2024 16:30:00;144.225;81.545;5.74;17.765;2.415
03/05/2024 17:00:00;62.51;57.01;4.04;17.41;2.07
03/05/2024 17:30:00;31.255;39.025;2.27;16.68;1.93
03/05/2024 18:00:00;0.0;21.04;0.5;15.95;1.79
03/05/2024 18:30:00;0.0;10.52;0.25;15.01;1.79
03/05/2024 19:00:00;0.0;0.0;0.0;14.07;1.79
03/05/2024 19:30:00;0.0;0.0;0.0;12.83;1.8250000000000002
03/05/2024 20:00:00;0.0;0.0;0.0;11.59;1.86
03/05/2024 20:30:00;0.0;0.0;0.0;10.715;1.8250000000000002
03/05/2024 21:00:00;0.0;0.0;0.0;9.84;1.79
03/05/2024 21:30:00;0.0;0.0;0.0;9.42;1.69
03/05/2024 22:00:00;0.0;0.0;0.0;9.0;1.59
03/05/2024 22:30:00;0.0;0.0;0.0;8.754999999999999;1.4849999999999999
03/05/2024 23:00:00;0.0;0.0;0.0;8.51;1.38
03/05/2024 23:30:00;0.0;0.0;0.0;8.135;1.38
04/05/2024 00:00:00;0.0;0.0;0.0;7.76;1.38
04/05/2024 00:30:00;0.0;0.0;0.0;7.48;1.345
04/05/2024 01:00:00;0.0;0.0;0.0;7.2;1.31
04/05/2024 01:30:00;0.0;0.0;0.0;7.0;1.31
04/05/2024 02:00:00;0.0;0.0;0.0;6.8;1.31
04/05/2024 02:30:00;0.0;0.0;0.0;6.88;1.205
04/05/2024 03:00:00;0.0;0.0;0.0;6.96;1.1
04/05/2024 03:30:00;0.0;0.0;0.0;7.13;1.0
04/05/2024 04:00:00;0.0;0.0;0.0;7.3;0.9
04/05/2024 04:30:00;0.0;20.615;0.49;7.255;0.9
04/05/2024 05:00:00;0.0;41.23;0.98;7.21;0.9
04/05/2024 05:30:00;68.975;58.870000000000005;3.345;7.720000000000001;0.865
04/05/2024 06:00:00;137.95;76.51;5.71;8.23;0.83
04/05/2024 06:30:00;195.35;115.86000000000001;7.115;10.125;0.8999999999999999
04/05/2024 07:00:00;252.75;155.21;8.52;12.02;0.97
04/05/2024 07:30:00;394.44;145.03;10.58;13.1;1.0699999999999998
04/05/2024 08:00:00;536.13;134.85;12.64;14.18;1.17
04/05/2024 08:30:00;614.27;146.225;13.925;15.18;1.205
04/05/2024 09:00:00;692.41;157.6;15.21;16.18;1.24
04/05/2024 09:30:00;757.55;159.45999999999998;16.175;17.095;1.24
04/05/2024 10:00:00;822.69;161.32;17.14;18.01;1.24
04/05/2024 10:30:00;850.425;163.165;17.564999999999998;18.79;1.31
04/05/2024 11:00:00;878.16;165.01;17.99;19.57;1.38
04/05/2024 11:30:00;875.7249999999999;162.1;17.92;20.165;1.31
04/05/2024 12:00:00;873.29;159.19;17.85;20.76;1.24
04/05/2024 12:30:00;840.635;151.005;17.275;21.155;1.07
04/05/2024 13:00:00;807.98;142.82;16.7;21.55;0.9
04/05/2024 13:30:00;706.4200000000001;150.98;15.325;21.810000000000002;0.69
04/05/2024 14:00:00;604.86;159.14;13.95;22.07;0.48
04/05/2024 14:30:00;520.625;145.125;12.52;22.125;0.41000000000000003
04/05/2024 15:00:00;436.39;131.11;11.09;22.18;0.34
04/05/2024 15:30:00;288.19;142.085;8.81;22.14;0.44500000000000006
04/05/2024 16:00:00;139.99;153.06;6.53;22.1;0.55
04/05/2024 16:30:00;71.19500000000001;116.81;4.220000000000001;21.775;0.655
04/05/2024 17:00:00;2.4;80.56;1.91;21.45;0.76
04/05/2024 17:30:00;1.2;51.22;1.2149999999999999;20.655;1.0350000000000001
04/05/2024 18:00:00;0.0;21.88;0.52;19.86;1.31
04/05/2024 18:30:00;0.0;10.94;0.26;19.09;1.38
04/05/2024 19:00:00;0.0;0.0;0.0;18.32;1.45
04/05/2024 19:30:00;0.0;0.0;0.0;17.295;1.585
04/05/2024 20:00:00;0.0;0.0;0.0;16.27;1.72
04/05/2024 20:30:00;0.0;0.0;0.0;15.365;1.755
04/05/2024 21:00:00;0.0;0.0;0.0;14.46;1.79
04/05/2024 21:30:00;0.0;0.0;0.0;13.685;1.8250000000000002
04/05/2024 22:00:00;0.0;0.0;0.0;12.91;1.86
04/05/2024 22:30:00;0.0;0.0;0.0;12.57;1.8250000000000002
04/05/2024 23:00:00;0.0;0.0;0.0;12.23;1.79
04/05/2024 23:30:00;0.0;0.0;0.0;11.975000000000001;1.79
05/05/2024 00:00:00;0.0;0.0;0.0;11.72;1.79
05/05/2024 00:30:00;0.0;0.0;0.0;11.615;1.8599999999999999
05/05/2024 01:00:00;0.0;0.0;0.0;11.51;1.93
05/05/2024 01:30:00;0.0;0.0;0.0;11.365;1.8599999999999999
05/05/2024 02:00:00;0.0;0.0;0.0;11.22;1.79
05/05/2024 02:30:00;0.0;0.0;0.0;11.095;1.69
05/05/2024 03:00:00;0.0;0.0;0.0;10.97;1.59
05/05/2024 03:30:00;0.0;0.0;0.0;10.775;1.5550000000000002
05/05/2024 04:00:00;0.0;0.0;0.0;10.58;1.52
05/05/2024 04:30:00;0.0;13.465;0.32;10.71;1.345
05/05/2024 05:00:00;0.0;26.93;0.64;10.84;1.17
05/05/2024 05:30:00;0.0;33.239999999999995;0.76;11.79;1.035
05/05/2024 06:00:00;0.0;39.55;0.88;12.74;0.9
05/05/2024 06:30:00;49.32;123.68499999999999;3.725;14.11;0.865
05/05/2024 07:00:00;98.64;207.82;6.57;15.48;0.83
05/05/2024 07:30:00;83.87;242.04999999999998;6.945;16.1;0.865
05/05/2024 08:00:00;69.1;276.28;7.32;16.72;0.9
05/05/2024 08:30:00;149.68;307.17999999999995;9.195;17.165;0.7250000000000001
05/05/2024 09:00:00;230.26;338.08;11.07;17.61;0.55
05/05/2024 09:30:00;369.115;323.195;12.89;18.0;0.31000000000000005
05/05/2024 10:00:00;507.97;308.31;14.71;18.39;0.07
05/05/2024 10:30:00;656.505;249.005;15.985000000000001;18.77;0.10500000000000001
05/05/2024 11:00:00;805.04;189.7;17.26;19.15;0.14
05/05/2024 11:30:00;748.5999999999999;216.36;16.83;19.244999999999997;0.21000000000000002
05/05/2024 12:00:00;692.16;243.02;16.4;19.34;0.28
05/05/2024 12:30:00;364.37;284.165;12.11;19.560000000000002;0.38
05/05/2024 13:00:00;36.58;325.31;7.82;19.78;0.48
05/05/2024 13:30:00;18.29;194.115;4.615;19.315;1.17
05/05/2024 14:00:00;0.0;62.92;1.41;18.85;1.86
05/05/2024 14:30:00;0.0;72.36;1.62;18.380000000000003;1.585
05/05/2024 15:00:00;0.0;81.8;1.83;17.91;1.31
05/05/2024 15:30:00;43.17;125.13499999999999;3.7600000000000002;17.884999999999998;1.55
05/05/2024 16:00:00;86.34;168.47;5.69;17.86;1.79
05/05/2024 16:30:00;59.095;126.56;4.525;17.549999999999997;1.895
05/05/2024 17:00:00;31.85;84.65;3.36;17.24;2.0
05/05/2024 17:30:00;15.925;54.105000000000004;1.96;16.72;1.895
05/05/2024 18:00:00;0.0;23.56;0.56;16.2;1.79
05/05/2024 18:30:00;0.0;11.78;0.28;15.785;1.345
05/05/2024 19:00:00;0.0;0.0;0.0;15.37;0.9
05/05/2024 19:30:00;0.0;0.0;0.0;14.48;1.14
05/05/2024 20:00:00;0.0;0.0;0.0;13.59;1.38
05/05/2024 20:30:00;0.0;0.0;0.0;12.975;1.24
05/05/2024 21:00:00;0.0;0.0;0.0;12.36;1.1
05/05/2024 21:30:00;0.0;0.0;0.0;12.415;0.9650000000000001
05/05/2024 22:00:00;0.0;0.0;0.0;12.47;0.83
05/05/2024 22:30:00;0.0;0.0;0.0;12.135000000000002;0.8999999999999999
05/05/2024 23:00:00;0.0;0.0;0.0;11.8;0.97
05/05/2024 23:30:00;0.0;0.0;0.0;11.475000000000001;0.865
06/05/2024 00:00:00;0.0;0.0;0.0;11.15;0.76
06/05/2024 00:30:00;0.0;0.0;0.0;10.815000000000001;0.69
06/05/2024 01:00:00;0.0;0.0;0.0;10.48;0.62
06/05/2024 01:30:00;0.0;0.0;0.0;10.315000000000001;0.62
06/05/2024 02:00:00;0.0;0.0;0.0;10.15;0.62
06/05/2024 02:30:00;0.0;0.0;0.0;9.915;0.55
06/05/2024 03:00:00;0.0;0.0;0.0;9.68;0.48
06/05/2024 03:30:00;0.0;0.0;0.0;9.59;0.41000000000000003
06/05/2024 04:00:00;0.0;0.0;0.0;9.5;0.34
06/05/2024 04:30:00;0.0;12.2;0.29;9.52;0.31000000000000005
06/05/2024 05:00:00;0.0;24.4;0.58;9.54;0.28
06/05/2024 05:30:00;2.43;66.995;1.585;10.055;0.21000000000000002
06/05/2024 06:00:00;4.86;109.59;2.59;10.57;0.14
06/05/2024 06:30:00;4.315;133.56;3.0949999999999998;11.985;0.24000000000000002
06/05/2024 07:00:00;3.77;157.53;3.6;13.4;0.34
06/05/2024 07:30:00;16.7;207.01;4.915;14.075;0.515
06/05/2024 08:00:00;29.63;256.49;6.23;14.75;0.69
06/05/2024 08:30:00;134.53;298.14;8.75;15.54;0.86
06/05/2024 09:00:00;239.43;339.79;11.27;16.33;1.03
06/05/2024 09:30:00;365.305;328.94500000000005;12.969999999999999;16.96;1.17
06/05/2024 10:00:00;491.18;318.1;14.67;17.59;1.31
06/05/2024 10:30:00;568.23;298.675;15.495000000000001;18.055;1.415
06/05/2024 11:00:00;645.28;279.25;16.32;18.52;1.52
06/05/2024 11:30:00;658.8;268.08000000000004;16.35;18.85;1.415
06/05/2024 12:00:00;672.32;256.91;16.38;19.18;1.31
06/05/2024 12:30:00;650.51;242.925;15.855;19.490000000000002;1.105
06/05/2024 13:00:00;628.7;228.94;15.33;19.8;0.9
06/05/2024 13:30:00;463.44000000000005;261.865;13.365;19.915;1.105
06/05/2024 14:00:00;298.18;294.79;11.4;20.03;1.31
06/05/2024 14:30:00;261.375;261.52;10.27;19.85;1.415
06/05/2024 15:00:00;224.57;228.25;9.14;19.67;1.52
06/05/2024 15:30:00;162.45499999999998;197.615;7.565;19.46;1.105
06/05/2024 16:00:00;100.34;166.98;5.99;19.25;0.69
06/05/2024 16:30:00;70.19;123.38999999999999;4.815;19.015;0.62
06/05/2024 17:00:00;40.04;79.8;3.64;18.78;0.55
06/05/2024 17:30:00;20.02;52.099999999999994;2.1100000000000003;18.259999999999998;0.62
06/05/2024 18:00:00;0.0;24.4;0.58;17.74;0.69
06/05/2024 18:30:00;0.0;12.2;0.29;17.68;0.585
06/05/2024 19:00:00;0.0;0.0;0.0;17.62;0.48
06/05/2024 19:30:00;0.0;0.0;0.0;17.16;0.62
06/05/2024 20:00:00;0.0;0.0;0.0;16.7;0.76
06/05/2024 20:30:00;0.0;0.0;0.0;15.8;0.93
06/05/2024 21:00:00;0.0;0.0;0.0;14.9;1.1
06/05/2024 21:30:00;0.0;0.0;0.0;14.440000000000001;1.1
06/05/2024 22:00:00;0.0;0.0;0.0;13.98;1.1
06/05/2024 22:30:00;0.0;0.0;0.0;14.190000000000001;0.9650000000000001
06/05/2024 23:00:00;0.0;0.0;0.0;14.4;0.83
06/05/2024 23:30:00;0.0;0.0;0.0;14.08;0.69
07/05/2024 00:00:00;0.0;0.0;0.0;13.76;0.55
07/05/2024 00:30:00;0.0;0.0;0.0;13.515;0.62
07/05/2024 01:00:00;0.0;0.0;0.0;13.27;0.69
07/05/2024 01:30:00;0.0;0.0;0.0;13.01;0.725
07/05/2024 02:00:00;0.0;0.0;0.0;12.75;0.76
07/05/2024 02:30:00;0.0;0.0;0.0;12.45;0.725
07/05/2024 03:00:00;0.0;0.0;0.0;12.15;0.69
07/05/2024 03:30:00;0.0;0.0;0.0;11.885;0.69
07/05/2024 04:00:00;0.0;0.0;0.0;11.62;0.69
07/05/2024 04:30:00;0.0;26.51;0.635;11.585;0.585
07/05/2024 05:00:00;0.0;53.02;1.27;11.55;0.48
07/05/2024 05:30:00;7.935;89.72;2.285;12.07;0.41000000000000003
07/05/2024 06:00:00;15.87;126.42;3.3;12.59;0.34
07/05/2024 06:30:00;56.26;168.26;4.955;13.64;0.655
07/05/2024 07:00:00;96.65;210.1;6.61;14.69;0.97
07/05/2024 07:30:00;52.015;214.135;5.805;15.375;1.0699999999999998
07/05/2024 08:00:00;7.38;218.17;5.0;16.06;1.17
07/05/2024 08:30:00;3.69;176.055;3.995;16.72;1.24
07/05/2024 09:00:00;0.0;133.94;2.99;17.38;1.31
07/05/2024 09:30:00;14.9;232.785;5.425000000000001;18.045;1.275
07/05/2024 10:00:00;29.8;331.63;7.86;18.71;1.24
07/05/2024 10:30:00;43.865;351.57;8.5;18.975;1.24
07/05/2024 11:00:00;57.93;371.51;9.14;19.24;1.24
07/05/2024 11:30:00;128.31;386.28999999999996;10.49;19.104999999999997;1.725
07/05/2024 12:00:00;198.69;401.07;11.84;18.97;2.21
07/05/2024 12:30:00;414.79499999999996;312.675;13.585;18.33;2.415
07/05/2024 13:00:00;630.9;224.28;15.33;17.69;2.62
07/05/2024 13:30:00;427.34499999999997;268.09;12.940000000000001;17.46;2.62
07/05/2024 14:00:00;223.79;311.9;10.55;17.23;2.62
07/05/2024 14:30:00;111.895;224.265;6.800000000000001;17.08;2.105
07/05/2024 15:00:00;0.0;136.63;3.05;16.93;1.59
07/05/2024 15:30:00;0.0;110.115;2.46;17.03;1.3450000000000002
07/05/2024 16:00:00;0.0;83.6;1.87;17.13;1.1
07/05/2024 16:30:00;0.0;50.339999999999996;1.125;16.945;1.065
07/05/2024 17:00:00;0.0;17.08;0.38;16.76;1.03
07/05/2024 17:30:00;0.0;11.485;0.26;16.200000000000003;1.24
07/05/2024 18:00:00;0.0;5.89;0.14;15.64;1.45
07/05/2024 18:30:00;0.0;2.945;0.07;15.195;1.415
07/05/2024 19:00:00;0.0;0.0;0.0;14.75;1.38
07/05/2024 19:30:00;0.0;0.0;0.0;14.32;1.38
07/05/2024 20:00:00;0.0;0.0;0.0;13.89;1.38
07/05/2024 20:30:00;0.0;0.0;0.0;13.66;1.38
07/05/2024 21:00:00;0.0;0.0;0.0;13.43;1.38
07/05/2024 21:30:00;0.0;0.0;0.0;13.315;1.45
07/05/2024 22:00:00;0.0;0.0;0.0;13.2;1.52
07/05/2024 22:30:00;0.0;0.0;0.0;13.055;1.4849999999999999
07/05/2024 23:00:00;0.0;0.0;0.0;12.91;1.45
07/05/2024 23:30:00;0.0;0.0;0.0;12.75;1.4849999999999999
08/05/2024 00:00:00;0.0;0.0;0.0;12.59;1.52
08/05/2024 00:30:00;0.0;0.0;0.0;12.45;1.4849999999999999
08/05/2024 01:00:00;0.0;0.0;0.0;12.31;1.45
08/05/2024 01:30:00;0.0;0.0;0.0;12.29;1.415
08/05/2024 02:00:00;0.0;0.0;0.0;12.27;1.38
08/05/2024 02:30:00;0.0;0.0;0.0;12.235;1.415
08/05/2024 03:00:00;0.0;0.0;0.0;12.2;1.45
08/05/2024 03:30:00;0.0;0.0;0.0;12.315;1.38
08/05/2024 04:00:00;0.0;0.0;0.0;12.43;1.31
08/05/2024 04:30:00;0.0;22.72;0.545;12.475;1.205
08/05/2024 05:00:00;0.0;45.44;1.09;12.52;1.1
08/05/2024 05:30:00;0.685;70.35;1.63;12.71;1.065
08/05/2024 06:00:00;1.37;95.26;2.17;12.9;1.03
08/05/2024 06:30:00;62.754999999999995;150.685;4.63;13.58;1.065
08/05/2024 07:00:00;124.14;206.11;7.09;14.26;1.1
08/05/2024 07:30:00;195.315;231.91;8.719999999999999;14.774999999999999;1.1
08/05/2024 08:00:00;266.49;257.71;10.35;15.29;1.1
08/05/2024 08:30:00;136.57500000000002;255.46499999999997;8.059999999999999;15.57;1.1
08/05/2024 09:00:00;6.66;253.22;5.77;15.85;1.1
08/05/2024 09:30:00;3.33;207.51;4.695;16.22;1.1
08/05/2024 10:00:00;0.0;161.8;3.62;16.59;1.1
08/05/2024 10:30:00;0.0;178.43;3.99;17.14;0.9650000000000001
08/05/2024 11:00:00;0.0;195.06;4.36;17.69;0.83
08/05/2024 11:30:00;0.0;173.04000000000002;3.87;17.935000000000002;0.585
08/05/2024 12:00:00;0.0;151.02;3.38;18.18;0.34
08/05/2024 12:30:00;0.0;138.435;3.0949999999999998;18.36;0.375
08/05/2024 13:00:00;0.0;125.85;2.81;18.54;0.41
08/05/2024 13:30:00;4.35;185.57999999999998;4.22;18.655;0.655
08/05/2024 14:00:00;8.7;245.31;5.63;18.77;0.9
08/05/2024 14:30:00;29.499999999999996;245.44;6.01;18.869999999999997;1.035
08/05/2024 15:00:00;50.3;245.57;6.39;18.97;1.17
08/05/2024 15:30:00;32.769999999999996;202.64499999999998;5.154999999999999;18.725;1.415
08/05/2024 16:00:00;15.24;159.72;3.92;18.48;1.66
08/05/2024 16:30:00;27.32;120.58500000000001;3.8;17.915;1.83
08/05/2024 17:00:00;39.4;81.45;3.68;17.35;2.0
08/05/2024 17:30:00;19.7;52.505;2.12;16.865000000000002;1.4849999999999999
08/05/2024 18:00:00;0.0;23.56;0.56;16.38;0.97
08/05/2024 18:30:00;0.0;11.78;0.28;15.87;0.52
08/05/2024 19:00:00;0.0;0.0;0.0;15.36;0.07
08/05/2024 19:30:00;0.0;0.0;0.0;14.875;0.37999999999999995
08/05/2024 20:00:00;0.0;0.0;0.0;14.39;0.69
08/05/2024 20:30:00;0.0;0.0;0.0;13.885000000000002;0.83
08/05/2024 21:00:00;0.0;0.0;0.0;13.38;0.97
08/05/2024 21:30:00;0.0;0.0;0.0;13.18;0.97
08/05/2024 22:00:00;0.0;0.0;0.0;12.98;0.97
08/05/2024 22:30:00;0.0;0.0;0.0;12.71;0.935
08/05/2024 23:00:00;0.0;0.0;0.0;12.44;0.9
08/05/2024 23:30:00;0.0;0.0;0.0;12.07;0.9
09/05/2024 00:00:00;0.0;0.0;0.0;11.7;0.9
09/05/2024 00:30:00;0.0;0.0;0.0;11.274999999999999;0.9
09/05/2024 01:00:00;0.0;0.0;0.0;10.85;0.9
09/05/2024 01:30:00;0.0;0.0;0.0;10.765;0.7949999999999999
09/05/2024 02:00:00;0.0;0.0;0.0;10.68;0.69
09/05/2024 02:30:00;0.0;0.0;0.0;10.3;0.69
09/05/2024 03:00:00;0.0;0.0;0.0;9.92;0.69
09/05/2024 03:30:00;0.0;0.0;0.0;9.59;0.69
09/05/2024 04:00:00;0.0;0.0;0.0;9.26;0.69
09/05/2024 04:30:00;0.0;13.465;0.32;9.515;0.69
09/05/2024 05:00:00;0.0;26.93;0.64;9.77;0.69
09/05/2024 05:30:00;12.95;80.095;2.1999999999999997;10.665;0.655
09/05/2024 06:00:00;25.9;133.26;3.76;11.56;0.62
09/05/2024 06:30:00;128.1;149.325;6.1;12.875;0.69
09/05/2024 07:00:00;230.3;165.39;8.44;14.19;0.76
09/05/2024 07:30:00;199.775;224.17499999999998;8.82;14.885;0.865
09/05/2024 08:00:00;169.25;282.96;9.2;15.58;0.97
09/05/2024 08:30:00;157.64;315.255;9.614999999999998;16.265;1.1749999999999998
09/05/2024 09:00:00;146.03;347.55;10.03;16.95;1.38
09/05/2024 09:30:00;137.905;366.495;10.28;17.369999999999997;1.415
09/05/2024 10:00:00;129.78;385.44;10.53;17.79;1.45
09/05/2024 10:30:00;162.725;396.61;11.245000000000001;18.145;1.345
09/05/2024 11:00:00;195.67;407.78;11.96;18.5;1.24
09/05/2024 11:30:00;127.66499999999999;388.79999999999995;10.55;18.78;1.17
09/05/2024 12:00:00;59.66;369.82;9.14;19.06;1.1
09/05/2024 12:30:00;29.83;281.99;6.74;19.265;1.24
09/05/2024 13:00:00;0.0;194.16;4.34;19.47;1.38
09/05/2024 13:30:00;0.0;155.51;3.4749999999999996;18.95;1.5499999999999998
09/05/2024 14:00:00;0.0;116.86;2.61;18.43;1.72
09/05/2024 14:30:00;0.0;96.185;2.15;17.605;1.655
09/05/2024 15:00:00;0.0;75.51;1.69;16.78;1.59
09/05/2024 15:30:00;0.0;88.995;1.99;16.275;1.59
09/05/2024 16:00:00;0.0;102.48;2.29;15.77;1.59
09/05/2024 16:30:00;0.0;64.275;1.435;15.405;1.625
09/05/2024 17:00:00;0.0;26.07;0.58;15.04;1.66
09/05/2024 17:30:00;0.0;20.19;0.45999999999999996;14.754999999999999;1.52
09/05/2024 18:00:00;0.0;14.31;0.34;14.47;1.38
09/05/2024 18:30:00;0.0;7.155;0.17;13.885000000000002;1.69
09/05/2024 19:00:00;0.0;0.0;0.0;13.3;2.0
09/05/2024 19:30:00;0.0;0.0;0.0;13.100000000000001;2.17
09/05/2024 20:00:00;0.0;0.0;0.0;12.9;2.34
09/05/2024 20:30:00;0.0;0.0;0.0;12.735;2.62
09/05/2024 21:00:00;0.0;0.0;0.0;12.57;2.9
09/05/2024 21:30:00;0.0;0.0;0.0;12.455;3.1399999999999997
09/05/2024 22:00:00;0.0;0.0;0.0;12.34;3.38
09/05/2024 22:30:00;0.0;0.0;0.0;12.175;3.3449999999999998
09/05/2024 23:00:00;0.0;0.0;0.0;12.01;3.31
09/05/2024 23:30:00;0.0;0.0;0.0;11.835;3.38
10/05/2024 00:00:00;0.0;0.0;0.0;11.66;3.45
10/05/2024 00:30:00;0.0;0.0;0.0;11.530000000000001;3.4850000000000003
10/05/2024 01:00:00;0.0;0.0;0.0;11.4;3.52
10/05/2024 01:30:00;0.0;0.0;0.0;11.190000000000001;3.3449999999999998
10/05/2024 02:00:00;0.0;0.0;0.0;10.98;3.17
10/05/2024 02:30:00;0.0;0.0;0.0;10.935;2.9299999999999997
10/05/2024 03:00:00;0.0;0.0;0.0;10.89;2.69
10/05/2024 03:30:00;0.0;0.0;0.0;10.71;2.415
10/05/2024 04:00:00;0.0;0.0;0.0;10.53;2.14
10/05/2024 04:30:00;0.0;22.3;0.535;10.545;1.965
10/05/2024 05:00:00;0.0;44.6;1.07;10.56;1.79
10/05/2024 05:30:00;37.935;83.625;3.0549999999999997;10.75;1.8599999999999999
10/05/2024 06:00:00;75.87;122.65;5.04;10.94;1.93
10/05/2024 06:30:00;155.28;145.865;6.84;11.07;2.585
10/05/2024 07:00:00;234.69;169.08;8.64;11.2;3.24
10/05/2024 07:30:00;265.08500000000004;211.655;9.745000000000001;11.43;3.24
10/05/2024 08:00:00;295.48;254.23;10.85;11.66;3.24
10/05/2024 08:30:00;182.46;296.245;9.745000000000001;11.975;3.4800000000000004
10/05/2024 09:00:00;69.44;338.26;8.64;12.29;3.72
10/05/2024 09:30:00;128.89;366.92499999999995;10.14;12.725;3.9299999999999997
10/05/2024 10:00:00;188.34;395.59;11.64;13.16;4.14
10/05/2024 10:30:00;421.15;337.865;14.15;13.46;4.175
10/05/2024 11:00:00;653.96;280.14;16.66;13.76;4.21
10/05/2024 11:30:00;628.895;287.825;16.41;13.92;4.275
10/05/2024 12:00:00;603.83;295.51;16.16;14.08;4.34
10/05/2024 12:30:00;620.75;262.125;15.92;14.02;4.445
10/05/2024 13:00:00;637.67;228.74;15.68;13.96;4.55
10/05/2024 13:30:00;328.005;250.13;11.025;13.865;4.48
10/05/2024 14:00:00;18.34;271.52;6.37;13.77;4.41
10/05/2024 14:30:00;33.09;261.1;6.42;13.594999999999999;4.205
10/05/2024 15:00:00;47.84;250.68;6.47;13.42;4.0
10/05/2024 15:30:00;123.865;187.555;6.984999999999999;13.265;3.8600000000000003
10/05/2024 16:00:00;199.89;124.43;7.5;13.11;3.72
10/05/2024 16:30:00;128.95;95.94;5.88;12.965;3.24
10/05/2024 17:00:00;58.01;67.45;4.26;12.82;2.76
10/05/2024 17:30:00;29.005;48.03;2.4699999999999998;12.605;2.485
10/05/2024 18:00:00;0.0;28.61;0.68;12.39;2.21
10/05/2024 18:30:00;0.0;14.305;0.34;11.98;2.175
10/05/2024 19:00:00;0.0;0.0;0.0;11.57;2.14
10/05/2024 19:30:00;0.0;0.0;0.0;11.155000000000001;2.105
10/05/2024 20:00:00;0.0;0.0;0.0;10.74;2.07
10/05/2024 20:30:00;0.0;0.0;0.0;10.629999999999999;2.0
10/05/2024 21:00:00;0.0;0.0;0.0;10.52;1.93
10/05/2024 21:30:00;0.0;0.0;0.0;10.385;1.8599999999999999
10/05/2024 22:00:00;0.0;0.0;0.0;10.25;1.79
10/05/2024 22:30:00;0.0;0.0;0.0;10.11;1.755
10/05/2024 23:00:00;0.0;0.0;0.0;9.97;1.72
10/05/2024 23:30:00;0.0;0.0;0.0;9.945;1.72
11/05/2024 00:00:00;0.0;0.0;0.0;9.92;1.72
11/05/2024 00:30:00;0.0;0.0;0.0;9.865;1.72
11/05/2024 01:00:00;0.0;0.0;0.0;9.81;1.72
11/05/2024 01:30:00;0.0;0.0;0.0;9.61;1.655
11/05/2024 02:00:00;0.0;0.0;0.0;9.41;1.59
11/05/2024 02:30:00;0.0;0.0;0.0;9.23;1.5550000000000002
11/05/2024 03:00:00;0.0;0.0;0.0;9.05;1.52
11/05/2024 03:30:00;0.0;0.0;0.0;8.935;1.4849999999999999
11/05/2024 04:00:00;0.0;0.0;0.0;8.82;1.45
11/05/2024 04:30:00;0.0;7.575;0.18;9.015;1.45
11/05/2024 05:00:00;0.0;15.15;0.36;9.21;1.45
11/05/2024 05:30:00;0.675;59.69499999999999;1.3650000000000002;9.395;1.69
11/05/2024 06:00:00;1.35;104.24;2.37;9.58;1.93
11/05/2024 06:30:00;25.04;159.875;4.09;10.035;1.725
11/05/2024 07:00:00;48.73;215.51;5.81;10.49;1.52
11/05/2024 07:30:00;72.55;253.915;6.994999999999999;10.865;1.38
11/05/2024 08:00:00;96.37;292.32;8.18;11.24;1.24
11/05/2024 08:30:00;72.9;309.94;8.14;11.620000000000001;1.135
11/05/2024 09:00:00;49.43;327.56;8.1;12.0;1.03
11/05/2024 09:30:00;24.715;258.615;6.17;12.36;1.065
11/05/2024 10:00:00;0.0;189.67;4.24;12.72;1.1
11/05/2024 10:30:00;60.615;298.9;7.565;13.29;1.135
11/05/2024 11:00:00;121.23;408.13;10.89;13.86;1.17
11/05/2024 11:30:00;65.17500000000001;356.005;8.91;14.004999999999999;1.205
11/05/2024 12:00:00;9.12;303.88;6.93;14.15;1.24
11/05/2024 12:30:00;9.035;294.41999999999996;6.72;14.295;1.415
11/05/2024 13:00:00;8.95;284.96;6.51;14.44;1.59
11/05/2024 13:30:00;8.774999999999999;266.91999999999996;6.109999999999999;14.445;1.8650000000000002
11/05/2024 14:00:00;8.6;248.88;5.71;14.45;2.14
11/05/2024 14:30:00;36.544999999999995;252.325;6.3;14.265;2.105
11/05/2024 15:00:00;64.49;255.77;6.89;14.08;2.07
11/05/2024 15:30:00;74.235;217.055;6.42;13.82;2.07
11/05/2024 16:00:00;83.98;178.34;5.95;13.56;2.07
11/05/2024 16:30:00;66.04;128.6;5.015000000000001;13.295;1.895
11/05/2024 17:00:00;48.1;78.86;4.08;13.03;1.72
11/05/2024 17:30:00;24.05;54.575;2.4;12.870000000000001;1.345
11/05/2024 18:00:00;0.0;30.29;0.72;12.71;0.97
11/05/2024 18:30:00;0.0;15.145;0.36;12.055;0.69
11/05/2024 19:00:00;0.0;0.0;0.0;11.4;0.41
11/05/2024 19:30:00;0.0;0.0;0.0;10.9;0.72
11/05/2024 20:00:00;0.0;0.0;0.0;10.4;1.03
11/05/2024 20:30:00;0.0;0.0;0.0;10.09;1.065
11/05/2024 21:00:00;0.0;0.0;0.0;9.78;1.1
11/05/2024 21:30:00;0.0;0.0;0.0;9.585;1.065
11/05/2024 22:00:00;0.0;0.0;0.0;9.39;1.03
11/05/2024 22:30:00;0.0;0.0;0.0;9.345;0.9650000000000001
11/05/2024 23:00:00;0.0;0.0;0.0;9.3;0.9
11/05/2024 23:30:00;0.0;0.0;0.0;9.485;0.7250000000000001
12/05/2024 00:00:00;0.0;0.0;0.0;9.67;0.55
12/05/2024 00:30:00;0.0;0.0;0.0;9.635;0.55
12/05/2024 01:00:00;0.0;0.0;0.0;9.6;0.55
12/05/2024 01:30:00;0.0;0.0;0.0;9.355;0.55
12/05/2024 02:00:00;0.0;0.0;0.0;9.11;0.55
12/05/2024 02:30:00;0.0;0.0;0.0;8.675;0.62
12/05/2024 03:00:00;0.0;0.0;0.0;8.24;0.69
12/05/2024 03:30:00;0.0;0.0;0.0;7.955;0.585
12/05/2024 04:00:00;0.0;0.0;0.0;7.67;0.48
12/05/2024 04:30:00;0.0;11.78;0.28;7.895;0.345
12/05/2024 05:00:00;0.0;23.56;0.56;8.12;0.21
12/05/2024 05:30:00;13.72;81.435;2.26;8.665;0.21
12/05/2024 06:00:00;27.44;139.31;3.96;9.21;0.21
12/05/2024 06:30:00;22.87;168.21;4.37;9.97;0.31
12/05/2024 07:00:00;18.3;197.11;4.78;10.73;0.41
12/05/2024 07:30:00;53.53;244.725;6.42;11.4;0.515
12/05/2024 08:00:00;88.76;292.34;8.06;12.07;0.62
12/05/2024 08:30:00;131.94;323.735;9.375;12.64;0.69
12/05/2024 09:00:00;175.12;355.13;10.69;13.21;0.76
12/05/2024 09:30:00;98.27000000000001;340.57;9.155;13.66;0.93
12/05/2024 10:00:00;21.42;326.01;7.62;14.11;1.1
12/05/2024 10:30:00;127.00500000000001;369.875;10.15;14.344999999999999;1.24
12/05/2024 11:00:00;232.59;413.74;12.68;14.58;1.38
12/05/2024 11:30:00;116.295;296.31;8.34;14.815000000000001;1.4849999999999999
12/05/2024 12:00:00;0.0;178.88;4.0;15.05;1.59
12/05/2024 12:30:00;64.675;277.815;7.195;15.385000000000002;1.725
12/05/2024 13:00:00;129.35;376.75;10.39;15.72;1.86
12/05/2024 13:30:00;254.16000000000003;323.28499999999997;11.425;15.68;1.895
12/05/2024 14:00:00;378.97;269.82;12.46;15.64;1.93
12/05/2024 14:30:00;263.565;263.04999999999995;10.46;15.285;1.9649999999999999
12/05/2024 15:00:00;148.16;256.28;8.46;14.93;2.0
12/05/2024 15:30:00;155.53;201.51999999999998;7.805000000000001;14.94;2.105
12/05/2024 16:00:00;162.9;146.76;7.15;14.95;2.21
12/05/2024 16:30:00;84.605;121.78;4.8100000000000005;14.905;2.105
12/05/2024 17:00:00;6.31;96.8;2.47;14.86;2.0
12/05/2024 17:30:00;3.155;64.39;1.6150000000000002;14.605;1.55
12/05/2024 18:00:00;0.0;31.98;0.76;14.35;1.1
12/05/2024 18:30:00;0.0;15.99;0.38;13.524999999999999;1.38
12/05/2024 19:00:00;0.0;0.0;0.0;12.7;1.66
12/05/2024 19:30:00;0.0;0.0;0.0;12.235;1.625
12/05/2024 20:00:00;0.0;0.0;0.0;11.77;1.59
12/05/2024 20:30:00;0.0;0.0;0.0;11.395;1.52
12/05/2024 21:00:00;0.0;0.0;0.0;11.02;1.45
12/05/2024 21:30:00;0.0;0.0;0.0;10.405;1.52
12/05/2024 22:00:00;0.0;0.0;0.0;9.79;1.59
12/05/2024 22:30:00;0.0;0.0;0.0;9.25;1.59
12/05/2024 23:00:00;0.0;0.0;0.0;8.71;1.59
12/05/2024 23:30:00;0.0;0.0;0.0;8.47;1.52
13/05/2024 00:00:00;0.0;0.0;0.0;8.23;1.45
13/05/2024 00:30:00;0.0;0.0;0.0;8.030000000000001;1.31
13/05/2024 01:00:00;0.0;0.0;0.0;7.83;1.17
13/05/2024 01:30:00;0.0;0.0;0.0;7.8149999999999995;1.135
13/05/2024 02:00:00;0.0;0.0;0.0;7.8;1.1
13/05/2024 02:30:00;0.0;0.0;0.0;7.77;1.065
13/05/2024 03:00:00;0.0;0.0;0.0;7.74;1.03
13/05/2024 03:30:00;0.0;0.0;0.0;7.825;0.9650000000000001
13/05/2024 04:00:00;0.0;0.0;0.0;7.91;0.9
13/05/2024 04:30:00;0.0;16.41;0.39;8.35;0.935
13/05/2024 05:00:00;0.0;32.82;0.78;8.79;0.97
13/05/2024 05:30:00;0.0;53.715;1.225;9.475;1.1749999999999998
13/05/2024 06:00:00;0.0;74.61;1.67;10.16;1.38
13/05/2024 06:30:00;0.0;92.59;2.0700000000000003;10.469999999999999;1.76
13/05/2024 07:00:00;0.0;110.57;2.47;10.78;2.14
13/05/2024 07:30:00;0.0;144.725;3.2350000000000003;11.125;2.105
13/05/2024 08:00:00;0.0;178.88;4.0;11.47;2.07
13/05/2024 08:30:00;0.0;197.31;4.41;11.815000000000001;2.105
13/05/2024 09:00:00;0.0;215.74;4.82;12.16;2.14
13/05/2024 09:30:00;6.18;261.78499999999997;5.945;12.76;2.105
13/05/2024 10:00:00;12.36;307.83;7.07;13.36;2.07
13/05/2024 10:30:00;76.65499999999999;360.08;9.18;13.64;2.035
13/05/2024 11:00:00;140.95;412.33;11.29;13.92;2.0
13/05/2024 11:30:00;101.065;395.17499999999995;10.329999999999998;14.27;2.105
13/05/2024 12:00:00;61.18;378.02;9.37;14.62;2.21
13/05/2024 12:30:00;34.480000000000004;328.27;7.859999999999999;14.765;2.3449999999999998
13/05/2024 13:00:00;7.78;278.52;6.35;14.91;2.48
13/05/2024 13:30:00;3.89;232.295;5.255;14.885;2.69
13/05/2024 14:00:00;0.0;186.07;4.16;14.86;2.9
13/05/2024 14:30:00;8.36;205.16;4.745;14.71;2.965
13/05/2024 15:00:00;16.72;224.25;5.33;14.56;3.03
13/05/2024 15:30:00;40.845;203.59;5.48;14.645;2.9299999999999997
13/05/2024 16:00:00;64.97;182.93;5.63;14.73;2.83
13/05/2024 16:30:00;33.379999999999995;134.91500000000002;3.83;14.645;2.62
13/05/2024 17:00:00;1.79;86.9;2.03;14.56;2.41
13/05/2024 17:30:00;0.895;52.705000000000005;1.2349999999999999;14.254999999999999;1.9300000000000002
13/05/2024 18:00:00;0.0;18.51;0.44;13.95;1.45
13/05/2024 18:30:00;0.0;9.255;0.22;13.385;1.415
13/05/2024 19:00:00;0.0;0.0;0.0;12.82;1.38
13/05/2024 19:30:00;0.0;0.0;0.0;12.23;1.38
13/05/2024 20:00:00;0.0;0.0;0.0;11.64;1.38
13/05/2024 20:30:00;0.0;0.0;0.0;11.075;1.31
13/05/2024 21:00:00;0.0;0.0;0.0;10.51;1.24
13/05/2024 21:30:00;0.0;0.0;0.0;10.075;1.275
13/05/2024 22:00:00;0.0;0.0;0.0;9.64;1.31
13/05/2024 22:30:00;0.0;0.0;0.0;9.425;1.24
13/05/2024 23:00:00;0.0;0.0;0.0;9.21;1.17
13/05/2024 23:30:00;0.0;0.0;0.0;9.52;1.035
14/05/2024 00:00:00;0.0;0.0;0.0;9.83;0.9
14/05/2024 00:30:00;0.0;0.0;0.0;9.754999999999999;0.7250000000000001
14/05/2024 01:00:00;0.0;0.0;0.0;9.68;0.55
14/05/2024 01:30:00;0.0;0.0;0.0;9.565;0.515
14/05/2024 02:00:00;0.0;0.0;0.0;9.45;0.48
14/05/2024 02:30:00;0.0;0.0;0.0;9.265;0.44499999999999995
14/05/2024 03:00:00;0.0;0.0;0.0;9.08;0.41
14/05/2024 03:30:00;0.0;0.42;0.01;8.870000000000001;0.5499999999999999
14/05/2024 04:00:00;0.0;0.84;0.02;8.66;0.69
14/05/2024 04:30:00;0.0;32.82;0.785;8.530000000000001;0.76
14/05/2024 05:00:00;0.0;64.8;1.55;8.4;0.83
14/05/2024 05:30:00;10.255;102.58500000000001;2.665;9.21;0.83
14/05/2024 06:00:00;20.51;140.37;3.78;10.02;0.83
14/05/2024 06:30:00;28.384999999999998;177.42000000000002;4.665;10.51;1.035
14/05/2024 07:00:00;36.26;214.47;5.55;11.0;1.24
14/05/2024 07:30:00;73.43;255.3;7.045;11.405000000000001;1.415
14/05/2024 08:00:00;110.6;296.13;8.54;11.81;1.59
14/05/2024 08:30:00;157.495;325.15;9.855;12.27;1.5550000000000002
14/05/2024 09:00:00;204.39;354.17;11.17;12.73;1.52
14/05/2024 09:30:00;334.1;344.83000000000004;13.01;13.165;1.5899999999999999
14/05/2024 10:00:00;463.81;335.49;14.85;13.6;1.66
14/05/2024 10:30:00;544.705;314.235;15.725000000000001;14.135;1.8649999999999998
14/05/2024 11:00:00;625.6;292.98;16.6;14.67;2.07
14/05/2024 11:30:00;595.1800000000001;302.765;16.3;15.025;2.205
14/05/2024 12:00:00;564.76;312.55;16.0;15.38;2.34
14/05/2024 12:30:00;481.815;324.485;14.945;15.57;2.41
14/05/2024 13:00:00;398.87;336.42;13.89;15.76;2.48
14/05/2024 13:30:00;269.055;333.725;11.79;16.09;2.6550000000000002
14/05/2024 14:00:00;139.24;331.03;9.69;16.42;2.83
14/05/2024 14:30:00;281.16499999999996;233.82999999999998;10.555;15.775000000000002;2.45
14/05/2024 15:00:00;423.09;136.63;11.42;15.13;2.07
14/05/2024 15:30:00;211.545;118.655;6.835;14.81;1.9649999999999999
14/05/2024 16:00:00;0.0;100.68;2.25;14.49;1.86
14/05/2024 16:30:00;28.325;86.9;3.325;14.295;1.79
14/05/2024 17:00:00;56.65;73.12;4.4;14.1;1.72
14/05/2024 17:30:00;28.325;52.550000000000004;2.58;13.79;1.4449999999999998
14/05/2024 18:00:00;0.0;31.98;0.76;13.48;1.17
14/05/2024 18:30:00;0.0;15.99;0.38;13.035;1.1
14/05/2024 19:00:00;0.0;0.0;0.0;12.59;1.03
14/05/2024 19:30:00;0.0;0.0;0.0;12.065;0.9650000000000001
14/05/2024 20:00:00;0.0;0.0;0.0;11.54;0.9
14/05/2024 20:30:00;0.0;0.0;0.0;10.96;1.07
14/05/2024 21:00:00;0.0;0.0;0.0;10.38;1.24
14/05/2024 21:30:00;0.0;0.0;0.0;9.915;1.24
14/05/2024 22:00:00;0.0;0.0;0.0;9.45;1.24
14/05/2024 22:30:00;0.0;0.0;0.0;9.14;1.24
14/05/2024 23:00:00;0.0;0.0;0.0;8.83;1.24
14/05/2024 23:30:00;0.0;0.0;0.0;8.71;1.17
15/05/2024 00:00:00;0.0;0.0;0.0;8.59;1.1
15/05/2024 00:30:00;0.0;0.0;0.0;8.44;1.1
15/05/2024 01:00:00;0.0;0.0;0.0;8.29;1.1
15/05/2024 01:30:00;0.0;0.0;0.0;7.92;1.17
15/05/2024 02:00:00;0.0;0.0;0.0;7.55;1.24
15/05/2024 02:30:00;0.0;0.0;0.0;7.449999999999999;1.17
15/05/2024 03:00:00;0.0;0.0;0.0;7.35;1.1
15/05/2024 03:30:00;0.0;0.42;0.01;7.165;0.9650000000000001
15/05/2024 04:00:00;0.0;0.84;0.02;6.98;0.83
15/05/2024 04:30:00;0.0;22.72;0.545;7.325;0.725
15/05/2024 05:00:00;0.0;44.6;1.07;7.67;0.62
15/05/2024 05:30:00;0.0;59.155;1.3599999999999999;8.715;0.62
15/05/2024 06:00:00;0.0;73.71;1.65;9.76;0.62
15/05/2024 06:30:00;0.45;110.13499999999999;2.4749999999999996;10.535;0.7949999999999999
15/05/2024 07:00:00;0.9;146.56;3.3;11.31;0.97
15/05/2024 07:30:00;0.96;169.5;3.81;12.05;1.1400000000000001
15/05/2024 08:00:00;1.02;192.44;4.32;12.79;1.31
15/05/2024 08:30:00;96.95499999999998;274.485;7.6850000000000005;13.55;1.4849999999999999
15/05/2024 09:00:00;192.89;356.53;11.05;14.31;1.66
15/05/2024 09:30:00;433.765;296.28999999999996;13.795;14.72;1.52
15/05/2024 10:00:00;674.64;236.05;16.54;15.13;1.38
15/05/2024 10:30:00;393.26;322.18;13.665;15.48;1.31
15/05/2024 11:00:00;111.88;408.31;10.79;15.83;1.24
15/05/2024 11:30:00;100.425;401.76;10.48;16.175;1.135
15/05/2024 12:00:00;88.97;395.21;10.17;16.52;1.03
15/05/2024 12:30:00;48.905;341.41499999999996;8.370000000000001;16.65;1.0
15/05/2024 13:00:00;8.84;287.62;6.57;16.78;0.97
15/05/2024 13:30:00;4.42;226.96;5.1450000000000005;16.925;1.0
15/05/2024 14:00:00;0.0;166.3;3.72;17.07;1.03
15/05/2024 14:30:00;37.065;214.48000000000002;5.49;16.86;1.065
15/05/2024 15:00:00;74.13;262.66;7.26;16.65;1.1
15/05/2024 15:30:00;54.974999999999994;223.15;6.109999999999999;16.545;1.445
15/05/2024 16:00:00;35.82;183.64;4.96;16.44;1.79
15/05/2024 16:30:00;18.13;129.99;3.3449999999999998;15.98;1.8599999999999999
15/05/2024 17:00:00;0.44;76.34;1.73;15.52;1.93
15/05/2024 17:30:00;0.22;49.95;1.145;15.03;1.585
15/05/2024 18:00:00;0.0;23.56;0.56;14.54;1.24
15/05/2024 18:30:00;0.0;11.78;0.28;13.559999999999999;1.035
15/05/2024 19:00:00;0.0;0.0;0.0;12.58;0.83
15/05/2024 19:30:00;0.0;0.0;0.0;12.004999999999999;0.76
15/05/2024 20:00:00;0.0;0.0;0.0;11.43;0.69
15/05/2024 20:30:00;0.0;0.0;0.0;11.065;0.655
15/05/2024 21:00:00;0.0;0.0;0.0;10.7;0.62
15/05/2024 21:30:00;0.0;0.0;0.0;10.61;0.76
15/05/2024 22:00:00;0.0;0.0;0.0;10.52;0.9
15/05/2024 22:30:00;0.0;0.0;0.0;10.425;0.9650000000000001
15/05/2024 23:00:00;0.0;0.0;0.0;10.33;1.03
15/05/2024 23:30:00;0.0;0.0;0.0;10.18;1.135
16/05/2024 00:00:00;0.0;0.0;0.0;10.03;1.24
16/05/2024 00:30:00;0.0;0.0;0.0;9.89;1.24
16/05/2024 01:00:00;0.0;0.0;0.0;9.75;1.24
16/05/2024 01:30:00;0.0;0.0;0.0;9.684999999999999;1.345
16/05/2024 02:00:00;0.0;0.0;0.0;9.62;1.45
16/05/2024 02:30:00;0.0;0.0;0.0;9.71;1.655
16/05/2024 03:00:00;0.0;0.0;0.0;9.8;1.86
16/05/2024 03:30:00;0.0;0.42;0.01;9.825;2.17
16/05/2024 04:00:00;0.0;0.84;0.02;9.85;2.48
16/05/2024 04:30:00;0.0;22.72;0.545;9.83;2.55
16/05/2024 05:00:00;0.0;44.6;1.07;9.81;2.62
16/05/2024 05:30:00;0.0;53.760000000000005;1.24;9.73;2.725
16/05/2024 06:00:00;0.0;62.92;1.41;9.65;2.83
16/05/2024 06:30:00;8.085;130.805;3.0949999999999998;9.82;3.0
16/05/2024 07:00:00;16.17;198.69;4.78;9.99;3.17
16/05/2024 07:30:00;8.085;161.82;3.785;10.155000000000001;3.205
16/05/2024 08:00:00;0.0;124.95;2.79;10.32;3.24
16/05/2024 08:30:00;0.0;132.14000000000001;2.955;10.285;3.345
16/05/2024 09:00:00;0.0;139.33;3.12;10.25;3.45
16/05/2024 09:30:00;0.0;124.95;2.795;10.695;3.24
16/05/2024 10:00:00;0.0;110.57;2.47;11.14;3.03
16/05/2024 10:30:00;0.0;100.68;2.25;11.45;3.065
16/05/2024 11:00:00;0.0;90.79;2.03;11.76;3.1
16/05/2024 11:30:00;0.0;129.445;2.8949999999999996;12.11;3.3449999999999998
16/05/2024 12:00:00;0.0;168.1;3.76;12.46;3.59
16/05/2024 12:30:00;0.0;170.345;3.8099999999999996;12.605;3.8649999999999998
16/05/2024 13:00:00;0.0;172.59;3.86;12.75;4.14
16/05/2024 13:30:00;0.0;143.825;3.215;12.809999999999999;4.175
16/05/2024 14:00:00;0.0;115.06;2.57;12.87;4.21
16/05/2024 14:30:00;0.0;122.7;2.74;12.84;4.3100000000000005
16/05/2024 15:00:00;0.0;130.34;2.91;12.81;4.41
16/05/2024 15:30:00;0.0;83.15;1.855;12.504999999999999;4.345000000000001
16/05/2024 16:00:00;0.0;35.96;0.8;12.2;4.28
16/05/2024 16:30:00;0.0;27.42;0.61;12.045;4.07
16/05/2024 17:00:00;0.0;18.88;0.42;11.89;3.86
16/05/2024 17:30:00;0.0;12.805;0.29;11.595;3.79
16/05/2024 18:00:00;0.0;6.73;0.16;11.3;3.72
16/05/2024 18:30:00;0.0;3.365;0.08;10.690000000000001;3.41
16/05/2024 19:00:00;0.0;0.0;0.0;10.08;3.1
16/05/2024 19:30:00;0.0;0.0;0.0;9.940000000000001;2.965
16/05/2024 20:00:00;0.0;0.0;0.0;9.8;2.83
16/05/2024 20:30:00;0.0;0.0;0.0;9.645;2.795
16/05/2024 21:00:00;0.0;0.0;0.0;9.49;2.76
16/05/2024 21:30:00;0.0;0.0;0.0;9.295;2.76
16/05/2024 22:00:00;0.0;0.0;0.0;9.1;2.76
16/05/2024 22:30:00;0.0;0.0;0.0;8.89;2.76
16/05/2024 23:00:00;0.0;0.0;0.0;8.68;2.76
16/05/2024 23:30:00;0.0;0.0;0.0;8.52;2.69
17/05/2024 00:00:00;0.0;0.0;0.0;8.36;2.62
17/05/2024 00:30:00;0.0;0.0;0.0;8.155;2.585
17/05/2024 01:00:00;0.0;0.0;0.0;7.95;2.55
17/05/2024 01:30:00;0.0;0.0;0.0;7.715;2.585
17/05/2024 02:00:00;0.0;0.0;0.0;7.48;2.62
17/05/2024 02:30:00;0.0;0.0;0.0;7.210000000000001;2.585
17/05/2024 03:00:00;0.0;0.0;0.0;6.94;2.55
17/05/2024 03:30:00;0.0;0.84;0.02;6.695;2.5149999999999997
17/05/2024 04:00:00;0.0;1.68;0.04;6.45;2.48
17/05/2024 04:30:00;0.0;29.875;0.715;6.42;2.5149999999999997
17/05/2024 05:00:00;0.0;58.07;1.39;6.39;2.55
17/05/2024 05:30:00;47.835;88.975;3.5600000000000005;6.76;2.7249999999999996
17/05/2024 06:00:00;95.67;119.88;5.73;7.13;2.9
17/05/2024 06:30:00;218.22499999999997;117.925;7.91;7.869999999999999;3.245
17/05/2024 07:00:00;340.78;115.97;10.09;8.61;3.59
17/05/2024 07:30:00;422.105;136.42000000000002;11.575;9.155;3.9
17/05/2024 08:00:00;503.43;156.87;13.06;9.7;4.21
17/05/2024 08:30:00;598.455;157.74;14.49;10.395;4.415
17/05/2024 09:00:00;693.48;158.61;15.92;11.09;4.62
17/05/2024 09:30:00;664.9000000000001;211.65;16.21;11.42;4.585
17/05/2024 10:00:00;636.32;264.69;16.5;11.75;4.55
17/05/2024 10:30:00;650.235;273.45;16.83;12.120000000000001;4.48
17/05/2024 11:00:00;664.15;282.21;17.16;12.49;4.41
17/05/2024 11:30:00;741.96;234.02999999999997;17.634999999999998;12.690000000000001;4.375
17/05/2024 12:00:00;819.77;185.85;18.11;12.89;4.34
17/05/2024 12:30:00;698.11;226.87;16.884999999999998;13.04;4.48
17/05/2024 13:00:00;576.45;267.89;15.66;13.19;4.62
17/05/2024 13:30:00;523.405;252.23;14.635;13.14;4.62
17/05/2024 14:00:00;470.36;236.57;13.61;13.09;4.62
17/05/2024 14:30:00;391.98;220.365;12.149999999999999;13.04;4.585
17/05/2024 15:00:00;313.6;204.16;10.69;12.99;4.55
17/05/2024 15:30:00;200.75;195.42000000000002;8.5;12.780000000000001;4.445
17/05/2024 16:00:00;87.9;186.68;6.31;12.57;4.34
17/05/2024 16:30:00;50.550000000000004;148.085;4.715;12.265;4.03
17/05/2024 17:00:00;13.2;109.49;3.12;11.96;3.72
17/05/2024 17:30:00;6.6;74.1;2.02;11.54;3.585
17/05/2024 18:00:00;0.0;38.71;0.92;11.12;3.45
17/05/2024 18:30:00;0.0;19.355;0.46;10.805;3.21
17/05/2024 19:00:00;0.0;0.0;0.0;10.49;2.97
17/05/2024 19:30:00;0.0;0.0;0.0;10.045;2.9000000000000004
17/05/2024 20:00:00;0.0;0.0;0.0;9.6;2.83
17/05/2024 20:30:00;0.0;0.0;0.0;9.165;2.69
17/05/2024 21:00:00;0.0;0.0;0.0;8.73;2.55
17/05/2024 21:30:00;0.0;0.0;0.0;8.305;2.48
17/05/2024 22:00:00;0.0;0.0;0.0;7.88;2.41
17/05/2024 22:30:00;0.0;0.0;0.0;7.5600000000000005;2.375
17/05/2024 23:00:00;0.0;0.0;0.0;7.24;2.34
17/05/2024 23:30:00;0.0;0.0;0.0;6.975;2.3099999999999996
18/05/2024 00:00:00;0.0;0.0;0.0;6.71;2.28
18/05/2024 00:30:00;0.0;0.0;0.0;6.385;2.21
18/05/2024 01:00:00;0.0;0.0;0.0;6.06;2.14
18/05/2024 01:30:00;0.0;0.0;0.0;5.6899999999999995;2.105
18/05/2024 02:00:00;0.0;0.0;0.0;5.32;2.07
18/05/2024 02:30:00;0.0;0.0;0.0;5.055;2.035
18/05/2024 03:00:00;0.0;0.0;0.0;4.79;2.0
18/05/2024 03:30:00;0.0;0.84;0.02;4.55;2.0
18/05/2024 04:00:00;0.0;1.68;0.04;4.31;2.0
18/05/2024 04:30:00;0.0;32.395;0.775;4.64;1.9300000000000002
18/05/2024 05:00:00;0.0;63.11;1.51;4.97;1.86
18/05/2024 05:30:00;67.325;77.38499999999999;3.9299999999999997;6.234999999999999;1.9300000000000002
18/05/2024 06:00:00;134.65;91.66;6.35;7.5;2.0
18/05/2024 06:30:00;231.64999999999998;106.065;8.149999999999999;8.49;2.3449999999999998
18/05/2024 07:00:00;328.65;120.47;9.95;9.48;2.69
18/05/2024 07:30:00;413.65;138.985;11.485;10.33;3.105
18/05/2024 08:00:00;498.65;157.5;13.02;11.18;3.52
18/05/2024 08:30:00;588.035;160.95499999999998;14.399999999999999;11.905000000000001;3.795
18/05/2024 09:00:00;677.42;164.41;15.78;12.63;4.07
18/05/2024 09:30:00;641.5899999999999;220.505;16.009999999999998;13.275;4.07
18/05/2024 10:00:00;605.76;276.6;16.24;13.92;4.07
18/05/2024 10:30:00;468.19;341.33500000000004;15.195;14.280000000000001;4.035
18/05/2024 11:00:00;330.62;406.07;14.15;14.64;4.0
18/05/2024 11:30:00;188.765;390.135;11.615;14.935;4.0
18/05/2024 12:00:00;46.91;374.2;9.08;15.23;4.0
18/05/2024 12:30:00;23.455;259.015;6.15;15.32;3.8600000000000003
18/05/2024 13:00:00;0.0;143.83;3.22;15.41;3.72
18/05/2024 13:30:00;0.0;120.00500000000001;2.685;15.395;3.585
18/05/2024 14:00:00;0.0;96.18;2.15;15.38;3.45
18/05/2024 14:30:00;0.0;115.955;2.59;15.345;3.2750000000000004
18/05/2024 15:00:00;0.0;135.73;3.03;15.31;3.1
18/05/2024 15:30:00;8.83;156.64499999999998;3.715;15.100000000000001;2.8600000000000003
18/05/2024 16:00:00;17.66;177.56;4.4;14.89;2.62
18/05/2024 16:30:00;8.83;101.815;2.49;14.615;2.48
18/05/2024 17:00:00;0.0;26.07;0.58;14.34;2.34
18/05/2024 17:30:00;0.0;31.13;0.72;13.955;2.205
18/05/2024 18:00:00;0.0;36.19;0.86;13.57;2.07
18/05/2024 18:30:00;0.0;18.095;0.43;13.045;1.895
18/05/2024 19:00:00;0.0;0.0;0.0;12.52;1.72
18/05/2024 19:30:00;0.0;0.0;0.0;12.094999999999999;1.755
18/05/2024 20:00:00;0.0;0.0;0.0;11.67;1.79
18/05/2024 20:30:00;0.0;0.0;0.0;11.135;1.8250000000000002
18/05/2024 21:00:00;0.0;0.0;0.0;10.6;1.86
18/05/2024 21:30:00;0.0;0.0;0.0;10.2;1.8250000000000002
18/05/2024 22:00:00;0.0;0.0;0.0;9.8;1.79
18/05/2024 22:30:00;0.0;0.0;0.0;9.29;1.8250000000000002
18/05/2024 23:00:00;0.0;0.0;0.0;8.78;1.86
18/05/2024 23:30:00;0.0;0.0;0.0;8.309999999999999;1.895
19/05/2024 00:00:00;0.0;0.0;0.0;7.84;1.93
19/05/2024 00:30:00;0.0;0.0;0.0;7.654999999999999;1.8599999999999999
19/05/2024 01:00:00;0.0;0.0;0.0;7.47;1.79
19/05/2024 01:30:00;0.0;0.0;0.0;7.14;1.79
19/05/2024 02:00:00;0.0;0.0;0.0;6.81;1.79
19/05/2024 02:30:00;0.0;0.0;0.0;6.66;1.755
19/05/2024 03:00:00;0.0;0.0;0.0;6.51;1.72
19/05/2024 03:30:00;0.0;0.42;0.01;6.4;1.69
19/05/2024 04:00:00;0.0;0.84;0.02;6.29;1.66
19/05/2024 04:30:00;0.0;35.345;0.845;6.6;1.5899999999999999
19/05/2024 05:00:00;0.0;69.85;1.67;6.91;1.52
19/05/2024 05:30:00;46.04;95.69999999999999;3.68;8.004999999999999;1.52
19/05/2024 06:00:00;92.08;121.55;5.69;9.1;1.52
19/05/2024 06:30:00;213.67000000000002;118.035;7.85;10.219999999999999;1.83
19/05/2024 07:00:00;335.26;114.52;10.01;11.34;2.14
19/05/2024 07:30:00;428.18;127.375;11.585;11.915;2.415
19/05/2024 08:00:00;521.1;140.23;13.16;12.49;2.69
19/05/2024 08:30:00;592.905;152.57;14.379999999999999;13.175;2.86
19/05/2024 09:00:00;664.71;164.91;15.6;13.86;3.03
19/05/2024 09:30:00;398.07000000000005;281.195;13.254999999999999;14.309999999999999;2.965
19/05/2024 10:00:00;131.43;397.48;10.91;14.76;2.9
19/05/2024 10:30:00;83.04;380.08000000000004;9.775;14.94;2.83
19/05/2024 11:00:00;34.65;362.68;8.64;15.12;2.76
19/05/2024 11:30:00;24.009999999999998;342.03999999999996;8.02;15.17;2.795
19/05/2024 12:00:00;13.37;321.4;7.4;15.22;2.83
19/05/2024 12:30:00;20.335;324.42499999999995;7.58;15.17;2.865
19/05/2024 13:00:00;27.3;327.45;7.76;15.12;2.9
19/05/2024 13:30:00;13.65;258.11;5.99;15.149999999999999;3.0
19/05/2024 14:00:00;0.0;188.77;4.22;15.18;3.1
19/05/2024 14:30:00;0.0;161.805;3.6149999999999998;15.205;3.1
19/05/2024 15:00:00;0.0;134.84;3.01;15.23;3.1
19/05/2024 15:30:00;0.0;95.285;2.13;15.155000000000001;2.965
19/05/2024 16:00:00;0.0;55.73;1.25;15.08;2.83
19/05/2024 16:30:00;0.0;37.305;0.835;14.895;2.76
19/05/2024 17:00:00;0.0;18.88;0.42;14.71;2.69
19/05/2024 17:30:00;0.0;14.489999999999998;0.32999999999999996;14.325;2.585
19/05/2024 18:00:00;0.0;10.1;0.24;13.94;2.48
19/05/2024 18:30:00;0.0;5.05;0.12;13.475;2.17
19/05/2024 19:00:00;0.0;0.0;0.0;13.01;1.86
19/05/2024 19:30:00;0.0;0.0;0.0;12.735;1.725
19/05/2024 20:00:00;0.0;0.0;0.0;12.46;1.59
19/05/2024 20:30:00;0.0;0.0;0.0;12.15;1.59
19/05/2024 21:00:00;0.0;0.0;0.0;11.84;1.59
19/05/2024 21:30:00;0.0;0.0;0.0;11.425;1.52
19/05/2024 22:00:00;0.0;0.0;0.0;11.01;1.45
19/05/2024 22:30:00;0.0;0.0;0.0;10.82;1.62
19/05/2024 23:00:00;0.0;0.0;0.0;10.63;1.79
19/05/2024 23:30:00;0.0;0.0;0.0;10.475000000000001;1.755
20/05/2024 00:00:00;0.0;0.0;0.0;10.32;1.72
20/05/2024 00:30:00;0.0;0.0;0.0;10.100000000000001;1.655
20/05/2024 01:00:00;0.0;0.0;0.0;9.88;1.59
20/05/2024 01:30:00;0.0;0.0;0.0;9.735;1.5550000000000002
20/05/2024 02:00:00;0.0;0.0;0.0;9.59;1.52
20/05/2024 02:30:00;0.0;0.0;0.0;9.530000000000001;1.45
20/05/2024 03:00:00;0.0;0.0;0.0;9.47;1.38
20/05/2024 03:30:00;0.0;0.84;0.02;9.345;1.38
20/05/2024 04:00:00;0.0;1.68;0.04;9.22;1.38
20/05/2024 04:30:00;0.0;23.98;0.5750000000000001;9.435;1.345
20/05/2024 05:00:00;0.0;46.28;1.11;9.65;1.31
20/05/2024 05:30:00;18.58;96.36;2.795;10.55;1.31
20/05/2024 06:00:00;37.16;146.44;4.48;11.45;1.31
20/05/2024 06:30:00;26.089999999999996;172.49;4.62;12.23;1.725
20/05/2024 07:00:00;15.02;198.54;4.76;13.01;2.14
20/05/2024 07:30:00;45.61;246.265;6.35;13.6;2.6550000000000002
20/05/2024 08:00:00;76.2;293.99;7.94;14.19;3.17
20/05/2024 08:30:00;40.235;274.37;6.855;14.815;3.135
20/05/2024 09:00:00;4.27;254.75;5.77;15.44;3.1
20/05/2024 09:30:00;2.135;217.265;4.895;15.825;2.895
20/05/2024 10:00:00;0.0;179.78;4.02;16.21;2.69
20/05/2024 10:30:00;24.53;277.98;6.59;16.560000000000002;2.76
20/05/2024 11:00:00;49.06;376.18;9.16;16.91;2.83
20/05/2024 11:30:00;41.195;366.17;8.82;17.275;2.83
20/05/2024 12:00:00;33.33;356.16;8.48;17.64;2.83
20/05/2024 12:30:00;31.909999999999997;343.78;8.190000000000001;17.884999999999998;2.795
20/05/2024 13:00:00;30.49;331.4;7.9;18.13;2.76
20/05/2024 13:30:00;15.245;232.21999999999997;5.4350000000000005;18.29;2.69
20/05/2024 14:00:00;0.0;133.04;2.97;18.45;2.62
20/05/2024 14:30:00;0.0;114.61;2.56;18.564999999999998;2.6550000000000002
20/05/2024 15:00:00;0.0;96.18;2.15;18.68;2.69
20/05/2024 15:30:00;3.585;126.82000000000001;2.925;18.64;2.6550000000000002
20/05/2024 16:00:00;7.17;157.46;3.7;18.6;2.62
20/05/2024 16:30:00;3.585;113.34;2.625;18.375;2.45
20/05/2024 17:00:00;0.0;69.22;1.55;18.15;2.28
20/05/2024 17:30:00;0.0;54.385;1.245;17.72;2.21
20/05/2024 18:00:00;0.0;39.55;0.94;17.29;2.14
20/05/2024 18:30:00;0.0;19.775;0.47;16.625;2.0
20/05/2024 19:00:00;0.0;0.0;0.0;15.96;1.86
20/05/2024 19:30:00;0.0;0.0;0.0;15.295000000000002;1.8250000000000002
20/05/2024 20:00:00;0.0;0.0;0.0;14.63;1.79
20/05/2024 20:30:00;0.0;0.0;0.0;14.04;1.725
20/05/2024 21:00:00;0.0;0.0;0.0;13.45;1.66
20/05/2024 21:30:00;0.0;0.0;0.0;12.975;1.625
20/05/2024 22:00:00;0.0;0.0;0.0;12.5;1.59
20/05/2024 22:30:00;0.0;0.0;0.0;12.15;1.5550000000000002
20/05/2024 23:00:00;0.0;0.0;0.0;11.8;1.52
20/05/2024 23:30:00;0.0;0.0;0.0;11.555;1.45
21/05/2024 00:00:00;0.0;0.0;0.0;11.31;1.38
21/05/2024 00:30:00;0.0;0.0;0.0;11.39;1.24
21/05/2024 01:00:00;0.0;0.0;0.0;11.47;1.1
21/05/2024 01:30:00;0.0;0.0;0.0;11.58;1.0
21/05/2024 02:00:00;0.0;0.0;0.0;11.69;0.9
21/05/2024 02:30:00;0.0;0.0;0.0;11.725;0.865
21/05/2024 03:00:00;0.0;0.0;0.0;11.76;0.83
21/05/2024 03:30:00;0.0;0.84;0.02;11.625;0.7949999999999999
21/05/2024 04:00:00;0.0;1.68;0.04;11.49;0.76
21/05/2024 04:30:00;0.0;31.555;0.755;11.425;0.55
21/05/2024 05:00:00;0.0;61.43;1.47;11.36;0.34
21/05/2024 05:30:00;46.845;90.445;3.6000000000000005;12.045;0.34
21/05/2024 06:00:00;93.69;119.46;5.73;12.73;0.34
21/05/2024 06:30:00;184.535;133.20499999999998;7.57;13.57;0.34
21/05/2024 07:00:00;275.38;146.95;9.41;14.41;0.34
21/05/2024 07:30:00;295.095;196.05;10.375;15.45;0.6200000000000001
21/05/2024 08:00:00;314.81;245.15;11.34;16.49;0.9
21/05/2024 08:30:00;427.735;236.985;12.985;17.34;1.035
21/05/2024 09:00:00;540.66;228.82;14.63;18.19;1.17
21/05/2024 09:30:00;656.51;199.51999999999998;15.955000000000002;18.92;1.17
21/05/2024 10:00:00;772.36;170.22;17.28;19.65;1.17
21/05/2024 10:30:00;826.065;158.36;17.925;20.229999999999997;1.205
21/05/2024 11:00:00;879.77;146.5;18.57;20.81;1.24
21/05/2024 11:30:00;849.4200000000001;157.39499999999998;18.259999999999998;21.314999999999998;1.345
21/05/2024 12:00:00;819.07;168.29;17.95;21.82;1.45
21/05/2024 12:30:00;768.485;170.035;17.225;22.09;1.4849999999999999
21/05/2024 13:00:00;717.9;171.78;16.5;22.36;1.52
21/05/2024 13:30:00;646.4200000000001;168.11;15.395;22.45;1.5899999999999999
21/05/2024 14:00:00;574.94;164.44;14.29;22.54;1.66
21/05/2024 14:30:00;443.05000000000007;180.76999999999998;12.45;22.485;1.76
21/05/2024 15:00:00;311.16;197.1;10.61;22.43;1.86
21/05/2024 15:30:00;264.62;156.76;9.355;22.11;1.9649999999999999
21/05/2024 16:00:00;218.08;116.42;8.1;21.79;2.07
21/05/2024 16:30:00;116.86000000000001;113.565;5.6899999999999995;21.244999999999997;1.895
21/05/2024 17:00:00;15.64;110.71;3.28;20.7;1.72
21/05/2024 17:30:00;7.82;69.24;1.97;20.005;1.4449999999999998
21/05/2024 18:00:00;0.0;27.77;0.66;19.31;1.17
21/05/2024 18:30:00;0.0;13.885;0.33;19.015;1.1
21/05/2024 19:00:00;0.0;0.0;0.0;18.72;1.03
21/05/2024 19:30:00;0.0;0.0;0.0;18.67;0.9650000000000001
21/05/2024 20:00:00;0.0;0.0;0.0;18.62;0.9
21/05/2024 20:30:00;0.0;0.0;0.0;17.41;1.175
21/05/2024 21:00:00;0.0;0.0;0.0;16.2;1.45
21/05/2024 21:30:00;0.0;0.0;0.0;15.489999999999998;1.4849999999999999
21/05/2024 22:00:00;0.0;0.0;0.0;14.78;1.52
21/05/2024 22:30:00;0.0;0.0;0.0;14.504999999999999;1.415
21/05/2024 23:00:00;0.0;0.0;0.0;14.23;1.31
21/05/2024 23:30:00;0.0;0.0;0.0;13.99;1.275
22/05/2024 00:00:00;0.0;0.0;0.0;13.75;1.24
22/05/2024 00:30:00;0.0;0.0;0.0;13.309999999999999;1.345
22/05/2024 01:00:00;0.0;0.0;0.0;12.87;1.45
22/05/2024 01:30:00;0.0;0.0;0.0;12.665;1.38
22/05/2024 02:00:00;0.0;0.0;0.0;12.46;1.31
22/05/2024 02:30:00;0.0;0.0;0.0;12.280000000000001;1.24
22/05/2024 03:00:00;0.0;0.0;0.0;12.1;1.17
22/05/2024 03:30:00;0.0;1.26;0.03;11.91;1.17
22/05/2024 04:00:00;0.0;2.52;0.06;11.72;1.17
22/05/2024 04:30:00;0.0;35.760000000000005;0.855;12.125;1.035
22/05/2024 05:00:00;0.0;69.0;1.65;12.53;0.9
22/05/2024 05:30:00;63.415;82.4;3.97;13.915;0.7949999999999999
22/05/2024 06:00:00;126.83;95.8;6.29;15.3;0.69
22/05/2024 06:30:00;218.97500000000002;110.965;8.05;16.255000000000003;0.83
22/05/2024 07:00:00;311.12;126.13;9.81;17.21;0.97
22/05/2024 07:30:00;396.15;142.11;11.325;17.955;0.8999999999999999
22/05/2024 08:00:00;481.18;158.09;12.84;18.7;0.83
22/05/2024 08:30:00;568.025;161.53;14.19;19.384999999999998;0.865
22/05/2024 09:00:00;654.87;164.97;15.54;20.07;0.9
22/05/2024 09:30:00;725.8;162.29500000000002;16.555;20.67;0.9650000000000001
22/05/2024 10:00:00;796.73;159.62;17.57;21.27;1.03
22/05/2024 10:30:00;834.4200000000001;155.085;18.060000000000002;21.7;1.0
22/05/2024 11:00:00;872.11;150.55;18.55;22.13;0.97
22/05/2024 11:30:00;814.75;177.005;18.05;22.34;0.935
22/05/2024 12:00:00;757.39;203.46;17.55;22.55;0.9
22/05/2024 12:30:00;713.4449999999999;202.345;16.884999999999998;22.715;1.28
22/05/2024 13:00:00;669.5;201.23;16.22;22.88;1.66
22/05/2024 13:30:00;450.355;260.875;13.684999999999999;22.759999999999998;1.9
22/05/2024 14:00:00;231.21;320.52;11.15;22.64;2.14
22/05/2024 14:30:00;115.605;243.41;7.4350000000000005;21.97;2.0
22/05/2024 15:00:00;0.0;166.3;3.72;21.3;1.86
22/05/2024 15:30:00;0.0;105.625;2.3600000000000003;20.805;1.55
22/05/2024 16:00:00;0.0;44.95;1.0;20.31;1.24
22/05/2024 16:30:00;12.355;77.245;2.3600000000000003;19.759999999999998;1.24
22/05/2024 17:00:00;24.71;109.54;3.72;19.21;1.24
22/05/2024 17:30:00;12.355;59.400000000000006;1.9700000000000002;18.92;1.035
22/05/2024 18:00:00;0.0;9.26;0.22;18.63;0.83
22/05/2024 18:30:00;0.0;4.63;0.11;18.665;1.07
22/05/2024 19:00:00;0.0;0.0;0.0;18.7;1.31
22/05/2024 19:30:00;0.0;0.0;0.0;17.88;1.4500000000000002
22/05/2024 20:00:00;0.0;0.0;0.0;17.06;1.59
22/05/2024 20:30:00;0.0;0.0;0.0;16.604999999999997;1.4500000000000002
22/05/2024 21:00:00;0.0;0.0;0.0;16.15;1.31
22/05/2024 21:30:00;0.0;0.0;0.0;16.405;1.17
22/05/2024 22:00:00;0.0;0.0;0.0;16.66;1.03
22/05/2024 22:30:00;0.0;0.0;0.0;16.725;0.895
22/05/2024 23:00:00;0.0;0.0;0.0;16.79;0.76
22/05/2024 23:30:00;0.0;0.0;0.0;16.685;0.7949999999999999
23/05/2024 00:00:00;0.0;0.0;0.0;16.58;0.83
23/05/2024 00:30:00;0.0;0.0;0.0;15.94;1.0
23/05/2024 01:00:00;0.0;0.0;0.0;15.3;1.17
23/05/2024 01:30:00;0.0;0.0;0.0;15.350000000000001;1.275
23/05/2024 02:00:00;0.0;0.0;0.0;15.4;1.38
23/05/2024 02:30:00;0.0;0.0;0.0;15.25;1.31
23/05/2024 03:00:00;0.0;0.0;0.0;15.1;1.24
23/05/2024 03:30:00;0.0;2.105;0.05;14.879999999999999;1.135
23/05/2024 04:00:00;0.0;4.21;0.1;14.66;1.03
23/05/2024 04:30:00;0.0;34.085;0.815;14.940000000000001;1.0
23/05/2024 05:00:00;0.0;63.96;1.53;15.22;0.97
23/05/2024 05:30:00;19.245;105.95499999999998;3.0549999999999997;15.49;1.38
23/05/2024 06:00:00;38.49;147.95;4.58;15.76;1.79
23/05/2024 06:30:00;76.43;185.20499999999998;6.03;16.085;1.965
23/05/2024 07:00:00;114.37;222.46;7.48;16.41;2.14
23/05/2024 07:30:00;122.735;261.035;8.280000000000001;16.68;2.3449999999999998
23/05/2024 08:00:00;131.1;299.61;9.08;16.95;2.55
23/05/2024 08:30:00;168.76;327.07500000000005;10.219999999999999;17.39;2.655
23/05/2024 09:00:00;206.42;354.54;11.36;17.83;2.76
23/05/2024 09:30:00;372.69500000000005;325.985;13.51;18.1;2.83
23/05/2024 10:00:00;538.97;297.43;15.66;18.37;2.9
23/05/2024 10:30:00;620.395;270.94;16.490000000000002;18.595;2.795
23/05/2024 11:00:00;701.82;244.45;17.32;18.82;2.69
23/05/2024 11:30:00;577.595;298.775;16.265;18.965;2.62
23/05/2024 12:00:00;453.37;353.1;15.21;19.11;2.55
23/05/2024 12:30:00;602.225;254.48000000000002;16.045;19.34;2.7249999999999996
23/05/2024 13:00:00;751.08;155.86;16.88;19.57;2.9
23/05/2024 13:30:00;677.475;153.435;15.765;19.535;3.035
23/05/2024 14:00:00;603.87;151.01;14.65;19.5;3.17
23/05/2024 14:30:00;525.325;136.87;13.305;19.43;3.275
23/05/2024 15:00:00;446.78;122.73;11.96;19.36;3.38
23/05/2024 15:30:00;279.28499999999997;150.41;9.375;19.105;3.38
23/05/2024 16:00:00;111.79;178.09;6.79;18.85;3.38
23/05/2024 16:30:00;78.605;135.66;5.595000000000001;18.62;3.24
23/05/2024 17:00:00;45.42;93.23;4.4;18.39;3.1
23/05/2024 17:30:00;22.71;67.23;2.6900000000000004;17.965;2.9299999999999997
23/05/2024 18:00:00;0.0;41.23;0.98;17.54;2.76
23/05/2024 18:30:00;0.0;20.615;0.49;16.95;2.965
23/05/2024 19:00:00;0.0;0.0;0.0;16.36;3.17
23/05/2024 19:30:00;0.0;0.0;0.0;16.005;3.0
23/05/2024 20:00:00;0.0;0.0;0.0;15.65;2.83
23/05/2024 20:30:00;0.0;0.0;0.0;15.215;2.69
23/05/2024 21:00:00;0.0;0.0;0.0;14.78;2.55
23/05/2024 21:30:00;0.0;0.0;0.0;14.45;2.5149999999999997
23/05/2024 22:00:00;0.0;0.0;0.0;14.12;2.48
23/05/2024 22:30:00;0.0;0.0;0.0;13.75;2.4450000000000003
23/05/2024 23:00:00;0.0;0.0;0.0;13.38;2.41
23/05/2024 23:30:00;0.0;0.0;0.0;13.055;2.3449999999999998
24/05/2024 00:00:00;0.0;0.0;0.0;12.73;2.28
24/05/2024 00:30:00;0.0;0.0;0.0;12.405000000000001;2.245
24/05/2024 01:00:00;0.0;0.0;0.0;12.08;2.21
24/05/2024 01:30:00;0.0;0.0;0.0;11.875;2.21
24/05/2024 02:00:00;0.0;0.0;0.0;11.67;2.21
24/05/2024 02:30:00;0.0;0.0;0.0;11.405000000000001;2.1399999999999997
24/05/2024 03:00:00;0.0;0.0;0.0;11.14;2.07
24/05/2024 03:30:00;0.0;1.26;0.03;11.0;2.035
24/05/2024 04:00:00;0.0;2.52;0.06;10.86;2.0
24/05/2024 04:30:00;0.0;37.025000000000006;0.885;10.899999999999999;2.0
24/05/2024 05:00:00;0.0;71.53;1.71;10.94;2.0
24/05/2024 05:30:00;8.79;109.88;2.8049999999999997;11.1;2.1399999999999997
24/05/2024 06:00:00;17.58;148.23;3.9;11.26;2.28
24/05/2024 06:30:00;12.27;167.76;4.12;11.705;2.5549999999999997
24/05/2024 07:00:00;6.96;187.29;4.34;12.15;2.83
24/05/2024 07:30:00;20.81;233.14999999999998;5.605;12.325;2.9299999999999997
24/05/2024 08:00:00;34.66;279.01;6.87;12.5;3.03
24/05/2024 08:30:00;17.33;229.39499999999998;5.445;12.89;3.205
24/05/2024 09:00:00;0.0;179.78;4.02;13.28;3.38
24/05/2024 09:30:00;0.0;202.70499999999998;4.529999999999999;13.434999999999999;3.31
24/05/2024 10:00:00;0.0;225.63;5.04;13.59;3.24
24/05/2024 10:30:00;11.595;288.02;6.619999999999999;14.135;3.31
24/05/2024 11:00:00;23.19;350.41;8.2;14.68;3.38
24/05/2024 11:30:00;19.85;341.46500000000003;7.949999999999999;14.915;3.38
24/05/2024 12:00:00;16.51;332.52;7.7;15.15;3.38
24/05/2024 12:30:00;131.705;357.52;10.12;15.325;3.24
24/05/2024 13:00:00;246.9;382.52;12.54;15.5;3.1
24/05/2024 13:30:00;254.95;351.245;12.14;15.65;3.0
24/05/2024 14:00:00;263.0;319.97;11.74;15.8;2.9
24/05/2024 14:30:00;331.53499999999997;237.255;11.7;15.84;2.865
24/05/2024 15:00:00;400.07;154.54;11.66;15.88;2.83
24/05/2024 15:30:00;336.16999999999996;122.145;10.32;15.79;3.0
24/05/2024 16:00:00;272.27;89.75;8.98;15.7;3.17
24/05/2024 16:30:00;165.065;86.55;6.890000000000001;15.385;3.24
24/05/2024 17:00:00;57.86;83.35;4.8;15.07;3.31
24/05/2024 17:30:00;28.93;61.87;2.88;14.545;3.14
24/05/2024 18:00:00;0.0;40.39;0.96;14.02;2.97
24/05/2024 18:30:00;0.0;20.195;0.48;13.485;2.97
24/05/2024 19:00:00;0.0;0.0;0.0;12.95;2.97
24/05/2024 19:30:00;0.0;0.0;0.0;12.425;2.865
24/05/2024 20:00:00;0.0;0.0;0.0;11.9;2.76
24/05/2024 20:30:00;0.0;0.0;0.0;11.54;2.655
24/05/2024 21:00:00;0.0;0.0;0.0;11.18;2.55
24/05/2024 21:30:00;0.0;0.0;0.0;10.875;2.48
24/05/2024 22:00:00;0.0;0.0;0.0;10.57;2.41
24/05/2024 22:30:00;0.0;0.0;0.0;10.280000000000001;2.3449999999999998
24/05/2024 23:00:00;0.0;0.0;0.0;9.99;2.28
24/05/2024 23:30:00;0.0;0.0;0.0;9.64;2.28
25/05/2024 00:00:00;0.0;0.0;0.0;9.29;2.28
25/05/2024 00:30:00;0.0;0.0;0.0;9.059999999999999;2.21
25/05/2024 01:00:00;0.0;0.0;0.0;8.83;2.14
25/05/2024 01:30:00;0.0;0.0;0.0;8.780000000000001;2.105
25/05/2024 02:00:00;0.0;0.0;0.0;8.73;2.07
25/05/2024 02:30:00;0.0;0.0;0.0;8.685;2.035
25/05/2024 03:00:00;0.0;0.0;0.0;8.64;2.0
25/05/2024 03:30:00;0.0;0.84;0.02;8.68;2.0
25/05/2024 04:00:00;0.0;1.68;0.04;8.72;2.0
25/05/2024 04:30:00;0.0;7.995;0.19000000000000003;8.965;1.895
25/05/2024 05:00:00;0.0;14.31;0.34;9.21;1.79
25/05/2024 05:30:00;72.49;50.035000000000004;3.535;9.765;2.035
25/05/2024 06:00:00;144.98;85.76;6.73;10.32;2.28
25/05/2024 06:30:00;234.135;103.74000000000001;8.41;10.885;2.655
25/05/2024 07:00:00;323.29;121.72;10.09;11.45;3.03
25/05/2024 07:30:00;410.94;136.66500000000002;11.625;12.239999999999998;3.375
25/05/2024 08:00:00;498.59;151.61;13.16;13.03;3.72
25/05/2024 08:30:00;585.785;155.47000000000003;14.52;13.815;3.8600000000000003
25/05/2024 09:00:00;672.98;159.33;15.88;14.6;4.0
25/05/2024 09:30:00;610.165;228.87;15.88;15.350000000000001;3.895
25/05/2024 10:00:00;547.35;298.41;15.88;16.1;3.79
25/05/2024 10:30:00;458.27;345.905;15.265;16.44;3.55
25/05/2024 11:00:00;369.19;393.4;14.65;16.78;3.31
25/05/2024 11:30:00;248.29;402.77;12.92;17.28;3.24
25/05/2024 12:00:00;127.39;412.14;11.19;17.78;3.17
25/05/2024 12:30:00;192.78000000000003;395.405;11.925;18.16;3.0700000000000003
25/05/2024 13:00:00;258.17;378.67;12.66;18.54;2.97
25/05/2024 13:30:00;295.24;336.19500000000005;12.56;18.759999999999998;2.97
25/05/2024 14:00:00;332.31;293.72;12.46;18.98;2.97
25/05/2024 14:30:00;323.19;247.91500000000002;11.665;18.925;3.035
25/05/2024 15:00:00;314.07;202.11;10.87;18.87;3.1
25/05/2024 15:30:00;274.745;156.57;9.695;18.71;3.035
25/05/2024 16:00:00;235.42;111.03;8.52;18.55;2.97
25/05/2024 16:30:00;137.76;106.465;6.43;18.22;2.725
25/05/2024 17:00:00;40.1;101.9;4.34;17.89;2.48
25/05/2024 17:30:00;20.05;74.09;2.725;17.68;2.31
25/05/2024 18:00:00;0.0;46.28;1.11;17.47;2.14
25/05/2024 18:30:00;0.0;23.14;0.555;17.035;1.965
25/05/2024 19:00:00;0.0;0.0;0.0;16.6;1.79
25/05/2024 19:30:00;0.0;0.0;0.0;15.81;1.755
25/05/2024 20:00:00;0.0;0.0;0.0;15.02;1.72
25/05/2024 20:30:00;0.0;0.0;0.0;14.285;1.69
25/05/2024 21:00:00;0.0;0.0;0.0;13.55;1.66
25/05/2024 21:30:00;0.0;0.0;0.0;12.83;1.66
25/05/2024 22:00:00;0.0;0.0;0.0;12.11;1.66
25/05/2024 22:30:00;0.0;0.0;0.0;11.719999999999999;1.625
25/05/2024 23:00:00;0.0;0.0;0.0;11.33;1.59
25/05/2024 23:30:00;0.0;0.0;0.0;10.86;1.655
26/05/2024 00:00:00;0.0;0.0;0.0;10.39;1.72
26/05/2024 00:30:00;0.0;0.0;0.0;10.14;1.69
26/05/2024 01:00:00;0.0;0.0;0.0;9.89;1.66
26/05/2024 01:30:00;0.0;0.0;0.0;9.735;1.5899999999999999
26/05/2024 02:00:00;0.0;0.0;0.0;9.58;1.52
26/05/2024 02:30:00;0.0;0.0;0.0;9.375;1.4849999999999999
26/05/2024 03:00:00;0.0;0.0;0.0;9.17;1.45
26/05/2024 03:30:00;0.0;2.525;0.06;9.1;1.38
26/05/2024 04:00:00;0.0;5.05;0.12;9.03;1.31
26/05/2024 04:30:00;0.03;25.985000000000003;1.71;9.42;1.1400000000000001
26/05/2024 05:00:00;0.06;46.92;3.3;9.81;0.97
26/05/2024 05:30:00;65.34;71.37;4.904999999999999;11.105;1.0
26/05/2024 06:00:00;130.62;95.82;6.51;12.4;1.03
26/05/2024 06:30:00;217.32;114.785;8.219999999999999;13.575;1.17
26/05/2024 07:00:00;304.02;133.75;9.93;14.75;1.31
26/05/2024 07:30:00;390.755;148.43;11.465;15.56;1.38
26/05/2024 08:00:00;477.49;163.11;13.0;16.37;1.45
26/05/2024 08:30:00;569.1600000000001;163.625;14.39;17.08;1.52
26/05/2024 09:00:00;660.83;164.14;15.78;17.79;1.59
26/05/2024 09:30:00;721.29;166.69;16.705;18.505;1.69
26/05/2024 10:00:00;781.75;169.24;17.63;19.22;1.79
26/05/2024 10:30:00;824.725;162.715;18.18;19.755;1.965
26/05/2024 11:00:00;867.7;156.19;18.73;20.29;2.14
26/05/2024 11:30:00;865.635;152.8;18.66;20.67;2.31
26/05/2024 12:00:00;863.57;149.41;18.59;21.05;2.48
26/05/2024 12:30:00;826.7750000000001;144.565;17.994999999999997;21.165;2.62
26/05/2024 13:00:00;789.98;139.72;17.4;21.28;2.76
26/05/2024 13:30:00;718.3;135.985;16.305;21.265;2.9299999999999997
26/05/2024 14:00:00;646.62;132.25;15.21;21.25;3.1
26/05/2024 14:30:00;535.89;134.5;13.545000000000002;21.07;3.17
26/05/2024 15:00:00;425.16;136.75;11.88;20.89;3.24
26/05/2024 15:30:00;338.90500000000003;118.71000000000001;10.32;20.745;3.17
26/05/2024 16:00:00;252.65;100.67;8.76;20.6;3.1
26/05/2024 16:30:00;163.15;83.86500000000001;6.984999999999999;20.205;2.825
26/05/2024 17:00:00;73.65;67.06;5.21;19.81;2.55
26/05/2024 17:30:00;36.825;56.67;3.16;19.34;2.48
26/05/2024 18:00:00;0.0;46.28;1.11;18.87;2.41
26/05/2024 18:30:00;0.0;23.14;0.555;18.33;2.515
26/05/2024 19:00:00;0.0;0.0;0.0;17.79;2.62
26/05/2024 19:30:00;0.0;0.0;0.0;17.21;2.48
26/05/2024 20:00:00;0.0;0.0;0.0;16.63;2.34
26/05/2024 20:30:00;0.0;0.0;0.0;16.085;2.24
26/05/2024 21:00:00;0.0;0.0;0.0;15.54;2.14
26/05/2024 21:30:00;0.0;0.0;0.0;14.86;2.0700000000000003
26/05/2024 22:00:00;0.0;0.0;0.0;14.18;2.0
26/05/2024 22:30:00;0.0;0.0;0.0;13.575;1.9300000000000002
26/05/2024 23:00:00;0.0;0.0;0.0;12.97;1.86
26/05/2024 23:30:00;0.0;0.0;0.0;12.370000000000001;1.8250000000000002
27/05/2024 00:00:00;0.0;0.0;0.0;11.77;1.79
27/05/2024 00:30:00;0.0;0.0;0.0;11.355;1.755
27/05/2024 01:00:00;0.0;0.0;0.0;10.94;1.72
27/05/2024 01:30:00;0.0;0.0;0.0;10.67;1.655
27/05/2024 02:00:00;0.0;0.0;0.0;10.4;1.59
27/05/2024 02:30:00;0.0;0.0;0.0;10.18;1.52
27/05/2024 03:00:00;0.0;0.0;0.0;9.96;1.45
27/05/2024 03:30:00;0.0;3.785;0.09;9.845;1.415
27/05/2024 04:00:00;0.0;7.57;0.18;9.73;1.38
27/05/2024 04:30:00;0.065;26.945;1.7799999999999998;10.06;1.24
27/05/2024 05:00:00;0.13;46.32;3.38;10.39;1.1
27/05/2024 05:30:00;70.02499999999999;67.74;5.035;11.86;1.17
27/05/2024 06:00:00;139.92;89.16;6.69;13.33;1.24
27/05/2024 06:30:00;226.615;109.005;8.38;14.315000000000001;1.415
27/05/2024 07:00:00;313.31;128.85;10.07;15.3;1.59
27/05/2024 07:30:00;401.62;142.95999999999998;11.615;16.075000000000003;1.69
27/05/2024 08:00:00;489.93;157.07;13.16;16.85;1.79
27/05/2024 08:30:00;577.75;160.015;14.52;17.605;1.93
27/05/2024 09:00:00;665.57;162.96;15.88;18.36;2.07
27/05/2024 09:30:00;726.075;166.04000000000002;16.815;19.085;2.275
27/05/2024 10:00:00;786.58;169.12;17.75;19.81;2.48
27/05/2024 10:30:00;830.095;161.51;18.29;20.435;2.55
27/05/2024 11:00:00;873.61;153.9;18.83;21.06;2.62
27/05/2024 11:30:00;860.06;156.865;18.67;21.515;2.62
27/05/2024 12:00:00;846.51;159.83;18.51;21.97;2.62
27/05/2024 12:30:00;805.635;157.005;17.875;22.225;2.55
27/05/2024 13:00:00;764.76;154.18;17.24;22.48;2.48
27/05/2024 13:30:00;699.3199999999999;147.20499999999998;16.195;22.66;2.4450000000000003
27/05/2024 14:00:00;633.88;140.23;15.15;22.84;2.41
27/05/2024 14:30:00;528.04;140.345;13.535;22.884999999999998;2.41
27/05/2024 15:00:00;422.2;140.46;11.92;22.93;2.41
27/05/2024 15:30:00;332.405;123.75;10.29;22.835;2.375
27/05/2024 16:00:00;242.61;107.04;8.66;22.74;2.34
27/05/2024 16:30:00;155.52;90.67;6.890000000000001;22.365;2.205
27/05/2024 17:00:00;68.43;74.3;5.12;21.99;2.07
27/05/2024 17:30:00;34.215;60.715;3.125;21.275;2.035
27/05/2024 18:00:00;0.0;47.13;1.13;20.56;2.0
27/05/2024 18:30:00;0.0;23.565;0.565;19.75;2.035
27/05/2024 19:00:00;0.0;0.0;0.0;18.94;2.07
27/05/2024 19:30:00;0.0;0.0;0.0;17.985;2.0
27/05/2024 20:00:00;0.0;0.0;0.0;17.03;1.93
27/05/2024 20:30:00;0.0;0.0;0.0;16.03;1.795
27/05/2024 21:00:00;0.0;0.0;0.0;15.03;1.66
27/05/2024 21:30:00;0.0;0.0;0.0;14.55;1.555
27/05/2024 22:00:00;0.0;0.0;0.0;14.07;1.45
27/05/2024 22:30:00;0.0;0.0;0.0;13.77;1.38
27/05/2024 23:00:00;0.0;0.0;0.0;13.47;1.31
27/05/2024 23:30:00;0.0;0.0;0.0;12.93;1.38
28/05/2024 00:00:00;0.0;0.0;0.0;12.39;1.45
28/05/2024 00:30:00;0.0;0.0;0.0;12.205;1.38
28/05/2024 01:00:00;0.0;0.0;0.0;12.02;1.31
28/05/2024 01:30:00;0.0;0.0;0.0;12.02;1.24
28/05/2024 02:00:00;0.0;0.0;0.0;12.02;1.17
28/05/2024 02:30:00;0.0;0.0;0.0;12.059999999999999;1.1
28/05/2024 03:00:00;0.0;0.0;0.0;12.1;1.03
28/05/2024 03:30:00;0.0;2.525;0.06;12.05;0.9650000000000001
28/05/2024 04:00:00;0.0;5.05;0.12;12.0;0.9
28/05/2024 04:30:00;0.07;31.6;1.65;11.969999999999999;0.865
28/05/2024 05:00:00;0.14;58.15;3.18;11.94;0.83
28/05/2024 05:30:00;63.545;79.92;4.875;12.774999999999999;0.76
28/05/2024 06:00:00;126.95;101.69;6.57;13.61;0.69
28/05/2024 06:30:00;210.17000000000002;122.675;8.26;15.08;0.7949999999999999
28/05/2024 07:00:00;293.39;143.66;9.95;16.55;0.9
28/05/2024 07:30:00;385.135;156.17000000000002;11.555;17.3;0.9650000000000001
28/05/2024 08:00:00;476.88;168.68;13.16;18.05;1.03
28/05/2024 08:30:00;568.895;168.82;14.55;18.745;1.205
28/05/2024 09:00:00;660.91;168.96;15.94;19.44;1.38
28/05/2024 09:30:00;727.8;167.93;16.915;20.085;1.585
28/05/2024 10:00:00;794.69;166.9;17.89;20.73;1.79
28/05/2024 10:30:00;832.2;163.0;18.39;21.240000000000002;1.895
28/05/2024 11:00:00;869.71;159.1;18.89;21.75;2.0
28/05/2024 11:30:00;856.1949999999999;162.05;18.73;22.165;2.0700000000000003
28/05/2024 12:00:00;842.68;165.0;18.57;22.58;2.14
28/05/2024 12:30:00;807.755;159.01999999999998;17.985;22.81;2.24
28/05/2024 13:00:00;772.83;153.04;17.4;23.04;2.34
28/05/2024 13:30:00;707.2650000000001;146.07;16.355;23.174999999999997;2.5149999999999997
28/05/2024 14:00:00;641.7;139.1;15.31;23.31;2.69
28/05/2024 14:30:00;534.715;139.72;13.685;23.299999999999997;2.83
28/05/2024 15:00:00;427.73;140.34;12.06;23.29;2.97
28/05/2024 15:30:00;338.725;123.11;10.45;23.095;3.035
28/05/2024 16:00:00;249.72;105.88;8.84;22.9;3.1
28/05/2024 16:30:00;163.57;86.565;7.125;22.46;2.825
28/05/2024 17:00:00;77.42;67.25;5.41;22.02;2.55
28/05/2024 17:30:00;38.71;58.03;3.29;21.34;2.445
28/05/2024 18:00:00;0.0;48.81;1.17;20.66;2.34
28/05/2024 18:30:00;0.0;24.405;0.585;19.93;2.3099999999999996
28/05/2024 19:00:00;0.0;0.0;0.0;19.2;2.28
28/05/2024 19:30:00;0.0;0.0;0.0;18.235;2.21
28/05/2024 20:00:00;0.0;0.0;0.0;17.27;2.14
28/05/2024 20:30:00;0.0;0.0;0.0;16.28;2.0
28/05/2024 21:00:00;0.0;0.0;0.0;15.29;1.86
28/05/2024 21:30:00;0.0;0.0;0.0;14.59;1.79
28/05/2024 22:00:00;0.0;0.0;0.0;13.89;1.72
28/05/2024 22:30:00;0.0;0.0;0.0;13.325;1.72
28/05/2024 23:00:00;0.0;0.0;0.0;12.76;1.72
28/05/2024 23:30:00;0.0;0.0;0.0;12.35;1.69
29/05/2024 00:00:00;0.0;0.0;0.0;11.94;1.66
29/05/2024 00:30:00;0.0;0.0;0.0;11.795;1.555
29/05/2024 01:00:00;0.0;0.0;0.0;11.65;1.45
29/05/2024 01:30:00;0.0;0.0;0.0;11.49;1.415
29/05/2024 02:00:00;0.0;0.0;0.0;11.33;1.38
29/05/2024 02:30:00;0.0;0.0;0.0;11.17;1.345
29/05/2024 03:00:00;0.0;0.0;0.0;11.01;1.31
29/05/2024 03:30:00;0.0;4.21;0.1;10.875;1.275
29/05/2024 04:00:00;0.0;8.42;0.2;10.74;1.24
29/05/2024 04:30:00;0.115;25.85;1.88;11.015;1.135
29/05/2024 05:00:00;0.23;43.28;3.56;11.29;1.03
29/05/2024 05:30:00;74.35000000000001;64.105;5.245;12.559999999999999;1.0
29/05/2024 06:00:00;148.47;84.93;6.93;13.83;0.97
29/05/2024 06:30:00;231.14499999999998;108.10000000000001;8.559999999999999;15.094999999999999;1.315
29/05/2024 07:00:00;313.82;131.27;10.19;16.36;1.66
29/05/2024 07:30:00;406.455;143.525;11.79;17.195;1.935
29/05/2024 08:00:00;499.09;155.78;13.39;18.03;2.21
29/05/2024 08:30:00;587.625;158.73000000000002;14.755;18.85;2.45
29/05/2024 09:00:00;676.16;161.68;16.12;19.67;2.69
29/05/2024 09:30:00;737.335;164.22500000000002;17.055;20.39;2.86
29/05/2024 10:00:00;798.51;166.77;17.99;21.11;3.03
29/05/2024 10:30:00;830.5550000000001;166.04500000000002;18.45;21.7;3.135
29/05/2024 11:00:00;862.6;165.32;18.91;22.29;3.24
29/05/2024 11:30:00;860.565;161.935;18.84;22.705;3.31
29/05/2024 12:00:00;858.53;158.55;18.77;23.12;3.38
29/05/2024 12:30:00;817.5999999999999;155.73000000000002;18.14;23.33;3.485
29/05/2024 13:00:00;776.67;152.91;17.51;23.54;3.59
29/05/2024 13:30:00;702.4;150.495;16.380000000000003;23.64;3.69
29/05/2024 14:00:00;628.13;148.08;15.25;23.74;3.79
29/05/2024 14:30:00;529.77;144.14;13.705;23.72;3.8600000000000003
29/05/2024 15:00:00;431.41;140.2;12.16;23.7;3.93
29/05/2024 15:30:00;343.735;122.02;10.57;23.505;3.8600000000000003
29/05/2024 16:00:00;256.06;103.84;8.98;23.31;3.79
29/05/2024 16:30:00;168.665;84.465;7.265000000000001;22.85;3.41
29/05/2024 17:00:00;81.27;65.09;5.55;22.39;3.03
29/05/2024 17:30:00;40.635;55.685;3.33;21.68;2.86
29/05/2024 18:00:00;0.0;46.28;1.11;20.97;2.69
29/05/2024 18:30:00;0.0;23.14;0.555;20.2;2.7249999999999996
29/05/2024 19:00:00;0.0;0.0;0.0;19.43;2.76
29/05/2024 19:30:00;0.0;0.0;0.0;18.619999999999997;2.655
29/05/2024 20:00:00;0.0;0.0;0.0;17.81;2.55
29/05/2024 20:30:00;0.0;0.0;0.0;17.03;2.48
29/05/2024 21:00:00;0.0;0.0;0.0;16.25;2.41
29/05/2024 21:30:00;0.0;0.0;0.0;15.46;2.3449999999999998
29/05/2024 22:00:00;0.0;0.0;0.0;14.67;2.28
29/05/2024 22:30:00;0.0;0.0;0.0;13.975;2.21
29/05/2024 23:00:00;0.0;0.0;0.0;13.28;2.14
29/05/2024 23:30:00;0.0;0.0;0.0;12.8;2.035
30/05/2024 00:00:00;0.0;0.0;0.0;12.32;1.93
30/05/2024 00:30:00;0.0;0.0;0.0;11.9;1.895
30/05/2024 01:00:00;0.0;0.0;0.0;11.48;1.86
30/05/2024 01:30:00;0.0;0.0;0.0;11.08;1.86
30/05/2024 02:00:00;0.0;0.0;0.0;10.68;1.86
30/05/2024 02:30:00;0.0;0.0;0.0;10.434999999999999;1.86
30/05/2024 03:00:00;0.0;0.0;0.0;10.19;1.86
30/05/2024 03:30:00;0.0;8.835;0.21;10.07;1.79
30/05/2024 04:00:00;0.0;17.67;0.42;9.95;1.72
30/05/2024 04:30:00;0.065;42.895;1.695;10.309999999999999;1.62
30/05/2024 05:00:00;0.13;68.12;2.97;10.67;1.52
30/05/2024 05:30:00;72.445;77.41499999999999;4.92;12.23;1.5550000000000002
30/05/2024 06:00:00;144.76;86.71;6.87;13.79;1.59
30/05/2024 06:30:00;230.505;107.48499999999999;8.540000000000001;14.765;1.9649999999999999
30/05/2024 07:00:00;316.25;128.26;10.21;15.74;2.34
30/05/2024 07:30:00;386.595;153.56;11.615;16.45;2.5149999999999997
30/05/2024 08:00:00;456.94;178.86;13.02;17.16;2.69
30/05/2024 08:30:00;423.18;244.43;13.385;17.795;2.795
30/05/2024 09:00:00;389.42;310.0;13.75;18.43;2.9
30/05/2024 09:30:00;543.12;266.45;15.485;19.04;3.0
30/05/2024 10:00:00;696.82;222.9;17.22;19.65;3.1
30/05/2024 10:30:00;770.2;197.11;17.965;20.189999999999998;3.205
30/05/2024 11:00:00;843.58;171.32;18.71;20.73;3.31
30/05/2024 11:30:00;836.69;170.565;18.6;21.12;3.38
30/05/2024 12:00:00;829.8;169.81;18.49;21.51;3.45
30/05/2024 12:30:00;800.39;161.76;17.965;21.810000000000002;3.4850000000000003
30/05/2024 13:00:00;770.98;153.71;17.44;22.11;3.52
30/05/2024 13:30:00;706.0550000000001;146.22500000000002;16.395;22.21;3.5549999999999997
30/05/2024 14:00:00;641.13;138.74;15.35;22.31;3.59
30/05/2024 14:30:00;538.13;137.445;13.765;22.215;3.76
30/05/2024 15:00:00;435.13;136.15;12.18;22.12;3.93
30/05/2024 15:30:00;262.33;166.20499999999998;9.435;21.84;3.895
30/05/2024 16:00:00;89.53;196.26;6.69;21.56;3.86
30/05/2024 16:30:00;70.35;147.14499999999998;5.755000000000001;21.265;3.62
30/05/2024 17:00:00;51.17;98.03;4.82;20.97;3.38
30/05/2024 17:30:00;25.585;67.11;2.84;20.375;3.275
30/05/2024 18:00:00;0.0;36.19;0.86;19.78;3.17
30/05/2024 18:30:00;0.0;18.095;0.43;19.255000000000003;3.17
30/05/2024 19:00:00;0.0;0.0;0.0;18.73;3.17
30/05/2024 19:30:00;0.0;0.0;0.0;18.12;3.035
30/05/2024 20:00:00;0.0;0.0;0.0;17.51;2.9
30/05/2024 20:30:00;0.0;0.0;0.0;16.97;2.76
30/05/2024 21:00:00;0.0;0.0;0.0;16.43;2.62
30/05/2024 21:30:00;0.0;0.0;0.0;15.825;2.515
30/05/2024 22:00:00;0.0;0.0;0.0;15.22;2.41
30/05/2024 22:30:00;0.0;0.0;0.0;14.59;2.3449999999999998
30/05/2024 23:00:00;0.0;0.0;0.0;13.96;2.28
30/05/2024 23:30:00;0.0;0.0;0.0;13.355;2.245
31/05/2024 00:00:00;0.0;0.0;0.0;12.75;2.21
31/05/2024 00:30:00;0.0;0.0;0.0;12.235;2.175
31/05/2024 01:00:00;0.0;0.0;0.0;11.72;2.14
31/05/2024 01:30:00;0.0;0.0;0.0;11.305;2.105
31/05/2024 02:00:00;0.0;0.0;0.0;10.89;2.07
31/05/2024 02:30:00;0.0;0.0;0.0;10.565000000000001;2.035
31/05/2024 03:00:00;0.0;0.0;0.0;10.24;2.0
31/05/2024 03:30:00;0.0;9.68;0.23;10.105;1.895
31/05/2024 04:00:00;0.0;19.36;0.46;9.97;1.79
31/05/2024 04:30:00;0.115;30.1;2.0700000000000003;10.335;1.725
31/05/2024 05:00:00;0.23;40.84;3.68;10.7;1.66
31/05/2024 05:30:00;75.525;61.825;5.345;12.37;1.66
31/05/2024 06:00:00;150.82;82.81;7.01;14.04;1.66
31/05/2024 06:30:00;241.54999999999998;100.735;8.71;15.075;2.07
31/05/2024 07:00:00;332.28;118.66;10.41;16.11;2.48
31/05/2024 07:30:00;417.87;134.54500000000002;11.92;16.895;2.755
31/05/2024 08:00:00;503.46;150.43;13.43;17.68;3.03
31/05/2024 08:30:00;591.0;154.31;14.795;18.445;3.0999999999999996
31/05/2024 09:00:00;678.54;158.19;16.16;19.21;3.17
31/05/2024 09:30:00;740.25;160.175;17.095;19.94;3.205
31/05/2024 10:00:00;801.96;162.16;18.03;20.67;3.24
31/05/2024 10:30:00;828.5699999999999;163.5;18.43;21.275;3.24
31/05/2024 11:00:00;855.18;164.84;18.83;21.88;3.24
31/05/2024 11:30:00;847.75;164.625;18.72;22.375;3.24
31/05/2024 12:00:00;840.32;164.41;18.61;22.87;3.24
31/05/2024 12:30:00;800.185;161.56;17.985;23.22;3.31
31/05/2024 13:00:00;760.05;158.71;17.36;23.57;3.38
31/05/2024 13:30:00;691.8599999999999;153.19;16.285;23.735;3.52
31/05/2024 14:00:00;623.67;147.67;15.21;23.9;3.66
31/05/2024 14:30:00;514.075;151.45999999999998;13.575;23.875;3.795
31/05/2024 15:00:00;404.48;155.25;11.94;23.85;3.93
31/05/2024 15:30:00;238.05;177.9;9.135;23.615000000000002;3.825
31/05/2024 16:00:00;71.62;200.55;6.33;23.38;3.72
31/05/2024 16:30:00;42.260000000000005;161.705;4.875;22.994999999999997;3.345
31/05/2024 17:00:00;12.9;122.86;3.42;22.61;2.97
31/05/2024 17:30:00;6.45;86.675;2.315;21.95;2.6900000000000004
31/05/2024 18:00:00;0.0;50.49;1.21;21.29;2.41
31/05/2024 18:30:00;0.0;25.245;0.605;20.475;2.375
31/05/2024 19:00:00;0.0;0.0;0.0;19.66;2.34
31/05/2024 19:30:00;0.0;0.0;0.0;18.685000000000002;2.3099999999999996
31/05/2024 20:00:00;0.0;0.0;0.0;17.71;2.28
31/05/2024 20:30:00;0.0;0.0;0.0;16.78;2.1399999999999997
31/05/2024 21:00:00;0.0;0.0;0.0;15.85;2.0
31/05/2024 21:30:00;0.0;0.0;0.0;15.219999999999999;1.895
31/05/2024 22:00:00;0.0;0.0;0.0;14.59;1.79
31/05/2024 22:30:00;0.0;0.0;0.0;14.32;1.69
31/05/2024 23:00:00;0.0;0.0;0.0;14.05;1.59
31/05/2024 23:30:00;0.0;0.0;0.0;13.975000000000001;1.4849999999999999
01/06/2024 00:00:00;0.0;0.0;0.0;13.9;1.38
01/06/2024 00:30:00;0.0;0.0;0.0;14.31;1.205
01/06/2024 01:00:00;0.0;0.0;0.0;14.72;1.03
01/06/2024 01:30:00;0.0;0.0;0.0;14.575;0.86
01/06/2024 02:00:00;0.0;0.0;0.0;14.43;0.69
01/06/2024 02:30:00;0.0;0.0;0.0;14.165;0.655
01/06/2024 03:00:00;0.0;0.0;0.0;13.9;0.62
01/06/2024 03:30:00;0.0;9.255;0.22;13.655000000000001;0.655
01/06/2024 04:00:00;0.0;18.51;0.44;13.41;0.69
01/06/2024 04:30:00;0.085;31.880000000000003;2.0;13.370000000000001;0.62
01/06/2024 05:00:00;0.17;45.25;3.56;13.33;0.55
01/06/2024 05:30:00;74.87500000000001;64.00999999999999;5.275;14.254999999999999;0.515
01/06/2024 06:00:00;149.58;82.77;6.99;15.18;0.48
01/06/2024 06:30:00;239.59500000000003;100.63499999999999;8.68;16.3;0.55
01/06/2024 07:00:00;329.61;118.5;10.37;17.42;0.62
01/06/2024 07:30:00;414.5;134.845;11.879999999999999;18.200000000000003;0.825
01/06/2024 08:00:00;499.39;151.19;13.39;18.98;1.03
01/06/2024 08:30:00;586.745;154.565;14.745000000000001;19.68;1.135
01/06/2024 09:00:00;674.1;157.94;16.1;20.38;1.24
01/06/2024 09:30:00;735.715;159.925;17.035;21.0;1.38
01/06/2024 10:00:00;797.33;161.91;17.97;21.62;1.52
01/06/2024 10:30:00;829.355;160.63;18.42;22.17;1.5899999999999999
01/06/2024 11:00:00;861.38;159.35;18.87;22.72;1.66
01/06/2024 11:30:00;854.5;158.61;18.759999999999998;23.11;1.725
01/06/2024 12:00:00;847.62;157.87;18.65;23.5;1.79
01/06/2024 12:30:00;802.135;158.18;17.985;23.59;1.8250000000000002
01/06/2024 13:00:00;756.65;158.49;17.32;23.68;1.86
01/06/2024 13:30:00;680.48;157.505;16.175;23.869999999999997;2.0
01/06/2024 14:00:00;604.31;156.52;15.03;24.06;2.14
01/06/2024 14:30:00;491.93499999999995;162.94;13.375;24.115000000000002;2.24
01/06/2024 15:00:00;379.56;169.36;11.72;24.17;2.34
01/06/2024 15:30:00;315.06;137.865;10.33;24.05;2.375
01/06/2024 16:00:00;250.56;106.37;8.94;23.93;2.41
01/06/2024 16:30:00;160.13;92.355;7.115;23.665;2.3449999999999998
01/06/2024 17:00:00;69.7;78.34;5.29;23.4;2.28
01/06/2024 17:30:00;34.85;65.255;3.27;22.71;2.07
01/06/2024 18:00:00;0.0;52.17;1.25;22.02;1.86
01/06/2024 18:30:00;0.0;26.085;0.625;21.275;1.895
01/06/2024 19:00:00;0.0;0.0;0.0;20.53;1.93
01/06/2024 19:30:00;0.0;0.0;0.0;19.67;2.0
01/06/2024 20:00:00;0.0;0.0;0.0;18.81;2.07
01/06/2024 20:30:00;0.0;0.0;0.0;17.975;2.035
01/06/2024 21:00:00;0.0;0.0;0.0;17.14;2.0
01/06/2024 21:30:00;0.0;0.0;0.0;16.575000000000003;1.9649999999999999
01/06/2024 22:00:00;0.0;0.0;0.0;16.01;1.93
01/06/2024 22:30:00;0.0;0.0;0.0;15.530000000000001;1.9649999999999999
01/06/2024 23:00:00;0.0;0.0;0.0;15.05;2.0
01/06/2024 23:30:00;0.0;0.0;0.0;14.595;2.035
02/06/2024 00:00:00;0.0;0.0;0.0;14.14;2.07
02/06/2024 00:30:00;0.0;0.0;0.0;13.8;2.035
02/06/2024 01:00:00;0.0;0.0;0.0;13.46;2.0
02/06/2024 01:30:00;0.0;0.0;0.0;13.07;1.895
02/06/2024 02:00:00;0.0;0.0;0.0;12.68;1.79
02/06/2024 02:30:00;0.0;0.0;0.0;12.575;1.655
02/06/2024 03:00:00;0.0;0.0;0.0;12.47;1.52
02/06/2024 03:30:00;0.0;9.255;0.22;12.510000000000002;1.415
02/06/2024 04:00:00;0.0;18.51;0.44;12.55;1.31
02/06/2024 04:30:00;0.05;33.87;1.97;12.535;1.31
02/06/2024 05:00:00;0.1;49.23;3.5;12.52;1.31
02/06/2024 05:30:00;73.02;67.71;5.234999999999999;13.865;1.55
02/06/2024 06:00:00;145.94;86.19;6.97;15.21;1.79
02/06/2024 06:30:00;238.15;102.25999999999999;8.69;15.92;1.93
02/06/2024 07:00:00;330.36;118.33;10.41;16.63;2.07
02/06/2024 07:30:00;423.03000000000003;130.26;11.99;17.255;2.1399999999999997
02/06/2024 08:00:00;515.7;142.19;13.57;17.88;2.21
02/06/2024 08:30:00;599.96;147.965;14.905;18.494999999999997;2.21
02/06/2024 09:00:00;684.22;153.74;16.24;19.11;2.21
02/06/2024 09:30:00;746.53;155.15;17.174999999999997;19.77;2.31
02/06/2024 10:00:00;808.84;156.56;18.11;20.43;2.41
02/06/2024 10:30:00;824.6500000000001;163.655;18.42;21.045;2.48
02/06/2024 11:00:00;840.46;170.75;18.73;21.66;2.55
02/06/2024 11:30:00;839.05;167.39499999999998;18.67;22.03;2.655
02/06/2024 12:00:00;837.64;164.04;18.61;22.4;2.76
02/06/2024 12:30:00;792.835;163.77499999999998;17.945;22.66;2.83
02/06/2024 13:00:00;748.03;163.51;17.28;22.92;2.9
02/06/2024 13:30:00;685.275;155.43;16.255000000000003;23.075000000000003;2.935
02/06/2024 14:00:00;622.52;147.35;15.23;23.23;2.97
02/06/2024 14:30:00;534.97;138.64;13.805;23.200000000000003;3.035
02/06/2024 15:00:00;447.42;129.93;12.38;23.17;3.1
02/06/2024 15:30:00;354.9;115.30000000000001;10.760000000000002;23.015;3.1
02/06/2024 16:00:00;262.38;100.67;9.14;22.86;3.1
02/06/2024 16:30:00;174.675;81.435;7.445;22.525;3.035
02/06/2024 17:00:00;86.97;62.2;5.75;22.19;2.97
02/06/2024 17:30:00;43.485;54.665000000000006;3.44;21.54;2.865
02/06/2024 18:00:00;0.0;47.13;1.13;20.89;2.76
02/06/2024 18:30:00;0.0;23.565;0.565;20.185000000000002;2.9299999999999997
02/06/2024 19:00:00;0.0;0.0;0.0;19.48;3.1
02/06/2024 19:30:00;0.0;0.0;0.0;18.785;3.0
02/06/2024 20:00:00;0.0;0.0;0.0;18.09;2.9
02/06/2024 20:30:00;0.0;0.0;0.0;17.5;2.6550000000000002
02/06/2024 21:00:00;0.0;0.0;0.0;16.91;2.41
02/06/2024 21:30:00;0.0;0.0;0.0;16.325;2.24
02/06/2024 22:00:00;0.0;0.0;0.0;15.74;2.07
02/06/2024 22:30:00;0.0;0.0;0.0;15.120000000000001;1.9649999999999999
02/06/2024 23:00:00;0.0;0.0;0.0;14.5;1.86
02/06/2024 23:30:00;0.0;0.0;0.0;13.969999999999999;1.76
03/06/2024 00:00:00;0.0;0.0;0.0;13.44;1.66
03/06/2024 00:30:00;0.0;0.0;0.0;13.035;1.5899999999999999
03/06/2024 01:00:00;0.0;0.0;0.0;12.63;1.52
03/06/2024 01:30:00;0.0;0.0;0.0;12.405000000000001;1.45
03/06/2024 02:00:00;0.0;0.0;0.0;12.18;1.38
03/06/2024 02:30:00;0.0;0.0;0.0;11.855;1.38
03/06/2024 03:00:00;0.0;0.0;0.0;11.53;1.38
03/06/2024 03:30:00;0.0;10.1;0.24;11.335;1.345
03/06/2024 04:00:00;0.0;20.2;0.48;11.14;1.31
03/06/2024 04:30:00;0.015;31.354999999999997;2.09;11.71;1.105
03/06/2024 05:00:00;0.03;42.51;3.7;12.28;0.9
03/06/2024 05:30:00;75.385;62.45;5.385;13.495000000000001;0.935
03/06/2024 06:00:00;150.74;82.39;7.07;14.71;0.97
03/06/2024 06:30:00;239.25;100.755;8.73;15.665000000000001;1.105
03/06/2024 07:00:00;327.76;119.12;10.39;16.62;1.24
03/06/2024 07:30:00;420.21;130.56;11.96;17.36;1.31
03/06/2024 08:00:00;512.66;142.0;13.53;18.1;1.38
03/06/2024 08:30:00;592.145;149.785;14.815000000000001;18.87;1.45
03/06/2024 09:00:00;671.63;157.57;16.1;19.64;1.52
03/06/2024 09:30:00;732.635;160.08499999999998;17.035;20.285;1.62
03/06/2024 10:00:00;793.64;162.6;17.97;20.93;1.72
03/06/2024 10:30:00;808.8299999999999;169.68;18.27;21.46;1.79
03/06/2024 11:00:00;824.02;176.76;18.57;21.99;1.86
03/06/2024 11:30:00;823.185;173.425;18.52;22.43;1.9649999999999999
03/06/2024 12:00:00;822.35;170.09;18.47;22.87;2.07
03/06/2024 12:30:00;783.04;167.22;17.854999999999997;23.03;2.0
03/06/2024 13:00:00;743.73;164.35;17.24;23.19;1.93
03/06/2024 13:30:00;677.5799999999999;158.28;16.185;23.35;1.8599999999999999
03/06/2024 14:00:00;611.43;152.21;15.13;23.51;1.79
03/06/2024 14:30:00;522.11;144.385;13.675;23.51;1.93
03/06/2024 15:00:00;432.79;136.56;12.22;23.51;2.07
03/06/2024 15:30:00;350.81;116.275;10.72;23.51;2.105
03/06/2024 16:00:00;268.83;95.99;9.22;23.51;2.14
03/06/2024 16:30:00;167.81;89.905;7.245;23.18;1.9
03/06/2024 17:00:00;66.79;83.82;5.27;22.85;1.66
03/06/2024 17:30:00;33.395;65.05;3.19;22.245;1.45
03/06/2024 18:00:00;0.0;46.28;1.11;21.64;1.24
03/06/2024 18:30:00;0.0;23.14;0.555;20.995;1.7599999999999998
03/06/2024 19:00:00;0.0;0.0;0.0;20.35;2.28
03/06/2024 19:30:00;0.0;0.0;0.0;19.555;2.245
03/06/2024 20:00:00;0.0;0.0;0.0;18.76;2.21
03/06/2024 20:30:00;0.0;0.0;0.0;18.195;2.035
03/06/2024 21:00:00;0.0;0.0;0.0;17.63;1.86
03/06/2024 21:30:00;0.0;0.0;0.0;16.88;1.79
03/06/2024 22:00:00;0.0;0.0;0.0;16.13;1.72
03/06/2024 22:30:00;0.0;0.0;0.0;15.584999999999999;1.655
03/06/2024 23:00:00;0.0;0.0;0.0;15.04;1.59
03/06/2024 23:30:00;0.0;0.0;0.0;14.66;1.52
04/06/2024 00:00:00;0.0;0.0;0.0;14.28;1.45
04/06/2024 00:30:00;0.0;0.0;0.0;14.04;1.38
04/06/2024 01:00:00;0.0;0.0;0.0;13.8;1.31
04/06/2024 01:30:00;0.0;0.0;0.0;13.95;1.17
04/06/2024 02:00:00;0.0;0.0;0.0;14.1;1.03
04/06/2024 02:30:00;0.0;0.0;0.0;14.105;0.9650000000000001
04/06/2024 03:00:00;0.0;0.0;0.0;14.11;0.9
04/06/2024 03:30:00;0.0;6.73;0.16;13.83;0.935
04/06/2024 04:00:00;0.0;13.46;0.32;13.55;0.97
04/06/2024 04:30:00;0.0;47.12500000000001;1.125;13.565000000000001;0.865
04/06/2024 05:00:00;0.0;80.79;1.93;13.58;0.76
04/06/2024 05:30:00;54.135;97.82;4.15;14.665;0.7949999999999999
04/06/2024 06:00:00;108.27;114.85;6.37;15.75;0.83
04/06/2024 06:30:00;205.815;123.95;8.25;16.395;0.725
04/06/2024 07:00:00;303.36;133.05;10.13;17.04;0.62
04/06/2024 07:30:00;317.885;187.55;11.025;17.625;0.7949999999999999
04/06/2024 08:00:00;332.41;242.05;11.92;18.21;0.97
04/06/2024 08:30:00;444.19500000000005;232.54000000000002;13.555;18.880000000000003;1.105
04/06/2024 09:00:00;555.98;223.03;15.19;19.55;1.24
04/06/2024 09:30:00;667.26;194.75;16.49;20.235;1.31
04/06/2024 10:00:00;778.54;166.47;17.79;20.92;1.38
04/06/2024 10:30:00;798.525;172.03;18.15;21.415;1.275
04/06/2024 11:00:00;818.51;177.59;18.51;21.91;1.17
04/06/2024 11:30:00;812.3050000000001;176.845;18.41;22.314999999999998;1.275
04/06/2024 12:00:00;806.1;176.1;18.31;22.72;1.38
04/06/2024 12:30:00;768.05;172.68;17.705;23.02;1.5499999999999998
04/06/2024 13:00:00;730.0;169.26;17.1;23.32;1.72
04/06/2024 13:30:00;668.745;161.155;16.095;23.365000000000002;1.9649999999999999
04/06/2024 14:00:00;607.49;153.05;15.09;23.41;2.21
04/06/2024 14:30:00;518.875;145.22500000000002;13.645;23.509999999999998;2.31
04/06/2024 15:00:00;430.26;137.4;12.2;23.61;2.41
04/06/2024 15:30:00;282.045;158.135;9.85;22.91;2.48
04/06/2024 16:00:00;133.83;178.87;7.5;22.21;2.55
04/06/2024 16:30:00;110.27000000000001;121.42;6.635;21.845;2.48
04/06/2024 17:00:00;86.71;63.97;5.77;21.48;2.41
04/06/2024 17:30:00;43.355;55.125;3.44;21.16;1.895
04/06/2024 18:00:00;0.0;46.28;1.11;20.84;1.38
04/06/2024 18:30:00;0.0;23.14;0.555;20.34;1.795
04/06/2024 19:00:00;0.0;0.0;0.0;19.84;2.21
04/06/2024 19:30:00;0.0;0.0;0.0;19.02;2.1399999999999997
04/06/2024 20:00:00;0.0;0.0;0.0;18.2;2.07
04/06/2024 20:30:00;0.0;0.0;0.0;17.465;2.035
04/06/2024 21:00:00;0.0;0.0;0.0;16.73;2.0
04/06/2024 21:30:00;0.0;0.0;0.0;16.145;1.9649999999999999
04/06/2024 22:00:00;0.0;0.0;0.0;15.56;1.93
04/06/2024 22:30:00;0.0;0.0;0.0;14.985;1.8599999999999999
04/06/2024 23:00:00;0.0;0.0;0.0;14.41;1.79
04/06/2024 23:30:00;0.0;0.0;0.0;14.21;1.69
05/06/2024 00:00:00;0.0;0.0;0.0;14.01;1.59
05/06/2024 00:30:00;0.0;0.0;0.0;13.83;1.52
05/06/2024 01:00:00;0.0;0.0;0.0;13.65;1.45
05/06/2024 01:30:00;0.0;0.0;0.0;13.525;1.415
05/06/2024 02:00:00;0.0;0.0;0.0;13.4;1.38
05/06/2024 02:30:00;0.0;0.0;0.0;13.405000000000001;1.275
05/06/2024 03:00:00;0.0;0.0;0.0;13.41;1.17
05/06/2024 03:30:00;0.0;10.52;0.25;13.31;1.135
05/06/2024 04:00:00;0.0;21.04;0.5;13.21;1.1
05/06/2024 04:30:00;0.0;42.92;1.025;13.29;1.0
05/06/2024 05:00:00;0.0;64.8;1.55;13.37;0.9
05/06/2024 05:30:00;68.22;79.375;4.22;14.48;0.7949999999999999
05/06/2024 06:00:00;136.44;93.95;6.89;15.59;0.69
05/06/2024 06:30:00;228.73499999999999;109.19;8.64;16.494999999999997;0.7949999999999999
05/06/2024 07:00:00;321.03;124.43;10.39;17.4;0.9
05/06/2024 07:30:00;406.68499999999995;139.93;11.91;18.22;1.0
05/06/2024 08:00:00;492.34;155.43;13.43;19.04;1.1
05/06/2024 08:30:00;579.83;158.4;14.785;19.805;1.205
05/06/2024 09:00:00;667.32;161.37;16.14;20.57;1.31
05/06/2024 09:30:00;722.9000000000001;166.515;17.025;21.245;1.55
05/06/2024 10:00:00;778.48;171.66;17.91;21.92;1.79
05/06/2024 10:30:00;804.425;174.125;18.32;22.21;1.8599999999999999
05/06/2024 11:00:00;830.37;176.59;18.73;22.5;1.93
05/06/2024 11:30:00;802.075;188.785;18.47;22.86;2.0
05/06/2024 12:00:00;773.78;200.98;18.21;23.22;2.07
05/06/2024 12:30:00;757.2049999999999;185.14499999999998;17.765;23.509999999999998;2.175
05/06/2024 13:00:00;740.63;169.31;17.32;23.8;2.28
05/06/2024 13:30:00;664.5699999999999;168.66;16.175;23.845;2.3099999999999996
05/06/2024 14:00:00;588.51;168.01;15.03;23.89;2.34
05/06/2024 14:30:00;513.6800000000001;152.19;13.705;23.825000000000003;2.3099999999999996
05/06/2024 15:00:00;438.85;136.37;12.38;23.76;2.28
05/06/2024 15:30:00;341.235;125.34;10.68;23.695;2.3449999999999998
05/06/2024 16:00:00;243.62;114.31;8.98;23.63;2.41
05/06/2024 16:30:00;157.01;98.41;7.195;23.32;2.2750000000000004
05/06/2024 17:00:00;70.4;82.51;5.41;23.01;2.14
05/06/2024 17:30:00;35.2;67.765;3.34;22.57;1.9300000000000002
05/06/2024 18:00:00;0.0;53.02;1.27;22.13;1.72
05/06/2024 18:30:00;0.0;26.51;0.635;21.165;1.31
05/06/2024 19:00:00;0.0;0.0;0.0;20.2;0.9
05/06/2024 19:30:00;0.0;0.0;0.0;20.055;0.69
05/06/2024 20:00:00;0.0;0.0;0.0;19.91;0.48
05/06/2024 20:30:00;0.0;0.0;0.0;19.64;0.345
05/06/2024 21:00:00;0.0;0.0;0.0;19.37;0.21
05/06/2024 21:30:00;0.0;0.0;0.0;19.165;0.245
05/06/2024 22:00:00;0.0;0.0;0.0;18.96;0.28
05/06/2024 22:30:00;0.0;0.0;0.0;18.655;0.5900000000000001
05/06/2024 23:00:00;0.0;0.0;0.0;18.35;0.9
05/06/2024 23:30:00;0.0;0.0;0.0;17.37;1.035
06/06/2024 00:00:00;0.0;0.0;0.0;16.39;1.17
06/06/2024 00:30:00;0.0;0.0;0.0;15.805;1.17
06/06/2024 01:00:00;0.0;0.0;0.0;15.22;1.17
06/06/2024 01:30:00;0.0;0.0;0.0;15.065000000000001;1.1
06/06/2024 02:00:00;0.0;0.0;0.0;14.91;1.03
06/06/2024 02:30:00;0.0;0.0;0.0;14.73;0.9650000000000001
06/06/2024 03:00:00;0.0;0.0;0.0;14.55;0.9
06/06/2024 03:30:00;0.0;10.94;0.26;14.175;0.935
06/06/2024 04:00:00;0.0;21.88;0.52;13.8;0.97
06/06/2024 04:30:00;0.0;44.18000000000001;1.0550000000000002;13.985;0.83
06/06/2024 05:00:00;0.0;66.48;1.59;14.17;0.69
06/06/2024 05:30:00;67.96;80.16499999999999;4.24;15.135000000000002;0.62
06/06/2024 06:00:00;135.92;93.85;6.89;16.1;0.55
06/06/2024 06:30:00;67.96;46.925;3.445;17.130000000000003;0.76
06/06/2024 07:00:00;0.0;0.0;0.0;18.16;0.97
06/06/2024 07:30:00;253.87;72.74;6.785;18.89;1.1400000000000001
06/06/2024 08:00:00;507.74;145.48;13.57;19.62;1.31
06/06/2024 08:30:00;586.495;153.33999999999997;14.845;20.29;1.4849999999999999
06/06/2024 09:00:00;665.25;161.2;16.12;20.96;1.66
06/06/2024 09:30:00;726.12;163.76999999999998;17.055;21.4;1.8649999999999998
06/06/2024 10:00:00;786.99;166.34;17.99;21.84;2.07
06/06/2024 10:30:00;807.61;170.84;18.34;22.16;2.1399999999999997
06/06/2024 11:00:00;828.23;175.34;18.69;22.48;2.21
06/06/2024 11:30:00;792.45;192.68;18.39;22.740000000000002;2.21
06/06/2024 12:00:00;756.67;210.02;18.09;23.0;2.21
06/06/2024 12:30:00;714.47;209.4;17.455;23.314999999999998;2.245
06/06/2024 13:00:00;672.27;208.78;16.82;23.63;2.28
06/06/2024 13:30:00;648.63;177.825;16.085;23.755;2.245
06/06/2024 14:00:00;624.99;146.87;15.35;23.88;2.21
06/06/2024 14:30:00;537.61;138.675;13.934999999999999;23.83;2.105
06/06/2024 15:00:00;450.23;130.48;12.52;23.78;2.0
06/06/2024 15:30:00;344.49;124.215;10.73;23.770000000000003;1.9300000000000002
06/06/2024 16:00:00;238.75;117.95;8.94;23.76;1.86
06/06/2024 16:30:00;136.03;119.42500000000001;6.68;23.615000000000002;1.8250000000000002
06/06/2024 17:00:00;33.31;120.9;4.42;23.47;1.79
06/06/2024 17:30:00;16.655;85.275;2.8049999999999997;22.775;1.48
06/06/2024 18:00:00;0.0;49.65;1.19;22.08;1.17
06/06/2024 18:30:00;0.0;24.825;0.595;21.325;1.415
06/06/2024 19:00:00;0.0;0.0;0.0;20.57;1.66
06/06/2024 19:30:00;0.0;0.0;0.0;19.5;1.8649999999999998
06/06/2024 20:00:00;0.0;0.0;0.0;18.43;2.07
06/06/2024 20:30:00;0.0;0.0;0.0;17.585;2.105
06/06/2024 21:00:00;0.0;0.0;0.0;16.74;2.14
06/06/2024 21:30:00;0.0;0.0;0.0;15.995;2.0700000000000003
06/06/2024 22:00:00;0.0;0.0;0.0;15.25;2.0
06/06/2024 22:30:00;0.0;0.0;0.0;14.815000000000001;1.895
06/06/2024 23:00:00;0.0;0.0;0.0;14.38;1.79
06/06/2024 23:30:00;0.0;0.0;0.0;13.91;1.755
07/06/2024 00:00:00;0.0;0.0;0.0;13.44;1.72
07/06/2024 00:30:00;0.0;0.0;0.0;13.155;1.655
07/06/2024 01:00:00;0.0;0.0;0.0;12.87;1.59
07/06/2024 01:30:00;0.0;0.0;0.0;12.805;1.4849999999999999
07/06/2024 02:00:00;0.0;0.0;0.0;12.74;1.38
07/06/2024 02:30:00;0.0;0.0;0.0;12.895;1.24
07/06/2024 03:00:00;0.0;0.0;0.0;13.05;1.1
07/06/2024 03:30:00;0.0;10.94;0.26;13.04;1.065
07/06/2024 04:00:00;0.0;21.88;0.52;13.03;1.03
07/06/2024 04:30:00;0.0;41.655;0.995;13.43;0.895
07/06/2024 05:00:00;0.0;61.43;1.47;13.83;0.76
07/06/2024 05:30:00;72.135;73.935;4.25;14.8;0.69
07/06/2024 06:00:00;144.27;86.44;7.03;15.77;0.62
07/06/2024 06:30:00;233.96500000000003;103.425;8.72;17.119999999999997;0.895
07/06/2024 07:00:00;323.66;120.41;10.41;18.47;1.17
07/06/2024 07:30:00;414.77;132.37;11.969999999999999;19.295;1.24
07/06/2024 08:00:00;505.88;144.33;13.53;20.12;1.31
07/06/2024 08:30:00;578.405;156.215;14.765;20.845;1.275
07/06/2024 09:00:00;650.93;168.1;16.0;21.57;1.24
07/06/2024 09:30:00;712.0699999999999;169.70499999999998;16.925;22.085;1.17
07/06/2024 10:00:00;773.21;171.31;17.85;22.6;1.1
07/06/2024 10:30:00;792.135;177.935;18.21;23.015;1.135
07/06/2024 11:00:00;811.06;184.56;18.57;23.43;1.17
07/06/2024 11:30:00;797.405;188.47;18.42;23.759999999999998;1.275
07/06/2024 12:00:00;783.75;192.38;18.27;24.09;1.38
07/06/2024 12:30:00;760.245;180.69;17.775;24.25;1.4849999999999999
07/06/2024 13:00:00;736.74;169.0;17.28;24.41;1.59
07/06/2024 13:30:00;660.89;168.865;16.145;24.605;1.52
07/06/2024 14:00:00;585.04;168.73;15.01;24.8;1.45
07/06/2024 14:30:00;514.145;151.01;13.725;24.78;1.345
07/06/2024 15:00:00;443.25;133.29;12.44;24.76;1.24
07/06/2024 15:30:00;349.26;120.05;10.79;24.55;1.24
07/06/2024 16:00:00;255.27;106.81;9.14;24.34;1.24
07/06/2024 16:30:00;171.4;86.625;7.495;24.134999999999998;1.31
07/06/2024 17:00:00;87.53;66.44;5.85;23.93;1.38
07/06/2024 17:30:00;43.765;56.36;3.48;23.375;1.14
07/06/2024 18:00:00;0.0;46.28;1.11;22.82;0.9
07/06/2024 18:30:00;0.0;23.14;0.555;22.085;1.28
07/06/2024 19:00:00;0.0;0.0;0.0;21.35;1.66
07/06/2024 19:30:00;0.0;0.0;0.0;20.25;1.69
07/06/2024 20:00:00;0.0;0.0;0.0;19.15;1.72
07/06/2024 20:30:00;0.0;0.0;0.0;18.445;1.69
07/06/2024 21:00:00;0.0;0.0;0.0;17.74;1.66
07/06/2024 21:30:00;0.0;0.0;0.0;17.485;1.555
07/06/2024 22:00:00;0.0;0.0;0.0;17.23;1.45
07/06/2024 22:30:00;0.0;0.0;0.0;16.810000000000002;1.45
07/06/2024 23:00:00;0.0;0.0;0.0;16.39;1.45
07/06/2024 23:30:00;0.0;0.0;0.0;15.935;1.415
08/06/2024 00:00:00;0.0;0.0;0.0;15.48;1.38
08/06/2024 00:30:00;0.0;0.0;0.0;15.365;1.275
08/06/2024 01:00:00;0.0;0.0;0.0;15.25;1.17
08/06/2024 01:30:00;0.0;0.0;0.0;15.285;1.1
08/06/2024 02:00:00;0.0;0.0;0.0;15.32;1.03
08/06/2024 02:30:00;0.0;0.0;0.0;15.315000000000001;0.9650000000000001
08/06/2024 03:00:00;0.0;0.0;0.0;15.31;0.9
08/06/2024 03:30:00;0.0;1.685;0.04;15.085;0.9
08/06/2024 04:00:00;0.0;3.37;0.08;14.86;0.9
08/06/2024 04:30:00;0.0;37.029999999999994;0.8849999999999999;14.91;0.8300000000000001
08/06/2024 05:00:00;0.0;70.69;1.69;14.96;0.76
08/06/2024 05:30:00;0.0;83.435;1.92;15.950000000000001;0.655
08/06/2024 06:00:00;0.0;96.18;2.15;16.94;0.55
08/06/2024 06:30:00;176.025;99.76;6.449999999999999;17.700000000000003;0.86
08/06/2024 07:00:00;352.05;103.34;10.75;18.46;1.17
08/06/2024 07:30:00;418.02;129.615;12.035;19.305;1.1
08/06/2024 08:00:00;483.99;155.89;13.32;20.15;1.03
08/06/2024 08:30:00;564.96;162.41;14.629999999999999;21.049999999999997;0.895
08/06/2024 09:00:00;645.93;168.93;15.94;21.95;0.76
08/06/2024 09:30:00;706.9749999999999;170.54500000000002;16.865;22.65;0.725
08/06/2024 10:00:00;768.02;172.16;17.79;23.35;0.69
08/06/2024 10:30:00;786.9300000000001;178.25;18.14;23.89;0.7949999999999999
08/06/2024 11:00:00;805.84;184.34;18.49;24.43;0.9
08/06/2024 11:30:00;812.095;176.865;18.49;24.735;0.9
08/06/2024 12:00:00;818.35;169.39;18.49;25.04;0.9
08/06/2024 12:30:00;713.02;205.685;17.395;25.369999999999997;0.7949999999999999
08/06/2024 13:00:00;607.69;241.98;16.3;25.7;0.69
08/06/2024 13:30:00;475.045;268.46;14.59;25.795;0.5499999999999999
08/06/2024 14:00:00;342.4;294.94;12.88;25.89;0.41
08/06/2024 14:30:00;308.985;261.71500000000003;11.855;26.07;0.585
08/06/2024 15:00:00;275.57;228.49;10.83;26.25;0.76
08/06/2024 15:30:00;189.555;212.185;8.96;25.490000000000002;0.93
08/06/2024 16:00:00;103.54;195.88;7.09;24.73;1.1
08/06/2024 16:30:00;90.62;136.325;6.35;24.675;1.17
08/06/2024 17:00:00;77.7;76.77;5.61;24.62;1.24
08/06/2024 17:30:00;38.85;63.209999999999994;3.4000000000000004;23.975;1.105
08/06/2024 18:00:00;0.0;49.65;1.19;23.33;0.97
08/06/2024 18:30:00;0.0;24.825;0.595;22.42;1.315
08/06/2024 19:00:00;0.0;0.0;0.0;21.51;1.66
08/06/2024 19:30:00;0.0;0.0;0.0;20.555;1.52
08/06/2024 20:00:00;0.0;0.0;0.0;19.6;1.38
08/06/2024 20:30:00;0.0;0.0;0.0;18.945;1.38
08/06/2024 21:00:00;0.0;0.0;0.0;18.29;1.38
08/06/2024 21:30:00;0.0;0.0;0.0;17.555;1.4849999999999999
08/06/2024 22:00:00;0.0;0.0;0.0;16.82;1.59
08/06/2024 22:30:00;0.0;0.0;0.0;16.27;1.5550000000000002
08/06/2024 23:00:00;0.0;0.0;0.0;15.72;1.52
08/06/2024 23:30:00;0.0;0.0;0.0;15.350000000000001;1.4849999999999999
09/06/2024 00:00:00;0.0;0.0;0.0;14.98;1.45
09/06/2024 00:30:00;0.0;0.0;0.0;14.77;1.38
09/06/2024 01:00:00;0.0;0.0;0.0;14.56;1.31
09/06/2024 01:30:00;0.0;0.0;0.0;14.39;1.275
09/06/2024 02:00:00;0.0;0.0;0.0;14.22;1.24
09/06/2024 02:30:00;0.0;0.0;0.0;14.04;1.205
09/06/2024 03:00:00;0.0;0.0;0.0;13.86;1.17
09/06/2024 03:30:00;0.0;10.94;0.26;13.98;1.1
09/06/2024 04:00:00;0.0;21.88;0.52;14.1;1.03
09/06/2024 04:30:00;0.0;41.235;0.985;14.515;0.9299999999999999
09/06/2024 05:00:00;0.0;60.59;1.45;14.93;0.83
09/06/2024 05:30:00;71.615;73.42500000000001;4.24;16.1;0.7949999999999999
09/06/2024 06:00:00;143.23;86.26;7.03;17.27;0.76
09/06/2024 06:30:00;232.315;103.67500000000001;8.72;18.375;0.865
09/06/2024 07:00:00;321.4;121.09;10.41;19.48;0.97
09/06/2024 07:30:00;415.67499999999995;131.61;12.01;20.345;1.105
09/06/2024 08:00:00;509.95;142.13;13.61;21.21;1.24
09/06/2024 08:30:00;589.295;149.425;14.885;22.03;1.38
09/06/2024 09:00:00;668.64;156.72;16.16;22.85;1.52
09/06/2024 09:30:00;719.49;164.405;17.005000000000003;23.455;1.725
09/06/2024 10:00:00;770.34;172.09;17.85;24.06;1.93
09/06/2024 10:30:00;808.12;168.315;18.36;24.41;2.0
09/06/2024 11:00:00;845.9;164.54;18.87;24.76;2.07
09/06/2024 11:30:00;839.2249999999999;164.345;18.770000000000003;25.085;2.0
09/06/2024 12:00:00;832.55;164.15;18.67;25.41;1.93
09/06/2024 12:30:00;799.115;158.765;18.12;25.685000000000002;1.8599999999999999
09/06/2024 13:00:00;765.68;153.38;17.57;25.96;1.79
09/06/2024 13:30:00;685.78;154.98000000000002;16.39;26.165;1.8250000000000002
09/06/2024 14:00:00;605.88;156.58;15.21;26.37;1.86
09/06/2024 14:30:00;521.8050000000001;146.3;13.805;26.325000000000003;1.9649999999999999
09/06/2024 15:00:00;437.73;136.02;12.4;26.28;2.07
09/06/2024 15:30:00;334.115;130.15;10.64;26.185000000000002;2.175
09/06/2024 16:00:00;230.5;124.28;8.88;26.09;2.28
09/06/2024 16:30:00;133.95499999999998;122.215;6.74;25.865000000000002;2.21
09/06/2024 17:00:00;37.41;120.15;4.6;25.64;2.14
09/06/2024 17:30:00;18.705;89.11;2.9949999999999997;25.075000000000003;1.9
09/06/2024 18:00:00;0.0;58.07;1.39;24.51;1.66
09/06/2024 18:30:00;0.0;29.035;0.695;23.590000000000003;1.76
09/06/2024 19:00:00;0.0;0.0;0.0;22.67;1.86
09/06/2024 19:30:00;0.0;0.0;0.0;21.815;2.0
09/06/2024 20:00:00;0.0;0.0;0.0;20.96;2.14
09/06/2024 20:30:00;0.0;0.0;0.0;20.185000000000002;1.9300000000000002
09/06/2024 21:00:00;0.0;0.0;0.0;19.41;1.72
09/06/2024 21:30:00;0.0;0.0;0.0;20.085;1.17
09/06/2024 22:00:00;0.0;0.0;0.0;20.76;0.62
09/06/2024 22:30:00;0.0;0.0;0.0;20.17;0.69
09/06/2024 23:00:00;0.0;0.0;0.0;19.58;0.76
09/06/2024 23:30:00;0.0;0.0;0.0;18.365;1.105
10/06/2024 00:00:00;0.0;0.0;0.0;17.15;1.45
10/06/2024 00:30:00;0.0;0.0;0.0;16.81;1.38
10/06/2024 01:00:00;0.0;0.0;0.0;16.47;1.31
10/06/2024 01:30:00;0.0;0.0;0.0;16.195;1.24
10/06/2024 02:00:00;0.0;0.0;0.0;15.92;1.17
10/06/2024 02:30:00;0.0;0.0;0.0;15.905000000000001;1.0699999999999998
10/06/2024 03:00:00;0.0;0.0;0.0;15.89;0.97
10/06/2024 03:30:00;0.0;11.36;0.27;15.83;0.935
10/06/2024 04:00:00;0.0;22.72;0.54;15.77;0.9
10/06/2024 04:30:00;0.0;42.915;1.025;15.89;0.69
10/06/2024 05:00:00;0.0;63.11;1.51;16.01;0.48
10/06/2024 05:30:00;69.61;75.195;4.22;16.955;0.38
10/06/2024 06:00:00;139.22;87.28;6.93;17.9;0.28
10/06/2024 06:30:00;226.66500000000002;104.62;8.6;18.9;0.5549999999999999
10/06/2024 07:00:00;314.11;121.96;10.27;19.9;0.83
10/06/2024 07:30:00;407.36;131.945;11.85;20.59;0.76
10/06/2024 08:00:00;500.61;141.93;13.43;21.28;0.69
10/06/2024 08:30:00;573.99;152.22;14.655000000000001;21.950000000000003;0.83
10/06/2024 09:00:00;647.37;162.51;15.88;22.62;0.97
10/06/2024 09:30:00;712.685;162.53;16.855;23.185000000000002;1.105
10/06/2024 10:00:00;778.0;162.55;17.83;23.75;1.24
10/06/2024 10:30:00;750.26;195.195;17.83;24.145;1.415
10/06/2024 11:00:00;722.52;227.84;17.83;24.54;1.59
10/06/2024 11:30:00;548.305;305.595;16.299999999999997;24.82;1.59
10/06/2024 12:00:00;374.09;383.35;14.77;25.1;1.59
10/06/2024 12:30:00;421.58;345.635;14.93;25.3;1.59
10/06/2024 13:00:00;469.07;307.92;15.09;25.5;1.59
10/06/2024 13:30:00;354.8;317.625;13.385;25.740000000000002;1.69
10/06/2024 14:00:00;240.53;327.33;11.68;25.98;1.79
10/06/2024 14:30:00;319.685;242.17;11.84;26.09;1.755
10/06/2024 15:00:00;398.84;157.01;12.0;26.2;1.72
10/06/2024 15:30:00;330.19;129.575;10.61;26.145;1.79
10/06/2024 16:00:00;261.54;102.14;9.22;26.09;1.86
10/06/2024 16:30:00;163.465;96.68;7.275;25.855;1.9649999999999999
10/06/2024 17:00:00;65.39;91.22;5.33;25.62;2.07
10/06/2024 17:30:00;32.695;60.754999999999995;3.025;25.215;1.895
10/06/2024 18:00:00;0.0;30.29;0.72;24.81;1.72
10/06/2024 18:30:00;0.0;15.145;0.36;23.975;1.79
10/06/2024 19:00:00;0.0;0.0;0.0;23.14;1.86
10/06/2024 19:30:00;0.0;0.0;0.0;22.34;1.9300000000000002
10/06/2024 20:00:00;0.0;0.0;0.0;21.54;2.0
10/06/2024 20:30:00;0.0;0.0;0.0;20.835;1.9649999999999999
10/06/2024 21:00:00;0.0;0.0;0.0;20.13;1.93
10/06/2024 21:30:00;0.0;0.0;0.0;19.535;1.795
10/06/2024 22:00:00;0.0;0.0;0.0;18.94;1.66
10/06/2024 22:30:00;0.0;0.0;0.0;18.6;1.555
10/06/2024 23:00:00;0.0;0.0;0.0;18.26;1.45
10/06/2024 23:30:00;0.0;0.0;0.0;18.16;1.345
11/06/2024 00:00:00;0.0;0.0;0.0;18.06;1.24
11/06/2024 00:30:00;0.0;0.0;0.0;17.814999999999998;1.205
11/06/2024 01:00:00;0.0;0.0;0.0;17.57;1.17
11/06/2024 01:30:00;0.0;0.0;0.0;17.305;1.17
11/06/2024 02:00:00;0.0;0.0;0.0;17.04;1.17
11/06/2024 02:30:00;0.0;0.0;0.0;16.64;1.17
11/06/2024 03:00:00;0.0;0.0;0.0;16.24;1.17
11/06/2024 03:30:00;0.0;11.36;0.27;15.864999999999998;1.17
11/06/2024 04:00:00;0.0;22.72;0.54;15.49;1.17
11/06/2024 04:30:00;0.0;41.235;0.985;15.795000000000002;1.0699999999999998
11/06/2024 05:00:00;0.0;59.75;1.43;16.1;0.97
11/06/2024 05:30:00;75.785;68.87;4.3;17.455;1.0
11/06/2024 06:00:00;151.57;77.99;7.17;18.81;1.03
11/06/2024 06:30:00;242.875;93.82;8.84;19.45;1.1
11/06/2024 07:00:00;334.18;109.65;10.51;20.09;1.17
11/06/2024 07:30:00;426.56500000000005;120.35000000000001;12.059999999999999;20.835;1.31
11/06/2024 08:00:00;518.95;131.05;13.61;21.58;1.45
11/06/2024 08:30:00;600.1600000000001;137.64;14.905;22.27;1.38
11/06/2024 09:00:00;681.37;144.23;16.2;22.96;1.31
11/06/2024 09:30:00;738.8399999999999;147.635;17.085;23.605;1.38
11/06/2024 10:00:00;796.31;151.04;17.97;24.25;1.45
11/06/2024 10:30:00;726.3299999999999;207.70499999999998;17.655;24.73;1.585
11/06/2024 11:00:00;656.35;264.37;17.34;25.21;1.72
11/06/2024 11:30:00;591.64;293.19;16.77;25.685000000000002;1.8599999999999999
11/06/2024 12:00:00;526.93;322.01;16.2;26.16;2.0
11/06/2024 12:30:00;502.53;312.145;15.675;26.240000000000002;2.105
11/06/2024 13:00:00;478.13;302.28;15.15;26.32;2.21
11/06/2024 13:30:00;280.625;320.53499999999997;12.105;26.39;2.275
11/06/2024 14:00:00;83.12;338.79;9.06;26.46;2.34
11/06/2024 14:30:00;41.56;246.70000000000002;6.26;26.384999999999998;2.375
11/06/2024 15:00:00;0.0;154.61;3.46;26.31;2.41
11/06/2024 15:30:00;93.09;153.29500000000002;5.890000000000001;26.4;2.48
11/06/2024 16:00:00;186.18;151.98;8.32;26.49;2.55
11/06/2024 16:30:00;120.18;128.07;6.6899999999999995;26.174999999999997;2.585
11/06/2024 17:00:00;54.18;104.16;5.06;25.86;2.62
11/06/2024 17:30:00;27.09;79.43;3.1849999999999996;25.435000000000002;2.275
11/06/2024 18:00:00;0.0;54.7;1.31;25.01;1.93
11/06/2024 18:30:00;0.0;28.19;0.675;24.14;1.895
11/06/2024 19:00:00;0.0;1.68;0.04;23.27;1.86
11/06/2024 19:30:00;0.0;0.84;0.02;22.08;1.86
11/06/2024 20:00:00;0.0;0.0;0.0;20.89;1.86
11/06/2024 20:30:00;0.0;0.0;0.0;20.035;1.86
11/06/2024 21:00:00;0.0;0.0;0.0;19.18;1.86
11/06/2024 21:30:00;0.0;0.0;0.0;18.58;1.86
11/06/2024 22:00:00;0.0;0.0;0.0;17.98;1.86
11/06/2024 22:30:00;0.0;0.0;0.0;17.615000000000002;1.79
11/06/2024 23:00:00;0.0;0.0;0.0;17.25;1.72
11/06/2024 23:30:00;0.0;0.0;0.0;16.994999999999997;1.69
12/06/2024 00:00:00;0.0;0.0;0.0;16.74;1.66
12/06/2024 00:30:00;0.0;0.0;0.0;16.515;1.5899999999999999
12/06/2024 01:00:00;0.0;0.0;0.0;16.29;1.52
12/06/2024 01:30:00;0.0;0.0;0.0;16.255;1.45
12/06/2024 02:00:00;0.0;0.0;0.0;16.22;1.38
12/06/2024 02:30:00;0.0;0.0;0.0;16.240000000000002;1.31
12/06/2024 03:00:00;0.0;0.0;0.0;16.26;1.24
12/06/2024 03:30:00;0.0;10.94;0.26;16.105;1.17
12/06/2024 04:00:00;0.0;21.88;0.52;15.95;1.1
12/06/2024 04:30:00;0.0;39.974999999999994;0.955;15.934999999999999;1.0
12/06/2024 05:00:00;0.0;58.07;1.39;15.92;0.9
12/06/2024 05:30:00;78.73;66.905;4.375;16.835;0.8300000000000001
12/06/2024 06:00:00;157.46;75.74;7.36;17.75;0.76
12/06/2024 06:30:00;251.29000000000002;91.65;9.055;19.02;1.0350000000000001
12/06/2024 07:00:00;345.12;107.56;10.75;20.29;1.31
12/06/2024 07:30:00;442.63;116.83;12.36;21.07;1.55
12/06/2024 08:00:00;540.14;126.1;13.97;21.85;1.79
12/06/2024 08:30:00;270.07;63.05;6.985;22.58;1.965
12/06/2024 09:00:00;0.0;0.0;0.0;23.31;2.14
12/06/2024 09:30:00;397.27;80.25;9.065;23.945;2.175
12/06/2024 10:00:00;794.54;160.5;18.13;24.58;2.21
12/06/2024 10:30:00;809.9749999999999;168.12;18.439999999999998;25.08;2.21
12/06/2024 11:00:00;825.41;175.74;18.75;25.58;2.21
12/06/2024 11:30:00;831.15;169.315;18.759999999999998;25.97;2.21
12/06/2024 12:00:00;836.89;162.89;18.77;26.36;2.21
12/06/2024 12:30:00;793.5450000000001;162.65499999999997;18.13;26.68;2.21
12/06/2024 13:00:00;750.2;162.42;17.49;27.0;2.21
12/06/2024 13:30:00;697.325;150.39;16.575;27.16;2.31
12/06/2024 14:00:00;644.45;138.36;15.66;27.32;2.41
12/06/2024 14:30:00;555.7;130.835;14.23;27.335;2.4450000000000003
12/06/2024 15:00:00;466.95;123.31;12.8;27.35;2.48
12/06/2024 15:30:00;369.08;112.15;11.135000000000002;27.245;2.55
12/06/2024 16:00:00;271.21;100.99;9.47;27.14;2.62
12/06/2024 16:30:00;182.91;82.675;7.78;26.9;2.725
12/06/2024 17:00:00;94.61;64.36;6.09;26.66;2.83
12/06/2024 17:30:00;47.305;59.95;3.71;26.134999999999998;2.725
12/06/2024 18:00:00;0.0;55.54;1.33;25.61;2.62
12/06/2024 18:30:00;0.0;28.19;0.675;24.68;2.585
12/06/2024 19:00:00;0.0;0.84;0.02;23.75;2.55
12/06/2024 19:30:00;0.0;0.42;0.01;22.759999999999998;2.38
12/06/2024 20:00:00;0.0;0.0;0.0;21.77;2.21
12/06/2024 20:30:00;0.0;0.0;0.0;20.755;2.175
12/06/2024 21:00:00;0.0;0.0;0.0;19.74;2.14
12/06/2024 21:30:00;0.0;0.0;0.0;18.854999999999997;2.14
12/06/2024 22:00:00;0.0;0.0;0.0;17.97;2.14
12/06/2024 22:30:00;0.0;0.0;0.0;17.275;2.105
12/06/2024 23:00:00;0.0;0.0;0.0;16.58;2.07
12/06/2024 23:30:00;0.0;0.0;0.0;16.09;2.035
13/06/2024 00:00:00;0.0;0.0;0.0;15.6;2.0
13/06/2024 00:30:00;0.0;0.0;0.0;15.245000000000001;1.9300000000000002
13/06/2024 01:00:00;0.0;0.0;0.0;14.89;1.86
13/06/2024 01:30:00;0.0;0.0;0.0;14.64;1.76
13/06/2024 02:00:00;0.0;0.0;0.0;14.39;1.66
13/06/2024 02:30:00;0.0;0.0;0.0;14.115;1.625
13/06/2024 03:00:00;0.0;0.0;0.0;13.84;1.59
13/06/2024 03:30:00;0.0;10.94;0.26;13.705;1.4849999999999999
13/06/2024 04:00:00;0.0;21.88;0.52;13.57;1.38
13/06/2024 04:30:00;0.0;39.55;0.9450000000000001;13.735;1.275
13/06/2024 05:00:00;0.0;57.22;1.37;13.9;1.17
13/06/2024 05:30:00;79.055;67.18;4.405;15.27;1.275
13/06/2024 06:00:00;158.11;77.14;7.44;16.64;1.38
13/06/2024 06:30:00;251.315;93.68;9.125;17.535;1.76
13/06/2024 07:00:00;344.52;110.22;10.81;18.43;2.14
13/06/2024 07:30:00;437.255;123.05499999999999;12.39;19.13;2.24
13/06/2024 08:00:00;529.99;135.89;13.97;19.83;2.34
13/06/2024 08:30:00;616.725;140.615;15.325;20.549999999999997;2.3099999999999996
13/06/2024 09:00:00;703.46;145.34;16.68;21.27;2.28
13/06/2024 09:30:00;739.1600000000001;161.75;17.395;21.97;2.3449999999999998
13/06/2024 10:00:00;774.86;178.16;18.11;22.67;2.41
13/06/2024 10:30:00;832.015;163.935;18.78;23.285;2.4450000000000003
13/06/2024 11:00:00;889.17;149.71;19.45;23.9;2.48
13/06/2024 11:30:00;877.185;152.70499999999998;19.310000000000002;24.4;2.48
13/06/2024 12:00:00;865.2;155.7;19.17;24.9;2.48
13/06/2024 12:30:00;815.31;158.61;18.47;25.259999999999998;2.48
13/06/2024 13:00:00;765.42;161.52;17.77;25.62;2.48
13/06/2024 13:30:00;712.24;148.945;16.845;25.86;2.5149999999999997
13/06/2024 14:00:00;659.06;136.37;15.92;26.1;2.55
13/06/2024 14:30:00;568.8299999999999;129.34;14.48;26.21;2.655
13/06/2024 15:00:00;478.6;122.31;13.04;26.32;2.76
13/06/2024 15:30:00;380.95500000000004;109.72;11.375;26.23;2.9299999999999997
13/06/2024 16:00:00;283.31;97.13;9.71;26.14;3.1
13/06/2024 16:30:00;189.085;81.91;7.930000000000001;25.845;3.17
13/06/2024 17:00:00;94.86;66.69;6.15;25.55;3.24
13/06/2024 17:30:00;47.43;56.91;3.64;25.025;3.1050000000000004
13/06/2024 18:00:00;0.0;47.13;1.13;24.5;2.97
13/06/2024 18:30:00;0.0;24.405;0.585;23.48;2.76
13/06/2024 19:00:00;0.0;1.68;0.04;22.46;2.55
13/06/2024 19:30:00;0.0;0.84;0.02;21.315;2.415
13/06/2024 20:00:00;0.0;0.0;0.0;20.17;2.28
13/06/2024 20:30:00;0.0;0.0;0.0;19.020000000000003;2.21
13/06/2024 21:00:00;0.0;0.0;0.0;17.87;2.14
13/06/2024 21:30:00;0.0;0.0;0.0;17.130000000000003;2.035
13/06/2024 22:00:00;0.0;0.0;0.0;16.39;1.93
13/06/2024 22:30:00;0.0;0.0;0.0;15.97;1.825
13/06/2024 23:00:00;0.0;0.0;0.0;15.55;1.72
13/06/2024 23:30:00;0.0;0.0;0.0;15.395;1.62
14/06/2024 00:00:00;0.0;0.0;0.0;15.24;1.52
14/06/2024 00:30:00;0.0;0.0;0.0;14.895;1.52
14/06/2024 01:00:00;0.0;0.0;0.0;14.55;1.52
14/06/2024 01:30:00;0.0;0.0;0.0;14.23;1.4849999999999999
14/06/2024 02:00:00;0.0;0.0;0.0;13.91;1.45
14/06/2024 02:30:00;0.0;0.0;0.0;13.79;1.415
14/06/2024 03:00:00;0.0;0.0;0.0;13.67;1.38
14/06/2024 03:30:00;0.0;10.52;0.25;13.620000000000001;1.31
14/06/2024 04:00:00;0.0;21.04;0.5;13.57;1.24
14/06/2024 04:30:00;0.0;39.129999999999995;0.935;13.655000000000001;1.135
14/06/2024 05:00:00;0.0;57.22;1.37;13.74;1.03
14/06/2024 05:30:00;79.39;66.285;4.405;14.875;0.9299999999999999
14/06/2024 06:00:00;158.78;75.35;7.44;16.01;0.83
14/06/2024 06:30:00;250.55;93.21;9.115;17.395000000000003;1.035
14/06/2024 07:00:00;342.32;111.07;10.79;18.78;1.24
14/06/2024 07:30:00;438.23;121.46;12.39;19.715;1.55
14/06/2024 08:00:00;534.14;131.85;13.99;20.65;1.86
14/06/2024 08:30:00;616.9649999999999;138.54;15.305;21.424999999999997;2.17
14/06/2024 09:00:00;699.79;145.23;16.62;22.2;2.48
14/06/2024 09:30:00;758.7;149.22;17.535;22.775;2.585
14/06/2024 10:00:00;817.61;153.21;18.45;23.35;2.69
14/06/2024 10:30:00;851.495;151.95;18.93;23.765;2.7249999999999996
14/06/2024 11:00:00;885.38;150.69;19.41;24.18;2.76
14/06/2024 11:30:00;879.845;149.995;19.32;24.47;2.76
14/06/2024 12:00:00;874.31;149.3;19.23;24.76;2.76
14/06/2024 12:30:00;829.075;150.215;18.58;25.045;2.83
14/06/2024 13:00:00;783.84;151.13;17.93;25.33;2.9
14/06/2024 13:30:00;716.2850000000001;146.25;16.875;25.395;3.0700000000000003
14/06/2024 14:00:00;648.73;141.37;15.82;25.46;3.24
14/06/2024 14:30:00;559.905;133.28;14.379999999999999;25.450000000000003;3.415
14/06/2024 15:00:00;471.08;125.19;12.94;25.44;3.59
14/06/2024 15:30:00;384.03;107.005;11.415;25.095;3.7249999999999996
14/06/2024 16:00:00;296.98;88.82;9.89;24.75;3.86
14/06/2024 16:30:00;192.97;80.615;7.94;24.384999999999998;3.9299999999999997
14/06/2024 17:00:00;88.96;72.41;5.99;24.02;4.0
14/06/2024 17:30:00;44.48;63.555;3.6500000000000004;23.575;3.6550000000000002
14/06/2024 18:00:00;0.0;54.7;1.31;23.13;3.31
14/06/2024 18:30:00;0.0;28.19;0.675;22.35;3.205
14/06/2024 19:00:00;0.0;1.68;0.04;21.57;3.1
14/06/2024 19:30:00;0.0;0.84;0.02;20.965;2.9299999999999997
14/06/2024 20:00:00;0.0;0.0;0.0;20.36;2.76
14/06/2024 20:30:00;0.0;0.0;0.0;19.765;2.55
14/06/2024 21:00:00;0.0;0.0;0.0;19.17;2.34
14/06/2024 21:30:00;0.0;0.0;0.0;18.46;2.135
14/06/2024 22:00:00;0.0;0.0;0.0;17.75;1.93
14/06/2024 22:30:00;0.0;0.0;0.0;16.985;1.825
14/06/2024 23:00:00;0.0;0.0;0.0;16.22;1.72
14/06/2024 23:30:00;0.0;0.0;0.0;15.77;1.655
15/06/2024 00:00:00;0.0;0.0;0.0;15.32;1.59
15/06/2024 00:30:00;0.0;0.0;0.0;15.055;1.52
15/06/2024 01:00:00;0.0;0.0;0.0;14.79;1.45
15/06/2024 01:30:00;0.0;0.0;0.0;14.71;1.38
15/06/2024 02:00:00;0.0;0.0;0.0;14.63;1.31
15/06/2024 02:30:00;0.0;0.0;0.0;15.030000000000001;1.1400000000000001
15/06/2024 03:00:00;0.0;0.0;0.0;15.43;0.97
15/06/2024 03:30:00;0.0;11.36;0.27;15.33;0.7949999999999999
15/06/2024 04:00:00;0.0;22.72;0.54;15.23;0.62
15/06/2024 04:30:00;0.0;41.655;0.995;15.25;0.415
15/06/2024 05:00:00;0.0;60.59;1.45;15.27;0.21
15/06/2024 05:30:00;74.545;70.74000000000001;4.345;16.060000000000002;0.275
15/06/2024 06:00:00;149.09;80.89;7.24;16.85;0.34
15/06/2024 06:30:00;240.515;97.38499999999999;8.925;17.880000000000003;0.44500000000000006
15/06/2024 07:00:00;331.94;113.88;10.61;18.91;0.55
15/06/2024 07:30:00;425.65999999999997;125.27;12.2;19.715;0.62
15/06/2024 08:00:00;519.38;136.66;13.79;20.52;0.69
15/06/2024 08:30:00;604.73;141.89999999999998;15.135;21.215;0.86
15/06/2024 09:00:00;690.08;147.14;16.48;21.91;1.03
15/06/2024 09:30:00;748.83;150.62;17.384999999999998;22.384999999999998;1.1
15/06/2024 10:00:00;807.58;154.1;18.29;22.86;1.17
15/06/2024 10:30:00;835.5150000000001;155.45999999999998;18.71;23.07;1.1
15/06/2024 11:00:00;863.45;156.82;19.13;23.28;1.03
15/06/2024 11:30:00;818.98;178.405;18.740000000000002;23.6;1.0
15/06/2024 12:00:00;774.51;199.99;18.35;23.92;0.97
15/06/2024 12:30:00;633.595;253.43;16.945;24.08;0.97
15/06/2024 13:00:00;492.68;306.87;15.54;24.24;0.97
15/06/2024 13:30:00;566.575;224.575;15.61;24.47;1.0699999999999998
15/06/2024 14:00:00;640.47;142.28;15.68;24.7;1.17
15/06/2024 14:30:00;549.76;136.14499999999998;14.23;24.79;1.275
15/06/2024 15:00:00;459.05;130.01;12.78;24.88;1.38
15/06/2024 15:30:00;317.64;148.26;10.58;24.744999999999997;1.45
15/06/2024 16:00:00;176.23;166.51;8.38;24.61;1.52
15/06/2024 16:30:00;91.42999999999999;145.95;5.760000000000001;24.475;1.5899999999999999
15/06/2024 17:00:00;6.63;125.39;3.14;24.34;1.66
15/06/2024 17:30:00;3.315;93.83;2.315;23.955;1.66
15/06/2024 18:00:00;0.0;62.27;1.49;23.57;1.66
15/06/2024 18:30:00;0.0;31.975;0.765;22.66;1.725
15/06/2024 19:00:00;0.0;1.68;0.04;21.75;1.79
15/06/2024 19:30:00;0.0;0.84;0.02;20.795;1.755
15/06/2024 20:00:00;0.0;0.0;0.0;19.84;1.72
15/06/2024 20:30:00;0.0;0.0;0.0;19.32;1.655
15/06/2024 21:00:00;0.0;0.0;0.0;18.8;1.59
15/06/2024 21:30:00;0.0;0.0;0.0;18.58;1.4849999999999999
15/06/2024 22:00:00;0.0;0.0;0.0;18.36;1.38
15/06/2024 22:30:00;0.0;0.0;0.0;18.555;1.24
15/06/2024 23:00:00;0.0;0.0;0.0;18.75;1.1
15/06/2024 23:30:00;0.0;0.0;0.0;18.855;0.9650000000000001
16/06/2024 00:00:00;0.0;0.0;0.0;18.96;0.83
16/06/2024 00:30:00;0.0;0.0;0.0;18.555;0.7949999999999999
16/06/2024 01:00:00;0.0;0.0;0.0;18.15;0.76
16/06/2024 01:30:00;0.0;0.0;0.0;17.765;0.7949999999999999
16/06/2024 02:00:00;0.0;0.0;0.0;17.38;0.83
16/06/2024 02:30:00;0.0;0.0;0.0;17.06;0.7949999999999999
16/06/2024 03:00:00;0.0;0.0;0.0;16.74;0.76
16/06/2024 03:30:00;0.0;10.94;0.26;16.49;0.69
16/06/2024 04:00:00;0.0;21.88;0.52;16.24;0.62
16/06/2024 04:30:00;0.0;41.655;0.995;16.259999999999998;0.45
16/06/2024 05:00:00;0.0;61.43;1.47;16.28;0.28
16/06/2024 05:30:00;50.51;90.69;3.9400000000000004;17.1;0.28
16/06/2024 06:00:00;101.02;119.95;6.41;17.92;0.28
16/06/2024 06:30:00;208.04000000000002;121.11;8.4;18.995;0.41500000000000004
16/06/2024 07:00:00;315.06;122.27;10.39;20.07;0.55
16/06/2024 07:30:00;408.45500000000004;133.32999999999998;11.99;20.835;0.655
16/06/2024 08:00:00;501.85;144.39;13.59;21.6;0.76
16/06/2024 08:30:00;589.625;147.735;14.955;22.175;0.865
16/06/2024 09:00:00;677.4;151.08;16.32;22.75;0.97
16/06/2024 09:30:00;646.25;206.40000000000003;16.55;23.115000000000002;1.1400000000000001
16/06/2024 10:00:00;615.1;261.72;16.78;23.48;1.31
16/06/2024 10:30:00;525.985;317.97;16.23;23.75;1.38
16/06/2024 11:00:00;436.87;374.22;15.68;24.02;1.45
16/06/2024 11:30:00;517.9649999999999;335.49;16.35;24.38;1.4849999999999999
16/06/2024 12:00:00;599.06;296.76;17.02;24.74;1.52
16/06/2024 12:30:00;519.635;312.805;16.025;24.979999999999997;1.5899999999999999
16/06/2024 13:00:00;440.21;328.85;15.03;25.22;1.66
16/06/2024 13:30:00;306.005;338.815;12.96;25.405;1.69
16/06/2024 14:00:00;171.8;348.78;10.89;25.59;1.72
16/06/2024 14:30:00;280.64;259.97499999999997;11.504999999999999;25.630000000000003;1.69
16/06/2024 15:00:00;389.48;171.17;12.12;25.67;1.66
16/06/2024 15:30:00;271.86;174.825;10.09;25.585;1.625
16/06/2024 16:00:00;154.24;178.48;8.06;25.5;1.59
16/06/2024 16:30:00;96.17;151.635;6.380000000000001;25.08;1.655
16/06/2024 17:00:00;38.1;124.79;4.7;24.66;1.72
16/06/2024 17:30:00;19.05;91.43;3.045;24.33;1.585
16/06/2024 18:00:00;0.0;58.07;1.39;24.0;1.45
16/06/2024 18:30:00;0.0;29.875;0.715;23.225;1.415
16/06/2024 19:00:00;0.0;1.68;0.04;22.45;1.38
16/06/2024 19:30:00;0.0;0.84;0.02;21.744999999999997;1.345
16/06/2024 20:00:00;0.0;0.0;0.0;21.04;1.31
16/06/2024 20:30:00;0.0;0.0;0.0;20.705;1.24
16/06/2024 21:00:00;0.0;0.0;0.0;20.37;1.17
16/06/2024 21:30:00;0.0;0.0;0.0;20.39;1.0699999999999998
16/06/2024 22:00:00;0.0;0.0;0.0;20.41;0.97
16/06/2024 22:30:00;0.0;0.0;0.0;19.97;0.935
16/06/2024 23:00:00;0.0;0.0;0.0;19.53;0.9
16/06/2024 23:30:00;0.0;0.0;0.0;19.060000000000002;0.8300000000000001
17/06/2024 00:00:00;0.0;0.0;0.0;18.59;0.76
17/06/2024 00:30:00;0.0;0.0;0.0;18.105;0.585
17/06/2024 01:00:00;0.0;0.0;0.0;17.62;0.41
17/06/2024 01:30:00;0.0;0.0;0.0;17.12;0.41
17/06/2024 02:00:00;0.0;0.0;0.0;16.62;0.41
17/06/2024 02:30:00;0.0;0.0;0.0;16.1;0.41
17/06/2024 03:00:00;0.0;0.0;0.0;15.58;0.41
17/06/2024 03:30:00;0.0;2.525;0.06;15.184999999999999;0.375
17/06/2024 04:00:00;0.0;5.05;0.12;14.79;0.34
17/06/2024 04:30:00;0.0;42.074999999999996;1.005;14.855;0.24000000000000002
17/06/2024 05:00:00;0.0;79.1;1.89;14.92;0.14
17/06/2024 05:30:00;56.665;94.25;4.26;16.105;0.175
17/06/2024 06:00:00;113.33;109.4;6.63;17.29;0.21
17/06/2024 06:30:00;210.71500000000003;118.13;8.48;19.105;0.31
17/06/2024 07:00:00;308.1;126.86;10.33;20.92;0.41
17/06/2024 07:30:00;408.08000000000004;133.64;11.99;21.985;0.44499999999999995
17/06/2024 08:00:00;508.06;140.42;13.65;23.05;0.48
17/06/2024 08:30:00;547.29;172.20999999999998;14.625;23.745;0.41000000000000003
17/06/2024 09:00:00;586.52;204.0;15.6;24.44;0.34
17/06/2024 09:30:00;683.4449999999999;184.65;16.805;24.895000000000003;0.375
17/06/2024 10:00:00;780.37;165.3;18.01;25.35;0.41
17/06/2024 10:30:00;801.73;170.36;18.380000000000003;25.705;0.48
17/06/2024 11:00:00;823.09;175.42;18.75;26.06;0.55
17/06/2024 11:30:00;811.31;178.865;18.619999999999997;26.46;0.515
17/06/2024 12:00:00;799.53;182.31;18.49;26.86;0.48
17/06/2024 12:30:00;763.535;178.9;17.915;27.105;0.44499999999999995
17/06/2024 13:00:00;727.54;175.49;17.34;27.35;0.41
17/06/2024 13:30:00;647.88;178.76;16.185;27.575000000000003;0.41
17/06/2024 14:00:00;568.22;182.03;15.03;27.8;0.41
17/06/2024 14:30:00;490.26;169.945;13.684999999999999;27.86;0.41
17/06/2024 15:00:00;412.3;157.86;12.34;27.92;0.41
17/06/2024 15:30:00;312.18;150.68;10.58;27.855;0.41
17/06/2024 16:00:00;212.06;143.5;8.82;27.79;0.41
17/06/2024 16:30:00;116.475;138.67000000000002;6.43;27.655;0.44499999999999995
17/06/2024 17:00:00;20.89;133.84;4.04;27.52;0.48
17/06/2024 17:30:00;10.445;94.27000000000001;2.675;26.924999999999997;0.38
17/06/2024 18:00:00;0.0;54.7;1.31;26.33;0.28
17/06/2024 18:30:00;0.0;28.610000000000003;0.685;25.64;0.625
17/06/2024 19:00:00;0.0;2.52;0.06;24.95;0.97
17/06/2024 19:30:00;0.0;1.26;0.03;25.21;0.8999999999999999
17/06/2024 20:00:00;0.0;0.0;0.0;25.47;0.83
17/06/2024 20:30:00;0.0;0.0;0.0;24.97;0.76
17/06/2024 21:00:00;0.0;0.0;0.0;24.47;0.69
17/06/2024 21:30:00;0.0;0.0;0.0;23.9;0.76
17/06/2024 22:00:00;0.0;0.0;0.0;23.33;0.83
17/06/2024 22:30:00;0.0;0.0;0.0;22.77;0.865
17/06/2024 23:00:00;0.0;0.0;0.0;22.21;0.9
17/06/2024 23:30:00;0.0;0.0;0.0;21.69;0.9
18/06/2024 00:00:00;0.0;0.0;0.0;21.17;0.9
18/06/2024 00:30:00;0.0;0.0;0.0;20.65;0.865
18/06/2024 01:00:00;0.0;0.0;0.0;20.13;0.83
18/06/2024 01:30:00;0.0;0.0;0.0;19.66;0.83
18/06/2024 02:00:00;0.0;0.0;0.0;19.19;0.83
18/06/2024 02:30:00;0.0;0.0;0.0;18.759999999999998;0.83
18/06/2024 03:00:00;0.0;0.0;0.0;18.33;0.83
18/06/2024 03:30:00;0.0;10.1;0.24;17.865;0.8999999999999999
18/06/2024 04:00:00;0.0;20.2;0.48;17.4;0.97
18/06/2024 04:30:00;0.0;48.39;1.155;17.369999999999997;0.935
18/06/2024 05:00:00;0.0;76.58;1.83;17.34;0.9
18/06/2024 05:30:00;64.79;83.91;4.32;18.45;0.865
18/06/2024 06:00:00;129.58;91.24;6.81;19.56;0.83
18/06/2024 06:30:00;219.885;105.785;8.53;20.994999999999997;0.83
18/06/2024 07:00:00;310.19;120.33;10.25;22.43;0.83
18/06/2024 07:30:00;399.485;132.745;11.795;23.45;1.0
18/06/2024 08:00:00;488.78;145.16;13.34;24.47;1.17
18/06/2024 08:30:00;560.865;156.535;14.57;25.405;1.275
18/06/2024 09:00:00;632.95;167.91;15.8;26.34;1.38
18/06/2024 09:30:00;406.605;286.285;13.92;26.97;1.205
18/06/2024 10:00:00;180.26;404.66;12.04;27.6;1.03
18/06/2024 10:30:00;464.625;307.875;15.055;28.0;0.895
18/06/2024 11:00:00;748.99;211.09;18.07;28.4;0.76
18/06/2024 11:30:00;744.275;210.37;17.990000000000002;28.799999999999997;0.76
18/06/2024 12:00:00;739.56;209.65;17.91;29.2;0.76
18/06/2024 12:30:00;658.75;232.115;16.994999999999997;29.4;0.76
18/06/2024 13:00:00;577.94;254.58;16.08;29.6;0.76
18/06/2024 13:30:00;337.89500000000004;299.635;12.774999999999999;29.78;0.7949999999999999
18/06/2024 14:00:00;97.85;344.69;9.47;29.96;0.83
18/06/2024 14:30:00;48.925;213.695;5.66;29.985;0.8999999999999999
18/06/2024 15:00:00;0.0;82.7;1.85;30.01;0.97
18/06/2024 15:30:00;0.0;70.11500000000001;1.57;29.575000000000003;2.1399999999999997
18/06/2024 16:00:00;0.0;57.53;1.29;29.14;3.31
18/06/2024 16:30:00;0.0;68.315;1.53;27.93;3.45
18/06/2024 17:00:00;0.0;79.1;1.77;26.72;3.59
18/06/2024 17:30:00;0.0;57.644999999999996;1.315;26.13;2.83
18/06/2024 18:00:00;0.0;36.19;0.86;25.54;2.07
18/06/2024 18:30:00;0.0;20.2;0.48;25.91;1.345
18/06/2024 19:00:00;0.0;4.21;0.1;26.28;0.62
18/06/2024 19:30:00;0.0;2.105;0.05;26.09;0.345
18/06/2024 20:00:00;0.0;0.0;0.0;25.9;0.07
18/06/2024 20:30:00;0.0;0.0;0.0;25.525;0.10500000000000001
18/06/2024 21:00:00;0.0;0.0;0.0;25.15;0.14
18/06/2024 21:30:00;0.0;0.0;0.0;24.79;0.415
18/06/2024 22:00:00;0.0;0.0;0.0;24.43;0.69
18/06/2024 22:30:00;0.0;0.0;0.0;22.68;1.1400000000000001
18/06/2024 23:00:00;0.0;0.0;0.0;20.93;1.59
18/06/2024 23:30:00;0.0;0.0;0.0;20.189999999999998;1.59
19/06/2024 00:00:00;0.0;0.0;0.0;19.45;1.59
19/06/2024 00:30:00;0.0;0.0;0.0;19.15;1.625
19/06/2024 01:00:00;0.0;0.0;0.0;18.85;1.66
19/06/2024 01:30:00;0.0;0.0;0.0;18.475;1.69
19/06/2024 02:00:00;0.0;0.0;0.0;18.1;1.72
19/06/2024 02:30:00;0.0;0.0;0.0;18.04;1.655
19/06/2024 03:00:00;0.0;0.0;0.0;17.98;1.59
19/06/2024 03:30:00;0.0;4.63;0.11;17.884999999999998;1.52
19/06/2024 04:00:00;0.0;9.26;0.22;17.79;1.45
19/06/2024 04:30:00;0.0;45.025;1.075;18.29;1.24
19/06/2024 05:00:00;0.0;80.79;1.93;18.79;1.03
19/06/2024 05:30:00;3.985;110.16499999999999;2.675;20.134999999999998;0.9299999999999999
19/06/2024 06:00:00;7.97;139.54;3.42;21.48;0.83
19/06/2024 06:30:00;161.77999999999997;126.19999999999999;6.825;21.275;0.865
19/06/2024 07:00:00;315.59;112.86;10.23;21.07;0.9
19/06/2024 07:30:00;404.395;124.565;11.745000000000001;21.880000000000003;0.865
19/06/2024 08:00:00;493.2;136.27;13.26;22.69;0.83
19/06/2024 08:30:00;520.285;173.145;14.115;23.335;0.865
19/06/2024 09:00:00;547.37;210.02;14.97;23.98;0.9
19/06/2024 09:30:00;382.755;302.2;13.715;24.61;1.28
19/06/2024 10:00:00;218.14;394.38;12.46;25.24;1.66
19/06/2024 10:30:00;112.27999999999999;350.28999999999996;9.705;25.32;1.83
19/06/2024 11:00:00;6.42;306.2;6.95;25.4;2.0
19/06/2024 11:30:00;3.21;260.07;5.865;25.56;1.8599999999999999
19/06/2024 12:00:00;0.0;213.94;4.78;25.72;1.72
19/06/2024 12:30:00;146.295;290.845;9.0;26.34;1.79
19/06/2024 13:00:00;292.59;367.75;13.22;26.96;1.86
19/06/2024 13:30:00;401.4;284.85;13.754999999999999;27.115000000000002;1.8250000000000002
19/06/2024 14:00:00;510.21;201.95;14.29;27.27;1.79
19/06/2024 14:30:00;389.05499999999995;214.86;12.489999999999998;27.35;1.5150000000000001
19/06/2024 15:00:00;267.9;227.77;10.69;27.43;1.24
19/06/2024 15:30:00;252.26999999999998;173.33;9.805;27.625;1.07
19/06/2024 16:00:00;236.64;118.89;8.92;27.82;0.9
19/06/2024 16:30:00;120.55499999999999;118.81;5.895;27.71;0.69
19/06/2024 17:00:00;4.47;118.73;2.87;27.6;0.48
19/06/2024 17:30:00;2.235;90.08;2.17;27.275;0.79
19/06/2024 18:00:00;0.0;61.43;1.47;26.95;1.1
19/06/2024 18:30:00;0.0;31.975;0.765;26.21;1.1
19/06/2024 19:00:00;0.0;2.52;0.06;25.47;1.1
19/06/2024 19:30:00;0.0;1.26;0.03;25.505;0.6900000000000001
19/06/2024 20:00:00;0.0;0.0;0.0;25.54;0.28
19/06/2024 20:30:00;0.0;0.0;0.0;23.75;1.105
19/06/2024 21:00:00;0.0;0.0;0.0;21.96;1.93
19/06/2024 21:30:00;0.0;0.0;0.0;21.44;1.9649999999999999
19/06/2024 22:00:00;0.0;0.0;0.0;20.92;2.0
19/06/2024 22:30:00;0.0;0.0;0.0;20.455;1.795
19/06/2024 23:00:00;0.0;0.0;0.0;19.99;1.59
19/06/2024 23:30:00;0.0;0.0;0.0;19.755;1.4500000000000002
20/06/2024 00:00:00;0.0;0.0;0.0;19.52;1.31
20/06/2024 00:30:00;0.0;0.0;0.0;19.055;1.38
20/06/2024 01:00:00;0.0;0.0;0.0;18.59;1.45
20/06/2024 01:30:00;0.0;0.0;0.0;18.39;1.45
20/06/2024 02:00:00;0.0;0.0;0.0;18.19;1.45
20/06/2024 02:30:00;0.0;0.0;0.0;18.085;1.38
20/06/2024 03:00:00;0.0;0.0;0.0;17.98;1.31
20/06/2024 03:30:00;0.0;11.36;0.27;17.82;1.345
20/06/2024 04:00:00;0.0;22.72;0.54;17.66;1.38
20/06/2024 04:30:00;0.0;50.07;1.195;17.955;1.275
20/06/2024 05:00:00;0.0;77.42;1.85;18.25;1.17
20/06/2024 05:30:00;66.74;81.595;4.35;19.185000000000002;1.24
20/06/2024 06:00:00;133.48;85.77;6.85;20.12;1.31
20/06/2024 06:30:00;214.57999999999998;104.9;8.42;20.845;1.4500000000000002
20/06/2024 07:00:00;295.68;124.03;9.99;21.57;1.59
20/06/2024 07:30:00;356.065;153.24;11.295;22.560000000000002;1.4849999999999999
20/06/2024 08:00:00;416.45;182.45;12.6;23.55;1.38
20/06/2024 08:30:00;494.0;189.915;13.895;24.745;1.31
20/06/2024 09:00:00;571.55;197.38;15.19;25.94;1.24
20/06/2024 09:30:00;586.04;225.04500000000002;15.774999999999999;26.905;1.345
20/06/2024 10:00:00;600.53;252.71;16.36;27.87;1.45
20/06/2024 10:30:00;667.125;232.21;17.085;28.575000000000003;1.415
20/06/2024 11:00:00;733.72;211.71;17.81;29.28;1.38
20/06/2024 11:30:00;773.875;185.905;18.08;29.759999999999998;1.31
20/06/2024 12:00:00;814.03;160.1;18.35;30.24;1.24
20/06/2024 12:30:00;679.22;212.78500000000003;17.015;30.494999999999997;1.24
20/06/2024 13:00:00;544.41;265.47;15.68;30.75;1.24
20/06/2024 13:30:00;539.3050000000001;227.94;15.105;30.84;1.31
20/06/2024 14:00:00;534.2;190.41;14.53;30.93;1.38
20/06/2024 14:30:00;267.1;125.77;7.949999999999999;30.595;1.38
20/06/2024 15:00:00;0.0;61.13;1.37;30.26;1.38
20/06/2024 15:30:00;0.0;75.96000000000001;1.7;29.465000000000003;1.93
20/06/2024 16:00:00;0.0;90.79;2.03;28.67;2.48
20/06/2024 16:30:00;6.735;110.97999999999999;2.815;26.23;2.31
20/06/2024 17:00:00;13.47;131.17;3.6;23.79;2.14
20/06/2024 17:30:00;6.735;92.51499999999999;2.4450000000000003;23.125;1.52
20/06/2024 18:00:00;0.0;53.86;1.29;22.46;0.9
20/06/2024 18:30:00;0.0;27.35;0.655;23.59;1.28
20/06/2024 19:00:00;0.0;0.84;0.02;24.72;1.66
20/06/2024 19:30:00;0.0;0.42;0.01;23.865000000000002;1.52
20/06/2024 20:00:00;0.0;0.0;0.0;23.01;1.38
20/06/2024 20:30:00;0.0;0.0;0.0;22.655;1.1749999999999998
20/06/2024 21:00:00;0.0;0.0;0.0;22.3;0.97
20/06/2024 21:30:00;0.0;0.0;0.0;21.814999999999998;1.0
20/06/2024 22:00:00;0.0;0.0;0.0;21.33;1.03
20/06/2024 22:30:00;0.0;0.0;0.0;20.784999999999997;1.03
20/06/2024 23:00:00;0.0;0.0;0.0;20.24;1.03
20/06/2024 23:30:00;0.0;0.0;0.0;19.955;1.03
21/06/2024 00:00:00;0.0;0.0;0.0;19.67;1.03
21/06/2024 00:30:00;0.0;0.0;0.0;19.57;1.0
21/06/2024 01:00:00;0.0;0.0;0.0;19.47;0.97
21/06/2024 01:30:00;0.0;0.0;0.0;19.115000000000002;1.105
21/06/2024 02:00:00;0.0;0.0;0.0;18.76;1.24
21/06/2024 02:30:00;0.0;0.0;0.0;18.66;1.45
21/06/2024 03:00:00;0.0;0.0;0.0;18.56;1.66
21/06/2024 03:30:00;0.0;9.68;0.23;18.475;1.52
21/06/2024 04:00:00;0.0;19.36;0.46;18.39;1.38
21/06/2024 04:30:00;0.0;44.18;1.055;18.59;1.31
21/06/2024 05:00:00;0.0;69.0;1.65;18.79;1.24
21/06/2024 05:30:00;0.0;47.985;1.125;19.445;1.17
21/06/2024 06:00:00;0.0;26.97;0.6;20.1;1.1
21/06/2024 06:30:00;4.49;109.8;2.5599999999999996;20.950000000000003;0.6200000000000001
21/06/2024 07:00:00;8.98;192.63;4.52;21.8;0.14
21/06/2024 07:30:00;41.77499999999999;244.39;6.3;22.155;0.38
21/06/2024 08:00:00;74.57;296.15;8.08;22.51;0.62
21/06/2024 08:30:00;344.305;232.34499999999997;11.77;22.575000000000003;0.55
21/06/2024 09:00:00;614.04;168.54;15.46;22.64;0.48
21/06/2024 09:30:00;496.63;260.49;14.915;23.23;0.31
21/06/2024 10:00:00;379.22;352.44;14.37;23.82;0.14
21/06/2024 10:30:00;360.725;371.15999999999997;14.379999999999999;24.509999999999998;0.24000000000000002
21/06/2024 11:00:00;342.23;389.88;14.39;25.2;0.34
21/06/2024 11:30:00;412.225;361.925;15.045;25.92;0.275
21/06/2024 12:00:00;482.22;333.97;15.7;26.64;0.21
21/06/2024 12:30:00;241.11;247.435;9.649999999999999;26.87;0.245
21/06/2024 13:00:00;0.0;160.9;3.6;27.1;0.28
21/06/2024 13:30:00;0.0;151.465;3.39;27.39;0.45
21/06/2024 14:00:00;0.0;142.03;3.18;27.68;0.62
21/06/2024 14:30:00;0.0;128.995;2.885;27.715;0.55
21/06/2024 15:00:00;0.0;115.96;2.59;27.75;0.48
21/06/2024 15:30:00;37.725;160.835;4.58;27.71;0.585
21/06/2024 16:00:00;75.45;205.71;6.57;27.67;0.69
21/06/2024 16:30:00;37.725;118.58500000000001;3.6350000000000002;27.625;0.965
21/06/2024 17:00:00;0.0;31.46;0.7;27.58;1.24
21/06/2024 17:30:00;0.0;30.035;0.69;27.25;1.24
21/06/2024 18:00:00;0.0;28.61;0.68;26.92;1.24
21/06/2024 18:30:00;0.0;15.145;0.36000000000000004;25.91;1.6549999999999998
21/06/2024 19:00:00;0.0;1.68;0.04;24.9;2.07
21/06/2024 19:30:00;0.0;0.84;0.02;24.305;1.795
21/06/2024 20:00:00;0.0;0.0;0.0;23.71;1.52
21/06/2024 20:30:00;0.0;0.0;0.0;23.12;1.69
21/06/2024 21:00:00;0.0;0.0;0.0;22.53;1.86
21/06/2024 21:30:00;0.0;0.0;0.0;22.1;1.895
21/06/2024 22:00:00;0.0;0.0;0.0;21.67;1.93
21/06/2024 22:30:00;0.0;0.0;0.0;21.165;1.725
21/06/2024 23:00:00;0.0;0.0;0.0;20.66;1.52
21/06/2024 23:30:00;0.0;0.0;0.0;20.41;1.4849999999999999
22/06/2024 00:00:00;0.0;0.0;0.0;20.16;1.45
22/06/2024 00:30:00;0.0;0.0;0.0;19.895;1.45
22/06/2024 01:00:00;0.0;0.0;0.0;19.63;1.45
22/06/2024 01:30:00;0.0;0.0;0.0;19.86;1.21
22/06/2024 02:00:00;0.0;0.0;0.0;20.09;0.97
22/06/2024 02:30:00;0.0;0.0;0.0;20.259999999999998;0.865
22/06/2024 03:00:00;0.0;0.0;0.0;20.43;0.76
22/06/2024 03:30:00;0.0;10.94;0.26;19.775;0.895
22/06/2024 04:00:00;0.0;21.88;0.52;19.12;1.03
22/06/2024 04:30:00;0.0;49.650000000000006;1.185;19.505000000000003;0.86
22/06/2024 05:00:00;0.0;77.42;1.85;19.89;0.69
22/06/2024 05:30:00;0.0;58.935;1.375;20.82;0.655
22/06/2024 06:00:00;0.0;40.45;0.9;21.75;0.62
22/06/2024 06:30:00;13.455;129.43;3.215;21.965;1.0
22/06/2024 07:00:00;26.91;218.41;5.53;22.18;1.38
22/06/2024 07:30:00;22.89;238.85500000000002;5.85;22.509999999999998;0.965
22/06/2024 08:00:00;18.87;259.3;6.17;22.84;0.55
22/06/2024 08:30:00;9.435;212.8;4.945;23.71;0.965
22/06/2024 09:00:00;0.0;166.3;3.72;24.58;1.38
22/06/2024 09:30:00;0.0;171.69;3.84;25.59;1.8599999999999999
22/06/2024 10:00:00;0.0;177.08;3.96;26.6;2.34
22/06/2024 10:30:00;3.21;242.09000000000003;5.465;27.69;2.375
22/06/2024 11:00:00;6.42;307.1;6.97;28.78;2.41
22/06/2024 11:30:00;3.21;216.925;4.9;29.62;2.375
22/06/2024 12:00:00;0.0;126.75;2.83;30.46;2.34
22/06/2024 12:30:00;0.0;117.75999999999999;2.63;30.82;1.825
22/06/2024 13:00:00;0.0;108.77;2.43;31.18;1.31
22/06/2024 13:30:00;127.36;215.06;7.135;29.345;3.0
22/06/2024 14:00:00;254.72;321.35;11.84;27.51;4.69
22/06/2024 14:30:00;127.36;242.47500000000002;7.75;24.945;4.105
22/06/2024 15:00:00;0.0;163.6;3.66;22.38;3.52
22/06/2024 15:30:00;25.94;185.92000000000002;4.835;22.445;2.9
22/06/2024 16:00:00;51.88;208.24;6.01;22.51;2.28
22/06/2024 16:30:00;25.94;115.805;3.2649999999999997;22.560000000000002;2.59
22/06/2024 17:00:00;0.0;23.37;0.52;22.61;2.9
22/06/2024 17:30:00;0.0;17.995;0.41000000000000003;22.095;2.965
22/06/2024 18:00:00;0.0;12.62;0.3;21.58;3.03
22/06/2024 18:30:00;0.0;6.7299999999999995;0.16;21.0;3.445
22/06/2024 19:00:00;0.0;0.84;0.02;20.42;3.86
22/06/2024 19:30:00;0.0;0.42;0.01;19.955;3.7249999999999996
22/06/2024 20:00:00;0.0;0.0;0.0;19.49;3.59
22/06/2024 20:30:00;0.0;0.0;0.0;19.14;3.59
22/06/2024 21:00:00;0.0;0.0;0.0;18.79;3.59
22/06/2024 21:30:00;0.0;0.0;0.0;18.5;3.625
22/06/2024 22:00:00;0.0;0.0;0.0;18.21;3.66
22/06/2024 22:30:00;0.0;0.0;0.0;18.02;3.6900000000000004
22/06/2024 23:00:00;0.0;0.0;0.0;17.83;3.72
22/06/2024 23:30:00;0.0;0.0;0.0;17.634999999999998;3.585
23/06/2024 00:00:00;0.0;0.0;0.0;17.44;3.45
23/06/2024 00:30:00;0.0;0.0;0.0;17.17;3.24
23/06/2024 01:00:00;0.0;0.0;0.0;16.9;3.03
23/06/2024 01:30:00;0.0;0.0;0.0;16.695;2.825
23/06/2024 02:00:00;0.0;0.0;0.0;16.49;2.62
23/06/2024 02:30:00;0.0;0.0;0.0;16.215;2.415
23/06/2024 03:00:00;0.0;0.0;0.0;15.94;2.21
23/06/2024 03:30:00;0.0;10.94;0.26;15.805;2.105
23/06/2024 04:00:00;0.0;21.88;0.52;15.67;2.0
23/06/2024 04:30:00;0.0;51.33500000000001;1.225;15.864999999999998;1.9649999999999999
23/06/2024 05:00:00;0.0;80.79;1.93;16.06;1.93
23/06/2024 05:30:00;52.475;95.625;4.17;16.42;2.2399999999999998
23/06/2024 06:00:00;104.95;110.46;6.41;16.78;2.55
23/06/2024 06:30:00;197.555;120.875;8.219999999999999;17.07;2.69
23/06/2024 07:00:00;290.16;131.29;10.03;17.36;2.83
23/06/2024 07:30:00;342.725;165.425;11.274999999999999;18.025;2.9000000000000004
23/06/2024 08:00:00;395.29;199.56;12.52;18.69;2.97
23/06/2024 08:30:00;512.715;183.67000000000002;14.14;19.33;2.865
23/06/2024 09:00:00;630.14;167.78;15.76;19.97;2.76
23/06/2024 09:30:00;621.065;210.47;16.169999999999998;20.56;2.585
23/06/2024 10:00:00;611.99;253.16;16.58;21.15;2.41
23/06/2024 10:30:00;687.825;227.515;17.375;21.715;2.375
23/06/2024 11:00:00;763.66;201.87;18.17;22.28;2.34
23/06/2024 11:30:00;624.055;272.07;17.035;22.75;2.3099999999999996
23/06/2024 12:00:00;484.45;342.27;15.9;23.22;2.28
23/06/2024 12:30:00;549.56;288.765;16.14;23.494999999999997;2.245
23/06/2024 13:00:00;614.67;235.26;16.38;23.77;2.21
23/06/2024 13:30:00;422.745;284.57;14.02;23.799999999999997;2.21
23/06/2024 14:00:00;230.82;333.88;11.66;23.83;2.21
23/06/2024 14:30:00;115.86999999999999;261.795;7.96;23.79;2.21
23/06/2024 15:00:00;0.92;189.71;4.26;23.75;2.21
23/06/2024 15:30:00;53.54;195.56;5.77;23.64;2.1399999999999997
23/06/2024 16:00:00;106.16;201.41;7.28;23.53;2.07
23/06/2024 16:30:00;97.1;139.185;6.595000000000001;23.33;2.0
23/06/2024 17:00:00;88.04;76.96;5.91;23.13;1.93
23/06/2024 17:30:00;44.02;63.724999999999994;3.56;22.82;1.725
23/06/2024 18:00:00;0.0;50.49;1.21;22.51;1.52
23/06/2024 18:30:00;0.0;26.93;0.645;21.880000000000003;1.76
23/06/2024 19:00:00;0.0;3.37;0.08;21.25;2.0
23/06/2024 19:30:00;0.0;1.685;0.04;20.295;1.8599999999999999
23/06/2024 20:00:00;0.0;0.0;0.0;19.34;1.72
23/06/2024 20:30:00;0.0;0.0;0.0;18.744999999999997;1.5499999999999998
23/06/2024 21:00:00;0.0;0.0;0.0;18.15;1.38
23/06/2024 21:30:00;0.0;0.0;0.0;18.75;1.1749999999999998
23/06/2024 22:00:00;0.0;0.0;0.0;19.35;0.97
23/06/2024 22:30:00;0.0;0.0;0.0;19.245;0.865
23/06/2024 23:00:00;0.0;0.0;0.0;19.14;0.76
23/06/2024 23:30:00;0.0;0.0;0.0;18.8;0.7949999999999999
24/06/2024 00:00:00;0.0;0.0;0.0;18.46;0.83
24/06/2024 00:30:00;0.0;0.0;0.0;17.985;0.9299999999999999
24/06/2024 01:00:00;0.0;0.0;0.0;17.51;1.03
24/06/2024 01:30:00;0.0;0.0;0.0;16.705000000000002;1.135
24/06/2024 02:00:00;0.0;0.0;0.0;15.9;1.24
24/06/2024 02:30:00;0.0;0.0;0.0;15.45;1.275
24/06/2024 03:00:00;0.0;0.0;0.0;15.0;1.31
24/06/2024 03:30:00;0.0;10.94;0.26;14.68;1.31
24/06/2024 04:00:00;0.0;21.88;0.52;14.36;1.31
24/06/2024 04:30:00;0.0;41.655;0.995;14.629999999999999;1.17
24/06/2024 05:00:00;0.0;61.43;1.47;14.9;1.03
24/06/2024 05:30:00;70.675;70.595;4.26;16.395;1.03
24/06/2024 06:00:00;141.35;79.76;7.05;17.89;1.03
24/06/2024 06:30:00;236.055;93.35;8.78;18.895;1.17
24/06/2024 07:00:00;330.76;106.94;10.51;19.9;1.31
24/06/2024 07:30:00;426.675;116.695;12.11;20.59;1.655
24/06/2024 08:00:00;522.59;126.45;13.71;21.28;2.0
24/06/2024 08:30:00;610.87;129.475;15.065000000000001;21.855;2.205
24/06/2024 09:00:00;699.15;132.5;16.42;22.43;2.41
24/06/2024 09:30:00;759.895;135.32;17.345;22.96;2.55
24/06/2024 10:00:00;820.64;138.14;18.27;23.49;2.69
24/06/2024 10:30:00;850.515;138.925;18.71;24.005;2.7249999999999996
24/06/2024 11:00:00;880.39;139.71;19.15;24.52;2.76
24/06/2024 11:30:00;869.79;142.74;19.03;24.92;2.7249999999999996
24/06/2024 12:00:00;859.19;145.77;18.91;25.32;2.69
24/06/2024 12:30:00;795.58;157.525;18.105;25.625;2.69
24/06/2024 13:00:00;731.97;169.28;17.3;25.93;2.69
24/06/2024 13:30:00;699.375;147.185;16.58;26.11;2.7249999999999996
24/06/2024 14:00:00;666.78;125.09;15.86;26.29;2.76
24/06/2024 14:30:00;576.24;119.86;14.44;26.34;2.795
24/06/2024 15:00:00;485.7;114.63;13.02;26.39;2.83
24/06/2024 15:30:00;380.11;108.89;11.285;26.3;2.795
24/06/2024 16:00:00;274.52;103.15;9.55;26.21;2.76
24/06/2024 16:30:00;181.445;90.485;7.74;25.98;2.69
24/06/2024 17:00:00;88.37;77.82;5.93;25.75;2.62
24/06/2024 17:30:00;44.185;64.155;3.57;25.25;2.275
24/06/2024 18:00:00;0.0;50.49;1.21;24.75;1.93
24/06/2024 18:30:00;0.0;26.93;0.645;23.775;1.825
24/06/2024 19:00:00;0.0;3.37;0.08;22.8;1.72
24/06/2024 19:30:00;0.0;1.685;0.04;21.575000000000003;1.72
24/06/2024 20:00:00;0.0;0.0;0.0;20.35;1.72
24/06/2024 20:30:00;0.0;0.0;0.0;19.520000000000003;1.755
24/06/2024 21:00:00;0.0;0.0;0.0;18.69;1.79
24/06/2024 21:30:00;0.0;0.0;0.0;18.145000000000003;1.725
24/06/2024 22:00:00;0.0;0.0;0.0;17.6;1.66
24/06/2024 22:30:00;0.0;0.0;0.0;17.21;1.625
24/06/2024 23:00:00;0.0;0.0;0.0;16.82;1.59
24/06/2024 23:30:00;0.0;0.0;0.0;16.53;1.52
25/06/2024 00:00:00;0.0;0.0;0.0;16.24;1.45
25/06/2024 00:30:00;0.0;0.0;0.0;16.105;1.38
25/06/2024 01:00:00;0.0;0.0;0.0;15.97;1.31
25/06/2024 01:30:00;0.0;0.0;0.0;15.945;1.24
25/06/2024 02:00:00;0.0;0.0;0.0;15.92;1.17
25/06/2024 02:30:00;0.0;0.0;0.0;16.115;1.1
25/06/2024 03:00:00;0.0;0.0;0.0;16.31;1.03
25/06/2024 03:30:00;0.0;10.94;0.26;16.165;0.9650000000000001
25/06/2024 04:00:00;0.0;21.88;0.52;16.02;0.9
25/06/2024 04:30:00;0.0;39.974999999999994;0.955;16.08;0.7949999999999999
25/06/2024 05:00:00;0.0;58.07;1.39;16.14;0.69
25/06/2024 05:30:00;73.36;67.015;4.28;17.060000000000002;0.62
25/06/2024 06:00:00;146.72;75.96;7.17;17.98;0.55
25/06/2024 06:30:00;242.755;90.005;8.91;19.21;0.69
25/06/2024 07:00:00;338.79;104.05;10.65;20.44;0.83
25/06/2024 07:30:00;437.28999999999996;112.305;12.26;21.3;1.0
25/06/2024 08:00:00;535.79;120.56;13.87;22.16;1.17
25/06/2024 08:30:00;621.065;126.045;15.204999999999998;22.880000000000003;1.24
25/06/2024 09:00:00;706.34;131.53;16.54;23.6;1.31
25/06/2024 09:30:00;761.985;136.95499999999998;17.415;24.245;1.205
25/06/2024 10:00:00;817.63;142.38;18.29;24.89;1.1
25/06/2024 10:30:00;847.51;143.725;18.740000000000002;25.47;1.0
25/06/2024 11:00:00;877.39;145.07;19.19;26.05;0.9
25/06/2024 11:30:00;872.69;144.95;19.12;26.52;0.76
25/06/2024 12:00:00;867.99;144.83;19.05;26.99;0.62
25/06/2024 12:30:00;829.935;143.24;18.48;27.375;0.45
25/06/2024 13:00:00;791.88;141.65;17.91;27.76;0.28
25/06/2024 13:30:00;733.005;133.41;16.955;28.0;0.21000000000000002
25/06/2024 14:00:00;674.13;125.17;16.0;28.24;0.14
25/06/2024 14:30:00;583.31;119.44;14.57;28.375;0.21000000000000002
25/06/2024 15:00:00;492.49;113.71;13.14;28.51;0.28
25/06/2024 15:30:00;385.605;108.41499999999999;11.395;28.495;0.38
25/06/2024 16:00:00;278.72;103.12;9.65;28.48;0.48
25/06/2024 16:30:00;185.32000000000002;89.47;7.84;28.325000000000003;0.55
25/06/2024 17:00:00;91.92;75.82;6.03;28.17;0.62
25/06/2024 17:30:00;45.96;62.735;3.6100000000000003;27.525;0.62
25/06/2024 18:00:00;0.0;49.65;1.19;26.88;0.62
25/06/2024 18:30:00;0.0;27.349999999999998;0.655;26.825;0.655
25/06/2024 19:00:00;0.0;5.05;0.12;26.77;0.69
25/06/2024 19:30:00;0.0;2.525;0.06;26.259999999999998;0.76
25/06/2024 20:00:00;0.0;0.0;0.0;25.75;0.83
25/06/2024 20:30:00;0.0;0.0;0.0;24.925;0.9299999999999999
25/06/2024 21:00:00;0.0;0.0;0.0;24.1;1.03
25/06/2024 21:30:00;0.0;0.0;0.0;22.895000000000003;1.135
25/06/2024 22:00:00;0.0;0.0;0.0;21.69;1.24
25/06/2024 22:30:00;0.0;0.0;0.0;20.6;1.345
25/06/2024 23:00:00;0.0;0.0;0.0;19.51;1.45
25/06/2024 23:30:00;0.0;0.0;0.0;18.865000000000002;1.4849999999999999
26/06/2024 00:00:00;0.0;0.0;0.0;18.22;1.52
26/06/2024 00:30:00;0.0;0.0;0.0;17.705;1.52
26/06/2024 01:00:00;0.0;0.0;0.0;17.19;1.52
26/06/2024 01:30:00;0.0;0.0;0.0;16.8;1.52
26/06/2024 02:00:00;0.0;0.0;0.0;16.41;1.52
26/06/2024 02:30:00;0.0;0.0;0.0;16.12;1.5550000000000002
26/06/2024 03:00:00;0.0;0.0;0.0;15.83;1.59
26/06/2024 03:30:00;0.0;10.52;0.25;15.66;1.59
26/06/2024 04:00:00;0.0;21.04;0.5;15.49;1.59
26/06/2024 04:30:00;0.0;43.760000000000005;1.045;16.04;1.5550000000000002
26/06/2024 05:00:00;0.0;66.48;1.59;16.59;1.52
26/06/2024 05:30:00;61.735;79.555;4.15;18.634999999999998;1.5550000000000002
26/06/2024 06:00:00;123.47;92.63;6.71;20.68;1.59
26/06/2024 06:30:00;212.37;107.74;8.42;21.79;2.105
26/06/2024 07:00:00;301.27;122.85;10.13;22.9;2.62
26/06/2024 07:30:00;403.935;128.075;11.82;23.465;2.825
26/06/2024 08:00:00;506.6;133.3;13.51;24.03;3.03
26/06/2024 08:30:00;587.765;140.525;14.815000000000001;24.495;3.24
26/06/2024 09:00:00;668.93;147.75;16.12;24.96;3.45
26/06/2024 09:30:00;705.45;163.07;16.835;25.245;3.4850000000000003
26/06/2024 10:00:00;741.97;178.39;17.55;25.53;3.52
26/06/2024 10:30:00;786.81;171.635;18.130000000000003;25.79;3.415
26/06/2024 11:00:00;831.65;164.88;18.71;26.05;3.31
26/06/2024 11:30:00;833.4300000000001;161.63;18.700000000000003;26.355;3.31
26/06/2024 12:00:00;835.21;158.38;18.69;26.66;3.31
26/06/2024 12:30:00;803.2650000000001;153.615;18.17;26.92;3.38
26/06/2024 13:00:00;771.32;148.85;17.65;27.18;3.45
26/06/2024 13:30:00;701.4100000000001;146.595;16.585;27.275;3.585
26/06/2024 14:00:00;631.5;144.34;15.52;27.37;3.72
26/06/2024 14:30:00;545.685;136.82;14.129999999999999;27.259999999999998;3.825
26/06/2024 15:00:00;459.87;129.3;12.74;27.15;3.93
26/06/2024 15:30:00;363.75;118.61500000000001;11.094999999999999;26.78;3.93
26/06/2024 16:00:00;267.63;107.93;9.45;26.41;3.93
26/06/2024 16:30:00;161.36;110.48;7.31;25.91;3.825
26/06/2024 17:00:00;55.09;113.03;5.17;25.41;3.72
26/06/2024 17:30:00;27.545;87.23;3.32;24.79;3.55
26/06/2024 18:00:00;0.0;61.43;1.47;24.17;3.38
26/06/2024 18:30:00;0.0;34.925;0.835;23.450000000000003;3.175
26/06/2024 19:00:00;0.0;8.42;0.2;22.73;2.97
26/06/2024 19:30:00;0.0;4.21;0.1;21.93;2.625
26/06/2024 20:00:00;0.0;0.0;0.0;21.13;2.28
26/06/2024 20:30:00;0.0;0.0;0.0;20.34;2.21
26/06/2024 21:00:00;0.0;0.0;0.0;19.55;2.14
26/06/2024 21:30:00;0.0;0.0;0.0;18.875;1.965
26/06/2024 22:00:00;0.0;0.0;0.0;18.2;1.79
26/06/2024 22:30:00;0.0;0.0;0.0;17.58;1.585
26/06/2024 23:00:00;0.0;0.0;0.0;16.96;1.38
26/06/2024 23:30:00;0.0;0.0;0.0;16.425;1.45
27/06/2024 00:00:00;0.0;0.0;0.0;15.89;1.52
27/06/2024 00:30:00;0.0;0.0;0.0;15.52;1.52
27/06/2024 01:00:00;0.0;0.0;0.0;15.15;1.52
27/06/2024 01:30:00;0.0;0.0;0.0;15.165;1.415
27/06/2024 02:00:00;0.0;0.0;0.0;15.18;1.31
27/06/2024 02:30:00;0.0;0.0;0.0;15.23;1.205
27/06/2024 03:00:00;0.0;0.0;0.0;15.28;1.1
27/06/2024 03:30:00;0.0;9.255;0.22;15.024999999999999;1.1
27/06/2024 04:00:00;0.0;18.51;0.44;14.77;1.1
27/06/2024 04:30:00;0.0;27.770000000000003;0.66;14.98;0.9650000000000001
27/06/2024 05:00:00;0.0;37.03;0.88;15.19;0.83
27/06/2024 05:30:00;0.0;67.505;1.5350000000000001;16.155;0.865
27/06/2024 06:00:00;0.0;97.98;2.19;17.12;0.9
27/06/2024 06:30:00;105.025;138.61;5.645;17.68;0.935
27/06/2024 07:00:00;210.05;179.24;9.1;18.24;0.97
27/06/2024 07:30:00;248.45000000000002;216.16500000000002;10.25;18.79;1.21
27/06/2024 08:00:00;286.85;253.09;11.4;19.34;1.45
27/06/2024 08:30:00;250.04000000000002;303.40500000000003;11.54;19.82;1.45
27/06/2024 09:00:00;213.23;353.72;11.68;20.3;1.45
27/06/2024 09:30:00;319.585;347.94000000000005;13.325;20.855;1.345
27/06/2024 10:00:00;425.94;342.16;14.97;21.41;1.24
27/06/2024 10:30:00;468.885;338.645;15.585;21.83;1.24
27/06/2024 11:00:00;511.83;335.13;16.2;22.25;1.24
27/06/2024 11:30:00;605.33;284.555;16.905;22.65;1.38
27/06/2024 12:00:00;698.83;233.98;17.61;23.05;1.52
27/06/2024 12:30:00;622.72;253.46999999999997;16.725;23.3;1.5899999999999999
27/06/2024 13:00:00;546.61;272.96;15.84;23.55;1.66
27/06/2024 13:30:00;469.1;274.28;14.645;23.775;1.795
27/06/2024 14:00:00;391.59;275.6;13.45;24.0;1.93
27/06/2024 14:30:00;403.905;214.985;12.875;24.04;2.035
27/06/2024 15:00:00;416.22;154.37;12.3;24.08;2.14
27/06/2024 15:30:00;337.91;133.07;10.805;23.994999999999997;2.105
27/06/2024 16:00:00;259.6;111.77;9.31;23.91;2.07
27/06/2024 16:30:00;174.055;95.38499999999999;7.61;23.71;2.035
27/06/2024 17:00:00;88.51;79.0;5.91;23.51;2.0
27/06/2024 17:30:00;44.255;66.01;3.59;23.175;1.9300000000000002
27/06/2024 18:00:00;0.0;53.02;1.27;22.84;1.86
27/06/2024 18:30:00;0.0;30.720000000000002;0.735;22.15;1.55
27/06/2024 19:00:00;0.0;8.42;0.2;21.46;1.24
27/06/2024 19:30:00;0.0;4.21;0.1;20.85;1.135
27/06/2024 20:00:00;0.0;0.0;0.0;20.24;1.03
27/06/2024 20:30:00;0.0;0.0;0.0;19.35;1.17
27/06/2024 21:00:00;0.0;0.0;0.0;18.46;1.31
27/06/2024 21:30:00;0.0;0.0;0.0;17.91;1.38
27/06/2024 22:00:00;0.0;0.0;0.0;17.36;1.45
27/06/2024 22:30:00;0.0;0.0;0.0;16.875;1.52
27/06/2024 23:00:00;0.0;0.0;0.0;16.39;1.59
27/06/2024 23:30:00;0.0;0.0;0.0;16.16;1.5550000000000002
28/06/2024 00:00:00;0.0;0.0;0.0;15.93;1.52
28/06/2024 00:30:00;0.0;0.0;0.0;15.649999999999999;1.4849999999999999
28/06/2024 01:00:00;0.0;0.0;0.0;15.37;1.45
28/06/2024 01:30:00;0.0;0.0;0.0;15.17;1.45
28/06/2024 02:00:00;0.0;0.0;0.0;14.97;1.45
28/06/2024 02:30:00;0.0;0.0;0.0;15.379999999999999;1.24
28/06/2024 03:00:00;0.0;0.0;0.0;15.79;1.03
28/06/2024 03:30:00;0.0;2.525;0.06;16.06;0.825
28/06/2024 04:00:00;0.0;5.05;0.12;16.33;0.62
28/06/2024 04:30:00;0.0;18.515;0.44;16.18;0.69
28/06/2024 05:00:00;0.0;31.98;0.76;16.03;0.76
28/06/2024 05:30:00;0.0;44.755;1.025;16.78;0.8300000000000001
28/06/2024 06:00:00;0.0;57.53;1.29;17.53;0.9
28/06/2024 06:30:00;1.22;113.295;2.565;17.835;0.935
28/06/2024 07:00:00;2.44;169.06;3.84;18.14;0.97
28/06/2024 07:30:00;63.985;234.1;6.49;18.655;1.0350000000000001
28/06/2024 08:00:00;125.53;299.14;9.14;19.17;1.1
28/06/2024 08:30:00;226.305;308.805;11.07;19.615000000000002;0.9650000000000001
28/06/2024 09:00:00;327.08;318.47;13.0;20.06;0.83
28/06/2024 09:30:00;431.45500000000004;303.295;14.43;20.759999999999998;0.7949999999999999
28/06/2024 10:00:00;535.83;288.12;15.86;21.46;0.76
28/06/2024 10:30:00;397.54;350.615;14.665;22.045;0.76
28/06/2024 11:00:00;259.25;413.11;13.47;22.63;0.76
28/06/2024 11:30:00;319.93;395.895;14.14;23.215;0.8300000000000001
28/06/2024 12:00:00;380.61;378.68;14.81;23.8;0.9
28/06/2024 12:30:00;489.455;310.435;15.495000000000001;24.14;0.9650000000000001
28/06/2024 13:00:00;598.3;242.19;16.18;24.48;1.03
28/06/2024 13:30:00;610.3599999999999;193.79;15.754999999999999;24.755000000000003;1.135
28/06/2024 14:00:00;622.42;145.39;15.33;25.03;1.24
28/06/2024 14:30:00;541.155;135.95499999999998;13.995000000000001;25.235;1.31
28/06/2024 15:00:00;459.89;126.52;12.66;25.44;1.38
28/06/2024 15:30:00;353.425;122.905;10.89;25.37;1.4849999999999999
28/06/2024 16:00:00;246.96;119.29;9.12;25.3;1.59
28/06/2024 16:30:00;163.055;103.94;7.404999999999999;25.15;1.76
28/06/2024 17:00:00;79.15;88.59;5.69;25.0;1.93
28/06/2024 17:30:00;39.575;71.225;3.49;24.58;2.135
28/06/2024 18:00:00;0.0;53.86;1.29;24.16;2.34
28/06/2024 18:30:00;0.0;30.715;0.735;23.630000000000003;2.1
28/06/2024 19:00:00;0.0;7.57;0.18;23.1;1.86
28/06/2024 19:30:00;0.0;3.785;0.09;22.22;2.0
28/06/2024 20:00:00;0.0;0.0;0.0;21.34;2.14
28/06/2024 20:30:00;0.0;0.0;0.0;20.630000000000003;2.035
28/06/2024 21:00:00;0.0;0.0;0.0;19.92;1.93
28/06/2024 21:30:00;0.0;0.0;0.0;19.16;1.795
28/06/2024 22:00:00;0.0;0.0;0.0;18.4;1.66
28/06/2024 22:30:00;0.0;0.0;0.0;17.85;1.555
28/06/2024 23:00:00;0.0;0.0;0.0;17.3;1.45
28/06/2024 23:30:00;0.0;0.0;0.0;17.125;1.345
29/06/2024 00:00:00;0.0;0.0;0.0;16.95;1.24
29/06/2024 00:30:00;0.0;0.0;0.0;17.095;1.105
29/06/2024 01:00:00;0.0;0.0;0.0;17.24;0.97
29/06/2024 01:30:00;0.0;0.0;0.0;17.345;0.935
29/06/2024 02:00:00;0.0;0.0;0.0;17.45;0.9
29/06/2024 02:30:00;0.0;0.0;0.0;17.215;0.9
29/06/2024 03:00:00;0.0;0.0;0.0;16.98;0.9
29/06/2024 03:30:00;0.0;2.945;0.07;16.845;0.9
29/06/2024 04:00:00;0.0;5.89;0.14;16.71;0.9
29/06/2024 04:30:00;0.0;38.29;0.9149999999999999;16.78;0.69
29/06/2024 05:00:00;0.0;70.69;1.69;16.85;0.48
29/06/2024 05:30:00;62.04;79.065;4.16;17.75;0.41000000000000003
29/06/2024 06:00:00;124.08;87.44;6.63;18.65;0.34
29/06/2024 06:30:00;199.66000000000003;110.77;8.18;19.72;0.375
29/06/2024 07:00:00;275.24;134.1;9.73;20.79;0.41
29/06/2024 07:30:00;352.90999999999997;152.54500000000002;11.195;21.535;0.44499999999999995
29/06/2024 08:00:00;430.58;170.99;12.66;22.28;0.48
29/06/2024 08:30:00;512.04;176.845;13.985;22.935000000000002;0.48
29/06/2024 09:00:00;593.5;182.7;15.31;23.59;0.48
29/06/2024 09:30:00;506.235;260.74;15.04;24.21;0.62
29/06/2024 10:00:00;418.97;338.78;14.77;24.83;0.76
29/06/2024 10:30:00;472.635;330.835;15.485;25.165;0.7949999999999999
29/06/2024 11:00:00;526.3;322.89;16.2;25.5;0.83
29/06/2024 11:30:00;294.17499999999995;355.46;12.945;25.545;0.83
29/06/2024 12:00:00;62.05;388.03;9.69;25.59;0.83
29/06/2024 12:30:00;187.26;376.945;11.6;25.475;0.7949999999999999
29/06/2024 13:00:00;312.47;365.86;13.51;25.36;0.76
29/06/2024 13:30:00;432.105;275.485;14.11;25.365000000000002;0.725
29/06/2024 14:00:00;551.74;185.11;14.71;25.37;0.69
29/06/2024 14:30:00;428.73;200.13;12.940000000000001;25.425;0.345
29/06/2024 15:00:00;305.72;215.15;11.17;25.48;0.0
29/06/2024 15:30:00;172.9;211.7;8.43;25.41;0.17
29/06/2024 16:00:00;40.08;208.25;5.69;25.34;0.34
29/06/2024 16:30:00;20.735;157.505;4.07;25.244999999999997;0.515
29/06/2024 17:00:00;1.39;106.76;2.45;25.15;0.69
29/06/2024 17:30:00;0.695;58.43;1.3450000000000002;24.79;0.585
29/06/2024 18:00:00;0.0;10.1;0.24;24.43;0.48
29/06/2024 18:30:00;0.0;5.47;0.13;23.85;0.725
29/06/2024 19:00:00;0.0;0.84;0.02;23.27;0.97
29/06/2024 19:30:00;0.0;0.42;0.01;23.049999999999997;0.69
29/06/2024 20:00:00;0.0;0.0;0.0;22.83;0.41
29/06/2024 20:30:00;0.0;0.0;0.0;22.634999999999998;0.515
29/06/2024 21:00:00;0.0;0.0;0.0;22.44;0.62
29/06/2024 21:30:00;0.0;0.0;0.0;21.895000000000003;0.69
29/06/2024 22:00:00;0.0;0.0;0.0;21.35;0.76
29/06/2024 22:30:00;0.0;0.0;0.0;21.21;0.585
29/06/2024 23:00:00;0.0;0.0;0.0;21.07;0.41
29/06/2024 23:30:00;0.0;0.0;0.0;20.66;0.31
30/06/2024 00:00:00;0.0;0.0;0.0;20.25;0.21
30/06/2024 00:30:00;0.0;0.0;0.0;19.98;0.14
30/06/2024 01:00:00;0.0;0.0;0.0;19.71;0.07
30/06/2024 01:30:00;0.0;0.0;0.0;19.375;0.14
30/06/2024 02:00:00;0.0;0.0;0.0;19.04;0.21
30/06/2024 02:30:00;0.0;0.0;0.0;18.68;0.31
30/06/2024 03:00:00;0.0;0.0;0.0;18.32;0.41
30/06/2024 03:30:00;0.0;2.105;0.05;18.055;0.5499999999999999
30/06/2024 04:00:00;0.0;4.21;0.1;17.79;0.69
30/06/2024 04:30:00;0.0;8.415;0.2;17.439999999999998;0.86
30/06/2024 05:00:00;0.0;12.62;0.3;17.09;1.03
30/06/2024 05:30:00;0.0;29.68;0.675;17.61;1.275
30/06/2024 06:00:00;0.0;46.74;1.05;18.13;1.52
30/06/2024 06:30:00;0.0;68.315;1.5299999999999998;17.689999999999998;1.245
30/06/2024 07:00:00;0.0;89.89;2.01;17.25;0.97
30/06/2024 07:30:00;0.0;101.125;2.26;17.259999999999998;1.1749999999999998
30/06/2024 08:00:00;0.0;112.36;2.51;17.27;1.38
30/06/2024 08:30:00;0.0;141.125;3.155;17.375;1.5499999999999998
30/06/2024 09:00:00;0.0;169.89;3.8;17.48;1.72
30/06/2024 09:30:00;40.125;276.78;6.855;17.745;1.895
30/06/2024 10:00:00;80.25;383.67;9.91;18.01;2.07
30/06/2024 10:30:00;40.125;191.835;4.955;18.405;2.24
30/06/2024 11:00:00;0.0;0.0;0.0;18.8;2.41
30/06/2024 11:30:00;0.535;131.28;2.945;19.05;2.7199999999999998
30/06/2024 12:00:00;1.07;262.56;5.89;19.3;3.03
30/06/2024 12:30:00;12.605;297.4;6.865;19.545;3.17
30/06/2024 13:00:00;24.14;332.24;7.84;19.79;3.31
30/06/2024 13:30:00;12.57;277.17;6.41;20.1;3.14
30/06/2024 14:00:00;1.0;222.1;4.98;20.41;2.97
30/06/2024 14:30:00;101.92;241.26;7.4750000000000005;20.535;2.795
30/06/2024 15:00:00;202.84;260.42;9.97;20.66;2.62
30/06/2024 15:30:00;103.35000000000001;212.935;6.885;20.765;2.415
30/06/2024 16:00:00;3.86;165.45;3.8;20.87;2.21
30/06/2024 16:30:00;5.195;145.08499999999998;3.45;20.535;2.275
30/06/2024 17:00:00;6.53;124.72;3.1;20.2;2.34
30/06/2024 17:30:00;3.265;69.09;1.71;19.68;2.445
30/06/2024 18:00:00;0.0;13.46;0.32;19.16;2.55
30/06/2024 18:30:00;0.0;7.15;0.17;18.39;2.3449999999999998
30/06/2024 19:00:00;0.0;0.84;0.02;17.62;2.14
30/06/2024 19:30:00;0.0;0.42;0.01;17.425;2.035
30/06/2024 20:00:00;0.0;0.0;0.0;17.23;1.93
30/06/2024 20:30:00;0.0;0.0;0.0;17.1;1.895
30/06/2024 21:00:00;0.0;0.0;0.0;16.97;1.86
30/06/2024 21:30:00;0.0;0.0;0.0;16.869999999999997;1.86
30/06/2024 22:00:00;0.0;0.0;0.0;16.77;1.86
30/06/2024 22:30:00;0.0;0.0;0.0;16.665;1.8250000000000002
30/06/2024 23:00:00;0.0;0.0;0.0;16.56;1.79
30/06/2024 23:30:00;0.0;0.0;0.0;16.494999999999997;1.755
01/07/2024 00:00:00;0.0;0.0;0.0;16.43;1.72
01/07/2024 00:30:00;0.0;0.0;0.0;16.38;1.72
01/07/2024 01:00:00;0.0;0.0;0.0;16.33;1.72
01/07/2024 01:30:00;0.0;0.0;0.0;16.2;1.69
01/07/2024 02:00:00;0.0;0.0;0.0;16.07;1.66
01/07/2024 02:30:00;0.0;0.0;0.0;15.92;1.66
01/07/2024 03:00:00;0.0;0.0;0.0;15.77;1.66
01/07/2024 03:30:00;0.0;9.68;0.23;15.67;1.66
01/07/2024 04:00:00;0.0;19.36;0.46;15.57;1.66
01/07/2024 04:30:00;0.0;45.865;1.095;15.59;1.625
01/07/2024 05:00:00;0.0;72.37;1.73;15.61;1.59
01/07/2024 05:30:00;61.36;79.9;4.16;16.085;1.8650000000000002
01/07/2024 06:00:00;122.72;87.43;6.59;16.56;2.14
01/07/2024 06:30:00;219.45499999999998;97.725;8.379999999999999;16.84;2.45
01/07/2024 07:00:00;316.19;108.02;10.17;17.12;2.76
01/07/2024 07:30:00;350.945;152.82;11.215;17.62;2.9299999999999997
01/07/2024 08:00:00;385.7;197.62;12.26;18.12;3.1
01/07/2024 08:30:00;332.255;265.58500000000004;12.34;18.775;3.3449999999999998
01/07/2024 09:00:00;278.81;333.55;12.42;19.43;3.59
01/07/2024 09:30:00;320.63;347.5;13.325;19.97;3.83
01/07/2024 10:00:00;362.45;361.45;14.23;20.51;4.07
01/07/2024 10:30:00;217.72;380.405;12.17;20.885;4.175000000000001
01/07/2024 11:00:00;72.99;399.36;10.11;21.26;4.28
01/07/2024 11:30:00;37.029999999999994;329.615;7.97;21.565;4.485
01/07/2024 12:00:00;1.07;259.87;5.83;21.87;4.69
01/07/2024 12:30:00;1.585;260.355;5.85;21.59;4.69
01/07/2024 13:00:00;2.1;260.84;5.87;21.31;4.69
01/07/2024 13:30:00;20.150000000000002;289.49;6.835;20.895;4.585000000000001
01/07/2024 14:00:00;38.2;318.14;7.8;20.48;4.48
01/07/2024 14:30:00;41.260000000000005;295.47;7.395;20.175;4.41
01/07/2024 15:00:00;44.32;272.8;6.99;19.87;4.34
01/07/2024 15:30:00;46.92;241.98000000000002;6.49;19.575000000000003;4.1
01/07/2024 16:00:00;49.52;211.16;5.99;19.28;3.86
01/07/2024 16:30:00;24.995;150.495;4.01;19.05;3.62
01/07/2024 17:00:00;0.47;89.83;2.03;18.82;3.38
01/07/2024 17:30:00;0.235;55.855;1.275;18.61;3.1399999999999997
01/07/2024 18:00:00;0.0;21.88;0.52;18.4;2.9
01/07/2024 18:30:00;0.0;11.36;0.27;18.259999999999998;2.62
01/07/2024 19:00:00;0.0;0.84;0.02;18.12;2.34
01/07/2024 19:30:00;0.0;0.42;0.01;17.93;2.375
01/07/2024 20:00:00;0.0;0.0;0.0;17.74;2.41
01/07/2024 20:30:00;0.0;0.0;0.0;17.53;2.515
01/07/2024 21:00:00;0.0;0.0;0.0;17.32;2.62
01/07/2024 21:30:00;0.0;0.0;0.0;17.189999999999998;2.62
01/07/2024 22:00:00;0.0;0.0;0.0;17.06;2.62
01/07/2024 22:30:00;0.0;0.0;0.0;16.979999999999997;2.515
01/07/2024 23:00:00;0.0;0.0;0.0;16.9;2.41
01/07/2024 23:30:00;0.0;0.0;0.0;16.81;2.3449999999999998
02/07/2024 00:00:00;0.0;0.0;0.0;16.72;2.28
02/07/2024 00:30:00;0.0;0.0;0.0;16.619999999999997;2.3449999999999998
02/07/2024 01:00:00;0.0;0.0;0.0;16.52;2.41
02/07/2024 01:30:00;0.0;0.0;0.0;16.4;2.4450000000000003
02/07/2024 02:00:00;0.0;0.0;0.0;16.28;2.48
02/07/2024 02:30:00;0.0;0.0;0.0;16.19;2.48
02/07/2024 03:00:00;0.0;0.0;0.0;16.1;2.48
02/07/2024 03:30:00;0.0;1.26;0.03;16.01;2.4450000000000003
02/07/2024 04:00:00;0.0;2.52;0.06;15.92;2.41
02/07/2024 04:30:00;0.0;14.725;0.35000000000000003;15.905000000000001;2.3449999999999998
02/07/2024 05:00:00;0.0;26.93;0.64;15.89;2.28
02/07/2024 05:30:00;0.0;57.959999999999994;1.315;16.075000000000003;2.28
02/07/2024 06:00:00;0.0;88.99;1.99;16.26;2.28
02/07/2024 06:30:00;30.17;158.76999999999998;4.27;16.585;2.45
02/07/2024 07:00:00;60.34;228.55;6.55;16.91;2.62
02/07/2024 07:30:00;51.455;256.6;6.87;17.255000000000003;2.825
02/07/2024 08:00:00;42.57;284.65;7.19;17.6;3.03
02/07/2024 08:30:00;240.225;278.79499999999996;10.65;18.0;3.275
02/07/2024 09:00:00;437.88;272.94;14.11;18.4;3.52
02/07/2024 09:30:00;364.35;329.265;13.8;18.645;3.62
02/07/2024 10:00:00;290.82;385.59;13.49;18.89;3.72
02/07/2024 10:30:00;346.83;381.755;14.31;19.085;3.79
02/07/2024 11:00:00;402.84;377.92;15.13;19.28;3.86
02/07/2024 11:30:00;577.805;291.045;16.55;19.555;3.965
02/07/2024 12:00:00;752.77;204.17;17.97;19.83;4.07
02/07/2024 12:30:00;677.595;224.48;17.115000000000002;20.28;4.175000000000001
02/07/2024 13:00:00;602.42;244.79;16.26;20.73;4.28
02/07/2024 13:30:00;587.015;212.245;15.605;21.03;4.140000000000001
02/07/2024 14:00:00;571.61;179.7;14.95;21.33;4.0
02/07/2024 14:30:00;465.645;185.265;13.364999999999998;21.365;3.895
02/07/2024 15:00:00;359.68;190.83;11.78;21.4;3.79
02/07/2024 15:30:00;311.65999999999997;151.06;10.555;21.424999999999997;3.62
02/07/2024 16:00:00;263.64;111.29;9.33;21.45;3.45
02/07/2024 16:30:00;178.42499999999998;93.56;7.640000000000001;21.335;3.2750000000000004
02/07/2024 17:00:00;93.21;75.83;5.95;21.22;3.1
02/07/2024 17:30:00;46.605;69.895;3.74;20.97;2.8600000000000003
02/07/2024 18:00:00;0.0;63.96;1.53;20.72;2.62
02/07/2024 18:30:00;0.0;36.19;0.865;20.299999999999997;2.31
02/07/2024 19:00:00;0.0;8.42;0.2;19.88;2.0
02/07/2024 19:30:00;0.0;4.21;0.1;19.244999999999997;1.8599999999999999
02/07/2024 20:00:00;0.0;0.0;0.0;18.61;1.72
02/07/2024 20:30:00;0.0;0.0;0.0;17.705;1.69
02/07/2024 21:00:00;0.0;0.0;0.0;16.8;1.66
02/07/2024 21:30:00;0.0;0.0;0.0;16.11;1.625
02/07/2024 22:00:00;0.0;0.0;0.0;15.42;1.59
02/07/2024 22:30:00;0.0;0.0;0.0;15.175;1.52
02/07/2024 23:00:00;0.0;0.0;0.0;14.93;1.45
02/07/2024 23:30:00;0.0;0.0;0.0;14.705;1.4849999999999999
03/07/2024 00:00:00;0.0;0.0;0.0;14.48;1.52
03/07/2024 00:30:00;0.0;0.0;0.0;14.195;1.5550000000000002
03/07/2024 01:00:00;0.0;0.0;0.0;13.91;1.59
03/07/2024 01:30:00;0.0;0.0;0.0;13.705;1.625
03/07/2024 02:00:00;0.0;0.0;0.0;13.5;1.66
03/07/2024 02:30:00;0.0;0.0;0.0;13.415;1.66
03/07/2024 03:00:00;0.0;0.0;0.0;13.33;1.66
03/07/2024 03:30:00;0.0;1.26;0.03;13.370000000000001;1.69
03/07/2024 04:00:00;0.0;2.52;0.06;13.41;1.72
03/07/2024 04:30:00;0.0;14.725;0.35000000000000003;13.844999999999999;1.655
03/07/2024 05:00:00;0.0;26.93;0.64;14.28;1.59
03/07/2024 05:30:00;4.735;84.45499999999998;2.09;15.329999999999998;1.69
03/07/2024 06:00:00;9.47;141.98;3.54;16.38;1.79
03/07/2024 06:30:00;66.34;179.78;5.68;16.93;2.035
03/07/2024 07:00:00;123.21;217.58;7.82;17.48;2.28
03/07/2024 07:30:00;150.135;254.23000000000002;8.895;17.855;2.38
03/07/2024 08:00:00;177.06;290.88;9.97;18.23;2.48
03/07/2024 08:30:00;420.28;218.445;12.945;18.715;2.9299999999999997
03/07/2024 09:00:00;663.5;146.01;15.92;19.2;3.38
03/07/2024 09:30:00;573.075;231.105;15.665;19.61;3.55
03/07/2024 10:00:00;482.65;316.2;15.41;20.02;3.72
03/07/2024 10:30:00;414.965;355.54999999999995;14.969999999999999;20.005;3.6900000000000004
03/07/2024 11:00:00;347.28;394.9;14.53;19.99;3.66
03/07/2024 11:30:00;173.64;310.71;9.795;20.11;3.725
03/07/2024 12:00:00;0.0;226.52;5.06;20.23;3.79
03/07/2024 12:30:00;157.34;298.40500000000003;9.335;20.39;3.79
03/07/2024 13:00:00;314.68;370.29;13.61;20.55;3.79
03/07/2024 13:30:00;180.51500000000001;347.34000000000003;10.844999999999999;20.715;3.8600000000000003
03/07/2024 14:00:00;46.35;324.39;8.08;20.88;3.93
03/07/2024 14:30:00;224.59499999999997;244.45499999999998;10.11;20.91;3.8600000000000003
03/07/2024 15:00:00;402.84;164.52;12.14;20.94;3.79
03/07/2024 15:30:00;335.475;136.57;10.754999999999999;20.96;3.6550000000000002
03/07/2024 16:00:00;268.11;108.62;9.37;20.98;3.52
03/07/2024 16:30:00;171.17000000000002;102.55000000000001;7.47;20.865000000000002;3.245
03/07/2024 17:00:00;74.23;96.48;5.57;20.75;2.97
03/07/2024 17:30:00;37.115;76.01;3.45;20.465;2.625
03/07/2024 18:00:00;0.0;55.54;1.33;20.18;2.28
03/07/2024 18:30:00;0.0;31.98;0.765;20.075;2.415
03/07/2024 19:00:00;0.0;8.42;0.2;19.97;2.55
03/07/2024 19:30:00;0.0;4.21;0.1;19.575;2.445
03/07/2024 20:00:00;0.0;0.0;0.0;19.18;2.34
03/07/2024 20:30:00;0.0;0.0;0.0;18.8;2.24
03/07/2024 21:00:00;0.0;0.0;0.0;18.42;2.14
03/07/2024 21:30:00;0.0;0.0;0.0;18.025;2.21
03/07/2024 22:00:00;0.0;0.0;0.0;17.63;2.28
03/07/2024 22:30:00;0.0;0.0;0.0;17.375;2.175
03/07/2024 23:00:00;0.0;0.0;0.0;17.12;2.07
03/07/2024 23:30:00;0.0;0.0;0.0;16.955;1.93
04/07/2024 00:00:00;0.0;0.0;0.0;16.79;1.79
04/07/2024 00:30:00;0.0;0.0;0.0;16.59;1.69
04/07/2024 01:00:00;0.0;0.0;0.0;16.39;1.59
04/07/2024 01:30:00;0.0;0.0;0.0;16.15;1.59
04/07/2024 02:00:00;0.0;0.0;0.0;15.91;1.59
04/07/2024 02:30:00;0.0;0.0;0.0;15.77;1.52
04/07/2024 03:00:00;0.0;0.0;0.0;15.63;1.45
04/07/2024 03:30:00;0.0;7.575;0.18;15.2;1.415
04/07/2024 04:00:00;0.0;15.15;0.36;14.77;1.38
04/07/2024 04:30:00;0.0;37.45;0.8949999999999999;14.85;1.24
04/07/2024 05:00:00;0.0;59.75;1.43;14.93;1.1
04/07/2024 05:30:00;19.77;103.245;3.115;15.9;1.17
04/07/2024 06:00:00;39.54;146.74;4.8;16.87;1.24
04/07/2024 06:30:00;87.14000000000001;178.65;6.37;17.34;1.24
04/07/2024 07:00:00;134.74;210.56;7.94;17.81;1.24
04/07/2024 07:30:00;74.95;231.66;6.945;18.485;1.205
04/07/2024 08:00:00;15.16;252.76;5.95;19.16;1.17
04/07/2024 08:30:00;117.25;300.38;8.795;19.75;1.24
04/07/2024 09:00:00;219.34;348.0;11.64;20.34;1.31
04/07/2024 09:30:00;327.915;340.245;13.275;20.880000000000003;1.4500000000000002
04/07/2024 10:00:00;436.49;332.49;14.91;21.42;1.59
04/07/2024 10:30:00;389.9;362.57500000000005;14.66;21.945;1.625
04/07/2024 11:00:00;343.31;392.66;14.41;22.47;1.66
04/07/2024 11:30:00;172.19;326.265;10.120000000000001;22.705;1.69
04/07/2024 12:00:00;1.07;259.87;5.83;22.94;1.72
04/07/2024 12:30:00;50.05500000000001;321.935;8.030000000000001;23.235;1.755
04/07/2024 13:00:00;99.04;384.0;10.23;23.53;1.79
04/07/2024 13:30:00;268.955;317.33;12.0;23.675;1.725
04/07/2024 14:00:00;438.87;250.66;13.77;23.82;1.66
04/07/2024 14:30:00;461.07;183.04500000000002;13.305;23.93;1.66
04/07/2024 15:00:00;483.27;115.43;12.84;24.04;1.66
04/07/2024 15:30:00;371.72;113.515;11.02;23.9;1.625
04/07/2024 16:00:00;260.17;111.6;9.2;23.76;1.59
04/07/2024 16:30:00;171.875;98.53;7.455;23.615000000000002;1.4849999999999999
04/07/2024 17:00:00;83.58;85.46;5.71;23.47;1.38
04/07/2024 17:30:00;41.79;67.55499999999999;3.45;23.1;1.415
04/07/2024 18:00:00;0.0;49.65;1.19;22.73;1.45
04/07/2024 18:30:00;0.0;28.61;0.6849999999999999;21.990000000000002;1.275
04/07/2024 19:00:00;0.0;7.57;0.18;21.25;1.1
04/07/2024 19:30:00;0.0;3.785;0.09;20.365000000000002;1.4100000000000001
04/07/2024 20:00:00;0.0;0.0;0.0;19.48;1.72
04/07/2024 20:30:00;0.0;0.0;0.0;18.875;1.79
04/07/2024 21:00:00;0.0;0.0;0.0;18.27;1.86
04/07/2024 21:30:00;0.0;0.0;0.0;17.82;1.8250000000000002
04/07/2024 22:00:00;0.0;0.0;0.0;17.37;1.79
04/07/2024 22:30:00;0.0;0.0;0.0;17.055;1.69
04/07/2024 23:00:00;0.0;0.0;0.0;16.74;1.59
04/07/2024 23:30:00;0.0;0.0;0.0;16.63;1.52
05/07/2024 00:00:00;0.0;0.0;0.0;16.52;1.45
05/07/2024 00:30:00;0.0;0.0;0.0;16.299999999999997;1.655
05/07/2024 01:00:00;0.0;0.0;0.0;16.08;1.86
05/07/2024 01:30:00;0.0;0.0;0.0;16.39;2.17
05/07/2024 02:00:00;0.0;0.0;0.0;16.7;2.48
05/07/2024 02:30:00;0.0;0.0;0.0;16.7;2.585
05/07/2024 03:00:00;0.0;0.0;0.0;16.7;2.69
05/07/2024 03:30:00;0.0;6.31;0.15;16.814999999999998;2.86
05/07/2024 04:00:00;0.0;12.62;0.3;16.93;3.03
05/07/2024 04:30:00;0.0;42.495000000000005;1.015;17.08;3.24
05/07/2024 05:00:00;0.0;72.37;1.73;17.23;3.45
05/07/2024 05:30:00;0.0;76.185;1.76;17.189999999999998;3.895
05/07/2024 06:00:00;0.0;80.0;1.79;17.15;4.34
05/07/2024 06:30:00;0.0;40.0;0.895;16.755;4.0
05/07/2024 07:00:00;0.0;0.0;0.0;16.36;3.66
05/07/2024 07:30:00;168.405;112.86;5.9;16.39;3.59
05/07/2024 08:00:00;336.81;225.72;11.8;16.42;3.52
05/07/2024 08:30:00;456.395;211.45999999999998;13.495000000000001;16.695;3.38
05/07/2024 09:00:00;575.98;197.2;15.19;16.97;3.24
05/07/2024 09:30:00;678.8;175.735;16.46;17.185;3.345
05/07/2024 10:00:00;781.62;154.27;17.73;17.4;3.45
05/07/2024 10:30:00;828.2149999999999;147.29000000000002;18.33;18.299999999999997;3.585
05/07/2024 11:00:00;874.81;140.31;18.93;19.2;3.72
05/07/2024 11:30:00;877.325;137.055;18.93;19.775;3.6900000000000004
05/07/2024 12:00:00;879.84;133.8;18.93;20.35;3.66
05/07/2024 12:30:00;837.095;134.92000000000002;18.32;20.700000000000003;3.59
05/07/2024 13:00:00;794.35;136.04;17.71;21.05;3.52
05/07/2024 13:30:00;732.095;130.465;16.735;21.355;3.5549999999999997
05/07/2024 14:00:00;669.84;124.89;15.76;21.66;3.59
05/07/2024 14:30:00;573.725;123.15;14.29;21.7;3.52
05/07/2024 15:00:00;477.61;121.41;12.82;21.74;3.45
05/07/2024 15:30:00;363.74;121.615;10.98;21.78;3.2750000000000004
05/07/2024 16:00:00;249.87;121.82;9.14;21.82;3.1
05/07/2024 16:30:00;172.635;98.465;7.555;21.66;2.965
05/07/2024 17:00:00;95.4;75.11;5.97;21.5;2.83
05/07/2024 17:30:00;47.7;62.8;3.59;21.23;2.52
05/07/2024 18:00:00;0.0;50.49;1.21;20.96;2.21
05/07/2024 18:30:00;0.0;29.03;0.695;20.255000000000003;1.52
05/07/2024 19:00:00;0.0;7.57;0.18;19.55;0.83
05/07/2024 19:30:00;0.0;3.785;0.09;19.685000000000002;0.485
05/07/2024 20:00:00;0.0;0.0;0.0;19.82;0.14
05/07/2024 20:30:00;0.0;0.0;0.0;19.5;0.10500000000000001
05/07/2024 21:00:00;0.0;0.0;0.0;19.18;0.07
05/07/2024 21:30:00;0.0;0.0;0.0;18.8;0.14
05/07/2024 22:00:00;0.0;0.0;0.0;18.42;0.21
05/07/2024 22:30:00;0.0;0.0;0.0;18.11;0.31
05/07/2024 23:00:00;0.0;0.0;0.0;17.8;0.41
05/07/2024 23:30:00;0.0;0.0;0.0;17.475;0.5499999999999999
06/07/2024 00:00:00;0.0;0.0;0.0;17.15;0.69
06/07/2024 00:30:00;0.0;0.0;0.0;16.695;0.7949999999999999
06/07/2024 01:00:00;0.0;0.0;0.0;16.24;0.9
06/07/2024 01:30:00;0.0;0.0;0.0;15.745;0.935
06/07/2024 02:00:00;0.0;0.0;0.0;15.25;0.97
06/07/2024 02:30:00;0.0;0.0;0.0;15.2;0.935
06/07/2024 03:00:00;0.0;0.0;0.0;15.15;0.9
06/07/2024 03:30:00;0.0;2.945;0.07;14.95;0.865
06/07/2024 04:00:00;0.0;5.89;0.14;14.75;0.83
06/07/2024 04:30:00;0.0;39.13;0.9349999999999999;14.785;0.69
06/07/2024 05:00:00;0.0;72.37;1.73;14.82;0.55
06/07/2024 05:30:00;28.955;105.885;3.54;15.53;0.62
06/07/2024 06:00:00;57.91;139.4;5.35;16.24;0.69
06/07/2024 06:30:00;190.98499999999999;122.83500000000001;7.819999999999999;16.979999999999997;0.83
06/07/2024 07:00:00;324.06;106.27;10.29;17.72;0.97
06/07/2024 07:30:00;392.375;133.21;11.645;18.41;1.0699999999999998
06/07/2024 08:00:00;460.69;160.15;13.0;19.1;1.17
06/07/2024 08:30:00;582.05;145.12;14.67;19.69;1.17
06/07/2024 09:00:00;703.41;130.09;16.34;20.28;1.17
06/07/2024 09:30:00;754.63;138.67000000000002;17.185000000000002;20.759999999999998;1.1
06/07/2024 10:00:00;805.85;147.25;18.03;21.24;1.03
06/07/2024 10:30:00;830.575;152.34;18.450000000000003;21.674999999999997;1.0
06/07/2024 11:00:00;855.3;157.43;18.87;22.11;0.97
06/07/2024 11:30:00;857.8599999999999;154.185;18.87;22.33;0.865
06/07/2024 12:00:00;860.42;150.94;18.87;22.55;0.76
06/07/2024 12:30:00;818.915;151.415;18.270000000000003;22.85;0.655
06/07/2024 13:00:00;777.41;151.89;17.67;23.15;0.55
06/07/2024 13:30:00;707.935;149.64;16.615000000000002;23.405;0.55
06/07/2024 14:00:00;638.46;147.39;15.56;23.66;0.55
06/07/2024 14:30:00;560.335;135.45;14.25;23.835;0.62
06/07/2024 15:00:00;482.21;123.51;12.94;24.01;0.69
06/07/2024 15:30:00;379.27;115.275;11.215;23.935000000000002;0.76
06/07/2024 16:00:00;276.33;107.04;9.49;23.86;0.83
06/07/2024 16:30:00;184.165;93.74000000000001;7.71;23.625;1.275
06/07/2024 17:00:00;92.0;80.44;5.93;23.39;1.72
06/07/2024 17:30:00;46.0;66.305;3.59;22.775;1.9649999999999999
06/07/2024 18:00:00;0.0;52.17;1.25;22.16;2.21
06/07/2024 18:30:00;0.0;29.03;0.6950000000000001;21.7;1.69
06/07/2024 19:00:00;0.0;5.89;0.14;21.24;1.17
06/07/2024 19:30:00;0.0;2.945;0.07;20.375;1.135
06/07/2024 20:00:00;0.0;0.0;0.0;19.51;1.1
06/07/2024 20:30:00;0.0;0.0;0.0;19.26;1.0350000000000001
06/07/2024 21:00:00;0.0;0.0;0.0;19.01;0.97
06/07/2024 21:30:00;0.0;0.0;0.0;18.685000000000002;1.0
06/07/2024 22:00:00;0.0;0.0;0.0;18.36;1.03
06/07/2024 22:30:00;0.0;0.0;0.0;18.08;1.0
06/07/2024 23:00:00;0.0;0.0;0.0;17.8;0.97
06/07/2024 23:30:00;0.0;0.0;0.0;17.66;0.8999999999999999
07/07/2024 00:00:00;0.0;0.0;0.0;17.52;0.83
07/07/2024 00:30:00;0.0;0.0;0.0;16.98;0.8999999999999999
07/07/2024 01:00:00;0.0;0.0;0.0;16.44;0.97
07/07/2024 01:30:00;0.0;0.0;0.0;15.985;0.97
07/07/2024 02:00:00;0.0;0.0;0.0;15.53;0.97
07/07/2024 02:30:00;0.0;0.0;0.0;15.45;0.935
07/07/2024 03:00:00;0.0;0.0;0.0;15.37;0.9
07/07/2024 03:30:00;0.0;5.89;0.14;15.32;0.865
07/07/2024 04:00:00;0.0;11.78;0.28;15.27;0.83
07/07/2024 04:30:00;0.0;36.185;0.865;15.42;0.655
07/07/2024 05:00:00;0.0;60.59;1.45;15.57;0.48
07/07/2024 05:30:00;64.32;69.91;4.04;16.54;0.515
07/07/2024 06:00:00;128.64;79.23;6.63;17.51;0.55
07/07/2024 06:30:00;219.59;95.16;8.34;18.965000000000003;0.69
07/07/2024 07:00:00;310.54;111.09;10.05;20.42;0.83
07/07/2024 07:30:00;413.495;117.58500000000001;11.74;21.51;1.105
07/07/2024 08:00:00;516.45;124.08;13.43;22.6;1.38
07/07/2024 08:30:00;605.755;127.62;14.805;23.58;1.5499999999999998
07/07/2024 09:00:00;695.06;131.16;16.18;24.56;1.72
07/07/2024 09:30:00;746.155;139.74;17.025;25.41;1.755
07/07/2024 10:00:00;797.25;148.32;17.87;26.26;1.79
07/07/2024 10:30:00;833.265;147.09;18.380000000000003;26.93;1.755
07/07/2024 11:00:00;869.28;145.86;18.89;27.6;1.72
07/07/2024 11:30:00;854.605;151.55;18.740000000000002;28.01;1.585
07/07/2024 12:00:00;839.93;157.24;18.59;28.42;1.45
07/07/2024 12:30:00;815.02;149.39;18.14;28.72;1.415
07/07/2024 13:00:00;790.11;141.54;17.69;29.02;1.38
07/07/2024 13:30:00;728.465;135.385;16.715;29.235;1.345
07/07/2024 14:00:00;666.82;129.23;15.74;29.45;1.31
07/07/2024 14:30:00;561.925;131.76999999999998;14.17;29.555;1.38
07/07/2024 15:00:00;457.03;134.31;12.6;29.66;1.45
07/07/2024 15:30:00;362.335;123.08;10.975;29.605;1.585
07/07/2024 16:00:00;267.64;111.85;9.35;29.55;1.72
07/07/2024 16:30:00;180.75;94.5;7.63;29.355;1.895
07/07/2024 17:00:00;93.86;77.15;5.91;29.16;2.07
07/07/2024 17:30:00;46.93;63.82000000000001;3.56;28.54;1.8649999999999998
07/07/2024 18:00:00;0.0;50.49;1.21;27.92;1.66
07/07/2024 18:30:00;0.0;28.61;0.6849999999999999;26.865000000000002;1.795
07/07/2024 19:00:00;0.0;6.73;0.16;25.81;1.93
07/07/2024 19:30:00;0.0;3.365;0.08;24.56;1.825
07/07/2024 20:00:00;0.0;0.0;0.0;23.31;1.72
07/07/2024 20:30:00;0.0;0.0;0.0;22.740000000000002;1.585
07/07/2024 21:00:00;0.0;0.0;0.0;22.17;1.45
07/07/2024 21:30:00;0.0;0.0;0.0;21.615000000000002;1.415
07/07/2024 22:00:00;0.0;0.0;0.0;21.06;1.38
07/07/2024 22:30:00;0.0;0.0;0.0;20.990000000000002;1.275
07/07/2024 23:00:00;0.0;0.0;0.0;20.92;1.17
07/07/2024 23:30:00;0.0;0.0;0.0;20.235;1.24
08/07/2024 00:00:00;0.0;0.0;0.0;19.55;1.31
08/07/2024 00:30:00;0.0;0.0;0.0;18.965;1.38
08/07/2024 01:00:00;0.0;0.0;0.0;18.38;1.45
08/07/2024 01:30:00;0.0;0.0;0.0;18.085;1.585
08/07/2024 02:00:00;0.0;0.0;0.0;17.79;1.72
08/07/2024 02:30:00;0.0;0.0;0.0;17.75;1.79
08/07/2024 03:00:00;0.0;0.0;0.0;17.71;1.86
08/07/2024 03:30:00;0.0;1.26;0.03;17.6;1.79
08/07/2024 04:00:00;0.0;2.52;0.06;17.49;1.72
08/07/2024 04:30:00;0.0;37.865;0.905;17.84;1.345
08/07/2024 05:00:00;0.0;73.21;1.75;18.19;0.97
08/07/2024 05:30:00;1.67;97.585;2.3;19.36;0.8999999999999999
08/07/2024 06:00:00;3.34;121.96;2.85;20.53;0.83
08/07/2024 06:30:00;3.7199999999999998;146.885;3.395;20.58;1.21
08/07/2024 07:00:00;4.1;171.81;3.94;20.63;1.59
08/07/2024 07:30:00;2.05;140.29;3.185;21.215;1.69
08/07/2024 08:00:00;0.0;108.77;2.43;21.8;1.79
08/07/2024 08:30:00;14.35;209.89;4.945;21.9;1.69
08/07/2024 09:00:00;28.7;311.01;7.46;22.0;1.59
08/07/2024 09:30:00;77.67999999999999;352.375;9.165;22.525;1.69
08/07/2024 10:00:00;126.66;393.74;10.87;23.05;1.79
08/07/2024 10:30:00;147.665;405.45000000000005;11.445;23.84;1.755
08/07/2024 11:00:00;168.67;417.16;12.02;24.63;1.72
08/07/2024 11:30:00;476.78999999999996;298.06;14.995;25.63;1.69
08/07/2024 12:00:00;784.91;178.96;17.97;26.63;1.66
08/07/2024 12:30:00;783.315;158.67000000000002;17.705;27.42;1.625
08/07/2024 13:00:00;781.72;138.38;17.44;28.21;1.59
08/07/2024 13:30:00;720.255;132.8;16.48;28.515;1.625
08/07/2024 14:00:00;658.79;127.22;15.52;28.82;1.66
08/07/2024 14:30:00;567.25;123.525;14.1;28.93;1.625
08/07/2024 15:00:00;475.71;119.83;12.68;29.04;1.59
08/07/2024 15:30:00;360.235;121.52;10.83;28.994999999999997;1.4849999999999999
08/07/2024 16:00:00;244.76;123.21;8.98;28.95;1.38
08/07/2024 16:30:00;134.225;127.875;6.51;28.755;1.205
08/07/2024 17:00:00;23.69;132.54;4.04;28.56;1.03
08/07/2024 17:30:00;11.845;91.515;2.625;28.165;0.86
08/07/2024 18:00:00;0.0;50.49;1.21;27.77;0.69
08/07/2024 18:30:00;0.0;28.61;0.6849999999999999;27.475;0.62
08/07/2024 19:00:00;0.0;6.73;0.16;27.18;0.55
08/07/2024 19:30:00;0.0;3.365;0.08;26.545;0.7250000000000001
08/07/2024 20:00:00;0.0;0.0;0.0;25.91;0.9
08/07/2024 20:30:00;0.0;0.0;0.0;25.275;0.9650000000000001
08/07/2024 21:00:00;0.0;0.0;0.0;24.64;1.03
08/07/2024 21:30:00;0.0;0.0;0.0;23.875;1.135
08/07/2024 22:00:00;0.0;0.0;0.0;23.11;1.24
08/07/2024 22:30:00;0.0;0.0;0.0;22.445;1.24
08/07/2024 23:00:00;0.0;0.0;0.0;21.78;1.24
08/07/2024 23:30:00;0.0;0.0;0.0;21.57;1.135
09/07/2024 00:00:00;0.0;0.0;0.0;21.36;1.03
09/07/2024 00:30:00;0.0;0.0;0.0;21.055;1.0
09/07/2024 01:00:00;0.0;0.0;0.0;20.75;0.97
09/07/2024 01:30:00;0.0;0.0;0.0;20.53;0.935
09/07/2024 02:00:00;0.0;0.0;0.0;20.31;0.9
09/07/2024 02:30:00;0.0;0.0;0.0;20.2;0.9
09/07/2024 03:00:00;0.0;0.0;0.0;20.09;0.9
09/07/2024 03:30:00;0.0;6.73;0.16;19.845;0.9
09/07/2024 04:00:00;0.0;13.46;0.32;19.6;0.9
09/07/2024 04:30:00;0.0;36.605000000000004;0.875;19.815;0.7949999999999999
09/07/2024 05:00:00;0.0;59.75;1.43;20.03;0.69
09/07/2024 05:30:00;61.875;70.1;3.95;20.725;0.655
09/07/2024 06:00:00;123.75;80.45;6.47;21.42;0.62
09/07/2024 06:30:00;215.55;94.94;8.19;23.19;0.7949999999999999
09/07/2024 07:00:00;307.35;109.43;9.91;24.96;0.97
09/07/2024 07:30:00;403.59000000000003;119.295;11.525;26.075000000000003;1.105
09/07/2024 08:00:00;499.83;129.16;13.14;27.19;1.24
09/07/2024 08:30:00;552.21;152.445;14.195;28.145000000000003;1.415
09/07/2024 09:00:00;604.59;175.73;15.25;29.1;1.59
09/07/2024 09:30:00;602.855;215.005;15.745;29.93;1.795
09/07/2024 10:00:00;601.12;254.28;16.24;30.76;2.0
09/07/2024 10:30:00;711.99;209.565;17.295;31.410000000000004;2.105
09/07/2024 11:00:00;822.86;164.85;18.35;32.06;2.21
09/07/2024 11:30:00;814.7049999999999;167.36;18.26;32.455;2.1399999999999997
09/07/2024 12:00:00;806.55;169.87;18.17;32.85;2.07
09/07/2024 12:30:00;782.53;162.01;17.725;33.125;1.93
09/07/2024 13:00:00;758.51;154.15;17.28;33.4;1.79
09/07/2024 13:30:00;549.575;225.92000000000002;15.040000000000001;33.54;1.655
09/07/2024 14:00:00;340.64;297.69;12.8;33.68;1.52
09/07/2024 14:30:00;374.96;229.135;12.440000000000001;33.769999999999996;1.415
09/07/2024 15:00:00;409.28;160.58;12.08;33.86;1.31
09/07/2024 15:30:00;323.815;144.73000000000002;10.5;33.725;1.38
09/07/2024 16:00:00;238.35;128.88;8.92;33.59;1.45
09/07/2024 16:30:00;164.105;104.615;7.345;33.28;1.24
09/07/2024 17:00:00;89.86;80.35;5.77;32.97;1.03
09/07/2024 17:30:00;44.93;66.25999999999999;3.51;31.965;1.065
09/07/2024 18:00:00;0.0;52.17;1.25;30.96;1.1
09/07/2024 18:30:00;0.0;29.03;0.6950000000000001;29.6;1.135
09/07/2024 19:00:00;0.0;5.89;0.14;28.24;1.17
09/07/2024 19:30:00;0.0;2.945;0.07;28.525;0.62
09/07/2024 20:00:00;0.0;0.0;0.0;28.81;0.07
09/07/2024 20:30:00;0.0;0.0;0.0;26.765;0.655
09/07/2024 21:00:00;0.0;0.0;0.0;24.72;1.24
09/07/2024 21:30:00;0.0;0.0;0.0;23.895;1.38
09/07/2024 22:00:00;0.0;0.0;0.0;23.07;1.52
09/07/2024 22:30:00;0.0;0.0;0.0;22.355;1.5550000000000002
09/07/2024 23:00:00;0.0;0.0;0.0;21.64;1.59
09/07/2024 23:30:00;0.0;0.0;0.0;21.21;1.5550000000000002
10/07/2024 00:00:00;0.0;0.0;0.0;20.78;1.52
10/07/2024 00:30:00;0.0;0.0;0.0;20.445;1.52
10/07/2024 01:00:00;0.0;0.0;0.0;20.11;1.52
10/07/2024 01:30:00;0.0;0.0;0.0;19.775;1.5899999999999999
10/07/2024 02:00:00;0.0;0.0;0.0;19.44;1.66
10/07/2024 02:30:00;0.0;0.0;0.0;19.165;1.725
10/07/2024 03:00:00;0.0;0.0;0.0;18.89;1.79
10/07/2024 03:30:00;0.0;0.84;0.02;18.83;1.8599999999999999
10/07/2024 04:00:00;0.0;1.68;0.04;18.77;1.93
10/07/2024 04:30:00;0.0;27.77;0.665;19.215;1.8599999999999999
10/07/2024 05:00:00;0.0;53.86;1.29;19.66;1.79
10/07/2024 05:30:00;25.66;94.38;3.1350000000000002;21.025;1.895
10/07/2024 06:00:00;51.32;134.9;4.98;22.39;2.0
10/07/2024 06:30:00;157.78;133.89499999999998;7.165;22.57;1.9300000000000002
10/07/2024 07:00:00;264.24;132.89;9.35;22.75;1.86
10/07/2024 07:30:00;326.55;160.38;10.684999999999999;23.27;1.76
10/07/2024 08:00:00;388.86;187.87;12.02;23.79;1.66
10/07/2024 08:30:00;429.33500000000004;216.585;13.035;24.57;1.5899999999999999
10/07/2024 09:00:00;469.81;245.3;14.05;25.35;1.52
10/07/2024 09:30:00;571.125;225.97500000000002;15.325000000000001;26.14;1.52
10/07/2024 10:00:00;672.44;206.65;16.6;26.93;1.52
10/07/2024 10:30:00;679.9300000000001;220.94;16.9;27.505;1.38
10/07/2024 11:00:00;687.42;235.23;17.2;28.08;1.24
10/07/2024 11:30:00;725.39;211.29;17.445;28.56;1.31
10/07/2024 12:00:00;763.36;187.35;17.69;29.04;1.38
10/07/2024 12:30:00;653.1600000000001;227.81;16.595;29.369999999999997;1.62
10/07/2024 13:00:00;542.96;268.27;15.5;29.7;1.86
10/07/2024 13:30:00;530.735;236.135;14.875;29.85;1.9300000000000002
10/07/2024 14:00:00;518.51;204.0;14.25;30.0;2.0
10/07/2024 14:30:00;463.405;179.91500000000002;13.094999999999999;29.96;2.0
10/07/2024 15:00:00;408.3;155.83;11.94;29.92;2.0
10/07/2024 15:30:00;303.885;153.06;10.16;29.735;2.0
10/07/2024 16:00:00;199.47;150.29;8.38;29.55;2.0
10/07/2024 16:30:00;128.76999999999998;129.63;6.7;29.36;1.655
10/07/2024 17:00:00;58.07;108.97;5.02;29.17;1.31
10/07/2024 17:30:00;29.035;84.36;3.2249999999999996;28.855;1.0
10/07/2024 18:00:00;0.0;59.75;1.43;28.54;0.69
10/07/2024 18:30:00;0.0;32.4;0.7749999999999999;27.990000000000002;0.5499999999999999
10/07/2024 19:00:00;0.0;5.05;0.12;27.44;0.41
10/07/2024 19:30:00;0.0;2.525;0.06;27.009999999999998;0.515
10/07/2024 20:00:00;0.0;0.0;0.0;26.58;0.62
10/07/2024 20:30:00;0.0;0.0;0.0;26.03;0.725
10/07/2024 21:00:00;0.0;0.0;0.0;25.48;0.83
10/07/2024 21:30:00;0.0;0.0;0.0;25.155;0.83
10/07/2024 22:00:00;0.0;0.0;0.0;24.83;0.83
10/07/2024 22:30:00;0.0;0.0;0.0;24.08;0.9299999999999999
10/07/2024 23:00:00;0.0;0.0;0.0;23.33;1.03
10/07/2024 23:30:00;0.0;0.0;0.0;22.75;1.065
11/07/2024 00:00:00;0.0;0.0;0.0;22.17;1.1
11/07/2024 00:30:00;0.0;0.0;0.0;22.04;1.0350000000000001
11/07/2024 01:00:00;0.0;0.0;0.0;21.91;0.97
11/07/2024 01:30:00;0.0;0.0;0.0;21.83;0.8999999999999999
11/07/2024 02:00:00;0.0;0.0;0.0;21.75;0.83
11/07/2024 02:30:00;0.0;0.0;0.0;21.435000000000002;0.83
11/07/2024 03:00:00;0.0;0.0;0.0;21.12;0.83
11/07/2024 03:30:00;0.0;6.73;0.16;20.595;0.8999999999999999
11/07/2024 04:00:00;0.0;13.46;0.32;20.07;0.97
11/07/2024 04:30:00;0.0;42.075;1.005;20.29;0.865
11/07/2024 05:00:00;0.0;70.69;1.69;20.51;0.76
11/07/2024 05:30:00;48.585;85.495;3.81;21.885;0.7949999999999999
11/07/2024 06:00:00;97.17;100.3;5.93;23.26;0.83
11/07/2024 06:30:00;188.77999999999997;111.065;7.71;24.115000000000002;0.69
11/07/2024 07:00:00;280.39;121.83;9.49;24.97;0.55
11/07/2024 07:30:00;381.855;127.53999999999999;11.165;25.96;0.69
11/07/2024 08:00:00;483.32;133.25;12.84;26.95;0.83
11/07/2024 08:30:00;568.585;137.945;14.18;27.945;0.865
11/07/2024 09:00:00;653.85;142.64;15.52;28.94;0.9
11/07/2024 09:30:00;708.02;149.755;16.4;29.700000000000003;1.14
11/07/2024 10:00:00;762.19;156.87;17.28;30.46;1.38
11/07/2024 10:30:00;802.97;153.075;17.835;31.12;1.7249999999999999
11/07/2024 11:00:00;843.75;149.28;18.39;31.78;2.07
11/07/2024 11:30:00;841.02;149.20999999999998;18.35;32.315;2.3099999999999996
11/07/2024 12:00:00;838.29;149.14;18.31;32.85;2.55
11/07/2024 12:30:00;797.515;150.185;17.725;33.325;2.585
11/07/2024 13:00:00;756.74;151.23;17.14;33.8;2.62
11/07/2024 13:30:00;697.315;144.5;16.185000000000002;34.099999999999994;2.415
11/07/2024 14:00:00;637.89;137.77;15.23;34.4;2.21
11/07/2024 14:30:00;549.4300000000001;132.425;13.835;34.455;1.865
11/07/2024 15:00:00;460.97;127.08;12.44;34.51;1.52
11/07/2024 15:30:00;356.71500000000003;122.14;10.71;34.495;1.245
11/07/2024 16:00:00;252.46;117.2;8.98;34.48;0.97
11/07/2024 16:30:00;147.8;119.41499999999999;6.8100000000000005;34.004999999999995;1.315
11/07/2024 17:00:00;43.14;121.63;4.64;33.53;1.66
11/07/2024 17:30:00;21.57;66.705;2.46;32.195;2.105
11/07/2024 18:00:00;0.0;11.78;0.28;30.86;2.55
11/07/2024 18:30:00;0.0;7.994999999999999;0.19;27.465;1.415
11/07/2024 19:00:00;0.0;4.21;0.1;24.07;0.28
11/07/2024 19:30:00;0.0;2.105;0.05;23.52;1.0350000000000001
11/07/2024 20:00:00;0.0;0.0;0.0;22.97;1.79
11/07/2024 20:30:00;0.0;0.0;0.0;22.59;1.895
11/07/2024 21:00:00;0.0;0.0;0.0;22.21;2.0
11/07/2024 21:30:00;0.0;0.0;0.0;22.115000000000002;1.8599999999999999
11/07/2024 22:00:00;0.0;0.0;0.0;22.02;1.72
11/07/2024 22:30:00;0.0;0.0;0.0;22.03;1.825
11/07/2024 23:00:00;0.0;0.0;0.0;22.04;1.93
11/07/2024 23:30:00;0.0;0.0;0.0;21.92;2.135
12/07/2024 00:00:00;0.0;0.0;0.0;21.8;2.34
12/07/2024 00:30:00;0.0;0.0;0.0;21.64;2.41
12/07/2024 01:00:00;0.0;0.0;0.0;21.48;2.48
12/07/2024 01:30:00;0.0;0.0;0.0;21.365000000000002;2.5149999999999997
12/07/2024 02:00:00;0.0;0.0;0.0;21.25;2.55
12/07/2024 02:30:00;0.0;0.0;0.0;21.11;2.655
12/07/2024 03:00:00;0.0;0.0;0.0;20.97;2.76
12/07/2024 03:30:00;0.0;1.685;0.04;20.735;2.865
12/07/2024 04:00:00;0.0;3.37;0.08;20.5;2.97
12/07/2024 04:30:00;0.0;35.76499999999999;0.8549999999999999;20.439999999999998;2.935
12/07/2024 05:00:00;0.0;68.16;1.63;20.38;2.9
12/07/2024 05:30:00;25.72;100.66;3.285;20.47;2.795
12/07/2024 06:00:00;51.44;133.16;4.94;20.56;2.69
12/07/2024 06:30:00;154.21;134.52499999999998;7.07;21.655;2.585
12/07/2024 07:00:00;256.98;135.89;9.2;22.75;2.48
12/07/2024 07:30:00;300.125;174.08499999999998;10.379999999999999;23.28;2.3449999999999998
12/07/2024 08:00:00;343.27;212.28;11.56;23.81;2.21
12/07/2024 08:30:00;401.13;231.255;12.735;24.205;2.245
12/07/2024 09:00:00;458.99;250.23;13.91;24.6;2.28
12/07/2024 09:30:00;296.95;320.25;12.41;25.125;2.415
12/07/2024 10:00:00;134.91;390.27;10.91;25.65;2.55
12/07/2024 10:30:00;293.14;370.195;13.09;25.515;2.62
12/07/2024 11:00:00;451.37;350.12;15.27;25.38;2.69
12/07/2024 11:30:00;361.46500000000003;375.67;14.295;25.58;2.76
12/07/2024 12:00:00;271.56;401.22;13.32;25.78;2.83
12/07/2024 12:30:00;314.365;374.405;13.545;25.965;2.9299999999999997
12/07/2024 13:00:00;357.17;347.59;13.77;26.15;3.03
12/07/2024 13:30:00;233.29500000000002;343.825;11.64;26.085;3.03
12/07/2024 14:00:00;109.42;340.06;9.51;26.02;3.03
12/07/2024 14:30:00;74.515;302.755;8.11;25.735;3.03
12/07/2024 15:00:00;39.61;265.45;6.71;25.45;3.03
12/07/2024 15:30:00;37.325;234.3;6.0600000000000005;25.345;3.17
12/07/2024 16:00:00;35.04;203.15;5.41;25.24;3.31
12/07/2024 16:30:00;29.835;166.54500000000002;4.705;24.935;3.2750000000000004
12/07/2024 17:00:00;24.63;129.94;4.0;24.63;3.24
12/07/2024 17:30:00;12.315;91.48;2.635;24.35;3.17
12/07/2024 18:00:00;0.0;53.02;1.27;24.07;3.1
12/07/2024 18:30:00;0.0;28.615000000000002;0.685;23.035;2.275
12/07/2024 19:00:00;0.0;4.21;0.1;22.0;1.45
12/07/2024 19:30:00;0.0;2.105;0.05;21.58;1.585
12/07/2024 20:00:00;0.0;0.0;0.0;21.16;1.72
12/07/2024 20:30:00;0.0;0.0;0.0;20.880000000000003;1.72
12/07/2024 21:00:00;0.0;0.0;0.0;20.6;1.72
12/07/2024 21:30:00;0.0;0.0;0.0;20.130000000000003;1.62
12/07/2024 22:00:00;0.0;0.0;0.0;19.66;1.52
12/07/2024 22:30:00;0.0;0.0;0.0;19.36;1.5550000000000002
12/07/2024 23:00:00;0.0;0.0;0.0;19.06;1.59
12/07/2024 23:30:00;0.0;0.0;0.0;18.88;1.625
13/07/2024 00:00:00;0.0;0.0;0.0;18.7;1.66
13/07/2024 00:30:00;0.0;0.0;0.0;18.33;1.625
13/07/2024 01:00:00;0.0;0.0;0.0;17.96;1.59
13/07/2024 01:30:00;0.0;0.0;0.0;17.735;1.5550000000000002
13/07/2024 02:00:00;0.0;0.0;0.0;17.51;1.52
13/07/2024 02:30:00;0.0;0.0;0.0;17.155;1.45
13/07/2024 03:00:00;0.0;0.0;0.0;16.8;1.38
13/07/2024 03:30:00;0.0;0.84;0.02;16.495;1.345
13/07/2024 04:00:00;0.0;1.68;0.04;16.19;1.31
13/07/2024 04:30:00;0.0;12.62;0.3;16.465;1.1400000000000001
13/07/2024 05:00:00;0.0;23.56;0.56;16.74;0.97
13/07/2024 05:30:00;18.195;82.66;2.5599999999999996;17.71;0.8999999999999999
13/07/2024 06:00:00;36.39;141.76;4.56;18.68;0.83
13/07/2024 06:30:00;166.005;129.075;7.135;19.155;0.9299999999999999
13/07/2024 07:00:00;295.62;116.39;9.71;19.63;1.03
13/07/2024 07:30:00;363.975;142.985;11.095;20.005;1.1
13/07/2024 08:00:00;432.33;169.58;12.48;20.38;1.17
13/07/2024 08:30:00;527.185;169.01;13.915;20.729999999999997;1.205
13/07/2024 09:00:00;622.04;168.44;15.35;21.08;1.24
13/07/2024 09:30:00;633.3199999999999;201.6;15.954999999999998;21.575;1.275
13/07/2024 10:00:00;644.6;234.76;16.56;22.07;1.31
13/07/2024 10:30:00;733.0250000000001;202.26999999999998;17.435;22.415;1.55
13/07/2024 11:00:00;821.45;169.78;18.31;22.76;1.79
13/07/2024 11:30:00;830.185;163.95;18.369999999999997;23.115000000000002;1.965
13/07/2024 12:00:00;838.92;158.12;18.43;23.47;2.14
13/07/2024 12:30:00;786.9;164.76999999999998;17.744999999999997;23.75;2.24
13/07/2024 13:00:00;734.88;171.42;17.06;24.03;2.34
13/07/2024 13:30:00;687.6700000000001;157.89;16.205;24.155;2.48
13/07/2024 14:00:00;640.46;144.36;15.35;24.28;2.62
13/07/2024 14:30:00;548.995;139.325;13.905000000000001;24.305;2.55
13/07/2024 15:00:00;457.53;134.29;12.46;24.33;2.48
13/07/2024 15:30:00;360.19;124.47;10.8;24.215;2.24
13/07/2024 16:00:00;262.85;114.65;9.14;24.1;2.0
13/07/2024 16:30:00;179.18;94.95500000000001;7.475;23.990000000000002;1.83
13/07/2024 17:00:00;95.51;75.26;5.81;23.88;1.66
13/07/2024 17:30:00;47.755;61.615;3.4799999999999995;23.67;1.52
13/07/2024 18:00:00;0.0;47.97;1.15;23.46;1.38
13/07/2024 18:30:00;0.0;26.09;0.625;23.02;1.0
13/07/2024 19:00:00;0.0;4.21;0.1;22.58;0.62
13/07/2024 19:30:00;0.0;2.105;0.05;22.395;0.45
13/07/2024 20:00:00;0.0;0.0;0.0;22.21;0.28
13/07/2024 20:30:00;0.0;0.0;0.0;21.765;0.245
13/07/2024 21:00:00;0.0;0.0;0.0;21.32;0.21
13/07/2024 21:30:00;0.0;0.0;0.0;20.814999999999998;0.21
13/07/2024 22:00:00;0.0;0.0;0.0;20.31;0.21
13/07/2024 22:30:00;0.0;0.0;0.0;19.869999999999997;0.275
13/07/2024 23:00:00;0.0;0.0;0.0;19.43;0.34
13/07/2024 23:30:00;0.0;0.0;0.0;18.89;0.6200000000000001
14/07/2024 00:00:00;0.0;0.0;0.0;18.35;0.9
14/07/2024 00:30:00;0.0;0.0;0.0;17.51;1.0
14/07/2024 01:00:00;0.0;0.0;0.0;16.67;1.1
14/07/2024 01:30:00;0.0;0.0;0.0;16.325000000000003;1.1
14/07/2024 02:00:00;0.0;0.0;0.0;15.98;1.1
14/07/2024 02:30:00;0.0;0.0;0.0;15.879999999999999;1.065
14/07/2024 03:00:00;0.0;0.0;0.0;15.78;1.03
14/07/2024 03:30:00;0.0;5.47;0.13;15.715;0.9650000000000001
14/07/2024 04:00:00;0.0;10.94;0.26;15.65;0.9
14/07/2024 04:30:00;0.0;39.97;0.955;15.719999999999999;0.76
14/07/2024 05:00:00;0.0;69.0;1.65;15.79;0.62
14/07/2024 05:30:00;63.095;72.555;4.039999999999999;16.615000000000002;0.55
14/07/2024 06:00:00;126.19;76.11;6.43;17.44;0.48
14/07/2024 06:30:00;199.625;103.78;7.95;18.495;0.655
14/07/2024 07:00:00;273.06;131.45;9.47;19.55;0.83
14/07/2024 07:30:00;325.70500000000004;166.245;10.735;20.295;0.9299999999999999
14/07/2024 08:00:00;378.35;201.04;12.0;21.04;1.03
14/07/2024 08:30:00;488.88;191.865;13.585;21.795;1.205
14/07/2024 09:00:00;599.41;182.69;15.17;22.55;1.38
14/07/2024 09:30:00;646.75;194.83499999999998;16.035;23.240000000000002;1.52
14/07/2024 10:00:00;694.09;206.98;16.9;23.93;1.66
14/07/2024 10:30:00;637.345;255.85500000000002;16.729999999999997;24.515;1.52
14/07/2024 11:00:00;580.6;304.73;16.56;25.1;1.38
14/07/2024 11:30:00;472.88;346.03;15.555;25.8;1.1749999999999998
14/07/2024 12:00:00;365.16;387.33;14.55;26.5;0.97
14/07/2024 12:30:00;399.82500000000005;358.15;14.620000000000001;27.07;0.97
14/07/2024 13:00:00;434.49;328.97;14.69;27.64;0.97
14/07/2024 13:30:00;512.49;251.36;14.809999999999999;28.035;1.1749999999999998
14/07/2024 14:00:00;590.49;173.75;14.93;28.43;1.38
14/07/2024 14:30:00;536.915;147.775;13.825;28.73;1.62
14/07/2024 15:00:00;483.34;121.8;12.72;29.03;1.86
14/07/2024 15:30:00;339.86;140.02;10.56;29.19;2.035
14/07/2024 16:00:00;196.38;158.24;8.4;29.35;2.21
14/07/2024 16:30:00;148.165;114.935;7.145;29.325000000000003;2.275
14/07/2024 17:00:00;99.95;71.63;5.89;29.3;2.34
14/07/2024 17:30:00;49.975;59.379999999999995;3.51;28.9;2.0
14/07/2024 18:00:00;0.0;47.13;1.13;28.5;1.66
14/07/2024 18:30:00;0.0;23.565;0.565;27.4;1.5899999999999999
14/07/2024 19:00:00;0.0;0.0;0.0;26.3;1.52
14/07/2024 19:30:00;0.0;0.0;0.0;24.87;1.5899999999999999
14/07/2024 20:00:00;0.0;0.0;0.0;23.44;1.66
14/07/2024 20:30:00;0.0;0.0;0.0;22.485;1.66
14/07/2024 21:00:00;0.0;0.0;0.0;21.53;1.66
14/07/2024 21:30:00;0.0;0.0;0.0;20.815;1.69
14/07/2024 22:00:00;0.0;0.0;0.0;20.1;1.72
14/07/2024 22:30:00;0.0;0.0;0.0;19.68;1.655
14/07/2024 23:00:00;0.0;0.0;0.0;19.26;1.59
14/07/2024 23:30:00;0.0;0.0;0.0;19.005000000000003;1.4849999999999999
15/07/2024 00:00:00;0.0;0.0;0.0;18.75;1.38
15/07/2024 00:30:00;0.0;0.0;0.0;18.515;1.345
15/07/2024 01:00:00;0.0;0.0;0.0;18.28;1.31
15/07/2024 01:30:00;0.0;0.0;0.0;18.005000000000003;1.275
15/07/2024 02:00:00;0.0;0.0;0.0;17.73;1.24
15/07/2024 02:30:00;0.0;0.0;0.0;17.545;1.24
15/07/2024 03:00:00;0.0;0.0;0.0;17.36;1.24
15/07/2024 03:30:00;0.0;4.21;0.1;17.240000000000002;1.24
15/07/2024 04:00:00;0.0;8.42;0.2;17.12;1.24
15/07/2024 04:30:00;0.0;37.45;0.895;17.575000000000003;1.105
15/07/2024 05:00:00;0.0;66.48;1.59;18.03;0.97
15/07/2024 05:30:00;59.0;72.905;3.8900000000000006;19.545;0.865
15/07/2024 06:00:00;118.0;79.33;6.19;21.06;0.76
15/07/2024 06:30:00;207.51;94.74000000000001;7.880000000000001;22.945;0.8300000000000001
15/07/2024 07:00:00;297.02;110.15;9.57;24.83;0.9
15/07/2024 07:30:00;152.37;168.60000000000002;7.4;26.134999999999998;0.7949999999999999
15/07/2024 08:00:00;7.72;227.05;5.23;27.44;0.69
15/07/2024 08:30:00;3.86;205.66500000000002;4.675000000000001;28.335;0.86
15/07/2024 09:00:00;0.0;184.28;4.12;29.23;1.03
15/07/2024 09:30:00;381.6;170.92000000000002;10.66;29.805;1.585
15/07/2024 10:00:00;763.2;157.56;17.2;30.38;2.14
15/07/2024 10:30:00;793.79;159.005;17.665;30.729999999999997;2.24
15/07/2024 11:00:00;824.38;160.45;18.13;31.08;2.34
15/07/2024 11:30:00;821.71;160.375;18.09;31.43;2.34
15/07/2024 12:00:00;819.04;160.3;18.05;31.78;2.34
15/07/2024 12:30:00;410.055;204.24;11.81;32.120000000000005;2.55
15/07/2024 13:00:00;1.07;248.18;5.57;32.46;2.76
15/07/2024 13:30:00;316.49999999999994;195.35500000000002;10.33;32.445;3.655
15/07/2024 14:00:00;631.93;142.53;15.09;32.43;4.55
15/07/2024 14:30:00;544.02;136.61;13.695;31.07;4.0
15/07/2024 15:00:00;456.11;130.69;12.3;29.71;3.45
15/07/2024 15:30:00;354.725;123.805;10.600000000000001;29.450000000000003;3.31
15/07/2024 16:00:00;253.34;116.92;8.9;29.19;3.17
15/07/2024 16:30:00;126.67;98.00999999999999;5.335;28.37;3.17
15/07/2024 17:00:00;0.0;79.1;1.77;27.55;3.17
15/07/2024 17:30:00;0.0;50.91;1.155;26.75;2.755
15/07/2024 18:00:00;0.0;22.72;0.54;25.95;2.34
15/07/2024 18:30:00;0.0;11.36;0.27;24.335;2.275
15/07/2024 19:00:00;0.0;0.0;0.0;22.72;2.21
15/07/2024 19:30:00;0.0;0.0;0.0;21.939999999999998;1.69
15/07/2024 20:00:00;0.0;0.0;0.0;21.16;1.17
15/07/2024 20:30:00;0.0;0.0;0.0;21.060000000000002;1.17
15/07/2024 21:00:00;0.0;0.0;0.0;20.96;1.17
15/07/2024 21:30:00;0.0;0.0;0.0;20.64;2.24
15/07/2024 22:00:00;0.0;0.0;0.0;20.32;3.31
15/07/2024 22:30:00;0.0;0.0;0.0;19.689999999999998;3.45
15/07/2024 23:00:00;0.0;0.0;0.0;19.06;3.59
15/07/2024 23:30:00;0.0;0.0;0.0;18.57;3.415
16/07/2024 00:00:00;0.0;0.0;0.0;18.08;3.24
16/07/2024 00:30:00;0.0;0.0;0.0;17.67;3.1050000000000004
16/07/2024 01:00:00;0.0;0.0;0.0;17.26;2.97
16/07/2024 01:30:00;0.0;0.0;0.0;17.115000000000002;2.76
16/07/2024 02:00:00;0.0;0.0;0.0;16.97;2.55
16/07/2024 02:30:00;0.0;0.0;0.0;16.869999999999997;2.38
16/07/2024 03:00:00;0.0;0.0;0.0;16.77;2.21
16/07/2024 03:30:00;0.0;0.42;0.01;16.619999999999997;2.105
16/07/2024 04:00:00;0.0;0.84;0.02;16.47;2.0
16/07/2024 04:30:00;0.0;29.029999999999998;0.6950000000000001;16.549999999999997;1.8599999999999999
16/07/2024 05:00:00;0.0;57.22;1.37;16.63;1.72
16/07/2024 05:30:00;1.125;85.6;2.0;16.825;2.17
16/07/2024 06:00:00;2.25;113.98;2.63;17.02;2.62
16/07/2024 06:30:00;20.73;163.395;4.15;17.435000000000002;2.38
16/07/2024 07:00:00;39.21;212.81;5.67;17.85;2.14
16/07/2024 07:30:00;79.565;251.22;7.205;18.185000000000002;2.0700000000000003
16/07/2024 08:00:00;119.92;289.63;8.74;18.52;2.0
16/07/2024 08:30:00;301.635;264.805;11.405000000000001;18.78;1.895
16/07/2024 09:00:00;483.35;239.98;14.07;19.04;1.79
16/07/2024 09:30:00;443.9;290.115;14.2;19.67;1.69
16/07/2024 10:00:00;404.45;340.25;14.33;20.3;1.59
16/07/2024 10:30:00;396.115;357.54499999999996;14.48;20.884999999999998;1.5550000000000002
16/07/2024 11:00:00;387.78;374.84;14.63;21.47;1.52
16/07/2024 11:30:00;573.015;285.89;16.12;21.785;1.5899999999999999
16/07/2024 12:00:00;758.25;196.94;17.61;22.1;1.66
16/07/2024 12:30:00;719.74;196.60500000000002;17.035;22.465;1.5899999999999999
16/07/2024 13:00:00;681.23;196.27;16.46;22.83;1.52
16/07/2024 13:30:00;618.625;191.525;15.465;23.159999999999997;1.655
16/07/2024 14:00:00;556.02;186.78;14.47;23.49;1.79
16/07/2024 14:30:00;396.15999999999997;217.45999999999998;12.33;23.71;1.8599999999999999
16/07/2024 15:00:00;236.3;248.14;10.19;23.93;1.93
16/07/2024 15:30:00;202.085;209.265;9.055;24.085;2.035
16/07/2024 16:00:00;167.87;170.39;7.92;24.24;2.14
16/07/2024 16:30:00;93.725;149.765;5.83;24.189999999999998;1.9
16/07/2024 17:00:00;19.58;129.14;3.74;24.14;1.66
16/07/2024 17:30:00;9.79;92.33999999999999;2.535;23.87;1.345
16/07/2024 18:00:00;0.0;55.54;1.33;23.6;1.03
16/07/2024 18:30:00;0.0;27.77;0.665;23.095;1.17
16/07/2024 19:00:00;0.0;0.0;0.0;22.59;1.31
16/07/2024 19:30:00;0.0;0.0;0.0;22.130000000000003;1.205
16/07/2024 20:00:00;0.0;0.0;0.0;21.67;1.1
16/07/2024 20:30:00;0.0;0.0;0.0;21.305;0.9650000000000001
16/07/2024 21:00:00;0.0;0.0;0.0;20.94;0.83
16/07/2024 21:30:00;0.0;0.0;0.0;20.759999999999998;0.7949999999999999
16/07/2024 22:00:00;0.0;0.0;0.0;20.58;0.76
16/07/2024 22:30:00;0.0;0.0;0.0;20.03;0.965
16/07/2024 23:00:00;0.0;0.0;0.0;19.48;1.17
16/07/2024 23:30:00;0.0;0.0;0.0;19.455;1.24
17/07/2024 00:00:00;0.0;0.0;0.0;19.43;1.31
17/07/2024 00:30:00;0.0;0.0;0.0;19.425;1.275
17/07/2024 01:00:00;0.0;0.0;0.0;19.42;1.24
17/07/2024 01:30:00;0.0;0.0;0.0;19.37;1.205
17/07/2024 02:00:00;0.0;0.0;0.0;19.32;1.17
17/07/2024 02:30:00;0.0;0.0;0.0;19.29;1.205
17/07/2024 03:00:00;0.0;0.0;0.0;19.26;1.24
17/07/2024 03:30:00;0.0;1.26;0.03;19.130000000000003;1.205
17/07/2024 04:00:00;0.0;2.52;0.06;19.0;1.17
17/07/2024 04:30:00;0.0;34.08;0.815;19.0;1.1
17/07/2024 05:00:00;0.0;65.64;1.57;19.0;1.03
17/07/2024 05:30:00;31.325;94.52000000000001;3.3449999999999998;19.52;1.1
17/07/2024 06:00:00;62.65;123.4;5.12;20.04;1.17
17/07/2024 06:30:00;90.295;165.445;6.25;20.155;1.0699999999999998
17/07/2024 07:00:00;117.94;207.49;7.38;20.27;0.97
17/07/2024 07:30:00;279.025;183.51;9.86;20.525;0.97
17/07/2024 08:00:00;440.11;159.53;12.34;20.78;0.97
17/07/2024 08:30:00;270.055;253.21499999999997;10.895;21.245;1.0
17/07/2024 09:00:00;100.0;346.9;9.45;21.71;1.03
17/07/2024 09:30:00;128.89499999999998;370.125;10.385;22.115000000000002;1.065
17/07/2024 10:00:00;157.79;393.35;11.32;22.52;1.1
17/07/2024 10:30:00;222.13;398.47;12.435;23.095;1.205
17/07/2024 11:00:00;286.47;403.59;13.55;23.67;1.31
17/07/2024 11:30:00;416.225;358.16999999999996;14.805;23.97;1.55
17/07/2024 12:00:00;545.98;312.75;16.06;24.27;1.79
17/07/2024 12:30:00;573.4100000000001;279.075;15.989999999999998;24.52;1.8599999999999999
17/07/2024 13:00:00;600.84;245.4;15.92;24.77;1.93
17/07/2024 13:30:00;536.175;240.88;14.875;25.115000000000002;2.07
17/07/2024 14:00:00;471.51;236.36;13.83;25.46;2.21
17/07/2024 14:30:00;430.195;204.45;12.765;25.490000000000002;2.3449999999999998
17/07/2024 15:00:00;388.88;172.54;11.7;25.52;2.48
17/07/2024 15:30:00;329.695;140.235;10.39;25.38;2.55
17/07/2024 16:00:00;270.51;107.93;9.08;25.24;2.62
17/07/2024 16:30:00;175.85999999999999;97.58500000000001;7.245;24.95;2.62
17/07/2024 17:00:00;81.21;87.24;5.41;24.66;2.62
17/07/2024 17:30:00;40.605;68.865;3.31;24.29;2.415
17/07/2024 18:00:00;0.0;50.49;1.21;23.92;2.21
17/07/2024 18:30:00;0.0;25.245;0.605;23.575000000000003;1.865
17/07/2024 19:00:00;0.0;0.0;0.0;23.23;1.52
17/07/2024 19:30:00;0.0;0.0;0.0;22.805;1.175
17/07/2024 20:00:00;0.0;0.0;0.0;22.38;0.83
17/07/2024 20:30:00;0.0;0.0;0.0;22.54;0.52
17/07/2024 21:00:00;0.0;0.0;0.0;22.7;0.21
17/07/2024 21:30:00;0.0;0.0;0.0;22.485;0.275
17/07/2024 22:00:00;0.0;0.0;0.0;22.27;0.34
17/07/2024 22:30:00;0.0;0.0;0.0;21.45;0.655
17/07/2024 23:00:00;0.0;0.0;0.0;20.63;0.97
17/07/2024 23:30:00;0.0;0.0;0.0;19.705;1.1749999999999998
18/07/2024 00:00:00;0.0;0.0;0.0;18.78;1.38
18/07/2024 00:30:00;0.0;0.0;0.0;18.310000000000002;1.415
18/07/2024 01:00:00;0.0;0.0;0.0;17.84;1.45
18/07/2024 01:30:00;0.0;0.0;0.0;17.564999999999998;1.415
18/07/2024 02:00:00;0.0;0.0;0.0;17.29;1.38
18/07/2024 02:30:00;0.0;0.0;0.0;17.09;1.345
18/07/2024 03:00:00;0.0;0.0;0.0;16.89;1.31
18/07/2024 03:30:00;0.0;0.42;0.01;16.75;1.275
18/07/2024 04:00:00;0.0;0.84;0.02;16.61;1.24
18/07/2024 04:30:00;0.0;31.555;0.755;16.77;1.105
18/07/2024 05:00:00;0.0;62.27;1.49;16.93;0.97
18/07/2024 05:30:00;46.405;80.295;3.58;18.060000000000002;0.935
18/07/2024 06:00:00;92.81;98.32;5.67;19.19;0.9
18/07/2024 06:30:00;191.11;105.85499999999999;7.53;19.735;1.14
18/07/2024 07:00:00;289.41;113.39;9.39;20.28;1.38
18/07/2024 07:30:00;383.295;124.85499999999999;10.995000000000001;21.11;1.205
18/07/2024 08:00:00;477.18;136.32;12.6;21.94;1.03
18/07/2024 08:30:00;326.815;241.4;11.665;22.770000000000003;1.205
18/07/2024 09:00:00;176.45;346.48;10.73;23.6;1.38
18/07/2024 09:30:00;88.225;218.63500000000002;6.38;24.35;1.31
18/07/2024 10:00:00;0.0;90.79;2.03;25.1;1.24
18/07/2024 10:30:00;0.0;81.80000000000001;1.8299999999999998;25.605;1.38
18/07/2024 11:00:00;0.0;72.81;1.63;26.11;1.52
18/07/2024 11:30:00;9.34;203.675;4.705;26.14;1.21
18/07/2024 12:00:00;18.68;334.54;7.78;26.17;0.9
18/07/2024 12:30:00;363.84000000000003;258.01;12.2;25.69;1.4849999999999999
18/07/2024 13:00:00;709.0;181.48;16.62;25.21;2.07
18/07/2024 13:30:00;649.4;174.41;15.645;25.645;1.895
18/07/2024 14:00:00;589.8;167.34;14.67;26.08;1.72
18/07/2024 14:30:00;510.985;156.60500000000002;13.344999999999999;25.634999999999998;1.9300000000000002
18/07/2024 15:00:00;432.17;145.87;12.02;25.19;2.14
18/07/2024 15:30:00;346.145;129.335;10.46;24.815;2.31
18/07/2024 16:00:00;260.12;112.8;8.9;24.44;2.48
18/07/2024 16:30:00;170.61;99.67;7.135;24.18;2.38
18/07/2024 17:00:00;81.1;86.54;5.37;23.92;2.28
18/07/2024 17:30:00;40.55;69.78;3.3200000000000003;23.645000000000003;2.28
18/07/2024 18:00:00;0.0;53.02;1.27;23.37;2.28
18/07/2024 18:30:00;0.0;26.51;0.635;23.880000000000003;1.625
18/07/2024 19:00:00;0.0;0.0;0.0;24.39;0.97
18/07/2024 19:30:00;0.0;0.0;0.0;23.275;1.245
18/07/2024 20:00:00;0.0;0.0;0.0;22.16;1.52
18/07/2024 20:30:00;0.0;0.0;0.0;21.03;1.4849999999999999
18/07/2024 21:00:00;0.0;0.0;0.0;19.9;1.45
18/07/2024 21:30:00;0.0;0.0;0.0;19.735;1.175
18/07/2024 22:00:00;0.0;0.0;0.0;19.57;0.9
18/07/2024 22:30:00;0.0;0.0;0.0;19.3;1.21
18/07/2024 23:00:00;0.0;0.0;0.0;19.03;1.52
18/07/2024 23:30:00;0.0;0.0;0.0;18.905;1.5550000000000002
19/07/2024 00:00:00;0.0;0.0;0.0;18.78;1.59
19/07/2024 00:30:00;0.0;0.0;0.0;18.68;1.5550000000000002
19/07/2024 01:00:00;0.0;0.0;0.0;18.58;1.52
19/07/2024 01:30:00;0.0;0.0;0.0;18.38;1.5550000000000002
19/07/2024 02:00:00;0.0;0.0;0.0;18.18;1.59
19/07/2024 02:30:00;0.0;0.0;0.0;18.09;1.5550000000000002
19/07/2024 03:00:00;0.0;0.0;0.0;18.0;1.52
19/07/2024 03:30:00;0.0;0.84;0.02;17.905;1.52
19/07/2024 04:00:00;0.0;1.68;0.04;17.81;1.52
19/07/2024 04:30:00;0.0;31.555;0.755;18.13;1.415
19/07/2024 05:00:00;0.0;61.43;1.47;18.45;1.31
19/07/2024 05:30:00;51.645;75.23;3.6500000000000004;19.33;1.31
19/07/2024 06:00:00;103.29;89.03;5.83;20.21;1.31
19/07/2024 06:30:00;200.57999999999998;98.945;7.65;21.05;1.62
19/07/2024 07:00:00;297.87;108.86;9.47;21.89;1.93
19/07/2024 07:30:00;397.9;117.28;11.125;22.465;2.275
19/07/2024 08:00:00;497.93;125.7;12.78;23.04;2.62
19/07/2024 08:30:00;578.095;134.38;14.075;23.549999999999997;2.76
19/07/2024 09:00:00;658.26;143.06;15.37;24.06;2.9
19/07/2024 09:30:00;663.425;178.925;15.905000000000001;24.490000000000002;3.3449999999999998
19/07/2024 10:00:00;668.59;214.79;16.44;24.92;3.79
19/07/2024 10:30:00;637.935;249.62;16.47;25.185000000000002;4.1
19/07/2024 11:00:00;607.28;284.45;16.5;25.45;4.41
19/07/2024 11:30:00;611.915;280.995;16.52;25.68;4.48
19/07/2024 12:00:00;616.55;277.54;16.54;25.91;4.55
19/07/2024 12:30:00;657.0899999999999;233.215;16.53;26.055;4.585
19/07/2024 13:00:00;697.63;188.89;16.52;26.2;4.62
19/07/2024 13:30:00;639.265;181.245;15.555;26.244999999999997;4.550000000000001
19/07/2024 14:00:00;580.9;173.6;14.59;26.29;4.48
19/07/2024 14:30:00;469.695;181.76;12.985;26.22;4.345000000000001
19/07/2024 15:00:00;358.49;189.92;11.38;26.15;4.21
19/07/2024 15:30:00;231.465;193.6;9.145;26.075;4.175
19/07/2024 16:00:00;104.44;197.28;6.91;26.0;4.14
19/07/2024 16:30:00;96.275;138.26;6.1899999999999995;25.7;4.0
19/07/2024 17:00:00;88.11;79.24;5.47;25.4;3.86
19/07/2024 17:30:00;44.055;64.025;3.32;24.955;3.48
19/07/2024 18:00:00;0.0;48.81;1.17;24.51;3.1
19/07/2024 18:30:00;0.0;24.405;0.585;23.875;3.065
19/07/2024 19:00:00;0.0;0.0;0.0;23.24;3.03
19/07/2024 19:30:00;0.0;0.0;0.0;22.595;2.6849999999999996
19/07/2024 20:00:00;0.0;0.0;0.0;21.95;2.34
19/07/2024 20:30:00;0.0;0.0;0.0;21.39;2.135
19/07/2024 21:00:00;0.0;0.0;0.0;20.83;1.93
19/07/2024 21:30:00;0.0;0.0;0.0;20.25;1.8599999999999999
19/07/2024 22:00:00;0.0;0.0;0.0;19.67;1.79
19/07/2024 22:30:00;0.0;0.0;0.0;19.29;1.755
19/07/2024 23:00:00;0.0;0.0;0.0;18.91;1.72
19/07/2024 23:30:00;0.0;0.0;0.0;18.71;1.655
20/07/2024 00:00:00;0.0;0.0;0.0;18.51;1.59
20/07/2024 00:30:00;0.0;0.0;0.0;18.310000000000002;1.4500000000000002
20/07/2024 01:00:00;0.0;0.0;0.0;18.11;1.31
20/07/2024 01:30:00;0.0;0.0;0.0;17.895;1.205
20/07/2024 02:00:00;0.0;0.0;0.0;17.68;1.1
20/07/2024 02:30:00;0.0;0.0;0.0;17.535;1.0350000000000001
20/07/2024 03:00:00;0.0;0.0;0.0;17.39;0.97
20/07/2024 03:30:00;0.0;0.42;0.01;17.225;0.935
20/07/2024 04:00:00;0.0;0.84;0.02;17.06;0.9
20/07/2024 04:30:00;0.0;31.974999999999998;0.765;17.02;0.865
20/07/2024 05:00:00;0.0;63.11;1.51;16.98;0.83
20/07/2024 05:30:00;11.1;99.69999999999999;2.6950000000000003;17.665;0.865
20/07/2024 06:00:00;22.2;136.29;3.88;18.35;0.9
20/07/2024 06:30:00;97.2;159.44;5.970000000000001;18.97;0.655
20/07/2024 07:00:00;172.2;182.59;8.06;19.59;0.41
20/07/2024 07:30:00;325.98;159.17000000000002;10.32;20.0;0.515
20/07/2024 08:00:00;479.76;135.75;12.58;20.41;0.62
20/07/2024 08:30:00;436.58500000000004;209.745;12.89;20.96;0.8600000000000001
20/07/2024 09:00:00;393.41;283.74;13.2;21.51;1.1
20/07/2024 09:30:00;456.15;288.96000000000004;14.245;21.995;1.38
20/07/2024 10:00:00;518.89;294.18;15.29;22.48;1.66
20/07/2024 10:30:00;628.9200000000001;254.395;16.365000000000002;22.425;1.4849999999999999
20/07/2024 11:00:00;738.95;214.61;17.44;22.37;1.31
20/07/2024 11:30:00;717.605;225.67000000000002;17.28;22.67;1.24
20/07/2024 12:00:00;696.26;236.73;17.12;22.97;1.17
20/07/2024 12:30:00;608.865;261.37;16.165;23.465;1.275
20/07/2024 13:00:00;521.47;286.01;15.21;23.96;1.38
20/07/2024 13:30:00;515.995;250.58499999999998;14.63;24.315;1.5499999999999998
20/07/2024 14:00:00;510.52;215.16;14.05;24.67;1.72
20/07/2024 14:30:00;452.405;192.285;12.855;24.810000000000002;1.69
20/07/2024 15:00:00;394.29;169.41;11.66;24.95;1.66
20/07/2024 15:30:00;270.86;174.7;9.61;24.855;1.4849999999999999
20/07/2024 16:00:00;147.43;179.99;7.56;24.76;1.31
20/07/2024 16:30:00;121.055;126.44500000000001;6.5649999999999995;24.67;1.17
20/07/2024 17:00:00;94.68;72.9;5.57;24.58;1.03
20/07/2024 17:30:00;47.34;59.17;3.33;24.295;0.79
20/07/2024 18:00:00;0.0;45.44;1.09;24.01;0.55
20/07/2024 18:30:00;0.0;22.72;0.545;23.16;0.895
20/07/2024 19:00:00;0.0;0.0;0.0;22.31;1.24
20/07/2024 19:30:00;0.0;0.0;0.0;21.645;1.135
20/07/2024 20:00:00;0.0;0.0;0.0;20.98;1.03
20/07/2024 20:30:00;0.0;0.0;0.0;21.11;0.86
20/07/2024 21:00:00;0.0;0.0;0.0;21.24;0.69
20/07/2024 21:30:00;0.0;0.0;0.0;20.775;0.76
20/07/2024 22:00:00;0.0;0.0;0.0;20.31;0.83
20/07/2024 22:30:00;0.0;0.0;0.0;19.485;1.0
20/07/2024 23:00:00;0.0;0.0;0.0;18.66;1.17
20/07/2024 23:30:00;0.0;0.0;0.0;18.445;1.205
21/07/2024 00:00:00;0.0;0.0;0.0;18.23;1.24
21/07/2024 00:30:00;0.0;0.0;0.0;18.12;1.275
21/07/2024 01:00:00;0.0;0.0;0.0;18.01;1.31
21/07/2024 01:30:00;0.0;0.0;0.0;17.655;1.24
21/07/2024 02:00:00;0.0;0.0;0.0;17.3;1.17
21/07/2024 02:30:00;0.0;0.0;0.0;17.33;1.035
21/07/2024 03:00:00;0.0;0.0;0.0;17.36;0.9
21/07/2024 03:30:00;0.0;0.42;0.01;17.545;0.8300000000000001
21/07/2024 04:00:00;0.0;0.84;0.02;17.73;0.76
21/07/2024 04:30:00;0.0;25.244999999999997;0.605;17.655;0.62
21/07/2024 05:00:00;0.0;49.65;1.19;17.58;0.48
21/07/2024 05:30:00;51.7;68.55499999999999;3.48;18.09;0.44499999999999995
21/07/2024 06:00:00;103.4;87.46;5.77;18.6;0.41
21/07/2024 06:30:00;178.745;112.35;7.375;18.770000000000003;0.5499999999999999
21/07/2024 07:00:00;254.09;137.24;8.98;18.94;0.69
21/07/2024 07:30:00;343.12;150.745;10.57;19.585;0.7949999999999999
21/07/2024 08:00:00;432.15;164.25;12.16;20.23;0.9
21/07/2024 08:30:00;313.36;254.61;11.565000000000001;20.87;1.0
21/07/2024 09:00:00;194.57;344.97;10.97;21.51;1.1
21/07/2024 09:30:00;97.285;245.745;7.125;22.060000000000002;1.3450000000000002
21/07/2024 10:00:00;0.0;146.52;3.28;22.61;1.59
21/07/2024 10:30:00;247.43;242.385;9.43;22.83;1.625
21/07/2024 11:00:00;494.86;338.25;15.58;23.05;1.66
21/07/2024 11:30:00;247.985;301.31;10.754999999999999;23.509999999999998;1.76
21/07/2024 12:00:00;1.11;264.37;5.93;23.97;1.86
21/07/2024 12:30:00;0.555;221.625;4.965;23.549999999999997;2.205
21/07/2024 13:00:00;0.0;178.88;4.0;23.13;2.55
21/07/2024 13:30:00;94.545;258.78;7.385;22.6;3.07
21/07/2024 14:00:00;189.09;338.68;10.77;22.07;3.59
21/07/2024 14:30:00;106.635;294.34000000000003;8.41;21.27;3.245
21/07/2024 15:00:00;24.18;250.0;6.05;20.47;2.9
21/07/2024 15:30:00;31.0;225.45499999999998;5.72;20.45;2.485
21/07/2024 16:00:00;37.82;200.91;5.39;20.43;2.07
21/07/2024 16:30:00;22.509999999999998;158.87;4.15;20.395;2.0
21/07/2024 17:00:00;7.2;116.83;2.91;20.36;1.93
21/07/2024 17:30:00;3.6;77.77;1.915;20.17;1.69
21/07/2024 18:00:00;0.0;38.71;0.92;19.98;1.45
21/07/2024 18:30:00;0.0;19.355;0.46;19.755000000000003;1.38
21/07/2024 19:00:00;0.0;0.0;0.0;19.53;1.31
21/07/2024 19:30:00;0.0;0.0;0.0;19.12;1.0350000000000001
21/07/2024 20:00:00;0.0;0.0;0.0;18.71;0.76
21/07/2024 20:30:00;0.0;0.0;0.0;18.810000000000002;0.52
21/07/2024 21:00:00;0.0;0.0;0.0;18.91;0.28
21/07/2024 21:30:00;0.0;0.0;0.0;18.685000000000002;0.17500000000000002
21/07/2024 22:00:00;0.0;0.0;0.0;18.46;0.07
21/07/2024 22:30:00;0.0;0.0;0.0;18.21;0.20500000000000002
21/07/2024 23:00:00;0.0;0.0;0.0;17.96;0.34
21/07/2024 23:30:00;0.0;0.0;0.0;17.61;0.515
22/07/2024 00:00:00;0.0;0.0;0.0;17.26;0.69
22/07/2024 00:30:00;0.0;0.0;0.0;16.880000000000003;0.69
22/07/2024 01:00:00;0.0;0.0;0.0;16.5;0.69
22/07/2024 01:30:00;0.0;0.0;0.0;16.22;0.69
22/07/2024 02:00:00;0.0;0.0;0.0;15.94;0.69
22/07/2024 02:30:00;0.0;0.0;0.0;15.66;0.76
22/07/2024 03:00:00;0.0;0.0;0.0;15.38;0.83
22/07/2024 03:30:00;0.0;0.42;0.01;14.675;0.9650000000000001
22/07/2024 04:00:00;0.0;0.84;0.02;13.97;1.1
22/07/2024 04:30:00;0.0;31.555;0.755;13.96;1.0350000000000001
22/07/2024 05:00:00;0.0;62.27;1.49;13.95;0.97
22/07/2024 05:30:00;52.465;74.82000000000001;3.6499999999999995;15.08;0.8999999999999999
22/07/2024 06:00:00;104.93;87.37;5.81;16.21;0.83
22/07/2024 06:30:00;202.06;98.83500000000001;7.629999999999999;17.490000000000002;1.0
22/07/2024 07:00:00;299.19;110.3;9.45;18.77;1.17
22/07/2024 07:30:00;381.54499999999996;129.675;10.955;19.525;1.31
22/07/2024 08:00:00;463.9;149.05;12.46;20.28;1.45
22/07/2024 08:30:00;548.8299999999999;155.65;13.815000000000001;20.855;1.52
22/07/2024 09:00:00;633.76;162.25;15.17;21.43;1.59
22/07/2024 09:30:00;633.855;201.565;15.695;21.83;1.625
22/07/2024 10:00:00;633.95;240.88;16.22;22.23;1.66
22/07/2024 10:30:00;722.5550000000001;210.0;17.104999999999997;22.725;1.83
22/07/2024 11:00:00;811.16;179.12;17.99;23.22;2.0
22/07/2024 11:30:00;821.845;172.22500000000002;18.06;23.43;2.1399999999999997
22/07/2024 12:00:00;832.53;165.33;18.13;23.64;2.28
22/07/2024 12:30:00;786.135;168.885;17.494999999999997;24.025;2.5199999999999996
22/07/2024 13:00:00;739.74;172.44;16.86;24.41;2.76
22/07/2024 13:30:00;691.465;159.37;15.995000000000001;24.615000000000002;2.965
22/07/2024 14:00:00;643.19;146.3;15.13;24.82;3.17
22/07/2024 14:30:00;557.35;137.815;13.745000000000001;24.86;3.205
22/07/2024 15:00:00;471.51;129.33;12.36;24.9;3.24
22/07/2024 15:30:00;373.62;118.155;10.7;24.765;3.2750000000000004
22/07/2024 16:00:00;275.73;106.98;9.04;24.63;3.31
22/07/2024 16:30:00;185.41000000000003;89.995;7.295;24.285;3.14
22/07/2024 17:00:00;95.09;73.01;5.55;23.94;2.97
22/07/2024 17:30:00;47.545;59.645;3.33;23.53;2.4850000000000003
22/07/2024 18:00:00;0.0;46.28;1.11;23.12;2.0
22/07/2024 18:30:00;0.0;23.14;0.555;22.48;1.62
22/07/2024 19:00:00;0.0;0.0;0.0;21.84;1.24
22/07/2024 19:30:00;0.0;0.0;0.0;21.93;0.895
22/07/2024 20:00:00;0.0;0.0;0.0;22.02;0.55
22/07/2024 20:30:00;0.0;0.0;0.0;20.85;0.895
22/07/2024 21:00:00;0.0;0.0;0.0;19.68;1.24
22/07/2024 21:30:00;0.0;0.0;0.0;18.54;1.38
22/07/2024 22:00:00;0.0;0.0;0.0;17.4;1.52
22/07/2024 22:30:00;0.0;0.0;0.0;16.994999999999997;1.415
22/07/2024 23:00:00;0.0;0.0;0.0;16.59;1.31
22/07/2024 23:30:00;0.0;0.0;0.0;16.41;1.205
23/07/2024 00:00:00;0.0;0.0;0.0;16.23;1.1
23/07/2024 00:30:00;0.0;0.0;0.0;15.82;1.17
23/07/2024 01:00:00;0.0;0.0;0.0;15.41;1.24
23/07/2024 01:30:00;0.0;0.0;0.0;15.004999999999999;1.345
23/07/2024 02:00:00;0.0;0.0;0.0;14.6;1.45
23/07/2024 02:30:00;0.0;0.0;0.0;14.305;1.52
23/07/2024 03:00:00;0.0;0.0;0.0;14.01;1.59
23/07/2024 03:30:00;0.0;0.0;0.0;13.835;1.59
23/07/2024 04:00:00;0.0;0.0;0.0;13.66;1.59
23/07/2024 04:30:00;0.0;13.465;0.32;13.95;1.4849999999999999
23/07/2024 05:00:00;0.0;26.93;0.64;14.24;1.38
23/07/2024 05:30:00;26.765;75.32;2.6900000000000004;15.870000000000001;1.275
23/07/2024 06:00:00;53.53;123.71;4.74;17.5;1.17
23/07/2024 06:30:00;160.7;125.08;6.88;18.72;1.5150000000000001
23/07/2024 07:00:00;267.87;126.45;9.02;19.94;1.86
23/07/2024 07:30:00;236.96;197.26999999999998;9.425;20.61;2.24
23/07/2024 08:00:00;206.05;268.09;9.83;21.28;2.62
23/07/2024 08:30:00;424.47;210.11499999999998;12.469999999999999;22.075000000000003;3.0
23/07/2024 09:00:00;642.89;152.14;15.11;22.87;3.38
23/07/2024 09:30:00;570.73;227.1;15.059999999999999;23.68;3.86
23/07/2024 10:00:00;498.57;302.06;15.01;24.49;4.34
23/07/2024 10:30:00;253.18;303.325;10.969999999999999;24.95;4.585
23/07/2024 11:00:00;7.79;304.59;6.93;25.41;4.83
23/07/2024 11:30:00;238.36999999999998;324.835;11.08;26.075;5.21
23/07/2024 12:00:00;468.95;345.08;15.23;26.74;5.59
23/07/2024 12:30:00;299.465;364.185;12.92;26.93;5.449999999999999
23/07/2024 13:00:00;129.98;383.29;10.61;27.12;5.31
23/07/2024 13:30:00;199.45499999999998;350.935;11.155;27.14;5.07
23/07/2024 14:00:00;268.93;318.58;11.7;27.16;4.83
23/07/2024 14:30:00;321.355;250.05;11.55;27.060000000000002;4.415
23/07/2024 15:00:00;373.78;181.52;11.4;26.96;4.0
23/07/2024 15:30:00;288.435;165.22500000000002;9.780000000000001;26.990000000000002;3.62
23/07/2024 16:00:00;203.09;148.93;8.16;27.02;3.24
23/07/2024 16:30:00;130.63;126.95500000000001;6.46;26.735;2.415
23/07/2024 17:00:00;58.17;104.98;4.76;26.45;1.59
23/07/2024 17:30:00;29.085;75.21000000000001;2.925;26.345;0.9
23/07/2024 18:00:00;0.0;45.44;1.09;26.24;0.21
23/07/2024 18:30:00;0.0;22.72;0.545;25.134999999999998;0.655
23/07/2024 19:00:00;0.0;0.0;0.0;24.03;1.1
23/07/2024 19:30:00;0.0;0.0;0.0;23.285;1.135
23/07/2024 20:00:00;0.0;0.0;0.0;22.54;1.17
23/07/2024 20:30:00;0.0;0.0;0.0;22.174999999999997;1.035
23/07/2024 21:00:00;0.0;0.0;0.0;21.81;0.9
23/07/2024 21:30:00;0.0;0.0;0.0;21.755;0.76
23/07/2024 22:00:00;0.0;0.0;0.0;21.7;0.62
23/07/2024 22:30:00;0.0;0.0;0.0;21.23;0.415
23/07/2024 23:00:00;0.0;0.0;0.0;20.76;0.21
23/07/2024 23:30:00;0.0;0.0;0.0;20.28;0.175
24/07/2024 00:00:00;0.0;0.0;0.0;19.8;0.14
24/07/2024 00:30:00;0.0;0.0;0.0;19.395;0.31
24/07/2024 01:00:00;0.0;0.0;0.0;18.99;0.48
24/07/2024 01:30:00;0.0;0.0;0.0;18.659999999999997;0.62
24/07/2024 02:00:00;0.0;0.0;0.0;18.33;0.76
24/07/2024 02:30:00;0.0;0.0;0.0;17.85;0.865
24/07/2024 03:00:00;0.0;0.0;0.0;17.37;0.97
24/07/2024 03:30:00;0.0;0.0;0.0;17.145000000000003;1.105
24/07/2024 04:00:00;0.0;0.0;0.0;16.92;1.24
24/07/2024 04:30:00;0.0;11.36;0.27;17.065;1.24
24/07/2024 05:00:00;0.0;22.72;0.54;17.21;1.24
24/07/2024 05:30:00;4.045;72.60499999999999;1.785;17.935000000000002;1.17
24/07/2024 06:00:00;8.09;122.49;3.03;18.66;1.1
24/07/2024 06:30:00;4.045;94.055;2.25;18.91;1.55
24/07/2024 07:00:00;0.0;65.62;1.47;19.16;2.0
24/07/2024 07:30:00;0.0;93.485;2.09;19.575;2.0700000000000003
24/07/2024 08:00:00;0.0;121.35;2.71;19.99;2.14
24/07/2024 08:30:00;0.0;97.53;2.1799999999999997;19.95;2.21
24/07/2024 09:00:00;0.0;73.71;1.65;19.91;2.28
24/07/2024 09:30:00;210.93;201.64499999999998;7.9399999999999995;19.9;2.07
24/07/2024 10:00:00;421.86;329.58;14.23;19.89;1.86
24/07/2024 10:30:00;211.49;292.92999999999995;9.99;20.41;1.86
24/07/2024 11:00:00;1.12;256.28;5.75;20.93;1.86
24/07/2024 11:30:00;0.56;180.27499999999998;4.04;20.96;2.0
24/07/2024 12:00:00;0.0;104.27;2.33;20.99;2.14
24/07/2024 12:30:00;0.0;97.53;2.1799999999999997;21.104999999999997;2.865
24/07/2024 13:00:00;0.0;90.79;2.03;21.22;3.59
24/07/2024 13:30:00;252.33;152.395;7.91;21.54;3.795
24/07/2024 14:00:00;504.66;214.0;13.79;21.86;4.0
24/07/2024 14:30:00;425.69000000000005;203.39;12.42;22.2;3.895
24/07/2024 15:00:00;346.72;192.78;11.05;22.54;3.79
24/07/2024 15:30:00;198.75;196.265;8.350000000000001;22.67;3.755
24/07/2024 16:00:00;50.78;199.75;5.65;22.8;3.72
24/07/2024 16:30:00;28.0;154.85;4.16;22.465;3.515
24/07/2024 17:00:00;5.22;109.95;2.67;22.13;3.31
24/07/2024 17:30:00;2.61;80.64;1.95;21.21;2.485
24/07/2024 18:00:00;0.0;51.33;1.23;20.29;1.66
24/07/2024 18:30:00;0.0;25.665;0.615;19.7;1.69
24/07/2024 19:00:00;0.0;0.0;0.0;19.11;1.72
24/07/2024 19:30:00;0.0;0.0;0.0;18.759999999999998;1.655
24/07/2024 20:00:00;0.0;0.0;0.0;18.41;1.59
24/07/2024 20:30:00;0.0;0.0;0.0;18.03;1.59
24/07/2024 21:00:00;0.0;0.0;0.0;17.65;1.59
24/07/2024 21:30:00;0.0;0.0;0.0;17.185;1.4500000000000002
24/07/2024 22:00:00;0.0;0.0;0.0;16.72;1.31
24/07/2024 22:30:00;0.0;0.0;0.0;16.46;1.24
24/07/2024 23:00:00;0.0;0.0;0.0;16.2;1.17
24/07/2024 23:30:00;0.0;0.0;0.0;15.965;1.275
25/07/2024 00:00:00;0.0;0.0;0.0;15.73;1.38
25/07/2024 00:30:00;0.0;0.0;0.0;15.455;1.52
25/07/2024 01:00:00;0.0;0.0;0.0;15.18;1.66
25/07/2024 01:30:00;0.0;0.0;0.0;15.27;1.69
25/07/2024 02:00:00;0.0;0.0;0.0;15.36;1.72
25/07/2024 02:30:00;0.0;0.0;0.0;15.36;1.8599999999999999
25/07/2024 03:00:00;0.0;0.0;0.0;15.36;2.0
25/07/2024 03:30:00;0.0;0.0;0.0;15.379999999999999;2.0700000000000003
25/07/2024 04:00:00;0.0;0.0;0.0;15.4;2.14
25/07/2024 04:30:00;0.0;7.155;0.17;15.555;2.31
25/07/2024 05:00:00;0.0;14.31;0.34;15.71;2.48
25/07/2024 05:30:00;54.875;47.025;3.045;15.96;2.62
25/07/2024 06:00:00;109.75;79.74;5.75;16.21;2.76
25/07/2024 06:30:00;122.8;138.04;6.595000000000001;16.525;2.83
25/07/2024 07:00:00;135.85;196.34;7.44;16.84;2.9
25/07/2024 07:30:00;174.10500000000002;231.70499999999998;8.665000000000001;17.16;3.3449999999999998
25/07/2024 08:00:00;212.36;267.07;9.89;17.48;3.79
25/07/2024 08:30:00;225.28500000000003;301.37;10.675;17.71;4.275
25/07/2024 09:00:00;238.21;335.67;11.46;17.94;4.76
25/07/2024 09:30:00;249.08499999999998;358.94;12.04;17.37;4.484999999999999
25/07/2024 10:00:00;259.96;382.21;12.62;16.8;4.21
25/07/2024 10:30:00;286.49;389.79999999999995;13.165;17.615000000000002;4.345000000000001
25/07/2024 11:00:00;313.02;397.39;13.71;18.43;4.48
25/07/2024 11:30:00;494.925;324.39;15.295;18.835;4.86
25/07/2024 12:00:00;676.83;251.39;16.88;19.24;5.24
25/07/2024 12:30:00;545.4000000000001;292.37;15.524999999999999;18.82;5.205
25/07/2024 13:00:00;413.97;333.35;14.17;18.4;5.17
25/07/2024 13:30:00;286.24;336.675;12.2;18.705;4.825
25/07/2024 14:00:00;158.51;340.0;10.23;19.01;4.48
25/07/2024 14:30:00;79.255;228.43;6.42;18.270000000000003;4.48
25/07/2024 15:00:00;0.0;116.86;2.61;17.53;4.48
25/07/2024 15:30:00;0.0;79.555;1.775;16.865000000000002;3.5500000000000003
25/07/2024 16:00:00;0.0;42.25;0.94;16.2;2.62
25/07/2024 16:30:00;0.0;35.06;0.78;15.809999999999999;2.48
25/07/2024 17:00:00;0.0;27.87;0.62;15.42;2.34
25/07/2024 17:30:00;0.0;37.92;0.885;14.965;2.375
25/07/2024 18:00:00;0.0;47.97;1.15;14.51;2.41
25/07/2024 18:30:00;0.0;23.985;0.575;14.25;2.31
25/07/2024 19:00:00;0.0;0.0;0.0;13.99;2.21
25/07/2024 19:30:00;0.0;0.0;0.0;13.8;2.035
25/07/2024 20:00:00;0.0;0.0;0.0;13.61;1.86
25/07/2024 20:30:00;0.0;0.0;0.0;13.51;1.9300000000000002
25/07/2024 21:00:00;0.0;0.0;0.0;13.41;2.0
25/07/2024 21:30:00;0.0;0.0;0.0;13.305;2.0
25/07/2024 22:00:00;0.0;0.0;0.0;13.2;2.0
25/07/2024 22:30:00;0.0;0.0;0.0;13.1;1.9300000000000002
25/07/2024 23:00:00;0.0;0.0;0.0;13.0;1.86
25/07/2024 23:30:00;0.0;0.0;0.0;12.84;1.9300000000000002
26/07/2024 00:00:00;0.0;0.0;0.0;12.68;2.0
26/07/2024 00:30:00;0.0;0.0;0.0;12.52;2.0
26/07/2024 01:00:00;0.0;0.0;0.0;12.36;2.0
26/07/2024 01:30:00;0.0;0.0;0.0;12.11;1.9649999999999999
26/07/2024 02:00:00;0.0;0.0;0.0;11.86;1.93
26/07/2024 02:30:00;0.0;0.0;0.0;11.665;1.8599999999999999
26/07/2024 03:00:00;0.0;0.0;0.0;11.47;1.79
26/07/2024 03:30:00;0.0;0.0;0.0;11.17;1.79
26/07/2024 04:00:00;0.0;0.0;0.0;10.87;1.79
26/07/2024 04:30:00;0.0;24.825;0.595;10.945;1.725
26/07/2024 05:00:00;0.0;49.65;1.19;11.02;1.66
26/07/2024 05:30:00;58.93;61.515;3.53;11.58;2.105
26/07/2024 06:00:00;117.86;73.38;5.87;12.14;2.55
26/07/2024 06:30:00;207.435;91.785;7.57;12.305;2.275
26/07/2024 07:00:00;297.01;110.19;9.27;12.47;2.0
26/07/2024 07:30:00;362.595;139.845;10.645;12.925;2.0700000000000003
26/07/2024 08:00:00;428.18;169.5;12.02;13.38;2.14
26/07/2024 08:30:00;461.01;205.37;13.004999999999999;13.995000000000001;2.175
26/07/2024 09:00:00;493.84;241.24;13.99;14.61;2.21
26/07/2024 09:30:00;312.085;314.78499999999997;12.34;15.36;2.38
26/07/2024 10:00:00;130.33;388.33;10.69;16.11;2.55
26/07/2024 10:30:00;388.53999999999996;330.565;13.704999999999998;16.825;2.62
26/07/2024 11:00:00;646.75;272.8;16.72;17.54;2.69
26/07/2024 11:30:00;339.61;314.02;12.579999999999998;17.955;2.895
26/07/2024 12:00:00;32.47;355.24;8.44;18.37;3.1
26/07/2024 12:30:00;47.065;358.83500000000004;8.75;18.509999999999998;3.24
26/07/2024 13:00:00;61.66;362.43;9.06;18.65;3.38
26/07/2024 13:30:00;160.67000000000002;343.385;10.33;18.869999999999997;3.3449999999999998
26/07/2024 14:00:00;259.68;324.34;11.6;19.09;3.31
26/07/2024 14:30:00;324.09000000000003;250.58499999999998;11.55;19.105;3.14
26/07/2024 15:00:00;388.5;176.83;11.5;19.12;2.97
26/07/2024 15:30:00;327.33000000000004;144.215;10.14;19.245;2.83
26/07/2024 16:00:00;266.16;111.6;8.78;19.37;2.69
26/07/2024 16:30:00;177.36;94.06;7.035;19.28;2.585
26/07/2024 17:00:00;88.56;76.52;5.29;19.19;2.48
26/07/2024 17:30:00;44.28;61.825;3.21;18.995;2.205
26/07/2024 18:00:00;0.0;47.13;1.13;18.8;1.93
26/07/2024 18:30:00;0.0;23.565;0.565;17.935000000000002;1.415
26/07/2024 19:00:00;0.0;0.0;0.0;17.07;0.9
26/07/2024 19:30:00;0.0;0.0;0.0;17.075;0.5900000000000001
26/07/2024 20:00:00;0.0;0.0;0.0;17.08;0.28
26/07/2024 20:30:00;0.0;0.0;0.0;16.13;0.655
26/07/2024 21:00:00;0.0;0.0;0.0;15.18;1.03
26/07/2024 21:30:00;0.0;0.0;0.0;14.865;1.03
26/07/2024 22:00:00;0.0;0.0;0.0;14.55;1.03
26/07/2024 22:30:00;0.0;0.0;0.0;14.02;1.065
26/07/2024 23:00:00;0.0;0.0;0.0;13.49;1.1
26/07/2024 23:30:00;0.0;0.0;0.0;12.865;1.205
27/07/2024 00:00:00;0.0;0.0;0.0;12.24;1.31
27/07/2024 00:30:00;0.0;0.0;0.0;11.98;1.275
27/07/2024 01:00:00;0.0;0.0;0.0;11.72;1.24
27/07/2024 01:30:00;0.0;0.0;0.0;11.52;1.24
27/07/2024 02:00:00;0.0;0.0;0.0;11.32;1.24
27/07/2024 02:30:00;0.0;0.0;0.0;11.21;1.275
27/07/2024 03:00:00;0.0;0.0;0.0;11.1;1.31
27/07/2024 03:30:00;0.0;0.0;0.0;11.24;1.345
27/07/2024 04:00:00;0.0;0.0;0.0;11.38;1.38
27/07/2024 04:30:00;0.0;7.155;0.17;11.855;1.38
27/07/2024 05:00:00;0.0;14.31;0.34;12.33;1.38
27/07/2024 05:30:00;0.295;53.43;1.2149999999999999;13.455;1.38
27/07/2024 06:00:00;0.59;92.55;2.09;14.58;1.38
27/07/2024 06:30:00;17.205;146.915;3.67;15.184999999999999;1.62
27/07/2024 07:00:00;33.82;201.28;5.25;15.79;1.86
27/07/2024 07:30:00;215.275;191.115;8.425;16.46;1.895
27/07/2024 08:00:00;396.73;180.95;11.6;17.13;1.93
27/07/2024 08:30:00;208.53;234.415;9.184999999999999;18.31;2.55
27/07/2024 09:00:00;20.33;287.88;6.77;19.49;3.17
27/07/2024 09:30:00;49.485;328.495;8.120000000000001;20.06;3.825
27/07/2024 10:00:00;78.64;369.11;9.47;20.63;4.48
27/07/2024 10:30:00;269.15500000000003;358.88;12.25;21.055;4.550000000000001
27/07/2024 11:00:00;459.67;348.65;15.03;21.48;4.62
27/07/2024 11:30:00;314.61;377.44;13.335;22.015;4.795
27/07/2024 12:00:00;169.55;406.23;11.64;22.55;4.97
27/07/2024 12:30:00;194.645;392.71000000000004;11.77;23.125;5.105
27/07/2024 13:00:00;219.74;379.19;11.9;23.7;5.24
27/07/2024 13:30:00;152.93;354.395;10.34;24.045;5.17
27/07/2024 14:00:00;86.12;329.6;8.78;24.39;5.1
27/07/2024 14:30:00;263.19;235.4;10.28;24.415;4.79
27/07/2024 15:00:00;440.26;141.2;11.78;24.44;4.48
27/07/2024 15:30:00;355.065;123.24;10.239999999999998;24.435000000000002;4.205
27/07/2024 16:00:00;269.87;105.28;8.7;24.43;3.93
27/07/2024 16:30:00;183.41;86.43;7.045;24.3;3.585
27/07/2024 17:00:00;96.95;67.58;5.39;24.17;3.24
27/07/2024 17:30:00;48.475;54.83;3.195;23.73;2.6550000000000002
27/07/2024 18:00:00;0.0;42.08;1.0;23.29;2.07
27/07/2024 18:30:00;0.0;21.04;0.5;22.585;1.5499999999999998
27/07/2024 19:00:00;0.0;0.0;0.0;21.88;1.03
27/07/2024 19:30:00;0.0;0.0;0.0;21.91;0.895
27/07/2024 20:00:00;0.0;0.0;0.0;21.94;0.76
27/07/2024 20:30:00;0.0;0.0;0.0;20.490000000000002;0.965
27/07/2024 21:00:00;0.0;0.0;0.0;19.04;1.17
27/07/2024 21:30:00;0.0;0.0;0.0;18.525;1.035
27/07/2024 22:00:00;0.0;0.0;0.0;18.01;0.9
27/07/2024 22:30:00;0.0;0.0;0.0;17.785;0.8300000000000001
27/07/2024 23:00:00;0.0;0.0;0.0;17.56;0.76
27/07/2024 23:30:00;0.0;0.0;0.0;17.244999999999997;0.7949999999999999
28/07/2024 00:00:00;0.0;0.0;0.0;16.93;0.83
28/07/2024 00:30:00;0.0;0.0;0.0;16.494999999999997;1.0
28/07/2024 01:00:00;0.0;0.0;0.0;16.06;1.17
28/07/2024 01:30:00;0.0;0.0;0.0;15.76;1.345
28/07/2024 02:00:00;0.0;0.0;0.0;15.46;1.52
28/07/2024 02:30:00;0.0;0.0;0.0;15.56;1.5550000000000002
28/07/2024 03:00:00;0.0;0.0;0.0;15.66;1.59
28/07/2024 03:30:00;0.0;0.0;0.0;15.61;1.625
28/07/2024 04:00:00;0.0;0.0;0.0;15.56;1.66
28/07/2024 04:30:00;0.0;26.085;0.625;15.805;1.625
28/07/2024 05:00:00;0.0;52.17;1.25;16.05;1.59
28/07/2024 05:30:00;13.56;89.7;2.535;17.16;1.52
28/07/2024 06:00:00;27.12;127.23;3.82;18.27;1.45
28/07/2024 06:30:00;123.31;138.925;6.049999999999999;19.155;1.555
28/07/2024 07:00:00;219.5;150.62;8.28;20.04;1.66
28/07/2024 07:30:00;260.195;188.74;9.465;20.61;2.14
28/07/2024 08:00:00;300.89;226.86;10.65;21.18;2.62
28/07/2024 08:30:00;362.41999999999996;245.81;11.895;21.6;2.825
28/07/2024 09:00:00;423.95;264.76;13.14;22.02;3.03
28/07/2024 09:30:00;214.75;268.82;9.665000000000001;22.445;3.55
28/07/2024 10:00:00;5.55;272.88;6.19;22.87;4.07
28/07/2024 10:30:00;2.775;236.22;5.325;22.855;4.0
28/07/2024 11:00:00;0.0;199.56;4.46;22.84;3.93
28/07/2024 11:30:00;18.015;276.27;6.449999999999999;22.880000000000003;3.965
28/07/2024 12:00:00;36.03;352.98;8.44;22.92;4.0
28/07/2024 12:30:00;18.015;282.11;6.58;22.975;3.76
28/07/2024 13:00:00;0.0;211.24;4.72;23.03;3.52
28/07/2024 13:30:00;176.53;248.715;8.55;22.990000000000002;3.45
28/07/2024 14:00:00;353.06;286.19;12.38;22.95;3.38
28/07/2024 14:30:00;192.385;267.605;9.265;22.345;3.31
28/07/2024 15:00:00;31.71;249.02;6.15;21.74;3.24
28/07/2024 15:30:00;20.09;206.925;5.015000000000001;20.994999999999997;2.825
28/07/2024 16:00:00;8.47;164.83;3.88;20.25;2.41
28/07/2024 16:30:00;27.395000000000003;136.27;4.08;20.064999999999998;2.4450000000000003
28/07/2024 17:00:00;46.32;107.71;4.28;19.88;2.48
28/07/2024 17:30:00;23.16;77.42;2.705;19.82;2.31
28/07/2024 18:00:00;0.0;47.13;1.13;19.76;2.14
28/07/2024 18:30:00;0.0;23.565;0.565;20.21;1.4500000000000002
28/07/2024 19:00:00;0.0;0.0;0.0;20.66;0.76
28/07/2024 19:30:00;0.0;0.0;0.0;19.744999999999997;1.1400000000000001
28/07/2024 20:00:00;0.0;0.0;0.0;18.83;1.52
28/07/2024 20:30:00;0.0;0.0;0.0;18.36;1.52
28/07/2024 21:00:00;0.0;0.0;0.0;17.89;1.52
28/07/2024 21:30:00;0.0;0.0;0.0;17.689999999999998;1.31
28/07/2024 22:00:00;0.0;0.0;0.0;17.49;1.1
28/07/2024 22:30:00;0.0;0.0;0.0;17.1;1.1
28/07/2024 23:00:00;0.0;0.0;0.0;16.71;1.1
28/07/2024 23:30:00;0.0;0.0;0.0;16.39;1.205
29/07/2024 00:00:00;0.0;0.0;0.0;16.07;1.31
29/07/2024 00:30:00;0.0;0.0;0.0;15.915;1.415
29/07/2024 01:00:00;0.0;0.0;0.0;15.76;1.52
29/07/2024 01:30:00;0.0;0.0;0.0;15.84;1.5899999999999999
29/07/2024 02:00:00;0.0;0.0;0.0;15.92;1.66
29/07/2024 02:30:00;0.0;0.0;0.0;16.015;1.625
29/07/2024 03:00:00;0.0;0.0;0.0;16.11;1.59
29/07/2024 03:30:00;0.0;0.0;0.0;16.155;1.4849999999999999
29/07/2024 04:00:00;0.0;0.0;0.0;16.2;1.38
29/07/2024 04:30:00;0.0;13.465;0.32;16.305;1.31
29/07/2024 05:00:00;0.0;26.93;0.64;16.41;1.24
29/07/2024 05:30:00;0.595;58.825;1.355;17.09;1.275
29/07/2024 06:00:00;1.19;90.72;2.07;17.77;1.31
29/07/2024 06:30:00;148.48499999999999;97.97;5.545;18.884999999999998;1.55
29/07/2024 07:00:00;295.78;105.22;9.02;20.0;1.79
29/07/2024 07:30:00;331.12;148.86;10.094999999999999;20.494999999999997;2.38
29/07/2024 08:00:00;366.46;192.5;11.17;20.99;2.97
29/07/2024 08:30:00;321.595;254.695;11.405000000000001;21.655;3.245
29/07/2024 09:00:00;276.73;316.89;11.64;22.32;3.52
29/07/2024 09:30:00;398.51;301.305;13.254999999999999;22.92;3.69
29/07/2024 10:00:00;520.29;285.72;14.87;23.52;3.86
29/07/2024 10:30:00;290.09499999999997;329.015;12.045;23.9;3.79
29/07/2024 11:00:00;59.9;372.31;9.22;24.28;3.72
29/07/2024 11:30:00;41.805;352.875;8.52;24.625;3.585
29/07/2024 12:00:00;23.71;333.44;7.82;24.97;3.45
29/07/2024 12:30:00;12.41;289.02;6.655;24.265;3.895
29/07/2024 13:00:00;1.11;244.6;5.49;23.56;4.34
29/07/2024 13:30:00;0.555;187.01999999999998;4.19;22.725;3.6550000000000002
29/07/2024 14:00:00;0.0;129.44;2.89;21.89;2.97
29/07/2024 14:30:00;0.495;153.29500000000002;3.435;21.835;2.59
29/07/2024 15:00:00;0.99;177.15;3.98;21.78;2.21
29/07/2024 15:30:00;0.495;146.555;3.285;21.955;2.31
29/07/2024 16:00:00;0.0;115.96;2.59;22.13;2.41
29/07/2024 16:30:00;0.0;73.71;1.645;22.17;2.48
29/07/2024 17:00:00;0.0;31.46;0.7;22.21;2.55
29/07/2024 17:30:00;0.0;32.14;0.74;22.015;2.2399999999999998
29/07/2024 18:00:00;0.0;32.82;0.78;21.82;1.93
29/07/2024 18:30:00;0.0;16.41;0.39;20.8;1.9649999999999999
29/07/2024 19:00:00;0.0;0.0;0.0;19.78;2.0
29/07/2024 19:30:00;0.0;0.0;0.0;19.455;1.83
29/07/2024 20:00:00;0.0;0.0;0.0;19.13;1.66
29/07/2024 20:30:00;0.0;0.0;0.0;18.84;1.625
29/07/2024 21:00:00;0.0;0.0;0.0;18.55;1.59
29/07/2024 21:30:00;0.0;0.0;0.0;18.305;1.69
29/07/2024 22:00:00;0.0;0.0;0.0;18.06;1.79
29/07/2024 22:30:00;0.0;0.0;0.0;17.835;2.0
29/07/2024 23:00:00;0.0;0.0;0.0;17.61;2.21
29/07/2024 23:30:00;0.0;0.0;0.0;17.384999999999998;2.31
30/07/2024 00:00:00;0.0;0.0;0.0;17.16;2.41
30/07/2024 00:30:00;0.0;0.0;0.0;16.97;2.375
30/07/2024 01:00:00;0.0;0.0;0.0;16.78;2.34
30/07/2024 01:30:00;0.0;0.0;0.0;16.69;2.3099999999999996
30/07/2024 02:00:00;0.0;0.0;0.0;16.6;2.28
30/07/2024 02:30:00;0.0;0.0;0.0;16.565;2.245
30/07/2024 03:00:00;0.0;0.0;0.0;16.53;2.21
30/07/2024 03:30:00;0.0;0.0;0.0;16.54;2.21
30/07/2024 04:00:00;0.0;0.0;0.0;16.55;2.21
30/07/2024 04:30:00;0.0;26.51;0.635;16.705;2.415
30/07/2024 05:00:00;0.0;53.02;1.27;16.86;2.62
30/07/2024 05:30:00;0.0;39.995000000000005;0.935;16.88;2.93
30/07/2024 06:00:00;0.0;26.97;0.6;16.9;3.24
30/07/2024 06:30:00;0.0;62.025;1.3849999999999998;17.134999999999998;3.24
30/07/2024 07:00:00;0.0;97.08;2.17;17.37;3.24
30/07/2024 07:30:00;0.505;136.215;3.0549999999999997;17.67;3.24
30/07/2024 08:00:00;1.01;175.35;3.94;17.97;3.24
30/07/2024 08:30:00;160.94;242.3;8.07;18.33;3.31
30/07/2024 09:00:00;320.87;309.25;12.2;18.69;3.38
30/07/2024 09:30:00;524.74;246.255;14.34;19.335;3.69
30/07/2024 10:00:00;728.61;183.26;16.48;19.98;4.0
30/07/2024 10:30:00;766.12;182.245;17.015;20.33;4.205
30/07/2024 11:00:00;803.63;181.23;17.55;20.68;4.41
30/07/2024 11:30:00;772.12;197.83999999999997;17.314999999999998;20.845;4.62
30/07/2024 12:00:00;740.61;214.45;17.08;21.01;4.83
30/07/2024 12:30:00;622.095;254.44;15.915;21.145000000000003;4.865
30/07/2024 13:00:00;503.58;294.43;14.75;21.28;4.9
30/07/2024 13:30:00;452.03999999999996;281.70500000000004;13.775;21.425;4.76
30/07/2024 14:00:00;400.5;268.98;12.8;21.57;4.62
30/07/2024 14:30:00;390.45;222.89000000000001;11.995000000000001;21.595;4.45
30/07/2024 15:00:00;380.4;176.8;11.19;21.62;4.28
30/07/2024 15:30:00;288.96999999999997;162.7;9.515;21.54;4.105
30/07/2024 16:00:00;197.54;148.6;7.84;21.46;3.93
30/07/2024 16:30:00;135.615;116.845;6.33;21.245;3.62
30/07/2024 17:00:00;73.69;85.09;4.82;21.03;3.31
30/07/2024 17:30:00;36.845;61.480000000000004;2.8600000000000003;20.725;2.8600000000000003
30/07/2024 18:00:00;0.0;37.87;0.9;20.42;2.41
30/07/2024 18:30:00;0.0;18.935;0.45;19.83;2.205
30/07/2024 19:00:00;0.0;0.0;0.0;19.24;2.0
30/07/2024 19:30:00;0.0;0.0;0.0;18.505;1.83
30/07/2024 20:00:00;0.0;0.0;0.0;17.77;1.66
30/07/2024 20:30:00;0.0;0.0;0.0;16.924999999999997;1.66
30/07/2024 21:00:00;0.0;0.0;0.0;16.08;1.66
30/07/2024 21:30:00;0.0;0.0;0.0;15.434999999999999;1.69
30/07/2024 22:00:00;0.0;0.0;0.0;14.79;1.72
30/07/2024 22:30:00;0.0;0.0;0.0;14.515;1.72
30/07/2024 23:00:00;0.0;0.0;0.0;14.24;1.72
30/07/2024 23:30:00;0.0;0.0;0.0;13.95;1.69
31/07/2024 00:00:00;0.0;0.0;0.0;13.66;1.66
31/07/2024 00:30:00;0.0;0.0;0.0;13.265;1.66
31/07/2024 01:00:00;0.0;0.0;0.0;12.87;1.66
31/07/2024 01:30:00;0.0;0.0;0.0;12.635;1.66
31/07/2024 02:00:00;0.0;0.0;0.0;12.4;1.66
31/07/2024 02:30:00;0.0;0.0;0.0;12.425;1.555
31/07/2024 03:00:00;0.0;0.0;0.0;12.45;1.45
31/07/2024 03:30:00;0.0;0.0;0.0;12.434999999999999;1.415
31/07/2024 04:00:00;0.0;0.0;0.0;12.42;1.38
31/07/2024 04:30:00;0.0;20.195;0.48;12.565000000000001;1.31
31/07/2024 05:00:00;0.0;40.39;0.96;12.71;1.24
31/07/2024 05:30:00;2.1;74.445;1.765;13.72;1.24
31/07/2024 06:00:00;4.2;108.5;2.57;14.73;1.24
31/07/2024 06:30:00;75.00500000000001;147.17000000000002;4.945;15.78;1.69
31/07/2024 07:00:00;145.81;185.84;7.32;16.83;2.14
31/07/2024 07:30:00;262.65999999999997;187.75;9.305;17.625;2.52
31/07/2024 08:00:00;379.51;189.66;11.29;18.42;2.9
31/07/2024 08:30:00;487.88;183.68;12.85;18.945;3.0700000000000003
31/07/2024 09:00:00;596.25;177.7;14.41;19.47;3.24
31/07/2024 09:30:00;609.2;208.95;15.035;20.174999999999997;3.415
31/07/2024 10:00:00;622.15;240.2;15.66;20.88;3.59
31/07/2024 10:30:00;470.235;314.95;14.585;21.475;3.6550000000000002
31/07/2024 11:00:00;318.32;389.7;13.51;22.07;3.72
31/07/2024 11:30:00;487.405;323.825;14.965;22.490000000000002;3.72
31/07/2024 12:00:00;656.49;257.95;16.42;22.91;3.72
31/07/2024 12:30:00;640.61;244.83999999999997;16.0;23.365000000000002;3.755
31/07/2024 13:00:00;624.73;231.73;15.58;23.82;3.79
31/07/2024 13:30:00;449.19500000000005;272.02;13.530000000000001;23.97;3.755
31/07/2024 14:00:00;273.66;312.31;11.48;24.12;3.72
31/07/2024 14:30:00;136.83;235.26;7.51;24.060000000000002;3.72
31/07/2024 15:00:00;0.0;158.21;3.54;24.0;3.72
31/07/2024 15:30:00;32.225;176.4;4.665;23.92;3.62
31/07/2024 16:00:00;64.45;194.59;5.79;23.84;3.52
31/07/2024 16:30:00;75.475;132.995;5.385;23.655;3.31
31/07/2024 17:00:00;86.5;71.4;4.98;23.47;3.1
31/07/2024 17:30:00;43.25;55.475;2.96;23.134999999999998;2.62
31/07/2024 18:00:00;0.0;39.55;0.94;22.8;2.14
31/07/2024 18:30:00;0.0;19.775;0.47;22.17;2.0700000000000003
31/07/2024 19:00:00;0.0;0.0;0.0;21.54;2.0
31/07/2024 19:30:00;0.0;0.0;0.0;20.965;2.035
31/07/2024 20:00:00;0.0;0.0;0.0;20.39;2.07
31/07/2024 20:30:00;0.0;0.0;0.0;19.935000000000002;2.07
31/07/2024 21:00:00;0.0;0.0;0.0;19.48;2.07
31/07/2024 21:30:00;0.0;0.0;0.0;19.259999999999998;2.1399999999999997
31/07/2024 22:00:00;0.0;0.0;0.0;19.04;2.21
31/07/2024 22:30:00;0.0;0.0;0.0;18.935;2.245
31/07/2024 23:00:00;0.0;0.0;0.0;18.83;2.28
31/07/2024 23:30:00;0.0;0.0;0.0;19.034999999999997;2.59
01/08/2024 00:00:00;0.0;0.0;0.0;19.24;2.9
01/08/2024 00:30:00;0.0;0.0;0.0;19.42;3.2800000000000002
01/08/2024 01:00:00;0.0;0.0;0.0;19.6;3.66
01/08/2024 01:30:00;0.0;0.0;0.0;19.605;3.935
01/08/2024 02:00:00;0.0;0.0;0.0;19.61;4.21
01/08/2024 02:30:00;0.0;0.0;0.0;19.525;4.3100000000000005
01/08/2024 03:00:00;0.0;0.0;0.0;19.44;4.41
01/08/2024 03:30:00;0.0;0.0;0.0;19.275;4.48
01/08/2024 04:00:00;0.0;0.0;0.0;19.11;4.55
01/08/2024 04:30:00;0.0;5.47;0.13;18.86;4.62
01/08/2024 05:00:00;0.0;10.94;0.26;18.61;4.69
01/08/2024 05:30:00;2.72;59.69;1.4349999999999998;18.189999999999998;4.795
01/08/2024 06:00:00;5.44;108.44;2.61;17.77;4.9
01/08/2024 06:30:00;5.83;136.17000000000002;3.205;17.285;4.38
01/08/2024 07:00:00;6.22;163.9;3.8;16.8;3.86
01/08/2024 07:30:00;6.165;186.91;4.3;16.83;4.07
01/08/2024 08:00:00;6.11;209.92;4.8;16.86;4.28
01/08/2024 08:30:00;3.055;189.90499999999997;4.3;16.88;4.380000000000001
01/08/2024 09:00:00;0.0;169.89;3.8;16.9;4.48
01/08/2024 09:30:00;0.0;168.995;3.78;16.89;4.41
01/08/2024 10:00:00;0.0;168.1;3.76;16.88;4.34
01/08/2024 10:30:00;0.0;170.79500000000002;3.82;16.939999999999998;4.275
01/08/2024 11:00:00;0.0;173.49;3.88;17.0;4.21
01/08/2024 11:30:00;366.265;194.73000000000002;10.379999999999999;17.46;4.245
01/08/2024 12:00:00;732.53;215.97;16.88;17.92;4.28
01/08/2024 12:30:00;552.375;278.545;15.165;18.495;4.245
01/08/2024 13:00:00;372.22;341.12;13.45;19.07;4.21
01/08/2024 13:30:00;189.35500000000002;292.2;9.5;19.5;4.3100000000000005
01/08/2024 14:00:00;6.49;243.28;5.55;19.93;4.41
01/08/2024 14:30:00;3.245;159.395;3.62;20.055;4.275
01/08/2024 15:00:00;0.0;75.51;1.69;20.18;4.14
01/08/2024 15:30:00;46.63;132.095;3.9899999999999998;20.145;4.275
01/08/2024 16:00:00;93.26;188.68;6.29;20.11;4.41
01/08/2024 16:30:00;58.040000000000006;151.445;4.875;19.89;4.065
01/08/2024 17:00:00;22.82;114.21;3.46;19.67;3.72
01/08/2024 17:30:00;11.41;74.775;2.15;19.310000000000002;3.345
01/08/2024 18:00:00;0.0;35.34;0.84;18.95;2.97
01/08/2024 18:30:00;0.0;17.67;0.42;18.105;2.795
01/08/2024 19:00:00;0.0;0.0;0.0;17.26;2.62
01/08/2024 19:30:00;0.0;0.0;0.0;16.96;2.45
01/08/2024 20:00:00;0.0;0.0;0.0;16.66;2.28
01/08/2024 20:30:00;0.0;0.0;0.0;16.335;2.245
01/08/2024 21:00:00;0.0;0.0;0.0;16.01;2.21
01/08/2024 21:30:00;0.0;0.0;0.0;15.815000000000001;2.175
01/08/2024 22:00:00;0.0;0.0;0.0;15.62;2.14
01/08/2024 22:30:00;0.0;0.0;0.0;15.379999999999999;2.0700000000000003
01/08/2024 23:00:00;0.0;0.0;0.0;15.14;2.0
01/08/2024 23:30:00;0.0;0.0;0.0;15.02;1.895
02/08/2024 00:00:00;0.0;0.0;0.0;14.9;1.79
02/08/2024 00:30:00;0.0;0.0;0.0;14.355;1.755
02/08/2024 01:00:00;0.0;0.0;0.0;13.81;1.72
02/08/2024 01:30:00;0.0;0.0;0.0;13.825;1.755
02/08/2024 02:00:00;0.0;0.0;0.0;13.84;1.79
02/08/2024 02:30:00;0.0;0.0;0.0;13.93;1.62
02/08/2024 03:00:00;0.0;0.0;0.0;14.02;1.45
02/08/2024 03:30:00;0.0;0.0;0.0;14.399999999999999;1.4849999999999999
02/08/2024 04:00:00;0.0;0.0;0.0;14.78;1.52
02/08/2024 04:30:00;0.0;16.83;0.4;14.989999999999998;1.725
02/08/2024 05:00:00;0.0;33.66;0.8;15.2;1.93
02/08/2024 05:30:00;0.0;35.26;0.81;15.39;2.07
02/08/2024 06:00:00;0.0;36.86;0.82;15.58;2.21
02/08/2024 06:30:00;3.125;98.13499999999999;2.2600000000000002;15.940000000000001;2.415
02/08/2024 07:00:00;6.25;159.41;3.7;16.3;2.62
02/08/2024 07:30:00;25.125;208.55;5.115;16.77;2.965
02/08/2024 08:00:00;44.0;257.69;6.53;17.24;3.31
02/08/2024 08:30:00;50.385000000000005;286.235;7.235;18.549999999999997;3.205
02/08/2024 09:00:00;56.77;314.78;7.94;19.86;3.1
02/08/2024 09:30:00;228.645;323.78;10.815;21.595;4.515
02/08/2024 10:00:00;400.52;332.78;13.69;23.33;5.93
02/08/2024 10:30:00;251.73499999999999;361.41999999999996;11.96;24.17;6.824999999999999
02/08/2024 11:00:00;102.95;390.06;10.23;25.01;7.72
02/08/2024 11:30:00;216.03500000000003;385.325;11.84;25.395000000000003;7.824999999999999
02/08/2024 12:00:00;329.12;380.59;13.45;25.78;7.93
02/08/2024 12:30:00;164.56;262.21;8.335;25.700000000000003;7.205
02/08/2024 13:00:00;0.0;143.83;3.22;25.62;6.48
02/08/2024 13:30:00;0.0;124.05000000000001;2.7750000000000004;25.66;6.1
02/08/2024 14:00:00;0.0;104.27;2.33;25.7;5.72
02/08/2024 14:30:00;0.0;131.24;2.935;25.525;5.0
02/08/2024 15:00:00;0.0;158.21;3.54;25.35;4.28
02/08/2024 15:30:00;96.335;151.86;5.5600000000000005;24.565;4.59
02/08/2024 16:00:00;192.67;145.51;7.58;23.78;4.9
02/08/2024 16:30:00;96.335;97.925;4.355;22.775;4.725
02/08/2024 17:00:00;0.0;50.34;1.13;21.77;4.55
02/08/2024 17:30:00;0.0;33.165000000000006;0.7549999999999999;21.15;4.824999999999999
02/08/2024 18:00:00;0.0;15.99;0.38;20.53;5.1
02/08/2024 18:30:00;0.0;7.995;0.19;20.54;5.31
02/08/2024 19:00:00;0.0;0.0;0.0;20.55;5.52
02/08/2024 19:30:00;0.0;0.0;0.0;20.14;5.654999999999999
02/08/2024 20:00:00;0.0;0.0;0.0;19.73;5.79
02/08/2024 20:30:00;0.0;0.0;0.0;19.235;5.62
02/08/2024 21:00:00;0.0;0.0;0.0;18.74;5.45
02/08/2024 21:30:00;0.0;0.0;0.0;18.39;5.415
02/08/2024 22:00:00;0.0;0.0;0.0;18.04;5.38
02/08/2024 22:30:00;0.0;0.0;0.0;17.83;5.345
02/08/2024 23:00:00;0.0;0.0;0.0;17.62;5.31
02/08/2024 23:30:00;0.0;0.0;0.0;17.555;5.345
03/08/2024 00:00:00;0.0;0.0;0.0;17.49;5.38
03/08/2024 00:30:00;0.0;0.0;0.0;17.415;5.484999999999999
03/08/2024 01:00:00;0.0;0.0;0.0;17.34;5.59
03/08/2024 01:30:00;0.0;0.0;0.0;17.25;5.654999999999999
03/08/2024 02:00:00;0.0;0.0;0.0;17.16;5.72
03/08/2024 02:30:00;0.0;0.0;0.0;16.990000000000002;5.619999999999999
03/08/2024 03:00:00;0.0;0.0;0.0;16.82;5.52
03/08/2024 03:30:00;0.0;0.0;0.0;16.585;5.414999999999999
03/08/2024 04:00:00;0.0;0.0;0.0;16.35;5.31
03/08/2024 04:30:00;0.0;15.99;0.38;16.295;5.24
03/08/2024 05:00:00;0.0;31.98;0.76;16.24;5.17
03/08/2024 05:30:00;26.97;72.22;2.5600000000000005;16.39;4.825
03/08/2024 06:00:00;53.94;112.46;4.36;16.54;4.48
03/08/2024 06:30:00;179.605;107.595;6.67;16.615000000000002;4.550000000000001
03/08/2024 07:00:00;305.27;102.73;8.98;16.69;4.62
03/08/2024 07:30:00;345.32;145.83;10.125;17.09;4.93
03/08/2024 08:00:00;385.37;188.93;11.27;17.49;5.24
03/08/2024 08:30:00;422.815;221.345;12.305;17.905;5.515000000000001
03/08/2024 09:00:00;460.26;253.76;13.34;18.32;5.79
03/08/2024 09:30:00;590.1;222.89999999999998;14.82;18.715;5.825
03/08/2024 10:00:00;719.94;192.04;16.3;19.11;5.86
03/08/2024 10:30:00;674.95;235.65999999999997;16.27;19.365000000000002;5.48
03/08/2024 11:00:00;629.96;279.28;16.24;19.62;5.1
03/08/2024 11:30:00;365.995;335.61;13.245;19.945;4.965
03/08/2024 12:00:00;102.03;391.94;10.25;20.27;4.83
03/08/2024 12:30:00;320.725;335.70500000000004;12.58;20.310000000000002;4.9
03/08/2024 13:00:00;539.42;279.47;14.91;20.35;4.97
03/08/2024 13:30:00;517.4449999999999;251.895;14.18;20.61;5.035
03/08/2024 14:00:00;495.47;224.32;13.45;20.87;5.1
03/08/2024 14:30:00;293.40500000000003;246.07999999999998;10.524999999999999;20.765;4.824999999999999
03/08/2024 15:00:00;91.34;267.84;7.6;20.66;4.55
03/08/2024 15:30:00;61.81;227.35999999999999;6.24;20.515;4.275
03/08/2024 16:00:00;32.28;186.88;4.88;20.37;4.0
03/08/2024 16:30:00;40.025000000000006;143.925;4.5;20.200000000000003;3.69
03/08/2024 17:00:00;47.77;100.97;4.12;20.03;3.38
03/08/2024 17:30:00;23.885;70.68;2.54;19.759999999999998;2.795
03/08/2024 18:00:00;0.0;40.39;0.96;19.49;2.21
03/08/2024 18:30:00;0.0;20.195;0.48;18.784999999999997;1.69
03/08/2024 19:00:00;0.0;0.0;0.0;18.08;1.17
03/08/2024 19:30:00;0.0;0.0;0.0;17.77;1.0
03/08/2024 20:00:00;0.0;0.0;0.0;17.46;0.83
03/08/2024 20:30:00;0.0;0.0;0.0;16.835;0.9299999999999999
03/08/2024 21:00:00;0.0;0.0;0.0;16.21;1.03
03/08/2024 21:30:00;0.0;0.0;0.0;15.760000000000002;1.1
03/08/2024 22:00:00;0.0;0.0;0.0;15.31;1.17
03/08/2024 22:30:00;0.0;0.0;0.0;14.975000000000001;1.205
03/08/2024 23:00:00;0.0;0.0;0.0;14.64;1.24
03/08/2024 23:30:00;0.0;0.0;0.0;14.375;1.38
04/08/2024 00:00:00;0.0;0.0;0.0;14.11;1.52
04/08/2024 00:30:00;0.0;0.0;0.0;14.25;1.62
04/08/2024 01:00:00;0.0;0.0;0.0;14.39;1.72
04/08/2024 01:30:00;0.0;0.0;0.0;14.31;1.69
04/08/2024 02:00:00;0.0;0.0;0.0;14.23;1.66
04/08/2024 02:30:00;0.0;0.0;0.0;14.3;1.52
04/08/2024 03:00:00;0.0;0.0;0.0;14.37;1.38
04/08/2024 03:30:00;0.0;0.0;0.0;14.485;1.24
04/08/2024 04:00:00;0.0;0.0;0.0;14.6;1.1
04/08/2024 04:30:00;0.0;7.575;0.18;14.645;0.9650000000000001
04/08/2024 05:00:00;0.0;15.15;0.36;14.69;0.83
04/08/2024 05:30:00;0.62;53.38999999999999;1.225;14.870000000000001;0.7949999999999999
04/08/2024 06:00:00;1.24;91.63;2.09;15.05;0.76
04/08/2024 06:30:00;10.55;137.195;3.295;14.93;0.7949999999999999
04/08/2024 07:00:00;19.86;182.76;4.5;14.81;0.83
04/08/2024 07:30:00;42.445;225.465;5.805;14.945;0.76
04/08/2024 08:00:00;65.03;268.17;7.11;15.08;0.69
04/08/2024 08:30:00;126.565;300.94;8.76;15.530000000000001;0.86
04/08/2024 09:00:00;188.1;333.71;10.41;15.98;1.03
04/08/2024 09:30:00;216.155;354.40999999999997;11.225;16.445;1.1
04/08/2024 10:00:00;244.21;375.11;12.04;16.91;1.17
04/08/2024 10:30:00;122.105;290.48;8.32;17.23;1.31
04/08/2024 11:00:00;0.0;205.85;4.6;17.55;1.45
04/08/2024 11:30:00;10.925;267.79;6.15;17.975;1.415
04/08/2024 12:00:00;21.85;329.73;7.7;18.4;1.38
04/08/2024 12:30:00;16.585;309.28;7.165;18.455;1.69
04/08/2024 13:00:00;11.32;288.83;6.63;18.51;2.0
04/08/2024 13:30:00;5.66;233.855;5.3149999999999995;18.315;2.55
04/08/2024 14:00:00;0.0;178.88;4.0;18.12;3.1
04/08/2024 14:30:00;0.0;151.465;3.385;17.995;3.55
04/08/2024 15:00:00;0.0;124.05;2.77;17.87;4.0
04/08/2024 15:30:00;4.825;143.60999999999999;3.315;17.725;3.725
04/08/2024 16:00:00;9.65;163.17;3.86;17.58;3.45
04/08/2024 16:30:00;16.415;136.95;3.62;17.45;3.0700000000000003
04/08/2024 17:00:00;23.18;110.73;3.38;17.32;2.69
04/08/2024 17:30:00;11.59;69.67;2.0300000000000002;17.165;2.275
04/08/2024 18:00:00;0.0;28.61;0.68;17.01;1.86
04/08/2024 18:30:00;0.0;14.305;0.34;16.25;1.5150000000000001
04/08/2024 19:00:00;0.0;0.0;0.0;15.49;1.17
04/08/2024 19:30:00;0.0;0.0;0.0;15.254999999999999;1.0699999999999998
04/08/2024 20:00:00;0.0;0.0;0.0;15.02;0.97
04/08/2024 20:30:00;0.0;0.0;0.0;14.74;1.105
04/08/2024 21:00:00;0.0;0.0;0.0;14.46;1.24
04/08/2024 21:30:00;0.0;0.0;0.0;14.155000000000001;1.275
04/08/2024 22:00:00;0.0;0.0;0.0;13.85;1.31
04/08/2024 22:30:00;0.0;0.0;0.0;13.5;1.31
04/08/2024 23:00:00;0.0;0.0;0.0;13.15;1.31
04/08/2024 23:30:00;0.0;0.0;0.0;12.91;1.31
05/08/2024 00:00:00;0.0;0.0;0.0;12.67;1.31
05/08/2024 00:30:00;0.0;0.0;0.0;12.46;1.345
05/08/2024 01:00:00;0.0;0.0;0.0;12.25;1.38
05/08/2024 01:30:00;0.0;0.0;0.0;12.11;1.415
05/08/2024 02:00:00;0.0;0.0;0.0;11.97;1.45
05/08/2024 02:30:00;0.0;0.0;0.0;11.855;1.45
05/08/2024 03:00:00;0.0;0.0;0.0;11.74;1.45
05/08/2024 03:30:00;0.0;0.0;0.0;11.705;1.415
05/08/2024 04:00:00;0.0;0.0;0.0;11.67;1.38
05/08/2024 04:30:00;0.0;23.14;0.555;11.559999999999999;1.31
05/08/2024 05:00:00;0.0;46.28;1.11;11.45;1.24
05/08/2024 05:30:00;25.215;79.175;2.6550000000000002;12.21;1.205
05/08/2024 06:00:00;50.43;112.07;4.2;12.97;1.17
05/08/2024 06:30:00;96.505;148.08499999999998;5.645;13.64;1.24
05/08/2024 07:00:00;142.58;184.1;7.09;14.31;1.31
05/08/2024 07:30:00;262.6;186.325;9.11;15.030000000000001;1.415
05/08/2024 08:00:00;382.62;188.55;11.13;15.75;1.52
05/08/2024 08:30:00;406.635;226.83;12.055;16.285;1.52
05/08/2024 09:00:00;430.65;265.11;12.98;16.82;1.52
05/08/2024 09:30:00;604.565;212.08;14.790000000000001;17.265;1.4849999999999999
05/08/2024 10:00:00;778.48;159.05;16.6;17.71;1.45
05/08/2024 10:30:00;792.3299999999999;170.645;16.950000000000003;18.285;1.4849999999999999
05/08/2024 11:00:00;806.18;182.24;17.3;18.86;1.52
05/08/2024 11:30:00;816.18;175.79000000000002;17.36;19.285;1.76
05/08/2024 12:00:00;826.18;169.34;17.42;19.71;2.0
05/08/2024 12:30:00;779.515;171.88;16.78;19.775;2.31
05/08/2024 13:00:00;732.85;174.42;16.14;19.84;2.62
05/08/2024 13:30:00;663.745;171.485;15.095;20.025;2.725
05/08/2024 14:00:00;594.64;168.55;14.05;20.21;2.83
05/08/2024 14:30:00;500.525;164.495;12.59;20.275;2.83
05/08/2024 15:00:00;406.41;160.44;11.13;20.34;2.83
05/08/2024 15:30:00;215.99;170.36;7.855;20.165;2.865
05/08/2024 16:00:00;25.57;180.28;4.58;19.99;2.9
05/08/2024 16:30:00;12.785;118.455;2.925;19.79;2.865
05/08/2024 17:00:00;0.0;56.63;1.27;19.59;2.83
05/08/2024 17:30:00;0.0;47.67;1.095;19.130000000000003;2.4850000000000003
05/08/2024 18:00:00;0.0;38.71;0.92;18.67;2.14
05/08/2024 18:30:00;0.0;19.355;0.46;18.305;2.52
05/08/2024 19:00:00;0.0;0.0;0.0;17.94;2.9
05/08/2024 19:30:00;0.0;0.0;0.0;17.34;2.83
05/08/2024 20:00:00;0.0;0.0;0.0;16.74;2.76
05/08/2024 20:30:00;0.0;0.0;0.0;16.355;2.76
05/08/2024 21:00:00;0.0;0.0;0.0;15.97;2.76
05/08/2024 21:30:00;0.0;0.0;0.0;15.690000000000001;2.865
05/08/2024 22:00:00;0.0;0.0;0.0;15.41;2.97
05/08/2024 22:30:00;0.0;0.0;0.0;15.305;3.035
05/08/2024 23:00:00;0.0;0.0;0.0;15.2;3.1
05/08/2024 23:30:00;0.0;0.0;0.0;15.219999999999999;3.24
06/08/2024 00:00:00;0.0;0.0;0.0;15.24;3.38
06/08/2024 00:30:00;0.0;0.0;0.0;15.100000000000001;3.6550000000000002
06/08/2024 01:00:00;0.0;0.0;0.0;14.96;3.93
06/08/2024 01:30:00;0.0;0.0;0.0;14.725000000000001;4.135
06/08/2024 02:00:00;0.0;0.0;0.0;14.49;4.34
06/08/2024 02:30:00;0.0;0.0;0.0;14.185;4.41
06/08/2024 03:00:00;0.0;0.0;0.0;13.88;4.48
06/08/2024 03:30:00;0.0;0.0;0.0;13.63;4.550000000000001
06/08/2024 04:00:00;0.0;0.0;0.0;13.38;4.62
06/08/2024 04:30:00;0.0;22.72;0.545;13.185;4.825
06/08/2024 05:00:00;0.0;45.44;1.09;12.99;5.03
06/08/2024 05:30:00;0.0;59.574999999999996;1.37;12.79;5.205
06/08/2024 06:00:00;0.0;73.71;1.65;12.59;5.38
06/08/2024 06:30:00;34.26;137.13;3.77;12.445;5.3100000000000005
06/08/2024 07:00:00;68.52;200.55;5.89;12.3;5.24
06/08/2024 07:30:00;36.864999999999995;201.16500000000002;5.244999999999999;12.265;5.345000000000001
06/08/2024 08:00:00;5.21;201.78;4.6;12.23;5.45
06/08/2024 08:30:00;33.089999999999996;260.97;6.35;12.285;5.484999999999999
06/08/2024 09:00:00;60.97;320.16;8.1;12.34;5.52
06/08/2024 09:30:00;86.535;348.185;9.075;12.219999999999999;5.414999999999999
06/08/2024 10:00:00;112.1;376.21;10.05;12.1;5.31
06/08/2024 10:30:00;171.935;390.41499999999996;11.215;12.41;4.859999999999999
06/08/2024 11:00:00;231.77;404.62;12.38;12.72;4.41
06/08/2024 11:30:00;319.07;386.295;13.325;12.93;4.345000000000001
06/08/2024 12:00:00;406.37;367.97;14.27;13.14;4.28
06/08/2024 12:30:00;560.065;279.365;15.165;13.805;4.380000000000001
06/08/2024 13:00:00;713.76;190.76;16.06;14.47;4.48
06/08/2024 13:30:00;384.965;251.51999999999998;11.959999999999999;15.215;4.655
06/08/2024 14:00:00;56.17;312.28;7.86;15.96;4.83
06/08/2024 14:30:00;60.99;286.67499999999995;7.415;16.37;4.93
06/08/2024 15:00:00;65.81;261.07;6.97;16.78;5.03
06/08/2024 15:30:00;119.325;209.20999999999998;7.125;16.44;5.205
06/08/2024 16:00:00;172.84;157.35;7.28;16.1;5.38
06/08/2024 16:30:00;122.68;118.15;5.9;15.8;5.0
06/08/2024 17:00:00;72.52;78.95;4.52;15.5;4.62
06/08/2024 17:30:00;36.26;57.57;2.6899999999999995;15.26;4.275
06/08/2024 18:00:00;0.0;36.19;0.86;15.02;3.93
06/08/2024 18:30:00;0.0;18.095;0.43;14.219999999999999;3.62
06/08/2024 19:00:00;0.0;0.0;0.0;13.42;3.31
06/08/2024 19:30:00;0.0;0.0;0.0;13.235;3.105
06/08/2024 20:00:00;0.0;0.0;0.0;13.05;2.9
06/08/2024 20:30:00;0.0;0.0;0.0;12.850000000000001;2.83
06/08/2024 21:00:00;0.0;0.0;0.0;12.65;2.76
06/08/2024 21:30:00;0.0;0.0;0.0;12.485;2.76
06/08/2024 22:00:00;0.0;0.0;0.0;12.32;2.76
06/08/2024 22:30:00;0.0;0.0;0.0;12.295;2.795
06/08/2024 23:00:00;0.0;0.0;0.0;12.27;2.83
06/08/2024 23:30:00;0.0;0.0;0.0;12.11;2.76
07/08/2024 00:00:00;0.0;0.0;0.0;11.95;2.69
07/08/2024 00:30:00;0.0;0.0;0.0;11.82;2.6550000000000002
07/08/2024 01:00:00;0.0;0.0;0.0;11.69;2.62
07/08/2024 01:30:00;0.0;0.0;0.0;11.565;2.515
07/08/2024 02:00:00;0.0;0.0;0.0;11.44;2.41
07/08/2024 02:30:00;0.0;0.0;0.0;11.149999999999999;2.31
07/08/2024 03:00:00;0.0;0.0;0.0;10.86;2.21
07/08/2024 03:30:00;0.0;0.0;0.0;10.82;2.1399999999999997
07/08/2024 04:00:00;0.0;0.0;0.0;10.78;2.07
07/08/2024 04:30:00;0.0;9.255;0.22;10.719999999999999;2.035
07/08/2024 05:00:00;0.0;18.51;0.44;10.66;2.0
07/08/2024 05:30:00;0.635;52.83;1.215;10.935;2.035
07/08/2024 06:00:00;1.27;87.15;1.99;11.21;2.07
07/08/2024 06:30:00;28.209999999999997;143.01;3.7800000000000002;11.7;2.83
07/08/2024 07:00:00;55.15;198.87;5.57;12.19;3.59
07/08/2024 07:30:00;61.06999999999999;234.7;6.37;12.57;3.38
07/08/2024 08:00:00;66.99;270.53;7.17;12.95;3.17
07/08/2024 08:30:00;101.945;304.68499999999995;8.42;13.5;3.135
07/08/2024 09:00:00;136.9;338.84;9.67;14.05;3.1
07/08/2024 09:30:00;68.45;257.515;6.805;14.705;3.065
07/08/2024 10:00:00;0.0;176.19;3.94;15.36;3.03
07/08/2024 10:30:00;143.61;287.66999999999996;8.5;15.834999999999999;3.205
07/08/2024 11:00:00;287.22;399.15;13.06;16.31;3.38
07/08/2024 11:30:00;216.8;400.66999999999996;12.065000000000001;16.71;3.52
07/08/2024 12:00:00;146.38;402.19;11.07;17.11;3.66
07/08/2024 12:30:00;269.43;371.74;12.33;17.17;3.59
07/08/2024 13:00:00;392.48;341.29;13.59;17.23;3.52
07/08/2024 13:30:00;196.24;222.33;7.95;17.490000000000002;3.5549999999999997
07/08/2024 14:00:00;0.0;103.37;2.31;17.75;3.59
07/08/2024 14:30:00;97.1;178.43;5.674999999999999;17.9;3.45
07/08/2024 15:00:00;194.2;253.49;9.04;18.05;3.31
07/08/2024 15:30:00;192.01999999999998;201.085;8.24;18.125;3.205
07/08/2024 16:00:00;189.84;148.68;7.44;18.2;3.1
07/08/2024 16:30:00;97.44500000000001;122.655;4.8950000000000005;18.13;2.895
07/08/2024 17:00:00;5.05;96.63;2.35;18.06;2.69
07/08/2024 17:30:00;2.525;63.04;1.525;17.625;2.24
07/08/2024 18:00:00;0.0;29.45;0.7;17.19;1.79
07/08/2024 18:30:00;0.0;14.725;0.35;16.305;1.5150000000000001
07/08/2024 19:00:00;0.0;0.0;0.0;15.42;1.24
07/08/2024 19:30:00;0.0;0.0;0.0;14.515;1.31
07/08/2024 20:00:00;0.0;0.0;0.0;13.61;1.38
07/08/2024 20:30:00;0.0;0.0;0.0;13.075;1.415
07/08/2024 21:00:00;0.0;0.0;0.0;12.54;1.45
07/08/2024 21:30:00;0.0;0.0;0.0;12.204999999999998;1.415
07/08/2024 22:00:00;0.0;0.0;0.0;11.87;1.38
07/08/2024 22:30:00;0.0;0.0;0.0;11.71;1.38
07/08/2024 23:00:00;0.0;0.0;0.0;11.55;1.38
07/08/2024 23:30:00;0.0;0.0;0.0;11.325;1.38
08/08/2024 00:00:00;0.0;0.0;0.0;11.1;1.38
08/08/2024 00:30:00;0.0;0.0;0.0;11.19;1.275
08/08/2024 01:00:00;0.0;0.0;0.0;11.28;1.17
08/08/2024 01:30:00;0.0;0.0;0.0;11.265;1.1
08/08/2024 02:00:00;0.0;0.0;0.0;11.25;1.03
08/08/2024 02:30:00;0.0;0.0;0.0;11.125;1.03
08/08/2024 03:00:00;0.0;0.0;0.0;11.0;1.03
08/08/2024 03:30:00;0.0;0.0;0.0;10.735;1.065
08/08/2024 04:00:00;0.0;0.0;0.0;10.47;1.1
08/08/2024 04:30:00;0.0;14.305;0.34;10.33;1.1
08/08/2024 05:00:00;0.0;28.61;0.68;10.19;1.1
08/08/2024 05:30:00;12.46;72.56;2.05;11.05;1.0
08/08/2024 06:00:00;24.92;116.51;3.42;11.91;0.9
08/08/2024 06:30:00;82.29499999999999;150.16;5.1850000000000005;13.379999999999999;1.105
08/08/2024 07:00:00;139.67;183.81;6.95;14.85;1.31
08/08/2024 07:30:00;323.32500000000005;153.975;9.505;15.5;1.4500000000000002
08/08/2024 08:00:00;506.98;124.14;12.06;16.15;1.59
08/08/2024 08:30:00;452.425;201.8;12.33;16.705;1.76
08/08/2024 09:00:00;397.87;279.46;12.6;17.26;1.93
08/08/2024 09:30:00;573.98;228.32999999999998;14.440000000000001;17.740000000000002;2.07
08/08/2024 10:00:00;750.09;177.2;16.28;18.22;2.21
08/08/2024 10:30:00;736.205;204.95;16.47;18.689999999999998;2.275
08/08/2024 11:00:00;722.32;232.7;16.66;19.16;2.34
08/08/2024 11:30:00;594.3100000000001;289.2;15.675;19.545;2.41
08/08/2024 12:00:00;466.3;345.7;14.69;19.93;2.48
08/08/2024 12:30:00;612.705;254.875;15.465;20.225;2.5149999999999997
08/08/2024 13:00:00;759.11;164.05;16.24;20.52;2.55
08/08/2024 13:30:00;698.155;156.09;15.254999999999999;20.615000000000002;2.55
08/08/2024 14:00:00;637.2;148.13;14.27;20.71;2.55
08/08/2024 14:30:00;551.575;138.07;12.885;20.785;2.62
08/08/2024 15:00:00;465.95;128.01;11.5;20.86;2.69
08/08/2024 15:30:00;339.635;130.7;9.55;20.915;2.6550000000000002
08/08/2024 16:00:00;213.32;133.39;7.6;20.97;2.62
08/08/2024 16:30:00;152.34;97.05;6.18;20.795;2.38
08/08/2024 17:00:00;91.36;60.71;4.76;20.62;2.14
08/08/2024 17:30:00;45.68;46.765;2.77;20.134999999999998;1.76
08/08/2024 18:00:00;0.0;32.82;0.78;19.65;1.38
08/08/2024 18:30:00;0.0;16.41;0.39;18.895;1.31
08/08/2024 19:00:00;0.0;0.0;0.0;18.14;1.24
08/08/2024 19:30:00;0.0;0.0;0.0;17.415;1.345
08/08/2024 20:00:00;0.0;0.0;0.0;16.69;1.45
08/08/2024 20:30:00;0.0;0.0;0.0;16.165;1.45
08/08/2024 21:00:00;0.0;0.0;0.0;15.64;1.45
08/08/2024 21:30:00;0.0;0.0;0.0;15.445;1.38
08/08/2024 22:00:00;0.0;0.0;0.0;15.25;1.31
08/08/2024 22:30:00;0.0;0.0;0.0;15.11;1.31
08/08/2024 23:00:00;0.0;0.0;0.0;14.97;1.31
08/08/2024 23:30:00;0.0;0.0;0.0;14.96;1.17
09/08/2024 00:00:00;0.0;0.0;0.0;14.95;1.03
09/08/2024 00:30:00;0.0;0.0;0.0;14.86;1.03
09/08/2024 01:00:00;0.0;0.0;0.0;14.77;1.03
09/08/2024 01:30:00;0.0;0.0;0.0;14.469999999999999;1.1
09/08/2024 02:00:00;0.0;0.0;0.0;14.17;1.17
09/08/2024 02:30:00;0.0;0.0;0.0;13.76;1.345
09/08/2024 03:00:00;0.0;0.0;0.0;13.35;1.52
09/08/2024 03:30:00;0.0;0.0;0.0;13.215;1.5550000000000002
09/08/2024 04:00:00;0.0;0.0;0.0;13.08;1.59
09/08/2024 04:30:00;0.0;7.995;0.19;13.065000000000001;1.59
09/08/2024 05:00:00;0.0;15.99;0.38;13.05;1.59
09/08/2024 05:30:00;0.0;43.949999999999996;0.995;13.88;1.52
09/08/2024 06:00:00;0.0;71.91;1.61;14.71;1.45
09/08/2024 06:30:00;1.86;107.97;2.455;15.675;1.4849999999999999
09/08/2024 07:00:00;3.72;144.03;3.3;16.64;1.52
09/08/2024 07:30:00;1.86;154.265;3.49;16.85;1.52
09/08/2024 08:00:00;0.0;164.5;3.68;17.06;1.52
09/08/2024 08:30:00;45.455;244.305;6.15;17.7;1.62
09/08/2024 09:00:00;90.91;324.11;8.62;18.34;1.72
09/08/2024 09:30:00;118.315;348.84000000000003;9.535;18.77;1.895
09/08/2024 10:00:00;145.72;373.57;10.45;19.2;2.07
09/08/2024 10:30:00;120.875;378.025;10.18;19.869999999999997;2.485
09/08/2024 11:00:00;96.03;382.48;9.91;20.54;2.9
09/08/2024 11:30:00;325.28;342.635;12.56;20.799999999999997;3.035
09/08/2024 12:00:00;554.53;302.79;15.21;21.06;3.17
09/08/2024 12:30:00;344.12;335.09000000000003;12.68;21.125;3.205
09/08/2024 13:00:00;133.71;367.39;10.15;21.19;3.24
09/08/2024 13:30:00;76.33000000000001;318.2;8.23;21.355;3.415
09/08/2024 14:00:00;18.95;269.01;6.31;21.52;3.59
09/08/2024 14:30:00;15.21;238.82999999999998;5.585;21.57;3.52
09/08/2024 15:00:00;11.47;208.65;4.86;21.62;3.45
09/08/2024 15:30:00;8.440000000000001;177.72500000000002;4.13;21.35;3.31
09/08/2024 16:00:00;5.41;146.8;3.4;21.08;3.17
09/08/2024 16:30:00;10.36;124.81;3.135;20.77;2.79
09/08/2024 17:00:00;15.31;102.82;2.87;20.46;2.41
09/08/2024 17:30:00;7.655;67.4;1.815;20.075000000000003;2.0
09/08/2024 18:00:00;0.0;31.98;0.76;19.69;1.59
09/08/2024 18:30:00;0.0;15.99;0.38;19.310000000000002;1.31
09/08/2024 19:00:00;0.0;0.0;0.0;18.93;1.03
09/08/2024 19:30:00;0.0;0.0;0.0;18.935000000000002;0.825
09/08/2024 20:00:00;0.0;0.0;0.0;18.94;0.62
09/08/2024 20:30:00;0.0;0.0;0.0;18.315;0.76
09/08/2024 21:00:00;0.0;0.0;0.0;17.69;0.9
09/08/2024 21:30:00;0.0;0.0;0.0;17.259999999999998;0.935
09/08/2024 22:00:00;0.0;0.0;0.0;16.83;0.97
09/08/2024 22:30:00;0.0;0.0;0.0;16.695;0.8999999999999999
09/08/2024 23:00:00;0.0;0.0;0.0;16.56;0.83
09/08/2024 23:30:00;0.0;0.0;0.0;16.375;0.725
10/08/2024 00:00:00;0.0;0.0;0.0;16.19;0.62
10/08/2024 00:30:00;0.0;0.0;0.0;16.07;0.655
10/08/2024 01:00:00;0.0;0.0;0.0;15.95;0.69
10/08/2024 01:30:00;0.0;0.0;0.0;15.665;0.83
10/08/2024 02:00:00;0.0;0.0;0.0;15.38;0.97
10/08/2024 02:30:00;0.0;0.0;0.0;14.98;1.0
10/08/2024 03:00:00;0.0;0.0;0.0;14.58;1.03
10/08/2024 03:30:00;0.0;0.0;0.0;14.41;1.0
10/08/2024 04:00:00;0.0;0.0;0.0;14.24;0.97
10/08/2024 04:30:00;0.0;20.195;0.48;14.205;0.865
10/08/2024 05:00:00;0.0;40.39;0.96;14.17;0.76
10/08/2024 05:30:00;53.06;55.135;2.94;14.8;0.585
10/08/2024 06:00:00;106.12;69.88;4.92;15.43;0.41
10/08/2024 06:30:00;200.18;86.865;6.68;16.865000000000002;0.44499999999999995
10/08/2024 07:00:00;294.24;103.85;8.44;18.3;0.48
10/08/2024 07:30:00;406.89;108.655;10.21;19.085;0.69
10/08/2024 08:00:00;519.54;113.46;11.98;19.87;0.9
10/08/2024 08:30:00;591.135;128.27;13.205;20.62;1.07
10/08/2024 09:00:00;662.73;143.08;14.43;21.37;1.24
10/08/2024 09:30:00;742.35;139.5;15.535;22.0;1.275
10/08/2024 10:00:00;821.97;135.92;16.64;22.63;1.31
10/08/2024 10:30:00;827.0450000000001;150.8;16.9;23.205;1.275
10/08/2024 11:00:00;832.12;165.68;17.16;23.78;1.24
10/08/2024 11:30:00;841.085;160.23000000000002;17.22;24.28;1.24
10/08/2024 12:00:00;850.05;154.78;17.28;24.78;1.24
10/08/2024 12:30:00;807.42;154.82999999999998;16.67;25.175;1.275
10/08/2024 13:00:00;764.79;154.88;16.06;25.57;1.31
10/08/2024 13:30:00;623.595;189.16;14.48;25.814999999999998;1.345
10/08/2024 14:00:00;482.4;223.44;12.9;26.06;1.38
10/08/2024 14:30:00;336.015;234.37;10.81;26.13;1.45
10/08/2024 15:00:00;189.63;245.3;8.72;26.2;1.52
10/08/2024 15:30:00;141.06;211.29000000000002;7.305;26.064999999999998;1.52
10/08/2024 16:00:00;92.49;177.28;5.89;25.93;1.52
10/08/2024 16:30:00;58.504999999999995;139.17000000000002;4.535;25.6;1.5899999999999999
10/08/2024 17:00:00;24.52;101.06;3.18;25.27;1.66
10/08/2024 17:30:00;12.26;66.1;1.96;24.545;1.69
10/08/2024 18:00:00;0.0;31.14;0.74;23.82;1.72
10/08/2024 18:30:00;0.0;15.57;0.37;22.995;1.79
10/08/2024 19:00:00;0.0;0.0;0.0;22.17;1.86
10/08/2024 19:30:00;0.0;0.0;0.0;21.05;1.8250000000000002
10/08/2024 20:00:00;0.0;0.0;0.0;19.93;1.79
10/08/2024 20:30:00;0.0;0.0;0.0;19.119999999999997;1.69
10/08/2024 21:00:00;0.0;0.0;0.0;18.31;1.59
10/08/2024 21:30:00;0.0;0.0;0.0;18.240000000000002;1.38
10/08/2024 22:00:00;0.0;0.0;0.0;18.17;1.17
10/08/2024 22:30:00;0.0;0.0;0.0;18.535;1.0
10/08/2024 23:00:00;0.0;0.0;0.0;18.9;0.83
10/08/2024 23:30:00;0.0;0.0;0.0;18.66;0.76
11/08/2024 00:00:00;0.0;0.0;0.0;18.42;0.69
11/08/2024 00:30:00;0.0;0.0;0.0;18.165;0.69
11/08/2024 01:00:00;0.0;0.0;0.0;17.91;0.69
11/08/2024 01:30:00;0.0;0.0;0.0;17.634999999999998;0.655
11/08/2024 02:00:00;0.0;0.0;0.0;17.36;0.62
11/08/2024 02:30:00;0.0;0.0;0.0;17.11;0.515
11/08/2024 03:00:00;0.0;0.0;0.0;16.86;0.41
11/08/2024 03:30:00;0.0;0.0;0.0;16.67;0.41
11/08/2024 04:00:00;0.0;0.0;0.0;16.48;0.41
11/08/2024 04:30:00;0.0;19.355;0.46;16.435000000000002;0.44499999999999995
11/08/2024 05:00:00;0.0;38.71;0.92;16.39;0.48
11/08/2024 05:30:00;52.275;54.875;2.89;17.05;0.345
11/08/2024 06:00:00;104.55;71.04;4.86;17.71;0.21
11/08/2024 06:30:00;199.92000000000002;87.13;6.630000000000001;19.195;0.31
11/08/2024 07:00:00;295.29;103.22;8.4;20.68;0.41
11/08/2024 07:30:00;392.21000000000004;116.14;10.030000000000001;21.835;0.41
11/08/2024 08:00:00;489.13;129.06;11.66;22.99;0.41
11/08/2024 08:30:00;572.28;138.365;12.995000000000001;23.875;0.375
11/08/2024 09:00:00;655.43;147.67;14.33;24.76;0.34
11/08/2024 09:30:00;729.2249999999999;146.865;15.385000000000002;25.465000000000003;0.34
11/08/2024 10:00:00;803.02;146.06;16.44;26.17;0.34
11/08/2024 10:30:00;813.21;158.21;16.740000000000002;26.71;0.41000000000000003
11/08/2024 11:00:00;823.4;170.36;17.04;27.25;0.48
11/08/2024 11:30:00;825.915;168.16500000000002;17.049999999999997;27.695;0.515
11/08/2024 12:00:00;828.43;165.97;17.06;28.14;0.55
11/08/2024 12:30:00;796.915;161.18;16.549999999999997;28.445;0.585
11/08/2024 13:00:00;765.4;156.39;16.04;28.75;0.62
11/08/2024 13:30:00;702.47;149.01999999999998;15.035;28.955;0.655
11/08/2024 14:00:00;639.54;141.65;14.03;29.16;0.69
11/08/2024 14:30:00;555.605;131.235;12.675;29.21;0.585
11/08/2024 15:00:00;471.67;120.82;11.32;29.26;0.48
11/08/2024 15:30:00;360.81;113.485;9.52;29.195;0.38
11/08/2024 16:00:00;249.95;106.15;7.72;29.13;0.28
11/08/2024 16:30:00;162.82;86.265;5.99;28.939999999999998;0.31000000000000005
11/08/2024 17:00:00;75.69;66.38;4.26;28.75;0.34
11/08/2024 17:30:00;37.845;47.495;2.4699999999999998;28.07;0.55
11/08/2024 18:00:00;0.0;28.61;0.68;27.39;0.76
11/08/2024 18:30:00;0.0;14.305;0.34;27.045;0.895
11/08/2024 19:00:00;0.0;0.0;0.0;26.7;1.03
11/08/2024 19:30:00;0.0;0.0;0.0;25.990000000000002;1.065
11/08/2024 20:00:00;0.0;0.0;0.0;25.28;1.1
11/08/2024 20:30:00;0.0;0.0;0.0;25.215;0.9650000000000001
11/08/2024 21:00:00;0.0;0.0;0.0;25.15;0.83
11/08/2024 21:30:00;0.0;0.0;0.0;24.505;0.62
11/08/2024 22:00:00;0.0;0.0;0.0;23.86;0.41
11/08/2024 22:30:00;0.0;0.0;0.0;23.259999999999998;0.375
11/08/2024 23:00:00;0.0;0.0;0.0;22.66;0.34
11/08/2024 23:30:00;0.0;0.0;0.0;22.1;0.44500000000000006
12/08/2024 00:00:00;0.0;0.0;0.0;21.54;0.55
12/08/2024 00:30:00;0.0;0.0;0.0;21.025;0.62
12/08/2024 01:00:00;0.0;0.0;0.0;20.51;0.69
12/08/2024 01:30:00;0.0;0.0;0.0;20.14;0.655
12/08/2024 02:00:00;0.0;0.0;0.0;19.77;0.62
12/08/2024 02:30:00;0.0;0.0;0.0;19.674999999999997;0.62
12/08/2024 03:00:00;0.0;0.0;0.0;19.58;0.62
12/08/2024 03:30:00;0.0;0.0;0.0;19.46;0.69
12/08/2024 04:00:00;0.0;0.0;0.0;19.34;0.76
12/08/2024 04:30:00;0.0;18.515;0.44;19.064999999999998;0.76
12/08/2024 05:00:00;0.0;37.03;0.88;18.79;0.76
12/08/2024 05:30:00;49.825;54.265;2.78;19.14;0.76
12/08/2024 06:00:00;99.65;71.5;4.68;19.49;0.76
12/08/2024 06:30:00;49.825;51.93;2.6999999999999997;21.229999999999997;1.0
12/08/2024 07:00:00;0.0;32.36;0.72;22.97;1.24
12/08/2024 07:30:00;5.905;121.44500000000001;2.8100000000000005;23.335;1.48
12/08/2024 08:00:00;11.81;210.53;4.9;23.7;1.72
12/08/2024 08:30:00;83.79;267.325;7.235;24.27;1.8599999999999999
12/08/2024 09:00:00;155.77;324.12;9.57;24.84;2.0
12/08/2024 09:30:00;105.385;330.08000000000004;8.935;25.560000000000002;2.0
12/08/2024 10:00:00;55.0;336.04;8.3;26.28;2.0
12/08/2024 10:30:00;330.625;305.18;11.825;27.060000000000002;2.31
12/08/2024 11:00:00;606.25;274.32;15.35;27.84;2.62
12/08/2024 11:30:00;397.15999999999997;331.095;13.32;28.18;2.8600000000000003
12/08/2024 12:00:00;188.07;387.87;11.29;28.52;3.1
12/08/2024 12:30:00;112.11;352.565;9.455;27.145;3.4450000000000003
12/08/2024 13:00:00;36.15;317.26;7.62;25.77;3.79
12/08/2024 13:30:00;212.79500000000002;287.115;9.77;25.595;3.17
12/08/2024 14:00:00;389.44;256.97;11.92;25.42;2.55
12/08/2024 14:30:00;328.03999999999996;235.365;10.645;25.505000000000003;2.69
12/08/2024 15:00:00;266.64;213.76;9.37;25.59;2.83
12/08/2024 15:30:00;265.485;154.865;8.575;25.240000000000002;2.725
12/08/2024 16:00:00;264.33;95.97;7.78;24.89;2.62
12/08/2024 16:30:00;168.20999999999998;81.35;5.95;24.61;2.24
12/08/2024 17:00:00;72.09;66.73;4.12;24.33;1.86
12/08/2024 17:30:00;36.045;47.25;2.39;24.1;1.655
12/08/2024 18:00:00;0.0;27.77;0.66;23.87;1.45
12/08/2024 18:30:00;0.0;13.885;0.33;23.44;1.24
12/08/2024 19:00:00;0.0;0.0;0.0;23.01;1.03
12/08/2024 19:30:00;0.0;0.0;0.0;22.345;1.135
12/08/2024 20:00:00;0.0;0.0;0.0;21.68;1.24
12/08/2024 20:30:00;0.0;0.0;0.0;21.47;1.135
12/08/2024 21:00:00;0.0;0.0;0.0;21.26;1.03
12/08/2024 21:30:00;0.0;0.0;0.0;21.0;1.0
12/08/2024 22:00:00;0.0;0.0;0.0;20.74;0.97
12/08/2024 22:30:00;0.0;0.0;0.0;20.47;0.97
12/08/2024 23:00:00;0.0;0.0;0.0;20.2;0.97
12/08/2024 23:30:00;0.0;0.0;0.0;20.049999999999997;0.935
13/08/2024 00:00:00;0.0;0.0;0.0;19.9;0.9
13/08/2024 00:30:00;0.0;0.0;0.0;20.005;0.7250000000000001
13/08/2024 01:00:00;0.0;0.0;0.0;20.11;0.55
13/08/2024 01:30:00;0.0;0.0;0.0;20.0;0.515
13/08/2024 02:00:00;0.0;0.0;0.0;19.89;0.48
13/08/2024 02:30:00;0.0;0.0;0.0;19.775;0.515
13/08/2024 03:00:00;0.0;0.0;0.0;19.66;0.55
13/08/2024 03:30:00;0.0;0.0;0.0;19.57;0.515
13/08/2024 04:00:00;0.0;0.0;0.0;19.48;0.48
13/08/2024 04:30:00;0.0;16.41;0.39;19.435000000000002;0.48
13/08/2024 05:00:00;0.0;32.82;0.78;19.39;0.48
13/08/2024 05:30:00;25.85;66.38999999999999;2.3;19.72;0.345
13/08/2024 06:00:00;51.7;99.96;3.82;20.05;0.21
13/08/2024 06:30:00;87.56;138.305;5.085;20.875;0.44999999999999996
13/08/2024 07:00:00;123.42;176.65;6.35;21.7;0.69
13/08/2024 07:30:00;179.37;207.10000000000002;7.7749999999999995;22.384999999999998;0.76
13/08/2024 08:00:00;235.32;237.55;9.2;23.07;0.83
13/08/2024 08:30:00;345.52;238.24;10.879999999999999;23.695;0.7949999999999999
13/08/2024 09:00:00;455.72;238.93;12.56;24.32;0.76
13/08/2024 09:30:00;402.32000000000005;289.025;12.61;24.685000000000002;0.7949999999999999
13/08/2024 10:00:00;348.92;339.12;12.66;25.05;0.83
13/08/2024 10:30:00;546.485;270.18;14.42;25.595;0.9650000000000001
13/08/2024 11:00:00;744.05;201.24;16.18;26.14;1.1
13/08/2024 11:30:00;748.4;197.495;16.189999999999998;26.564999999999998;1.3450000000000002
13/08/2024 12:00:00;752.75;193.75;16.2;26.99;1.59
13/08/2024 12:30:00;718.78;189.85500000000002;15.655;27.225;1.59
13/08/2024 13:00:00;684.81;185.96;15.11;27.46;1.59
13/08/2024 13:30:00;416.66499999999996;249.565;12.165;27.42;1.59
13/08/2024 14:00:00;148.52;313.17;9.22;27.38;1.59
13/08/2024 14:30:00;74.26;224.45;6.125;27.29;1.4849999999999999
13/08/2024 15:00:00;0.0;135.73;3.03;27.2;1.38
13/08/2024 15:30:00;44.33;152.96499999999997;4.32;26.564999999999998;1.45
13/08/2024 16:00:00;88.66;170.2;5.61;25.93;1.52
13/08/2024 16:30:00;77.395;119.16499999999999;4.765000000000001;25.14;1.38
13/08/2024 17:00:00;66.13;68.13;3.92;24.35;1.24
13/08/2024 17:30:00;33.065;47.11;2.27;23.92;1.17
13/08/2024 18:00:00;0.0;26.09;0.62;23.49;1.1
13/08/2024 18:30:00;0.0;13.045;0.31;23.35;1.1
13/08/2024 19:00:00;0.0;0.0;0.0;23.21;1.1
13/08/2024 19:30:00;0.0;0.0;0.0;23.52;0.895
13/08/2024 20:00:00;0.0;0.0;0.0;23.83;0.69
13/08/2024 20:30:00;0.0;0.0;0.0;22.72;0.9299999999999999
13/08/2024 21:00:00;0.0;0.0;0.0;21.61;1.17
13/08/2024 21:30:00;0.0;0.0;0.0;21.53;1.1
13/08/2024 22:00:00;0.0;0.0;0.0;21.45;1.03
13/08/2024 22:30:00;0.0;0.0;0.0;21.77;0.72
13/08/2024 23:00:00;0.0;0.0;0.0;22.09;0.41
13/08/2024 23:30:00;0.0;0.0;0.0;21.744999999999997;0.515
14/08/2024 00:00:00;0.0;0.0;0.0;21.4;0.62
14/08/2024 00:30:00;0.0;0.0;0.0;20.66;0.76
14/08/2024 01:00:00;0.0;0.0;0.0;19.92;0.9
14/08/2024 01:30:00;0.0;0.0;0.0;20.01;0.7949999999999999
14/08/2024 02:00:00;0.0;0.0;0.0;20.1;0.69
14/08/2024 02:30:00;0.0;0.0;0.0;20.065;0.655
14/08/2024 03:00:00;0.0;0.0;0.0;20.03;0.62
14/08/2024 03:30:00;0.0;0.0;0.0;19.79;0.725
14/08/2024 04:00:00;0.0;0.0;0.0;19.55;0.83
14/08/2024 04:30:00;0.0;16.83;0.4;19.705;0.62
14/08/2024 05:00:00;0.0;33.66;0.8;19.86;0.41
14/08/2024 05:30:00;20.03;68.41499999999999;2.16;20.240000000000002;0.24
14/08/2024 06:00:00;40.06;103.17;3.52;20.62;0.07
14/08/2024 06:30:00;128.925;120.88499999999999;5.46;21.435000000000002;0.20500000000000002
14/08/2024 07:00:00;217.79;138.6;7.4;22.25;0.34
14/08/2024 07:30:00;201.14999999999998;194.745;8.0;23.23;0.48
14/08/2024 08:00:00;184.51;250.89;8.6;24.21;0.62
14/08/2024 08:30:00;199.535;283.53999999999996;9.425;25.05;0.76
14/08/2024 09:00:00;214.56;316.19;10.25;25.89;0.9
14/08/2024 09:30:00;212.26999999999998;340.04499999999996;10.67;26.880000000000003;1.14
14/08/2024 10:00:00;209.98;363.9;11.09;27.87;1.38
14/08/2024 10:30:00;236.83499999999998;372.78499999999997;11.645;28.43;1.8299999999999998
14/08/2024 11:00:00;263.69;381.67;12.2;28.99;2.28
14/08/2024 11:30:00;172.965;373.07500000000005;10.745;28.715;2.245
14/08/2024 12:00:00;82.24;364.48;9.29;28.44;2.21
14/08/2024 12:30:00;173.935;357.46500000000003;10.465;28.39;1.69
14/08/2024 13:00:00;265.63;350.45;11.64;28.34;1.17
14/08/2024 13:30:00;244.415;327.595;10.905000000000001;28.615000000000002;1.0
14/08/2024 14:00:00;223.2;304.74;10.17;28.89;0.83
14/08/2024 14:30:00;267.67499999999995;248.04000000000002;9.91;28.98;0.7949999999999999
14/08/2024 15:00:00;312.15;191.34;9.65;29.07;0.76
14/08/2024 15:30:00;263.42499999999995;154.665;8.370000000000001;28.98;0.965
14/08/2024 16:00:00;214.7;117.99;7.09;28.89;1.17
14/08/2024 16:30:00;128.065;101.395;5.245;28.645;1.48
14/08/2024 17:00:00;41.43;84.8;3.4;28.4;1.79
14/08/2024 17:30:00;20.715;47.87;1.83;27.814999999999998;1.55
14/08/2024 18:00:00;0.0;10.94;0.26;27.23;1.31
14/08/2024 18:30:00;0.0;5.47;0.13;27.35;0.8250000000000001
14/08/2024 19:00:00;0.0;0.0;0.0;27.47;0.34
14/08/2024 19:30:00;0.0;0.0;0.0;26.71;0.6200000000000001
14/08/2024 20:00:00;0.0;0.0;0.0;25.95;0.9
14/08/2024 20:30:00;0.0;0.0;0.0;25.0;1.0
14/08/2024 21:00:00;0.0;0.0;0.0;24.05;1.1
14/08/2024 21:30:00;0.0;0.0;0.0;23.645;1.1
14/08/2024 22:00:00;0.0;0.0;0.0;23.24;1.1
14/08/2024 22:30:00;0.0;0.0;0.0;22.994999999999997;1.0350000000000001
14/08/2024 23:00:00;0.0;0.0;0.0;22.75;0.97
14/08/2024 23:30:00;0.0;0.0;0.0;22.3;1.0
15/08/2024 00:00:00;0.0;0.0;0.0;21.85;1.03
15/08/2024 00:30:00;0.0;0.0;0.0;21.065;1.135
15/08/2024 01:00:00;0.0;0.0;0.0;20.28;1.24
15/08/2024 01:30:00;0.0;0.0;0.0;20.134999999999998;1.17
15/08/2024 02:00:00;0.0;0.0;0.0;19.99;1.1
15/08/2024 02:30:00;0.0;0.0;0.0;19.744999999999997;1.135
15/08/2024 03:00:00;0.0;0.0;0.0;19.5;1.17
15/08/2024 03:30:00;0.0;0.0;0.0;19.185000000000002;1.17
15/08/2024 04:00:00;0.0;0.0;0.0;18.87;1.17
15/08/2024 04:30:00;0.0;7.995;0.19;19.17;1.035
15/08/2024 05:00:00;0.0;15.99;0.38;19.47;0.9
15/08/2024 05:30:00;3.09;54.675000000000004;1.3250000000000002;20.015;0.8300000000000001
15/08/2024 06:00:00;6.18;93.36;2.27;20.56;0.76
15/08/2024 06:30:00;63.76499999999999;135.21;4.27;21.84;1.0
15/08/2024 07:00:00;121.35;177.06;6.27;23.12;1.24
15/08/2024 07:30:00;70.5;200.1;5.789999999999999;23.9;1.415
15/08/2024 08:00:00;19.65;223.14;5.31;24.68;1.59
15/08/2024 08:30:00;150.46;263.655;8.15;25.03;2.14
15/08/2024 09:00:00;281.27;304.17;10.99;25.38;2.69
15/08/2024 09:30:00;410.715;288.15;12.61;25.64;2.76
15/08/2024 10:00:00;540.16;272.13;14.23;25.9;2.83
15/08/2024 10:30:00;270.08;188.2;8.280000000000001;26.24;2.62
15/08/2024 11:00:00;0.0;104.27;2.33;26.58;2.41
15/08/2024 11:30:00;321.27;179.70999999999998;8.885;26.795;2.3449999999999998
15/08/2024 12:00:00;642.54;255.15;15.44;27.01;2.28
15/08/2024 12:30:00;674.135;216.345;15.315;27.21;2.21
15/08/2024 13:00:00;705.73;177.54;15.19;27.41;2.14
15/08/2024 13:30:00;655.4300000000001;164.29500000000002;14.29;27.47;2.0700000000000003
15/08/2024 14:00:00;605.13;151.05;13.39;27.53;2.0
15/08/2024 14:30:00;520.72;140.97500000000002;12.02;27.725;1.895
15/08/2024 15:00:00;436.31;130.9;10.65;27.92;1.79
15/08/2024 15:30:00;334.625;118.995;8.935;27.695;1.69
15/08/2024 16:00:00;232.94;107.09;7.22;27.47;1.59
15/08/2024 16:30:00;149.05;86.84;5.52;27.095;1.59
15/08/2024 17:00:00;65.16;66.59;3.82;26.72;1.59
15/08/2024 17:30:00;32.58;44.655;2.1799999999999997;26.195;1.4849999999999999
15/08/2024 18:00:00;0.0;22.72;0.54;25.67;1.38
15/08/2024 18:30:00;0.0;11.36;0.27;24.865000000000002;1.52
15/08/2024 19:00:00;0.0;0.0;0.0;24.06;1.66
15/08/2024 19:30:00;0.0;0.0;0.0;23.165;1.66
15/08/2024 20:00:00;0.0;0.0;0.0;22.27;1.66
15/08/2024 20:30:00;0.0;0.0;0.0;21.555;1.5899999999999999
15/08/2024 21:00:00;0.0;0.0;0.0;20.84;1.52
15/08/2024 21:30:00;0.0;0.0;0.0;20.475;1.45
15/08/2024 22:00:00;0.0;0.0;0.0;20.11;1.38
15/08/2024 22:30:00;0.0;0.0;0.0;19.97;1.275
15/08/2024 23:00:00;0.0;0.0;0.0;19.83;1.17
15/08/2024 23:30:00;0.0;0.0;0.0;19.63;1.1
16/08/2024 00:00:00;0.0;0.0;0.0;19.43;1.03
16/08/2024 00:30:00;0.0;0.0;0.0;19.105;1.065
16/08/2024 01:00:00;0.0;0.0;0.0;18.78;1.1
16/08/2024 01:30:00;0.0;0.0;0.0;18.560000000000002;1.1
16/08/2024 02:00:00;0.0;0.0;0.0;18.34;1.1
16/08/2024 02:30:00;0.0;0.0;0.0;18.1;1.135
16/08/2024 03:00:00;0.0;0.0;0.0;17.86;1.17
16/08/2024 03:30:00;0.0;0.0;0.0;17.795;1.135
16/08/2024 04:00:00;0.0;0.0;0.0;17.73;1.1
16/08/2024 04:30:00;0.0;15.99;0.38;17.939999999999998;1.0
16/08/2024 05:00:00;0.0;31.98;0.76;18.15;0.9
16/08/2024 05:30:00;42.035;55.575;2.5;18.58;0.7949999999999999
16/08/2024 06:00:00;84.07;79.17;4.24;19.01;0.69
16/08/2024 06:30:00;176.535;95.305;6.01;20.725;0.7949999999999999
16/08/2024 07:00:00;269.0;111.44;7.78;22.44;0.9
16/08/2024 07:30:00;356.235;128.51999999999998;9.325;23.384999999999998;0.9650000000000001
16/08/2024 08:00:00;443.47;145.6;10.87;24.33;1.03
16/08/2024 08:30:00;529.24;153.66;12.239999999999998;25.2;1.1
16/08/2024 09:00:00;615.01;161.72;13.61;26.07;1.17
16/08/2024 09:30:00;700.66;155.765;14.765;26.845;1.17
16/08/2024 10:00:00;786.31;149.81;15.92;27.62;1.17
16/08/2024 10:30:00;796.65;161.425;16.22;28.265;1.0
16/08/2024 11:00:00;806.99;173.04;16.52;28.91;0.83
16/08/2024 11:30:00;699.615;225.89999999999998;15.774999999999999;29.244999999999997;0.585
16/08/2024 12:00:00;592.24;278.76;15.03;29.58;0.34
16/08/2024 12:30:00;659.9300000000001;222.54500000000002;15.16;29.759999999999998;0.31000000000000005
16/08/2024 13:00:00;727.62;166.33;15.29;29.94;0.28
16/08/2024 13:30:00;666.04;158.89;14.305;29.545;0.5900000000000001
16/08/2024 14:00:00;604.46;151.45;13.32;29.15;0.9
16/08/2024 14:30:00;528.58;136.84;12.025;29.119999999999997;0.9650000000000001
16/08/2024 15:00:00;452.7;122.23;10.73;29.09;1.03
16/08/2024 15:30:00;268.255;144.96;8.07;28.93;1.275
16/08/2024 16:00:00;83.81;167.69;5.41;28.77;1.52
16/08/2024 16:30:00;75.275;115.83;4.605;28.505;1.69
16/08/2024 17:00:00;66.74;63.97;3.8;28.24;1.86
16/08/2024 17:30:00;33.37;43.345;2.17;27.67;1.8250000000000002
16/08/2024 18:00:00;0.0;22.72;0.54;27.1;1.79
16/08/2024 18:30:00;0.0;11.36;0.27;26.175;1.69
16/08/2024 19:00:00;0.0;0.0;0.0;25.25;1.59
16/08/2024 19:30:00;0.0;0.0;0.0;24.475;1.4500000000000002
16/08/2024 20:00:00;0.0;0.0;0.0;23.7;1.31
16/08/2024 20:30:00;0.0;0.0;0.0;23.035;1.31
16/08/2024 21:00:00;0.0;0.0;0.0;22.37;1.31
16/08/2024 21:30:00;0.0;0.0;0.0;21.845;1.345
16/08/2024 22:00:00;0.0;0.0;0.0;21.32;1.38
16/08/2024 22:30:00;0.0;0.0;0.0;20.884999999999998;1.38
16/08/2024 23:00:00;0.0;0.0;0.0;20.45;1.38
16/08/2024 23:30:00;0.0;0.0;0.0;20.11;1.45
17/08/2024 00:00:00;0.0;0.0;0.0;19.77;1.52
17/08/2024 00:30:00;0.0;0.0;0.0;19.585;1.45
17/08/2024 01:00:00;0.0;0.0;0.0;19.4;1.38
17/08/2024 01:30:00;0.0;0.0;0.0;19.415;1.205
17/08/2024 02:00:00;0.0;0.0;0.0;19.43;1.03
17/08/2024 02:30:00;0.0;0.0;0.0;19.67;0.895
17/08/2024 03:00:00;0.0;0.0;0.0;19.91;0.76
17/08/2024 03:30:00;0.0;0.0;0.0;19.810000000000002;0.725
17/08/2024 04:00:00;0.0;0.0;0.0;19.71;0.69
17/08/2024 04:30:00;0.0;13.465;0.32;19.54;0.69
17/08/2024 05:00:00;0.0;26.93;0.64;19.37;0.69
17/08/2024 05:30:00;27.425;61.1;2.18;19.445;0.69
17/08/2024 06:00:00;54.85;95.27;3.72;19.52;0.69
17/08/2024 06:30:00;69.32000000000001;138.77;4.675;20.5;0.5499999999999999
17/08/2024 07:00:00;83.79;182.27;5.63;21.48;0.41
17/08/2024 07:30:00;218.55;187.195;7.890000000000001;22.4;0.41
17/08/2024 08:00:00;353.31;192.12;10.15;23.32;0.41
17/08/2024 08:30:00;474.59000000000003;182.315;11.79;24.27;0.515
17/08/2024 09:00:00;595.87;172.51;13.43;25.22;0.62
17/08/2024 09:30:00;304.505;227.24;9.96;26.005;0.69
17/08/2024 10:00:00;13.14;281.97;6.49;26.79;0.76
17/08/2024 10:30:00;10.795;280.78;6.43;27.395;0.93
17/08/2024 11:00:00;8.45;279.59;6.37;28.0;1.1
17/08/2024 11:30:00;357.62499999999994;251.79999999999998;11.075;28.29;1.135
17/08/2024 12:00:00;706.8;224.01;15.78;28.58;1.17
17/08/2024 12:30:00;657.46;227.42000000000002;15.125;28.799999999999997;1.035
17/08/2024 13:00:00;608.12;230.83;14.47;29.02;0.9
17/08/2024 13:30:00;422.975;265.695;12.350000000000001;29.105;0.69
17/08/2024 14:00:00;237.83;300.56;10.23;29.19;0.48
17/08/2024 14:30:00;118.915;224.44;6.775;29.130000000000003;0.31
17/08/2024 15:00:00;0.0;148.32;3.32;29.07;0.14
17/08/2024 15:30:00;78.22;146.065;4.825;28.86;0.14
17/08/2024 16:00:00;156.44;143.81;6.33;28.65;0.14
17/08/2024 16:30:00;88.92;116.045;4.53;27.89;0.34500000000000003
17/08/2024 17:00:00;21.4;88.28;2.73;27.13;0.55
17/08/2024 17:30:00;10.7;52.975;1.575;26.759999999999998;0.895
17/08/2024 18:00:00;0.0;17.67;0.42;26.39;1.24
17/08/2024 18:30:00;0.0;8.835;0.21;25.47;1.415
17/08/2024 19:00:00;0.0;0.0;0.0;24.55;1.59
17/08/2024 19:30:00;0.0;0.0;0.0;23.765;1.4849999999999999
17/08/2024 20:00:00;0.0;0.0;0.0;22.98;1.38
17/08/2024 20:30:00;0.0;0.0;0.0;22.465;1.345
17/08/2024 21:00:00;0.0;0.0;0.0;21.95;1.31
17/08/2024 21:30:00;0.0;0.0;0.0;21.23;1.415
17/08/2024 22:00:00;0.0;0.0;0.0;20.51;1.52
17/08/2024 22:30:00;0.0;0.0;0.0;20.155;1.4849999999999999
17/08/2024 23:00:00;0.0;0.0;0.0;19.8;1.45
17/08/2024 23:30:00;0.0;0.0;0.0;19.700000000000003;1.38
18/08/2024 00:00:00;0.0;0.0;0.0;19.6;1.31
18/08/2024 00:30:00;0.0;0.0;0.0;19.475;1.24
18/08/2024 01:00:00;0.0;0.0;0.0;19.35;1.17
18/08/2024 01:30:00;0.0;0.0;0.0;19.275;1.1
18/08/2024 02:00:00;0.0;0.0;0.0;19.2;1.03
18/08/2024 02:30:00;0.0;0.0;0.0;18.994999999999997;1.03
18/08/2024 03:00:00;0.0;0.0;0.0;18.79;1.03
18/08/2024 03:30:00;0.0;0.0;0.0;18.7;1.0
18/08/2024 04:00:00;0.0;0.0;0.0;18.61;0.97
18/08/2024 04:30:00;0.0;15.145;0.36;18.525;0.97
18/08/2024 05:00:00;0.0;30.29;0.72;18.44;0.97
18/08/2024 05:30:00;45.215;52.245000000000005;2.4800000000000004;19.035;0.7949999999999999
18/08/2024 06:00:00;90.43;74.2;4.24;19.63;0.62
18/08/2024 06:30:00;177.855;94.66;5.96;20.985;0.69
18/08/2024 07:00:00;265.28;115.12;7.68;22.34;0.76
18/08/2024 07:30:00;368.09;125.39;9.365;23.3;0.7949999999999999
18/08/2024 08:00:00;470.9;135.66;11.05;24.26;0.83
18/08/2024 08:30:00;547.7049999999999;148.19;12.34;25.335;1.0
18/08/2024 09:00:00;624.51;160.72;13.63;26.41;1.17
18/08/2024 09:30:00;678.8199999999999;170.245;14.545000000000002;27.21;1.345
18/08/2024 10:00:00;733.13;179.77;15.46;28.01;1.52
18/08/2024 10:30:00;755.7850000000001;186.655;15.88;28.935000000000002;1.52
18/08/2024 11:00:00;778.44;193.54;16.3;29.86;1.52
18/08/2024 11:30:00;774.95;193.435;16.25;30.490000000000002;1.4849999999999999
18/08/2024 12:00:00;771.46;193.33;16.2;31.12;1.45
18/08/2024 12:30:00;735.915;189.405;15.635;31.485;1.415
18/08/2024 13:00:00;700.37;185.48;15.07;31.85;1.38
18/08/2024 13:30:00;651.79;169.99;14.155000000000001;31.95;1.415
18/08/2024 14:00:00;603.21;154.5;13.24;32.05;1.45
18/08/2024 14:30:00;527.1850000000001;139.28;11.935;32.105;1.38
18/08/2024 15:00:00;451.16;124.06;10.63;32.16;1.31
18/08/2024 15:30:00;333.935;119.28999999999999;8.77;32.01;1.105
18/08/2024 16:00:00;216.71;114.52;6.91;31.86;0.9
18/08/2024 16:30:00;141.255;88.475;5.305;31.6;0.935
18/08/2024 17:00:00;65.8;62.43;3.7;31.34;0.97
18/08/2024 17:30:00;32.9;40.47;2.0700000000000003;30.33;1.245
18/08/2024 18:00:00;0.0;18.51;0.44;29.32;1.52
18/08/2024 18:30:00;0.0;9.255;0.22;28.595;1.45
18/08/2024 19:00:00;0.0;0.0;0.0;27.87;1.38
18/08/2024 19:30:00;0.0;0.0;0.0;27.0;1.345
18/08/2024 20:00:00;0.0;0.0;0.0;26.13;1.31
18/08/2024 20:30:00;0.0;0.0;0.0;25.63;1.205
18/08/2024 21:00:00;0.0;0.0;0.0;25.13;1.1
18/08/2024 21:30:00;0.0;0.0;0.0;24.564999999999998;1.135
18/08/2024 22:00:00;0.0;0.0;0.0;24.0;1.17
18/08/2024 22:30:00;0.0;0.0;0.0;23.27;1.275
18/08/2024 23:00:00;0.0;0.0;0.0;22.54;1.38
18/08/2024 23:30:00;0.0;0.0;0.0;22.025;1.415
19/08/2024 00:00:00;0.0;0.0;0.0;21.51;1.45
19/08/2024 00:30:00;0.0;0.0;0.0;21.17;1.415
19/08/2024 01:00:00;0.0;0.0;0.0;20.83;1.38
19/08/2024 01:30:00;0.0;0.0;0.0;20.525;1.345
19/08/2024 02:00:00;0.0;0.0;0.0;20.22;1.31
19/08/2024 02:30:00;0.0;0.0;0.0;19.994999999999997;1.275
19/08/2024 03:00:00;0.0;0.0;0.0;19.77;1.24
19/08/2024 03:30:00;0.0;0.0;0.0;19.6;1.205
19/08/2024 04:00:00;0.0;0.0;0.0;19.43;1.17
19/08/2024 04:30:00;0.0;14.305;0.34;19.22;1.17
19/08/2024 05:00:00;0.0;28.61;0.68;19.01;1.17
19/08/2024 05:30:00;34.615;56.66;2.26;19.775;1.0699999999999998
19/08/2024 06:00:00;69.23;84.71;3.84;20.54;0.97
19/08/2024 06:30:00;151.79500000000002;106.56;5.57;22.46;1.0
19/08/2024 07:00:00;234.36;128.41;7.3;24.38;1.03
19/08/2024 07:30:00;329.46500000000003;141.54500000000002;8.925;25.939999999999998;1.065
19/08/2024 08:00:00;424.57;154.68;10.55;27.5;1.1
19/08/2024 08:30:00;356.26;226.57;10.7;28.53;1.4100000000000001
19/08/2024 09:00:00;287.95;298.46;10.85;29.56;1.72
19/08/2024 09:30:00;504.33000000000004;239.10999999999999;13.02;30.155;1.72
19/08/2024 10:00:00;720.71;179.76;15.19;30.75;1.72
19/08/2024 10:30:00;756.6800000000001;179.685;15.704999999999998;31.189999999999998;1.5499999999999998
19/08/2024 11:00:00;792.65;179.61;16.22;31.63;1.38
19/08/2024 11:30:00;789.13;178.94;16.16;31.964999999999996;1.275
19/08/2024 12:00:00;785.61;178.27;16.1;32.3;1.17
19/08/2024 12:30:00;638.88;228.89;14.785;32.67;1.135
19/08/2024 13:00:00;492.15;279.51;13.47;33.04;1.1
19/08/2024 13:30:00;290.37;288.91999999999996;10.705;32.985;1.1
19/08/2024 14:00:00;88.59;298.33;7.94;32.93;1.1
19/08/2024 14:30:00;101.97;269.395;7.565;32.775;1.275
19/08/2024 15:00:00;115.35;240.46;7.19;32.62;1.45
19/08/2024 15:30:00;83.63499999999999;202.26;5.925000000000001;32.175;1.9649999999999999
19/08/2024 16:00:00;51.92;164.06;4.66;31.73;2.48
19/08/2024 16:30:00;26.26;113.025;3.035;30.990000000000002;2.62
19/08/2024 17:00:00;0.6;61.99;1.41;30.25;2.76
19/08/2024 17:30:00;0.3;34.36;0.7849999999999999;29.465;2.83
19/08/2024 18:00:00;0.0;6.73;0.16;28.68;2.9
19/08/2024 18:30:00;0.0;3.365;0.08;28.060000000000002;2.9
19/08/2024 19:00:00;0.0;0.0;0.0;27.44;2.9
19/08/2024 19:30:00;0.0;0.0;0.0;26.770000000000003;2.6550000000000002
19/08/2024 20:00:00;0.0;0.0;0.0;26.1;2.41
19/08/2024 20:30:00;0.0;0.0;0.0;25.465;2.065
19/08/2024 21:00:00;0.0;0.0;0.0;24.83;1.72
19/08/2024 21:30:00;0.0;0.0;0.0;24.104999999999997;1.585
19/08/2024 22:00:00;0.0;0.0;0.0;23.38;1.45
19/08/2024 22:30:00;0.0;0.0;0.0;22.875;1.38
19/08/2024 23:00:00;0.0;0.0;0.0;22.37;1.31
19/08/2024 23:30:00;0.0;0.0;0.0;22.08;1.24
20/08/2024 00:00:00;0.0;0.0;0.0;21.79;1.17
20/08/2024 00:30:00;0.0;0.0;0.0;21.72;1.0699999999999998
20/08/2024 01:00:00;0.0;0.0;0.0;21.65;0.97
20/08/2024 01:30:00;0.0;0.0;0.0;21.665;0.935
20/08/2024 02:00:00;0.0;0.0;0.0;21.68;0.9
20/08/2024 02:30:00;0.0;0.0;0.0;21.564999999999998;0.9
20/08/2024 03:00:00;0.0;0.0;0.0;21.45;0.9
20/08/2024 03:30:00;0.0;0.0;0.0;21.265;0.9
20/08/2024 04:00:00;0.0;0.0;0.0;21.08;0.9
20/08/2024 04:30:00;0.0;11.78;0.28;20.935;0.865
20/08/2024 05:00:00;0.0;23.56;0.56;20.79;0.83
20/08/2024 05:30:00;19.0;60.25;1.8900000000000001;21.33;0.62
20/08/2024 06:00:00;38.0;96.94;3.22;21.87;0.41
20/08/2024 06:30:00;140.175;110.045;5.26;22.72;0.375
20/08/2024 07:00:00;242.35;123.15;7.3;23.57;0.34
20/08/2024 07:30:00;299.34499999999997;155.31;8.635;24.560000000000002;0.585
20/08/2024 08:00:00;356.34;187.47;9.97;25.55;0.83
20/08/2024 08:30:00;450.44999999999993;192.20499999999998;11.415;26.32;1.0
20/08/2024 09:00:00;544.56;196.94;12.86;27.09;1.17
20/08/2024 09:30:00;631.2249999999999;188.53;13.975;27.73;1.205
20/08/2024 10:00:00;717.89;180.12;15.09;28.37;1.24
20/08/2024 10:30:00;725.155;195.47;15.425;29.14;1.24
20/08/2024 11:00:00;732.42;210.82;15.76;29.91;1.24
20/08/2024 11:30:00;773.495;187.76;16.01;30.405;1.17
20/08/2024 12:00:00;814.57;164.7;16.26;30.9;1.1
20/08/2024 12:30:00;755.725;171.53;15.515;31.369999999999997;1.0350000000000001
20/08/2024 13:00:00;696.88;178.36;14.77;31.84;0.97
20/08/2024 13:30:00;528.24;219.395;12.98;32.115;0.8999999999999999
20/08/2024 14:00:00;359.6;260.43;11.19;32.39;0.83
20/08/2024 14:30:00;383.665;198.875;10.6;32.445;0.865
20/08/2024 15:00:00;407.73;137.32;10.01;32.5;0.9
20/08/2024 15:30:00;304.58500000000004;127.005;8.29;32.2;1.035
20/08/2024 16:00:00;201.44;116.69;6.57;31.9;1.17
20/08/2024 16:30:00;126.18;91.85499999999999;4.915;31.485;1.345
20/08/2024 17:00:00;50.92;67.02;3.26;31.07;1.52
20/08/2024 17:30:00;25.46;40.665;1.7999999999999998;30.395;1.83
20/08/2024 18:00:00;0.0;14.31;0.34;29.72;2.14
20/08/2024 18:30:00;0.0;7.155;0.17;28.715;1.965
20/08/2024 19:00:00;0.0;0.0;0.0;27.71;1.79
20/08/2024 19:30:00;0.0;0.0;0.0;27.02;1.48
20/08/2024 20:00:00;0.0;0.0;0.0;26.33;1.17
20/08/2024 20:30:00;0.0;0.0;0.0;26.145;1.0
20/08/2024 21:00:00;0.0;0.0;0.0;25.96;0.83
20/08/2024 21:30:00;0.0;0.0;0.0;25.605;0.865
20/08/2024 22:00:00;0.0;0.0;0.0;25.25;0.9
20/08/2024 22:30:00;0.0;0.0;0.0;24.775;1.0
20/08/2024 23:00:00;0.0;0.0;0.0;24.3;1.1
20/08/2024 23:30:00;0.0;0.0;0.0;24.009999999999998;1.1
21/08/2024 00:00:00;0.0;0.0;0.0;23.72;1.1
21/08/2024 00:30:00;0.0;0.0;0.0;23.740000000000002;1.0
21/08/2024 01:00:00;0.0;0.0;0.0;23.76;0.9
21/08/2024 01:30:00;0.0;0.0;0.0;23.76;0.76
21/08/2024 02:00:00;0.0;0.0;0.0;23.76;0.62
21/08/2024 02:30:00;0.0;0.0;0.0;23.560000000000002;0.55
21/08/2024 03:00:00;0.0;0.0;0.0;23.36;0.48
21/08/2024 03:30:00;0.0;0.0;0.0;23.155;0.44499999999999995
21/08/2024 04:00:00;0.0;0.0;0.0;22.95;0.41
21/08/2024 04:30:00;0.0;13.045;0.31;22.799999999999997;0.44499999999999995
21/08/2024 05:00:00;0.0;26.09;0.62;22.65;0.48
21/08/2024 05:30:00;39.995;51.55;2.26;22.835;0.48
21/08/2024 06:00:00;79.99;77.01;3.9;23.02;0.48
21/08/2024 06:30:00;165.745;96.95;5.6;24.134999999999998;0.62
21/08/2024 07:00:00;251.5;116.89;7.3;25.25;0.76
21/08/2024 07:30:00;348.575;129.715;8.935;26.15;0.965
21/08/2024 08:00:00;445.65;142.54;10.57;27.05;1.17
21/08/2024 08:30:00;532.12;150.52499999999998;11.935;27.835;1.205
21/08/2024 09:00:00;618.59;158.51;13.3;28.62;1.24
21/08/2024 09:30:00;683.86;162.11;14.285;29.275;1.205
21/08/2024 10:00:00;749.13;165.71;15.27;29.93;1.17
21/08/2024 10:30:00;774.275;170.35500000000002;15.695;30.35;1.0699999999999998
21/08/2024 11:00:00;799.42;175.0;16.12;30.77;0.97
21/08/2024 11:30:00;806.895;169.485;16.15;31.2;0.865
21/08/2024 12:00:00;814.37;163.97;16.18;31.63;0.76
21/08/2024 12:30:00;771.12;163.42000000000002;15.555;31.839999999999996;0.69
21/08/2024 13:00:00;727.87;162.87;14.93;32.05;0.62
21/08/2024 13:30:00;656.46;159.05;13.855;32.25;0.62
21/08/2024 14:00:00;585.05;155.23;12.78;32.45;0.62
21/08/2024 14:30:00;503.705;143.035;11.434999999999999;32.44;0.655
21/08/2024 15:00:00;422.36;130.84;10.09;32.43;0.69
21/08/2024 15:30:00;315.08500000000004;121.11;8.32;32.364999999999995;0.76
21/08/2024 16:00:00;207.81;111.38;6.55;32.3;0.83
21/08/2024 16:30:00;128.625;88.845;4.865;31.955;1.0
21/08/2024 17:00:00;49.44;66.31;3.18;31.61;1.17
21/08/2024 17:30:00;24.72;39.045;1.73;30.994999999999997;1.415
21/08/2024 18:00:00;0.0;11.78;0.28;30.38;1.66
21/08/2024 18:30:00;0.0;5.89;0.14;29.46;1.795
21/08/2024 19:00:00;0.0;0.0;0.0;28.54;1.93
21/08/2024 19:30:00;0.0;0.0;0.0;27.775;1.9649999999999999
21/08/2024 20:00:00;0.0;0.0;0.0;27.01;2.0
21/08/2024 20:30:00;0.0;0.0;0.0;26.255000000000003;1.895
21/08/2024 21:00:00;0.0;0.0;0.0;25.5;1.79
21/08/2024 21:30:00;0.0;0.0;0.0;24.759999999999998;1.69
21/08/2024 22:00:00;0.0;0.0;0.0;24.02;1.59
21/08/2024 22:30:00;0.0;0.0;0.0;23.65;1.4500000000000002
21/08/2024 23:00:00;0.0;0.0;0.0;23.28;1.31
21/08/2024 23:30:00;0.0;0.0;0.0;23.1;1.24
22/08/2024 00:00:00;0.0;0.0;0.0;22.92;1.17
22/08/2024 00:30:00;0.0;0.0;0.0;22.935000000000002;1.0699999999999998
22/08/2024 01:00:00;0.0;0.0;0.0;22.95;0.97
22/08/2024 01:30:00;0.0;0.0;0.0;23.025;0.865
22/08/2024 02:00:00;0.0;0.0;0.0;23.1;0.76
22/08/2024 02:30:00;0.0;0.0;0.0;22.965;0.655
22/08/2024 03:00:00;0.0;0.0;0.0;22.83;0.55
22/08/2024 03:30:00;0.0;0.0;0.0;22.64;0.515
22/08/2024 04:00:00;0.0;0.0;0.0;22.45;0.48
22/08/2024 04:30:00;0.0;12.2;0.29;22.275;0.55
22/08/2024 05:00:00;0.0;24.4;0.58;22.1;0.62
22/08/2024 05:30:00;43.935;48.099999999999994;2.27;22.325000000000003;0.55
22/08/2024 06:00:00;87.87;71.8;3.96;22.55;0.48
22/08/2024 06:30:00;175.895;91.75;5.67;23.700000000000003;0.755
22/08/2024 07:00:00;263.92;111.7;7.38;24.85;1.03
22/08/2024 07:30:00;357.9;125.85;8.975;25.735;1.135
22/08/2024 08:00:00;451.88;140.0;10.57;26.62;1.24
22/08/2024 08:30:00;535.05;149.48000000000002;11.905000000000001;27.43;1.24
22/08/2024 09:00:00;618.22;158.96;13.24;28.24;1.24
22/08/2024 09:30:00;667.69;170.0;14.105;28.955;1.24
22/08/2024 10:00:00;717.16;181.04;14.97;29.67;1.24
22/08/2024 10:30:00;753.245;180.385;15.475000000000001;30.255000000000003;1.24
22/08/2024 11:00:00;789.33;179.73;15.98;30.84;1.24
22/08/2024 11:30:00;796.225;174.8;16.009999999999998;31.305;1.24
22/08/2024 12:00:00;803.12;169.87;16.04;31.77;1.24
22/08/2024 12:30:00;759.85;169.26999999999998;15.415;32.05;1.205
22/08/2024 13:00:00;716.58;168.67;14.79;32.33;1.17
22/08/2024 13:30:00;646.38;163.69;13.715;32.465;1.135
22/08/2024 14:00:00;576.18;158.71;12.64;32.6;1.1
22/08/2024 14:30:00;492.71;146.895;11.265;32.575;1.1
22/08/2024 15:00:00;409.24;135.08;9.89;32.55;1.1
22/08/2024 15:30:00;305.87;123.81;8.16;32.32;1.275
22/08/2024 16:00:00;202.5;112.54;6.43;32.09;1.45
22/08/2024 16:30:00;125.22;89.065;4.765;31.725;1.655
22/08/2024 17:00:00;47.94;65.59;3.1;31.36;1.86
22/08/2024 17:30:00;23.97;38.265;1.6800000000000002;30.744999999999997;2.1
22/08/2024 18:00:00;0.0;10.94;0.26;30.13;2.34
22/08/2024 18:30:00;0.0;5.47;0.13;29.465;2.375
22/08/2024 19:00:00;0.0;0.0;0.0;28.8;2.41
22/08/2024 19:30:00;0.0;0.0;0.0;28.064999999999998;2.375
22/08/2024 20:00:00;0.0;0.0;0.0;27.33;2.34
22/08/2024 20:30:00;0.0;0.0;0.0;26.655;2.24
22/08/2024 21:00:00;0.0;0.0;0.0;25.98;2.14
22/08/2024 21:30:00;0.0;0.0;0.0;25.395;1.965
22/08/2024 22:00:00;0.0;0.0;0.0;24.81;1.79
22/08/2024 22:30:00;0.0;0.0;0.0;24.27;1.655
22/08/2024 23:00:00;0.0;0.0;0.0;23.73;1.52
22/08/2024 23:30:00;0.0;0.0;0.0;23.28;1.38
23/08/2024 00:00:00;0.0;0.0;0.0;22.83;1.24
23/08/2024 00:30:00;0.0;0.0;0.0;22.505;1.205
23/08/2024 01:00:00;0.0;0.0;0.0;22.18;1.17
23/08/2024 01:30:00;0.0;0.0;0.0;21.89;1.205
23/08/2024 02:00:00;0.0;0.0;0.0;21.6;1.24
23/08/2024 02:30:00;0.0;0.0;0.0;21.405;1.24
23/08/2024 03:00:00;0.0;0.0;0.0;21.21;1.24
23/08/2024 03:30:00;0.0;0.0;0.0;21.125;1.17
23/08/2024 04:00:00;0.0;0.0;0.0;21.04;1.1
23/08/2024 04:30:00;0.0;11.36;0.27;21.105;1.0350000000000001
23/08/2024 05:00:00;0.0;22.72;0.54;21.17;0.97
23/08/2024 05:30:00;37.33;50.61;2.13;21.585;0.83
23/08/2024 06:00:00;74.66;78.5;3.72;22.0;0.69
23/08/2024 06:30:00;154.89499999999998;101.815;5.385;22.8;0.655
23/08/2024 07:00:00;235.13;125.13;7.05;23.6;0.62
23/08/2024 07:30:00;331.775;138.255;8.69;24.55;0.69
23/08/2024 08:00:00;428.42;151.38;10.33;25.5;0.76
23/08/2024 08:30:00;518.35;156.89999999999998;11.705;26.365000000000002;0.8300000000000001
23/08/2024 09:00:00;608.28;162.42;13.08;27.23;0.9
23/08/2024 09:30:00;668.075;168.745;14.025;28.05;0.9
23/08/2024 10:00:00;727.87;175.07;14.97;28.87;0.9
23/08/2024 10:30:00;751.0550000000001;180.825;15.385000000000002;29.495;1.0
23/08/2024 11:00:00;774.24;186.58;15.8;30.12;1.1
23/08/2024 11:30:00;776.215;183.235;15.780000000000001;30.585;1.31
23/08/2024 12:00:00;778.19;179.89;15.76;31.05;1.52
23/08/2024 12:30:00;741.095;176.575;15.184999999999999;31.34;1.655
23/08/2024 13:00:00;704.0;173.26;14.61;31.63;1.79
23/08/2024 13:30:00;628.49;171.315;13.504999999999999;31.715;1.8250000000000002
23/08/2024 14:00:00;552.98;169.37;12.4;31.8;1.86
23/08/2024 14:30:00;462.67;160.71;10.965;31.735;1.86
23/08/2024 15:00:00;372.36;152.05;9.53;31.67;1.86
23/08/2024 15:30:00;273.36;138.27;7.81;31.41;1.86
23/08/2024 16:00:00;174.36;124.49;6.09;31.15;1.86
23/08/2024 16:30:00;106.375;96.675;4.46;30.735;1.9300000000000002
23/08/2024 17:00:00;38.39;68.86;2.83;30.32;2.0
23/08/2024 17:30:00;19.195;38.215;1.5050000000000001;29.67;1.9300000000000002
23/08/2024 18:00:00;0.0;7.57;0.18;29.02;1.86
23/08/2024 18:30:00;0.0;3.785;0.09;28.134999999999998;1.79
23/08/2024 19:00:00;0.0;0.0;0.0;27.25;1.72
23/08/2024 19:30:00;0.0;0.0;0.0;26.5;1.69
23/08/2024 20:00:00;0.0;0.0;0.0;25.75;1.66
23/08/2024 20:30:00;0.0;0.0;0.0;24.990000000000002;1.555
23/08/2024 21:00:00;0.0;0.0;0.0;24.23;1.45
23/08/2024 21:30:00;0.0;0.0;0.0;23.65;1.38
23/08/2024 22:00:00;0.0;0.0;0.0;23.07;1.31
23/08/2024 22:30:00;0.0;0.0;0.0;22.745;1.24
23/08/2024 23:00:00;0.0;0.0;0.0;22.42;1.17
23/08/2024 23:30:00;0.0;0.0;0.0;22.270000000000003;1.0699999999999998
24/08/2024 00:00:00;0.0;0.0;0.0;22.12;0.97
24/08/2024 00:30:00;0.0;0.0;0.0;21.965;0.935
24/08/2024 01:00:00;0.0;0.0;0.0;21.81;0.9
24/08/2024 01:30:00;0.0;0.0;0.0;21.375;0.9650000000000001
24/08/2024 02:00:00;0.0;0.0;0.0;20.94;1.03
24/08/2024 02:30:00;0.0;0.0;0.0;20.565;1.135
24/08/2024 03:00:00;0.0;0.0;0.0;20.19;1.24
24/08/2024 03:30:00;0.0;0.0;0.0;20.265;1.17
24/08/2024 04:00:00;0.0;0.0;0.0;20.34;1.1
24/08/2024 04:30:00;0.0;11.36;0.27;20.785;0.9650000000000001
24/08/2024 05:00:00;0.0;22.72;0.54;21.23;0.83
24/08/2024 05:30:00;3.48;53.655;1.305;21.58;0.62
24/08/2024 06:00:00;6.96;84.59;2.07;21.93;0.41
24/08/2024 06:30:00;92.82499999999999;116.955;4.27;22.595;0.31
24/08/2024 07:00:00;178.69;149.32;6.47;23.26;0.21
24/08/2024 07:30:00;287.655;158.39999999999998;8.26;24.165;0.485
24/08/2024 08:00:00;396.62;167.48;10.05;25.07;0.76
24/08/2024 08:30:00;475.73;179.08499999999998;11.365;26.155;1.0
24/08/2024 09:00:00;554.84;190.69;12.68;27.24;1.24
24/08/2024 09:30:00;622.115;193.2;13.675;28.305;1.415
24/08/2024 10:00:00;689.39;195.71;14.67;29.37;1.59
24/08/2024 10:30:00;717.365;199.445;15.125;30.520000000000003;1.69
24/08/2024 11:00:00;745.34;203.18;15.58;31.67;1.79
24/08/2024 11:30:00;755.4200000000001;195.01;15.6;32.68;1.895
24/08/2024 12:00:00;765.5;186.84;15.62;33.69;2.0
24/08/2024 12:30:00;729.0350000000001;182.935;15.045;34.465;2.035
24/08/2024 13:00:00;692.57;179.03;14.47;35.24;2.07
24/08/2024 13:30:00;535.755;213.265;12.77;35.760000000000005;2.24
24/08/2024 14:00:00;378.94;247.5;11.07;36.28;2.41
24/08/2024 14:30:00;295.31;231.34;9.575;36.415;2.62
24/08/2024 15:00:00;211.68;215.18;8.08;36.55;2.83
24/08/2024 15:30:00;105.84;128.715;4.51;35.42;3.035
24/08/2024 16:00:00;0.0;42.25;0.94;34.29;3.24
24/08/2024 16:30:00;0.0;27.415;0.61;32.995;2.0700000000000003
24/08/2024 17:00:00;0.0;12.58;0.28;31.7;0.9
24/08/2024 17:30:00;0.0;8.815;0.2;30.91;1.035
24/08/2024 18:00:00;0.0;5.05;0.12;30.12;1.17
24/08/2024 18:30:00;0.0;2.525;0.06;27.115000000000002;0.69
24/08/2024 19:00:00;0.0;0.0;0.0;24.11;0.21
24/08/2024 19:30:00;0.0;0.0;0.0;23.965;0.9349999999999999
24/08/2024 20:00:00;0.0;0.0;0.0;23.82;1.66
24/08/2024 20:30:00;0.0;0.0;0.0;23.65;2.105
24/08/2024 21:00:00;0.0;0.0;0.0;23.48;2.55
24/08/2024 21:30:00;0.0;0.0;0.0;23.32;2.275
24/08/2024 22:00:00;0.0;0.0;0.0;23.16;2.0
24/08/2024 22:30:00;0.0;0.0;0.0;22.880000000000003;1.38
24/08/2024 23:00:00;0.0;0.0;0.0;22.6;0.76
24/08/2024 23:30:00;0.0;0.0;0.0;22.585;0.585
25/08/2024 00:00:00;0.0;0.0;0.0;22.57;0.41
25/08/2024 00:30:00;0.0;0.0;0.0;22.35;0.41
25/08/2024 01:00:00;0.0;0.0;0.0;22.13;0.41
25/08/2024 01:30:00;0.0;0.0;0.0;21.854999999999997;0.515
25/08/2024 02:00:00;0.0;0.0;0.0;21.58;0.62
25/08/2024 02:30:00;0.0;0.0;0.0;21.18;0.825
25/08/2024 03:00:00;0.0;0.0;0.0;20.78;1.03
25/08/2024 03:30:00;0.0;0.0;0.0;20.375;1.135
25/08/2024 04:00:00;0.0;0.0;0.0;19.97;1.24
25/08/2024 04:30:00;0.0;1.685;0.04;19.705;1.275
25/08/2024 05:00:00;0.0;3.37;0.08;19.44;1.31
25/08/2024 05:30:00;0.0;9.325;0.21000000000000002;20.130000000000003;1.24
25/08/2024 06:00:00;0.0;15.28;0.34;20.82;1.17
25/08/2024 06:30:00;0.0;24.269999999999996;0.54;21.52;1.1
25/08/2024 07:00:00;0.0;33.26;0.74;22.22;1.03
25/08/2024 07:30:00;0.0;47.64;1.065;22.939999999999998;1.31
25/08/2024 08:00:00;0.0;62.02;1.39;23.66;1.59
25/08/2024 08:30:00;0.0;103.37;2.315;24.08;1.8650000000000002
25/08/2024 09:00:00;0.0;144.72;3.24;24.5;2.14
25/08/2024 09:30:00;5.575;204.70499999999998;4.655;24.735;2.14
25/08/2024 10:00:00;11.15;264.69;6.07;24.97;2.14
25/08/2024 10:30:00;5.575;191.675;4.36;25.740000000000002;2.2750000000000004
25/08/2024 11:00:00;0.0;118.66;2.65;26.51;2.41
25/08/2024 11:30:00;56.8;239.425;6.08;27.130000000000003;2.31
25/08/2024 12:00:00;113.6;360.19;9.51;27.75;2.21
25/08/2024 12:30:00;56.8;262.345;6.595;27.755000000000003;2.275
25/08/2024 13:00:00;0.0;164.5;3.68;27.76;2.34
25/08/2024 13:30:00;0.0;110.115;2.465;27.795;2.6550000000000002
25/08/2024 14:00:00;0.0;55.73;1.25;27.83;2.97
25/08/2024 14:30:00;32.465;139.67000000000002;3.61;27.71;2.9000000000000004
25/08/2024 15:00:00;64.93;223.61;5.97;27.59;2.83
25/08/2024 15:30:00;32.465;132.03;3.435;26.985;2.5549999999999997
25/08/2024 16:00:00;0.0;40.45;0.9;26.38;2.28
25/08/2024 16:30:00;13.835;55.015;1.685;25.91;2.175
25/08/2024 17:00:00;27.67;69.58;2.47;25.44;2.07
25/08/2024 17:30:00;13.835;36.05;1.2650000000000001;24.705;1.69
25/08/2024 18:00:00;0.0;2.52;0.06;23.97;1.31
25/08/2024 18:30:00;0.0;1.26;0.03;24.275;1.345
25/08/2024 19:00:00;0.0;0.0;0.0;24.58;1.38
25/08/2024 19:30:00;0.0;0.0;0.0;23.395;1.7249999999999999
25/08/2024 20:00:00;0.0;0.0;0.0;22.21;2.07
25/08/2024 20:30:00;0.0;0.0;0.0;21.555;2.175
25/08/2024 21:00:00;0.0;0.0;0.0;20.9;2.28
25/08/2024 21:30:00;0.0;0.0;0.0;20.53;2.38
25/08/2024 22:00:00;0.0;0.0;0.0;20.16;2.48
25/08/2024 22:30:00;0.0;0.0;0.0;19.93;2.31
25/08/2024 23:00:00;0.0;0.0;0.0;19.7;2.14
25/08/2024 23:30:00;0.0;0.0;0.0;19.685000000000002;2.14
26/08/2024 00:00:00;0.0;0.0;0.0;19.67;2.14
26/08/2024 00:30:00;0.0;0.0;0.0;19.55;2.38
26/08/2024 01:00:00;0.0;0.0;0.0;19.43;2.62
26/08/2024 01:30:00;0.0;0.0;0.0;19.21;2.76
26/08/2024 02:00:00;0.0;0.0;0.0;18.99;2.9
26/08/2024 02:30:00;0.0;0.0;0.0;18.71;2.62
26/08/2024 03:00:00;0.0;0.0;0.0;18.43;2.34
26/08/2024 03:30:00;0.0;0.0;0.0;18.2;2.0
26/08/2024 04:00:00;0.0;0.0;0.0;17.97;1.66
26/08/2024 04:30:00;0.0;10.1;0.24;17.865000000000002;1.415
26/08/2024 05:00:00;0.0;20.2;0.48;17.76;1.17
26/08/2024 05:30:00;0.0;30.775;0.7;17.825000000000003;1.035
26/08/2024 06:00:00;0.0;41.35;0.92;17.89;0.9
26/08/2024 06:30:00;10.11;98.96000000000001;2.38;18.450000000000003;1.0
26/08/2024 07:00:00;20.22;156.57;3.84;19.01;1.1
26/08/2024 07:30:00;43.99;199.05;5.105;19.1;1.275
26/08/2024 08:00:00;67.76;241.53;6.37;19.19;1.45
26/08/2024 08:30:00;33.88;168.85500000000002;4.26;19.275;1.655
26/08/2024 09:00:00;0.0;96.18;2.15;19.36;1.86
26/08/2024 09:30:00;0.0;88.54;1.98;19.36;1.79
26/08/2024 10:00:00;0.0;80.9;1.81;19.36;1.72
26/08/2024 10:30:00;0.0;93.035;2.08;19.505;1.72
26/08/2024 11:00:00;0.0;105.17;2.35;19.65;1.72
26/08/2024 11:30:00;0.0;106.97;2.39;19.645;1.755
26/08/2024 12:00:00;0.0;108.77;2.43;19.64;1.79
26/08/2024 12:30:00;0.0;83.6;1.87;19.345;1.62
26/08/2024 13:00:00;0.0;58.43;1.31;19.05;1.45
26/08/2024 13:30:00;7.25;146.93;3.39;19.1;1.31
26/08/2024 14:00:00;14.5;235.43;5.47;19.15;1.17
26/08/2024 14:30:00;7.25;169.85;3.9;19.21;1.0
26/08/2024 15:00:00;0.0;104.27;2.33;19.27;0.83
26/08/2024 15:30:00;0.0;97.97999999999999;2.19;19.33;0.83
26/08/2024 16:00:00;0.0;91.69;2.05;19.39;0.83
26/08/2024 16:30:00;0.0;53.485;1.1949999999999998;19.345;0.8999999999999999
26/08/2024 17:00:00;0.0;15.28;0.34;19.3;0.97
26/08/2024 17:30:00;0.0;8.059999999999999;0.18000000000000002;19.03;1.0699999999999998
26/08/2024 18:00:00;0.0;0.84;0.02;18.76;1.17
26/08/2024 18:30:00;0.0;0.42;0.01;18.445;1.135
26/08/2024 19:00:00;0.0;0.0;0.0;18.13;1.1
26/08/2024 19:30:00;0.0;0.0;0.0;18.005;0.9650000000000001
26/08/2024 20:00:00;0.0;0.0;0.0;17.88;0.83
26/08/2024 20:30:00;0.0;0.0;0.0;17.65;0.7949999999999999
26/08/2024 21:00:00;0.0;0.0;0.0;17.42;0.76
26/08/2024 21:30:00;0.0;0.0;0.0;17.22;0.725
26/08/2024 22:00:00;0.0;0.0;0.0;17.02;0.69
26/08/2024 22:30:00;0.0;0.0;0.0;17.215;0.585
26/08/2024 23:00:00;0.0;0.0;0.0;17.41;0.48
26/08/2024 23:30:00;0.0;0.0;0.0;17.155;0.515
27/08/2024 00:00:00;0.0;0.0;0.0;16.9;0.55
27/08/2024 00:30:00;0.0;0.0;0.0;16.735;0.62
27/08/2024 01:00:00;0.0;0.0;0.0;16.57;0.69
27/08/2024 01:30:00;0.0;0.0;0.0;16.575;0.5499999999999999
27/08/2024 02:00:00;0.0;0.0;0.0;16.58;0.41
27/08/2024 02:30:00;0.0;0.0;0.0;16.465;0.5499999999999999
27/08/2024 03:00:00;0.0;0.0;0.0;16.35;0.69
27/08/2024 03:30:00;0.0;0.0;0.0;16.285;0.83
27/08/2024 04:00:00;0.0;0.0;0.0;16.22;0.97
27/08/2024 04:30:00;0.0;1.26;0.03;16.044999999999998;1.0350000000000001
27/08/2024 05:00:00;0.0;2.52;0.06;15.87;1.1
27/08/2024 05:30:00;1.215;36.345000000000006;0.845;15.754999999999999;1.065
27/08/2024 06:00:00;2.43;70.17;1.63;15.64;1.03
27/08/2024 06:30:00;1.215;58.905;1.35;15.835;0.895
27/08/2024 07:00:00;0.0;47.64;1.07;16.03;0.76
27/08/2024 07:30:00;0.0;90.34;2.02;16.59;0.865
27/08/2024 08:00:00;0.0;133.04;2.97;17.15;0.97
27/08/2024 08:30:00;0.0;158.66;3.545;17.42;1.1400000000000001
27/08/2024 09:00:00;0.0;184.28;4.12;17.69;1.31
27/08/2024 09:30:00;0.0;142.93;3.1950000000000003;17.875;1.4849999999999999
27/08/2024 10:00:00;0.0;101.58;2.27;18.06;1.66
27/08/2024 10:30:00;0.0;158.66;3.545;18.17;1.625
27/08/2024 11:00:00;0.0;215.74;4.82;18.28;1.59
27/08/2024 11:30:00;0.0;168.995;3.7750000000000004;18.380000000000003;1.52
27/08/2024 12:00:00;0.0;122.25;2.73;18.48;1.45
27/08/2024 12:30:00;0.0;156.41;3.495;18.61;1.415
27/08/2024 13:00:00;0.0;190.57;4.26;18.74;1.38
27/08/2024 13:30:00;0.0;172.14;3.8499999999999996;18.729999999999997;1.62
27/08/2024 14:00:00;0.0;153.71;3.44;18.72;1.86
27/08/2024 14:30:00;0.0;125.39500000000001;2.8049999999999997;18.415;1.76
27/08/2024 15:00:00;0.0;97.08;2.17;18.11;1.66
27/08/2024 15:30:00;1.025;100.295;2.26;17.875;1.345
27/08/2024 16:00:00;2.05;103.51;2.35;17.64;1.03
27/08/2024 16:30:00;1.665;78.25;1.79;17.495;0.86
27/08/2024 17:00:00;1.28;52.99;1.23;17.35;0.69
27/08/2024 17:30:00;0.64;26.495;0.615;17.16;0.83
27/08/2024 18:00:00;0.0;0.0;0.0;16.97;0.97
27/08/2024 18:30:00;0.0;0.0;0.0;16.38;1.0350000000000001
27/08/2024 19:00:00;0.0;0.0;0.0;15.79;1.1
27/08/2024 19:30:00;0.0;0.0;0.0;15.565;0.9650000000000001
27/08/2024 20:00:00;0.0;0.0;0.0;15.34;0.83
27/08/2024 20:30:00;0.0;0.0;0.0;15.065;0.7949999999999999
27/08/2024 21:00:00;0.0;0.0;0.0;14.79;0.76
27/08/2024 21:30:00;0.0;0.0;0.0;14.704999999999998;0.725
27/08/2024 22:00:00;0.0;0.0;0.0;14.62;0.69
27/08/2024 22:30:00;0.0;0.0;0.0;14.329999999999998;0.76
27/08/2024 23:00:00;0.0;0.0;0.0;14.04;0.83
27/08/2024 23:30:00;0.0;0.0;0.0;13.719999999999999;0.9650000000000001
28/08/2024 00:00:00;0.0;0.0;0.0;13.4;1.1
28/08/2024 00:30:00;0.0;0.0;0.0;13.344999999999999;1.1
28/08/2024 01:00:00;0.0;0.0;0.0;13.29;1.1
28/08/2024 01:30:00;0.0;0.0;0.0;13.23;1.065
28/08/2024 02:00:00;0.0;0.0;0.0;13.17;1.03
28/08/2024 02:30:00;0.0;0.0;0.0;13.120000000000001;1.1
28/08/2024 03:00:00;0.0;0.0;0.0;13.07;1.17
28/08/2024 03:30:00;0.0;0.0;0.0;13.085;1.205
28/08/2024 04:00:00;0.0;0.0;0.0;13.1;1.24
28/08/2024 04:30:00;0.0;2.945;0.07;13.115;1.31
28/08/2024 05:00:00;0.0;5.89;0.14;13.13;1.38
28/08/2024 05:30:00;0.0;16.88;0.38;13.18;1.105
28/08/2024 06:00:00;0.0;27.87;0.62;13.23;0.83
28/08/2024 06:30:00;0.0;28.32;0.63;13.39;1.035
28/08/2024 07:00:00;0.0;28.77;0.64;13.55;1.24
28/08/2024 07:30:00;0.0;58.879999999999995;1.315;13.625;1.48
28/08/2024 08:00:00;0.0;88.99;1.99;13.7;1.72
28/08/2024 08:30:00;0.0;97.97999999999999;2.19;13.92;1.72
28/08/2024 09:00:00;0.0;106.97;2.39;14.14;1.72
28/08/2024 09:30:00;0.0;134.83499999999998;3.015;14.3;1.79
28/08/2024 10:00:00;0.0;162.7;3.64;14.46;1.86
28/08/2024 10:30:00;0.0;156.41;3.5;14.485;1.9649999999999999
28/08/2024 11:00:00;0.0;150.12;3.36;14.51;2.07
28/08/2024 11:30:00;1.265;194.75;4.375;14.515;2.035
28/08/2024 12:00:00;2.53;239.38;5.39;14.52;2.0
28/08/2024 12:30:00;1.265;211.38;4.744999999999999;14.57;2.0700000000000003
28/08/2024 13:00:00;0.0;183.38;4.1;14.62;2.14
28/08/2024 13:30:00;0.0;175.74;3.9299999999999997;14.28;1.9300000000000002
28/08/2024 14:00:00;0.0;168.1;3.76;13.94;1.72
28/08/2024 14:30:00;0.0;135.735;3.035;13.89;1.375
28/08/2024 15:00:00;0.0;103.37;2.31;13.84;1.03
28/08/2024 15:30:00;0.0;80.0;1.79;13.77;1.065
28/08/2024 16:00:00;0.0;56.63;1.27;13.7;1.1
28/08/2024 16:30:00;0.645;54.81;1.25;13.69;1.135
28/08/2024 17:00:00;1.29;52.99;1.23;13.68;1.17
28/08/2024 17:30:00;0.645;26.495;0.615;13.54;1.135
28/08/2024 18:00:00;0.0;0.0;0.0;13.4;1.1
28/08/2024 18:30:00;0.0;0.0;0.0;13.21;0.895
28/08/2024 19:00:00;0.0;0.0;0.0;13.02;0.69
28/08/2024 19:30:00;0.0;0.0;0.0;12.985;0.83
28/08/2024 20:00:00;0.0;0.0;0.0;12.95;0.97
28/08/2024 20:30:00;0.0;0.0;0.0;12.83;1.0350000000000001
28/08/2024 21:00:00;0.0;0.0;0.0;12.71;1.1
28/08/2024 21:30:00;0.0;0.0;0.0;12.600000000000001;1.065
28/08/2024 22:00:00;0.0;0.0;0.0;12.49;1.03
28/08/2024 22:30:00;0.0;0.0;0.0;12.395;1.1
28/08/2024 23:00:00;0.0;0.0;0.0;12.3;1.17
28/08/2024 23:30:00;0.0;0.0;0.0;12.25;1.17
29/08/2024 00:00:00;0.0;0.0;0.0;12.2;1.17
29/08/2024 00:30:00;0.0;0.0;0.0;12.129999999999999;1.135
29/08/2024 01:00:00;0.0;0.0;0.0;12.06;1.1
29/08/2024 01:30:00;0.0;0.0;0.0;12.02;1.065
29/08/2024 02:00:00;0.0;0.0;0.0;11.98;1.03
29/08/2024 02:30:00;0.0;0.0;0.0;11.885;1.0
29/08/2024 03:00:00;0.0;0.0;0.0;11.79;0.97
29/08/2024 03:30:00;0.0;0.0;0.0;11.64;0.97
29/08/2024 04:00:00;0.0;0.0;0.0;11.49;0.97
29/08/2024 04:30:00;0.0;1.685;0.04;11.42;0.935
29/08/2024 05:00:00;0.0;3.37;0.08;11.35;0.9
29/08/2024 05:30:00;5.435;43.675;1.105;11.620000000000001;0.865
29/08/2024 06:00:00;10.87;83.98;2.13;11.89;0.83
29/08/2024 06:30:00;25.134999999999998;123.67000000000002;3.205;12.225000000000001;1.0
29/08/2024 07:00:00;39.4;163.36;4.28;12.56;1.17
29/08/2024 07:30:00;35.205;191.04000000000002;4.805;12.93;1.035
29/08/2024 08:00:00;31.01;218.72;5.33;13.3;0.9
29/08/2024 08:30:00;35.345;246.91500000000002;6.0;13.755;0.7250000000000001
29/08/2024 09:00:00;39.68;275.11;6.67;14.21;0.55
29/08/2024 09:30:00;19.84;218.455;5.145;14.52;0.41500000000000004
29/08/2024 10:00:00;0.0;161.8;3.62;14.83;0.28
29/08/2024 10:30:00;10.19;230.12;5.275;15.175;0.28
29/08/2024 11:00:00;20.38;298.44;6.93;15.52;0.28
29/08/2024 11:30:00;10.825;266.145;6.09;15.84;0.28
29/08/2024 12:00:00;1.27;233.85;5.25;16.16;0.28
29/08/2024 12:30:00;0.635;157.825;3.54;16.365000000000002;0.21000000000000002
29/08/2024 13:00:00;0.0;81.8;1.83;16.57;0.14
29/08/2024 13:30:00;0.0;118.20500000000001;2.645;16.425;0.14
29/08/2024 14:00:00;0.0;154.61;3.46;16.28;0.14
29/08/2024 14:30:00;13.45;177.35500000000002;4.16;16.33;0.34500000000000003
29/08/2024 15:00:00;26.9;200.1;4.86;16.38;0.55
29/08/2024 15:30:00;20.225;164.475;3.99;16.175;0.76
29/08/2024 16:00:00;13.55;128.85;3.12;15.97;0.97
29/08/2024 16:30:00;9.055;94.00999999999999;2.295;15.835;1.0
29/08/2024 17:00:00;4.56;59.17;1.47;15.7;1.03
29/08/2024 17:30:00;2.28;29.585;0.735;15.434999999999999;1.03
29/08/2024 18:00:00;0.0;0.0;0.0;15.17;1.03
29/08/2024 18:30:00;0.0;0.0;0.0;14.825;0.825
29/08/2024 19:00:00;0.0;0.0;0.0;14.48;0.62
29/08/2024 19:30:00;0.0;0.0;0.0;14.39;0.585
29/08/2024 20:00:00;0.0;0.0;0.0;14.3;0.55
29/08/2024 20:30:00;0.0;0.0;0.0;14.16;0.585
29/08/2024 21:00:00;0.0;0.0;0.0;14.02;0.62
29/08/2024 21:30:00;0.0;0.0;0.0;13.844999999999999;0.585
29/08/2024 22:00:00;0.0;0.0;0.0;13.67;0.55
29/08/2024 22:30:00;0.0;0.0;0.0;13.59;0.55
29/08/2024 23:00:00;0.0;0.0;0.0;13.51;0.55
29/08/2024 23:30:00;0.0;0.0;0.0;13.02;0.69
30/08/2024 00:00:00;0.0;0.0;0.0;12.53;0.83
30/08/2024 00:30:00;0.0;0.0;0.0;12.29;0.865
30/08/2024 01:00:00;0.0;0.0;0.0;12.05;0.9
30/08/2024 01:30:00;0.0;0.0;0.0;12.02;0.8300000000000001
30/08/2024 02:00:00;0.0;0.0;0.0;11.99;0.76
30/08/2024 02:30:00;0.0;0.0;0.0;11.86;0.655
30/08/2024 03:00:00;0.0;0.0;0.0;11.73;0.55
30/08/2024 03:30:00;0.0;0.0;0.0;11.52;0.585
30/08/2024 04:00:00;0.0;0.0;0.0;11.31;0.62
30/08/2024 04:30:00;0.0;2.105;0.05;11.09;0.69
30/08/2024 05:00:00;0.0;4.21;0.1;10.87;0.76
30/08/2024 05:30:00;5.955;44.145;1.125;11.055;0.76
30/08/2024 06:00:00;11.91;84.08;2.15;11.24;0.76
30/08/2024 06:30:00;43.53;127.16;3.5650000000000004;12.29;0.93
30/08/2024 07:00:00;75.15;170.24;4.98;13.34;1.1
30/08/2024 07:30:00;160.07999999999998;199.97500000000002;6.79;13.965;1.24
30/08/2024 08:00:00;245.01;229.71;8.6;14.59;1.38
30/08/2024 08:30:00;313.95;250.64;9.934999999999999;15.184999999999999;1.345
30/08/2024 09:00:00;382.89;271.57;11.27;15.78;1.31
30/08/2024 09:30:00;425.195;287.075;12.125;16.195;1.31
30/08/2024 10:00:00;467.5;302.58;12.98;16.61;1.31
30/08/2024 10:30:00;443.605;323.745;13.04;17.185000000000002;1.415
30/08/2024 11:00:00;419.71;344.91;13.1;17.76;1.52
30/08/2024 11:30:00;604.085;265.65;14.33;18.245;1.69
30/08/2024 12:00:00;788.46;186.39;15.56;18.73;1.86
30/08/2024 12:30:00;736.325;189.415;14.875;18.950000000000003;2.035
30/08/2024 13:00:00;684.19;192.44;14.19;19.17;2.21
30/08/2024 13:30:00;629.36;177.685;13.195;19.175;2.415
30/08/2024 14:00:00;574.53;162.93;12.2;19.18;2.62
30/08/2024 14:30:00;475.125;155.7;10.67;19.185000000000002;2.76
30/08/2024 15:00:00;375.72;148.47;9.14;19.19;2.9
30/08/2024 15:30:00;270.415;134.70499999999998;7.365;19.08;2.865
30/08/2024 16:00:00;165.11;120.94;5.59;18.97;2.83
30/08/2024 16:30:00;99.64500000000001;89.5;3.98;18.775;2.69
30/08/2024 17:00:00;34.18;58.06;2.37;18.58;2.55
30/08/2024 17:30:00;17.09;29.03;1.185;18.125;2.3449999999999998
30/08/2024 18:00:00;0.0;0.0;0.0;17.67;2.14
30/08/2024 18:30:00;0.0;0.0;0.0;17.095;1.9
30/08/2024 19:00:00;0.0;0.0;0.0;16.52;1.66
30/08/2024 19:30:00;0.0;0.0;0.0;15.93;1.625
30/08/2024 20:00:00;0.0;0.0;0.0;15.34;1.59
30/08/2024 20:30:00;0.0;0.0;0.0;14.975;1.69
30/08/2024 21:00:00;0.0;0.0;0.0;14.61;1.79
30/08/2024 21:30:00;0.0;0.0;0.0;14.44;1.93
30/08/2024 22:00:00;0.0;0.0;0.0;14.27;2.07
30/08/2024 22:30:00;0.0;0.0;0.0;14.1;2.07
30/08/2024 23:00:00;0.0;0.0;0.0;13.93;2.07
30/08/2024 23:30:00;0.0;0.0;0.0;13.79;2.035
31/08/2024 00:00:00;0.0;0.0;0.0;13.65;2.0
31/08/2024 00:30:00;0.0;0.0;0.0;13.65;1.9649999999999999
31/08/2024 01:00:00;0.0;0.0;0.0;13.65;1.93
31/08/2024 01:30:00;0.0;0.0;0.0;13.67;1.895
31/08/2024 02:00:00;0.0;0.0;0.0;13.69;1.86
31/08/2024 02:30:00;0.0;0.0;0.0;13.59;1.86
31/08/2024 03:00:00;0.0;0.0;0.0;13.49;1.86
31/08/2024 03:30:00;0.0;0.0;0.0;13.435;1.76
31/08/2024 04:00:00;0.0;0.0;0.0;13.38;1.66
31/08/2024 04:30:00;0.0;3.365;0.08;13.075;1.52
31/08/2024 05:00:00;0.0;6.73;0.16;12.77;1.38
31/08/2024 05:30:00;9.52;45.595;1.2349999999999999;12.774999999999999;1.1749999999999998
31/08/2024 06:00:00;19.04;84.46;2.31;12.78;0.97
31/08/2024 06:30:00;34.075;124.11500000000001;3.365;13.305;0.8999999999999999
31/08/2024 07:00:00;49.11;163.77;4.42;13.83;0.83
31/08/2024 07:30:00;54.19;198.72;5.225;14.344999999999999;0.9650000000000001
31/08/2024 08:00:00;59.27;233.67;6.03;14.86;1.1
31/08/2024 08:30:00;34.655;232.95;5.68;15.385;1.205
31/08/2024 09:00:00;10.04;232.23;5.33;15.91;1.31
31/08/2024 09:30:00;31.195;274.125;6.525;16.285;1.725
31/08/2024 10:00:00;52.35;316.02;7.72;16.66;2.14
31/08/2024 10:30:00;59.605000000000004;328.475;8.08;16.990000000000002;2.31
31/08/2024 11:00:00;66.86;340.93;8.44;17.32;2.48
31/08/2024 11:30:00;53.335;329.75;8.03;17.445;2.41
31/08/2024 12:00:00;39.81;318.57;7.62;17.57;2.34
31/08/2024 12:30:00;70.12;323.83;8.11;17.759999999999998;2.62
31/08/2024 13:00:00;100.43;329.09;8.6;17.95;2.9
31/08/2024 13:30:00;58.295;280.16499999999996;6.994999999999999;17.990000000000002;3.21
31/08/2024 14:00:00;16.16;231.24;5.39;18.03;3.52
31/08/2024 14:30:00;22.905;214.995;5.125;17.84;3.21
31/08/2024 15:00:00;29.65;198.75;4.86;17.65;2.9
31/08/2024 15:30:00;16.415;150.735;3.6050000000000004;17.405;2.45
31/08/2024 16:00:00;3.18;102.72;2.35;17.16;2.0
31/08/2024 16:30:00;8.23;82.15;2.0700000000000003;16.9;1.69
31/08/2024 17:00:00;13.28;61.58;1.79;16.64;1.38
31/08/2024 17:30:00;6.64;30.79;0.895;16.29;1.275
31/08/2024 18:00:00;0.0;0.0;0.0;15.94;1.17
31/08/2024 18:30:00;0.0;0.0;0.0;16.455;0.725
31/08/2024 19:00:00;0.0;0.0;0.0;16.97;0.28
31/08/2024 19:30:00;0.0;0.0;0.0;16.755;0.28
31/08/2024 20:00:00;0.0;0.0;0.0;16.54;0.28
31/08/2024 20:30:00;0.0;0.0;0.0;15.605;0.795
31/08/2024 21:00:00;0.0;0.0;0.0;14.67;1.31
31/08/2024 21:30:00;0.0;0.0;0.0;14.965;1.5150000000000001
31/08/2024 22:00:00;0.0;0.0;0.0;15.26;1.72
31/08/2024 22:30:00;0.0;0.0;0.0;15.504999999999999;1.825
31/08/2024 23:00:00;0.0;0.0;0.0;15.75;1.93
31/08/2024 23:30:00;0.0;0.0;0.0;15.94;2.105
01/09/2024 00:00:00;0.0;0.0;0.0;16.13;2.28
01/09/2024 00:30:00;0.0;0.0;0.0;16.075;2.28
01/09/2024 01:00:00;0.0;0.0;0.0;16.02;2.28
01/09/2024 01:30:00;0.0;0.0;0.0;15.925;2.175
01/09/2024 02:00:00;0.0;0.0;0.0;15.83;2.07
01/09/2024 02:30:00;0.0;0.0;0.0;15.625;1.895
01/09/2024 03:00:00;0.0;0.0;0.0;15.42;1.72
01/09/2024 03:30:00;0.0;0.0;0.0;15.195;1.585
01/09/2024 04:00:00;0.0;0.0;0.0;14.97;1.45
01/09/2024 04:30:00;0.0;1.26;0.03;14.945;1.38
01/09/2024 05:00:00;0.0;2.52;0.06;14.92;1.31
01/09/2024 05:30:00;25.1;41.505;1.475;14.985;1.24
01/09/2024 06:00:00;50.2;80.49;2.89;15.05;1.17
01/09/2024 06:30:00;25.1;82.945;2.4;15.96;1.275
01/09/2024 07:00:00;0.0;85.4;1.91;16.87;1.38
01/09/2024 07:30:00;17.055;150.985;3.6099999999999994;17.560000000000002;1.62
01/09/2024 08:00:00;34.11;216.57;5.31;18.25;1.86
01/09/2024 08:30:00;314.225;194.95999999999998;8.895;18.965;2.205
01/09/2024 09:00:00;594.34;173.35;12.48;19.68;2.55
01/09/2024 09:30:00;404.99;259.705;11.435;20.365000000000002;2.79
01/09/2024 10:00:00;215.64;346.06;10.39;21.05;3.03
01/09/2024 10:30:00;311.34000000000003;342.66499999999996;11.565000000000001;21.39;2.9299999999999997
01/09/2024 11:00:00;407.04;339.27;12.74;21.73;2.83
01/09/2024 11:30:00;526.78;292.765;13.555;22.175;2.9000000000000004
01/09/2024 12:00:00;646.52;246.26;14.37;22.62;2.97
01/09/2024 12:30:00;668.28;211.89999999999998;14.129999999999999;22.865000000000002;2.935
01/09/2024 13:00:00;690.04;177.54;13.89;23.11;2.9
01/09/2024 13:30:00;628.79;166.635;12.865;23.275;2.795
01/09/2024 14:00:00;567.54;155.73;11.84;23.44;2.69
01/09/2024 14:30:00;485.67999999999995;140.73;10.45;23.42;2.5149999999999997
01/09/2024 15:00:00;403.82;125.73;9.06;23.4;2.34
01/09/2024 15:30:00;299.455;112.53;7.335000000000001;23.25;2.1
01/09/2024 16:00:00;195.09;99.33;5.61;23.1;1.86
01/09/2024 16:30:00;116.67;74.725;3.95;22.84;1.345
01/09/2024 17:00:00;38.25;50.12;2.29;22.58;0.83
01/09/2024 17:30:00;19.125;25.06;1.145;22.205;0.76
01/09/2024 18:00:00;0.0;0.0;0.0;21.83;0.69
01/09/2024 18:30:00;0.0;0.0;0.0;20.755;0.86
01/09/2024 19:00:00;0.0;0.0;0.0;19.68;1.03
01/09/2024 19:30:00;0.0;0.0;0.0;19.13;1.1
01/09/2024 20:00:00;0.0;0.0;0.0;18.58;1.17
01/09/2024 20:30:00;0.0;0.0;0.0;18.02;1.205
01/09/2024 21:00:00;0.0;0.0;0.0;17.46;1.24
01/09/2024 21:30:00;0.0;0.0;0.0;17.345;1.135
01/09/2024 22:00:00;0.0;0.0;0.0;17.23;1.03
01/09/2024 22:30:00;0.0;0.0;0.0;17.175;0.9650000000000001
01/09/2024 23:00:00;0.0;0.0;0.0;17.12;0.9
01/09/2024 23:30:00;0.0;0.0;0.0;16.96;0.865
02/09/2024 00:00:00;0.0;0.0;0.0;16.8;0.83
02/09/2024 00:30:00;0.0;0.0;0.0;16.689999999999998;0.76
02/09/2024 01:00:00;0.0;0.0;0.0;16.58;0.69
02/09/2024 01:30:00;0.0;0.0;0.0;16.384999999999998;0.62
02/09/2024 02:00:00;0.0;0.0;0.0;16.19;0.55
02/09/2024 02:30:00;0.0;0.0;0.0;15.98;0.585
02/09/2024 03:00:00;0.0;0.0;0.0;15.77;0.62
02/09/2024 03:30:00;0.0;0.0;0.0;15.64;0.655
02/09/2024 04:00:00;0.0;0.0;0.0;15.51;0.69
02/09/2024 04:30:00;0.0;3.365;0.08;15.385;0.725
02/09/2024 05:00:00;0.0;6.73;0.16;15.26;0.76
02/09/2024 05:30:00;23.765;43.67999999999999;1.4849999999999999;15.46;0.62
02/09/2024 06:00:00;47.53;80.63;2.81;15.66;0.48
02/09/2024 06:30:00;167.25;90.32499999999999;4.869999999999999;16.68;0.515
02/09/2024 07:00:00;286.97;100.02;6.93;17.7;0.55
02/09/2024 07:30:00;382.19500000000005;115.53;8.530000000000001;18.98;0.585
02/09/2024 08:00:00;477.42;131.04;10.13;20.26;0.62
02/09/2024 08:30:00;559.87;141.95999999999998;11.455;21.255000000000003;0.76
02/09/2024 09:00:00;642.32;152.88;12.78;22.25;0.9
02/09/2024 09:30:00;703.7550000000001;157.89499999999998;13.715;23.07;0.9650000000000001
02/09/2024 10:00:00;765.19;162.91;14.65;23.89;1.03
02/09/2024 10:30:00;782.575;170.865;15.01;24.47;0.9650000000000001
02/09/2024 11:00:00;799.96;178.82;15.37;25.05;0.9
02/09/2024 11:30:00;772.19;190.165;15.16;25.4;0.7949999999999999
02/09/2024 12:00:00;744.42;201.51;14.95;25.75;0.69
02/09/2024 12:30:00;732.55;182.82;14.5;25.875;0.655
02/09/2024 13:00:00;720.68;164.13;14.05;26.0;0.62
02/09/2024 13:30:00;640.785;162.37;12.905000000000001;26.07;0.7949999999999999
02/09/2024 14:00:00;560.89;160.61;11.76;26.14;0.97
02/09/2024 14:30:00;433.895;165.56;10.04;26.189999999999998;1.0699999999999998
02/09/2024 15:00:00;306.9;170.51;8.32;26.24;1.17
02/09/2024 15:30:00;247.64;136.005;6.905;26.125;1.205
02/09/2024 16:00:00;188.38;101.5;5.49;26.01;1.24
02/09/2024 16:30:00;109.46;76.865;3.79;25.450000000000003;1.17
02/09/2024 17:00:00;30.54;52.23;2.09;24.89;1.1
02/09/2024 17:30:00;15.27;26.115;1.045;23.93;1.275
02/09/2024 18:00:00;0.0;0.0;0.0;22.97;1.45
02/09/2024 18:30:00;0.0;0.0;0.0;21.975;1.4849999999999999
02/09/2024 19:00:00;0.0;0.0;0.0;20.98;1.52
02/09/2024 19:30:00;0.0;0.0;0.0;20.365000000000002;1.5550000000000002
02/09/2024 20:00:00;0.0;0.0;0.0;19.75;1.59
02/09/2024 20:30:00;0.0;0.0;0.0;19.29;1.5550000000000002
02/09/2024 21:00:00;0.0;0.0;0.0;18.83;1.52
02/09/2024 21:30:00;0.0;0.0;0.0;18.674999999999997;1.415
02/09/2024 22:00:00;0.0;0.0;0.0;18.52;1.31
02/09/2024 22:30:00;0.0;0.0;0.0;18.275;1.24
02/09/2024 23:00:00;0.0;0.0;0.0;18.03;1.17
02/09/2024 23:30:00;0.0;0.0;0.0;18.15;1.035
03/09/2024 00:00:00;0.0;0.0;0.0;18.27;0.9
03/09/2024 00:30:00;0.0;0.0;0.0;18.075;0.7949999999999999
03/09/2024 01:00:00;0.0;0.0;0.0;17.88;0.69
03/09/2024 01:30:00;0.0;0.0;0.0;17.72;0.725
03/09/2024 02:00:00;0.0;0.0;0.0;17.56;0.76
03/09/2024 02:30:00;0.0;0.0;0.0;17.235;0.865
03/09/2024 03:00:00;0.0;0.0;0.0;16.91;0.97
03/09/2024 03:30:00;0.0;0.0;0.0;16.765;0.97
03/09/2024 04:00:00;0.0;0.0;0.0;16.62;0.97
03/09/2024 04:30:00;0.0;3.785;0.09;16.525;0.935
03/09/2024 05:00:00;0.0;7.57;0.18;16.43;0.9
03/09/2024 05:30:00;13.7;44.589999999999996;1.285;16.475;0.7949999999999999
03/09/2024 06:00:00;27.4;81.61;2.39;16.52;0.69
03/09/2024 06:30:00;136.81;99.6;4.460000000000001;17.384999999999998;0.655
03/09/2024 07:00:00;246.22;117.59;6.53;18.25;0.62
03/09/2024 07:30:00;286.935;156.78;7.755000000000001;19.475;0.7949999999999999
03/09/2024 08:00:00;327.65;195.97;8.98;20.7;0.97
03/09/2024 08:30:00;396.255;214.9;10.26;21.47;1.0
03/09/2024 09:00:00;464.86;233.83;11.54;22.24;1.03
03/09/2024 09:30:00;545.0699999999999;232.54500000000002;12.625;23.025;1.135
03/09/2024 10:00:00;625.28;231.26;13.71;23.81;1.24
03/09/2024 10:30:00;558.67;272.93;13.515;24.43;1.415
03/09/2024 11:00:00;492.06;314.6;13.32;25.05;1.59
03/09/2024 11:30:00;433.73;327.895;12.8;25.465;1.725
03/09/2024 12:00:00;375.4;341.19;12.28;25.88;1.86
03/09/2024 12:30:00;396.28499999999997;317.28999999999996;12.11;26.09;1.895
03/09/2024 13:00:00;417.17;293.39;11.94;26.3;1.93
03/09/2024 13:30:00;337.64;282.475;10.675;26.365000000000002;1.825
03/09/2024 14:00:00;258.11;271.56;9.41;26.43;1.72
03/09/2024 14:30:00;229.695;236.675;8.365;26.39;1.72
03/09/2024 15:00:00;201.28;201.79;7.32;26.35;1.72
03/09/2024 15:30:00;144.935;166.96499999999997;5.85;26.075000000000003;1.895
03/09/2024 16:00:00;88.59;132.14;4.38;25.8;2.07
03/09/2024 16:30:00;47.045;91.63499999999999;2.8449999999999998;25.205;2.105
03/09/2024 17:00:00;5.5;51.13;1.31;24.61;2.14
03/09/2024 17:30:00;2.75;25.565;0.655;23.73;2.24
03/09/2024 18:00:00;0.0;0.0;0.0;22.85;2.34
03/09/2024 18:30:00;0.0;0.0;0.0;22.09;2.275
03/09/2024 19:00:00;0.0;0.0;0.0;21.33;2.21
03/09/2024 19:30:00;0.0;0.0;0.0;20.634999999999998;2.1399999999999997
03/09/2024 20:00:00;0.0;0.0;0.0;19.94;2.07
03/09/2024 20:30:00;0.0;0.0;0.0;19.295;2.0
03/09/2024 21:00:00;0.0;0.0;0.0;18.65;1.93
03/09/2024 21:30:00;0.0;0.0;0.0;18.04;1.795
03/09/2024 22:00:00;0.0;0.0;0.0;17.43;1.66
03/09/2024 22:30:00;0.0;0.0;0.0;16.92;1.66
03/09/2024 23:00:00;0.0;0.0;0.0;16.41;1.66
03/09/2024 23:30:00;0.0;0.0;0.0;15.985;1.69
04/09/2024 00:00:00;0.0;0.0;0.0;15.56;1.72
04/09/2024 00:30:00;0.0;0.0;0.0;15.265;1.72
04/09/2024 01:00:00;0.0;0.0;0.0;14.97;1.72
04/09/2024 01:30:00;0.0;0.0;0.0;14.91;1.585
04/09/2024 02:00:00;0.0;0.0;0.0;14.85;1.45
04/09/2024 02:30:00;0.0;0.0;0.0;15.05;1.275
04/09/2024 03:00:00;0.0;0.0;0.0;15.25;1.1
04/09/2024 03:30:00;0.0;0.0;0.0;15.555;1.0350000000000001
04/09/2024 04:00:00;0.0;0.0;0.0;15.86;0.97
04/09/2024 04:30:00;0.0;1.685;0.04;15.555;0.97
04/09/2024 05:00:00;0.0;3.37;0.08;15.25;0.97
04/09/2024 05:30:00;5.585;38.87499999999999;0.9849999999999999;15.004999999999999;1.0
04/09/2024 06:00:00;11.17;74.38;1.89;14.76;1.03
04/09/2024 06:30:00;145.09999999999997;89.145;4.32;16.145;1.065
04/09/2024 07:00:00;279.03;103.91;6.75;17.53;1.1
04/09/2024 07:30:00;360.005;126.195;8.25;18.71;1.3450000000000002
04/09/2024 08:00:00;440.98;148.48;9.75;19.89;1.59
04/09/2024 08:30:00;542.995;150.11;11.205;20.92;1.8650000000000002
04/09/2024 09:00:00;645.01;151.74;12.66;21.95;2.14
04/09/2024 09:30:00;694.875;162.84;13.525;22.9;2.24
04/09/2024 10:00:00;744.74;173.94;14.39;23.85;2.34
04/09/2024 10:30:00;758.0550000000001;184.70999999999998;14.74;24.68;2.375
04/09/2024 11:00:00;771.37;195.48;15.09;25.51;2.41
04/09/2024 11:30:00;772.8299999999999;190.31;15.030000000000001;26.175;2.4450000000000003
04/09/2024 12:00:00;774.29;185.14;14.97;26.84;2.48
04/09/2024 12:30:00;741.655;177.355;14.4;27.295;2.4450000000000003
04/09/2024 13:00:00;709.02;169.57;13.83;27.75;2.41
04/09/2024 13:30:00;644.14;159.755;12.775;27.994999999999997;2.41
04/09/2024 14:00:00;579.26;149.94;11.72;28.24;2.41
04/09/2024 14:30:00;481.455;141.54;10.21;28.299999999999997;2.41
04/09/2024 15:00:00;383.65;133.14;8.7;28.36;2.41
04/09/2024 15:30:00;282.46;117.095;6.984999999999999;28.174999999999997;2.3449999999999998
04/09/2024 16:00:00;181.27;101.05;5.27;27.99;2.28
04/09/2024 16:30:00;103.855;75.445;3.5799999999999996;27.335;1.9699999999999998
04/09/2024 17:00:00;26.44;49.84;1.89;26.68;1.66
04/09/2024 17:30:00;13.22;24.92;0.945;25.405;1.625
04/09/2024 18:00:00;0.0;0.0;0.0;24.13;1.59
04/09/2024 18:30:00;0.0;0.0;0.0;22.854999999999997;1.83
04/09/2024 19:00:00;0.0;0.0;0.0;21.58;2.07
04/09/2024 19:30:00;0.0;0.0;0.0;20.665;2.035
04/09/2024 20:00:00;0.0;0.0;0.0;19.75;2.0
04/09/2024 20:30:00;0.0;0.0;0.0;19.134999999999998;1.9649999999999999
04/09/2024 21:00:00;0.0;0.0;0.0;18.52;1.93
04/09/2024 21:30:00;0.0;0.0;0.0;18.125;1.825
04/09/2024 22:00:00;0.0;0.0;0.0;17.73;1.72
04/09/2024 22:30:00;0.0;0.0;0.0;17.450000000000003;1.62
04/09/2024 23:00:00;0.0;0.0;0.0;17.17;1.52
04/09/2024 23:30:00;0.0;0.0;0.0;17.060000000000002;1.415
05/09/2024 00:00:00;0.0;0.0;0.0;16.95;1.31
05/09/2024 00:30:00;0.0;0.0;0.0;17.025;1.205
05/09/2024 01:00:00;0.0;0.0;0.0;17.1;1.1
05/09/2024 01:30:00;0.0;0.0;0.0;17.12;1.0350000000000001
05/09/2024 02:00:00;0.0;0.0;0.0;17.14;0.97
05/09/2024 02:30:00;0.0;0.0;0.0;16.9;0.97
05/09/2024 03:00:00;0.0;0.0;0.0;16.66;0.97
05/09/2024 03:30:00;0.0;0.0;0.0;16.630000000000003;0.8999999999999999
05/09/2024 04:00:00;0.0;0.0;0.0;16.6;0.83
05/09/2024 04:30:00;0.0;2.945;0.07;16.44;0.83
05/09/2024 05:00:00;0.0;5.89;0.14;16.28;0.83
05/09/2024 05:30:00;45.55;33.815;1.6800000000000002;16.185000000000002;0.83
05/09/2024 06:00:00;91.1;61.74;3.22;16.09;0.83
05/09/2024 06:30:00;187.72500000000002;82.145;4.985;17.125;0.8999999999999999
05/09/2024 07:00:00;284.35;102.55;6.75;18.16;0.97
05/09/2024 07:30:00;331.08000000000004;141.055;8.030000000000001;19.380000000000003;1.0350000000000001
05/09/2024 08:00:00;377.81;179.56;9.31;20.6;1.1
05/09/2024 08:30:00;494.01;176.32;10.875;21.6;1.17
05/09/2024 09:00:00;610.21;173.08;12.44;22.6;1.24
05/09/2024 09:30:00;653.935;187.53500000000003;13.274999999999999;23.46;1.205
05/09/2024 10:00:00;697.66;201.99;14.11;24.32;1.17
05/09/2024 10:30:00;739.14;198.075;14.620000000000001;25.08;1.17
05/09/2024 11:00:00;780.62;194.16;15.13;25.84;1.17
05/09/2024 11:30:00;766.95;197.245;14.99;26.439999999999998;1.205
05/09/2024 12:00:00;753.28;200.33;14.85;27.04;1.24
05/09/2024 12:30:00;735.065;184.84;14.36;27.515;1.24
05/09/2024 13:00:00;716.85;169.35;13.87;27.99;1.24
05/09/2024 13:30:00;640.9100000000001;164.29;12.735;28.265;1.205
05/09/2024 14:00:00;564.97;159.23;11.6;28.54;1.17
05/09/2024 14:30:00;476.425;146.055;10.149999999999999;28.619999999999997;1.135
05/09/2024 15:00:00;387.88;132.88;8.7;28.7;1.1
05/09/2024 15:30:00;288.91499999999996;114.895;6.994999999999999;28.549999999999997;1.065
05/09/2024 16:00:00;189.95;96.91;5.29;28.4;1.03
05/09/2024 16:30:00;110.13499999999999;71.15;3.59;27.64;0.9299999999999999
05/09/2024 17:00:00;30.32;45.39;1.89;26.88;0.83
05/09/2024 17:30:00;15.16;22.695;0.945;26.325;0.8999999999999999
05/09/2024 18:00:00;0.0;0.0;0.0;25.77;0.97
05/09/2024 18:30:00;0.0;0.0;0.0;23.73;1.415
05/09/2024 19:00:00;0.0;0.0;0.0;21.69;1.86
05/09/2024 19:30:00;0.0;0.0;0.0;20.755000000000003;1.8250000000000002
05/09/2024 20:00:00;0.0;0.0;0.0;19.82;1.79
05/09/2024 20:30:00;0.0;0.0;0.0;19.255000000000003;1.755
05/09/2024 21:00:00;0.0;0.0;0.0;18.69;1.72
05/09/2024 21:30:00;0.0;0.0;0.0;18.520000000000003;1.585
05/09/2024 22:00:00;0.0;0.0;0.0;18.35;1.45
05/09/2024 22:30:00;0.0;0.0;0.0;18.33;1.31
05/09/2024 23:00:00;0.0;0.0;0.0;18.31;1.17
05/09/2024 23:30:00;0.0;0.0;0.0;18.185;1.1
06/09/2024 00:00:00;0.0;0.0;0.0;18.06;1.03
06/09/2024 00:30:00;0.0;0.0;0.0;17.83;0.9650000000000001
06/09/2024 01:00:00;0.0;0.0;0.0;17.6;0.9
06/09/2024 01:30:00;0.0;0.0;0.0;17.275;0.9
06/09/2024 02:00:00;0.0;0.0;0.0;16.95;0.9
06/09/2024 02:30:00;0.0;0.0;0.0;16.674999999999997;0.9
06/09/2024 03:00:00;0.0;0.0;0.0;16.4;0.9
06/09/2024 03:30:00;0.0;0.0;0.0;16.195;0.865
06/09/2024 04:00:00;0.0;0.0;0.0;15.99;0.83
06/09/2024 04:30:00;0.0;1.685;0.04;15.815000000000001;0.83
06/09/2024 05:00:00;0.0;3.37;0.08;15.64;0.83
06/09/2024 05:30:00;43.55;33.64;1.61;15.754999999999999;0.725
06/09/2024 06:00:00;87.1;63.91;3.14;15.87;0.62
06/09/2024 06:30:00;181.92000000000002;85.47999999999999;4.8950000000000005;16.69;0.62
06/09/2024 07:00:00;276.74;107.05;6.65;17.51;0.62
06/09/2024 07:30:00;381.22;119.785;8.33;19.025;0.655
06/09/2024 08:00:00;485.7;132.52;10.01;20.54;0.69
06/09/2024 08:30:00;551.16;152.695;11.235;21.6;0.725
06/09/2024 09:00:00;616.62;172.87;12.46;22.66;0.76
06/09/2024 09:30:00;682.14;176.485;13.425;23.55;0.725
06/09/2024 10:00:00;747.66;180.1;14.39;24.44;0.69
06/09/2024 10:30:00;767.5;187.62;14.780000000000001;25.145000000000003;0.69
06/09/2024 11:00:00;787.34;195.14;15.17;25.85;0.69
06/09/2024 11:30:00;773.605;198.245;15.030000000000001;26.415;0.83
06/09/2024 12:00:00;759.87;201.35;14.89;26.98;0.97
06/09/2024 12:30:00;727.89;192.36;14.31;27.365000000000002;1.105
06/09/2024 13:00:00;695.91;183.37;13.73;27.75;1.24
06/09/2024 13:30:00;638.69;167.93;12.695;27.96;1.31
06/09/2024 14:00:00;581.47;152.49;11.66;28.17;1.38
06/09/2024 14:30:00;489.94000000000005;140.47;10.190000000000001;28.200000000000003;1.345
06/09/2024 15:00:00;398.41;128.45;8.72;28.23;1.31
06/09/2024 15:30:00;292.42;113.365;6.965;28.07;1.24
06/09/2024 16:00:00;186.43;98.28;5.21;27.91;1.17
06/09/2024 16:30:00;107.525;71.46000000000001;3.51;27.2;0.9299999999999999
06/09/2024 17:00:00;28.62;44.64;1.81;26.49;0.69
06/09/2024 17:30:00;14.31;22.32;0.905;26.2;0.76
06/09/2024 18:00:00;0.0;0.0;0.0;25.91;0.83
06/09/2024 18:30:00;0.0;0.0;0.0;24.795;0.9650000000000001
06/09/2024 19:00:00;0.0;0.0;0.0;23.68;1.1
06/09/2024 19:30:00;0.0;0.0;0.0;22.545;1.24
06/09/2024 20:00:00;0.0;0.0;0.0;21.41;1.38
06/09/2024 20:30:00;0.0;0.0;0.0;20.755000000000003;1.345
06/09/2024 21:00:00;0.0;0.0;0.0;20.1;1.31
06/09/2024 21:30:00;0.0;0.0;0.0;19.86;1.24
06/09/2024 22:00:00;0.0;0.0;0.0;19.62;1.17
06/09/2024 22:30:00;0.0;0.0;0.0;19.395000000000003;1.1
06/09/2024 23:00:00;0.0;0.0;0.0;19.17;1.03
06/09/2024 23:30:00;0.0;0.0;0.0;19.020000000000003;1.0
07/09/2024 00:00:00;0.0;0.0;0.0;18.87;0.97
07/09/2024 00:30:00;0.0;0.0;0.0;18.634999999999998;0.935
07/09/2024 01:00:00;0.0;0.0;0.0;18.4;0.9
07/09/2024 01:30:00;0.0;0.0;0.0;18.215;0.865
07/09/2024 02:00:00;0.0;0.0;0.0;18.03;0.83
07/09/2024 02:30:00;0.0;0.0;0.0;17.855;0.83
07/09/2024 03:00:00;0.0;0.0;0.0;17.68;0.83
07/09/2024 03:30:00;0.0;0.0;0.0;17.505;0.7949999999999999
07/09/2024 04:00:00;0.0;0.0;0.0;17.33;0.76
07/09/2024 04:30:00;0.0;1.26;0.03;17.165;0.76
07/09/2024 05:00:00;0.0;2.52;0.06;17.0;0.76
07/09/2024 05:30:00;40.485;33.269999999999996;1.5150000000000001;17.09;0.655
07/09/2024 06:00:00;80.97;64.02;2.97;17.18;0.55
07/09/2024 06:30:00;173.765;85.52;4.7;17.939999999999998;0.585
07/09/2024 07:00:00;266.56;107.02;6.43;18.7;0.62
07/09/2024 07:30:00;369.095;120.285;8.09;20.155;0.62
07/09/2024 08:00:00;471.63;133.55;9.75;21.61;0.62
07/09/2024 08:30:00;553.265;145.065;11.065000000000001;22.655;0.585
07/09/2024 09:00:00;634.9;156.58;12.38;23.7;0.55
07/09/2024 09:30:00;689.385;164.925;13.265;24.605;0.41500000000000004
07/09/2024 10:00:00;743.87;173.27;14.15;25.51;0.28
07/09/2024 10:30:00;764.35;180.215;14.54;26.23;0.14
07/09/2024 11:00:00;784.83;187.16;14.93;26.95;0.0
07/09/2024 11:30:00;770.37;190.26;14.780000000000001;27.509999999999998;0.14
07/09/2024 12:00:00;755.91;193.36;14.63;28.07;0.28
07/09/2024 12:30:00;723.26;184.965;14.05;28.455;0.41500000000000004
07/09/2024 13:00:00;690.61;176.57;13.47;28.84;0.55
07/09/2024 13:30:00;626.9000000000001;165.57;12.415;29.045;0.655
07/09/2024 14:00:00;563.19;154.57;11.36;29.25;0.76
07/09/2024 14:30:00;473.66;141.43;9.899999999999999;29.285;0.725
07/09/2024 15:00:00;384.13;128.29;8.44;29.32;0.69
07/09/2024 15:30:00;280.64;112.74;6.71;29.15;0.655
07/09/2024 16:00:00;177.15;97.19;4.98;28.98;0.62
07/09/2024 16:30:00;100.565;70.55;3.3150000000000004;28.3;0.55
07/09/2024 17:00:00;23.98;43.91;1.65;27.62;0.48
07/09/2024 17:30:00;11.99;21.955;0.825;27.46;0.515
07/09/2024 18:00:00;0.0;0.0;0.0;27.3;0.55
07/09/2024 18:30:00;0.0;0.0;0.0;26.175;0.79
07/09/2024 19:00:00;0.0;0.0;0.0;25.05;1.03
07/09/2024 19:30:00;0.0;0.0;0.0;24.935000000000002;1.0
07/09/2024 20:00:00;0.0;0.0;0.0;24.82;0.97
07/09/2024 20:30:00;0.0;0.0;0.0;24.314999999999998;0.935
07/09/2024 21:00:00;0.0;0.0;0.0;23.81;0.9
07/09/2024 21:30:00;0.0;0.0;0.0;23.255;0.9
07/09/2024 22:00:00;0.0;0.0;0.0;22.7;0.9
07/09/2024 22:30:00;0.0;0.0;0.0;22.14;0.8300000000000001
07/09/2024 23:00:00;0.0;0.0;0.0;21.58;0.76
07/09/2024 23:30:00;0.0;0.0;0.0;21.11;0.725
08/09/2024 00:00:00;0.0;0.0;0.0;20.64;0.69
08/09/2024 00:30:00;0.0;0.0;0.0;20.21;0.69
08/09/2024 01:00:00;0.0;0.0;0.0;19.78;0.69
08/09/2024 01:30:00;0.0;0.0;0.0;19.495;0.725
08/09/2024 02:00:00;0.0;0.0;0.0;19.21;0.76
08/09/2024 02:30:00;0.0;0.0;0.0;18.985;0.76
08/09/2024 03:00:00;0.0;0.0;0.0;18.76;0.76
08/09/2024 03:30:00;0.0;0.0;0.0;18.560000000000002;0.7949999999999999
08/09/2024 04:00:00;0.0;0.0;0.0;18.36;0.83
08/09/2024 04:30:00;0.0;0.42;0.01;18.185000000000002;0.865
08/09/2024 05:00:00;0.0;0.84;0.02;18.01;0.9
08/09/2024 05:30:00;38.3;32.99;1.445;18.125;0.865
08/09/2024 06:00:00;76.6;65.14;2.87;18.24;0.83
08/09/2024 06:30:00;166.99;87.705;4.58;19.195;0.655
08/09/2024 07:00:00;257.38;110.27;6.29;20.15;0.48
08/09/2024 07:30:00;359.29499999999996;123.09;7.93;21.869999999999997;0.48
08/09/2024 08:00:00;461.21;135.91;9.57;23.59;0.48
08/09/2024 08:30:00;545.47;146.415;10.905000000000001;24.615000000000002;0.44499999999999995
08/09/2024 09:00:00;629.73;156.92;12.24;25.64;0.41
08/09/2024 09:30:00;676.895;169.14999999999998;13.085;26.345;0.345
08/09/2024 10:00:00;724.06;181.38;13.93;27.05;0.28
08/09/2024 10:30:00;736.4449999999999;191.52499999999998;14.26;27.555;0.345
08/09/2024 11:00:00;748.83;201.67;14.59;28.06;0.41
08/09/2024 11:30:00;727.6400000000001;208.45499999999998;14.41;28.445;0.515
08/09/2024 12:00:00;706.45;215.24;14.23;28.83;0.62
08/09/2024 12:30:00;624.815;228.29000000000002;13.335;29.07;0.69
08/09/2024 13:00:00;543.18;241.34;12.44;29.31;0.76
08/09/2024 13:30:00;455.115;237.35500000000002;11.184999999999999;29.4;0.76
08/09/2024 14:00:00;367.05;233.37;9.93;29.49;0.76
08/09/2024 14:30:00;372.13;180.95499999999998;9.105;29.479999999999997;0.725
08/09/2024 15:00:00;377.21;128.54;8.28;29.47;0.69
08/09/2024 15:30:00;271.28999999999996;113.77;6.529999999999999;29.314999999999998;0.655
08/09/2024 16:00:00;165.37;99.0;4.78;29.16;0.62
08/09/2024 16:30:00;94.51;70.16;3.1750000000000003;28.84;0.55
08/09/2024 17:00:00;23.65;41.32;1.57;28.52;0.48
08/09/2024 17:30:00;11.825;20.66;0.785;28.305;0.515
08/09/2024 18:00:00;0.0;0.0;0.0;28.09;0.55
08/09/2024 18:30:00;0.0;0.0;0.0;26.18;1.0350000000000001
08/09/2024 19:00:00;0.0;0.0;0.0;24.27;1.52
08/09/2024 19:30:00;0.0;0.0;0.0;23.705;1.52
08/09/2024 20:00:00;0.0;0.0;0.0;23.14;1.52
08/09/2024 20:30:00;0.0;0.0;0.0;22.755000000000003;1.4849999999999999
08/09/2024 21:00:00;0.0;0.0;0.0;22.37;1.45
08/09/2024 21:30:00;0.0;0.0;0.0;22.405;1.275
08/09/2024 22:00:00;0.0;0.0;0.0;22.44;1.1
08/09/2024 22:30:00;0.0;0.0;0.0;22.6;0.9650000000000001
08/09/2024 23:00:00;0.0;0.0;0.0;22.76;0.83
08/09/2024 23:30:00;0.0;0.0;0.0;22.43;0.655
09/09/2024 00:00:00;0.0;0.0;0.0;22.1;0.48
09/09/2024 00:30:00;0.0;0.0;0.0;21.810000000000002;0.41000000000000003
09/09/2024 01:00:00;0.0;0.0;0.0;21.52;0.34
09/09/2024 01:30:00;0.0;0.0;0.0;21.25;0.375
09/09/2024 02:00:00;0.0;0.0;0.0;20.98;0.41
09/09/2024 02:30:00;0.0;0.0;0.0;20.695;0.515
09/09/2024 03:00:00;0.0;0.0;0.0;20.41;0.62
09/09/2024 03:30:00;0.0;0.0;0.0;20.175;0.655
09/09/2024 04:00:00;0.0;0.0;0.0;19.94;0.69
09/09/2024 04:30:00;0.0;0.0;0.0;19.700000000000003;0.725
09/09/2024 05:00:00;0.0;0.0;0.0;19.46;0.76
09/09/2024 05:30:00;39.625;31.38;1.415;19.39;0.655
09/09/2024 06:00:00;79.25;62.76;2.83;19.32;0.55
09/09/2024 06:30:00;169.15;85.76;4.53;20.185000000000002;0.41500000000000004
09/09/2024 07:00:00;259.05;108.76;6.23;21.05;0.28
09/09/2024 07:30:00;357.435;124.225;7.86;22.59;0.21000000000000002
09/09/2024 08:00:00;455.82;139.69;9.49;24.13;0.14
09/09/2024 08:30:00;538.835;150.805;10.815000000000001;25.04;0.10500000000000001
09/09/2024 09:00:00;621.85;161.92;12.14;25.95;0.07
09/09/2024 09:30:00;674.345;171.435;13.015;26.695;0.07
09/09/2024 10:00:00;726.84;180.95;13.89;27.44;0.07
09/09/2024 10:30:00;738.505;192.29;14.23;27.87;0.07
09/09/2024 11:00:00;750.17;203.63;14.57;28.3;0.07
09/09/2024 11:30:00;649.51;243.225;13.875;28.595;0.14
09/09/2024 12:00:00;548.85;282.82;13.18;28.89;0.21
09/09/2024 12:30:00;610.375;232.87;13.17;29.005000000000003;0.175
09/09/2024 13:00:00;671.9;182.92;13.16;29.12;0.14
09/09/2024 13:30:00;604.2;173.39;12.075;29.35;0.21000000000000002
09/09/2024 14:00:00;536.5;163.86;10.99;29.58;0.28
09/09/2024 14:30:00;449.54499999999996;148.91500000000002;9.545;29.57;0.31000000000000005
09/09/2024 15:00:00;362.59;133.97;8.1;29.56;0.34
09/09/2024 15:30:00;264.995;115.27;6.41;29.415;0.41000000000000003
09/09/2024 16:00:00;167.4;96.57;4.72;29.27;0.48
09/09/2024 16:30:00;93.105;68.55499999999999;3.065;28.77;0.55
09/09/2024 17:00:00;18.81;40.54;1.41;28.27;0.62
09/09/2024 17:30:00;9.405;20.27;0.705;27.845;0.76
09/09/2024 18:00:00;0.0;0.0;0.0;27.42;0.9
09/09/2024 18:30:00;0.0;0.0;0.0;26.29;1.14
09/09/2024 19:00:00;0.0;0.0;0.0;25.16;1.38
09/09/2024 19:30:00;0.0;0.0;0.0;24.735;1.345
09/09/2024 20:00:00;0.0;0.0;0.0;24.31;1.31
09/09/2024 20:30:00;0.0;0.0;0.0;23.835;1.275
09/09/2024 21:00:00;0.0;0.0;0.0;23.36;1.24
09/09/2024 21:30:00;0.0;0.0;0.0;23.15;1.17
09/09/2024 22:00:00;0.0;0.0;0.0;22.94;1.1
09/09/2024 22:30:00;0.0;0.0;0.0;22.86;1.0350000000000001
09/09/2024 23:00:00;0.0;0.0;0.0;22.78;0.97
09/09/2024 23:30:00;0.0;0.0;0.0;22.415;0.8999999999999999
10/09/2024 00:00:00;0.0;0.0;0.0;22.05;0.83
10/09/2024 00:30:00;0.0;0.0;0.0;21.759999999999998;0.76
10/09/2024 01:00:00;0.0;0.0;0.0;21.47;0.69
10/09/2024 01:30:00;0.0;0.0;0.0;21.229999999999997;0.585
10/09/2024 02:00:00;0.0;0.0;0.0;20.99;0.48
10/09/2024 02:30:00;0.0;0.0;0.0;20.78;0.515
10/09/2024 03:00:00;0.0;0.0;0.0;20.57;0.55
10/09/2024 03:30:00;0.0;0.0;0.0;20.37;0.62
10/09/2024 04:00:00;0.0;0.0;0.0;20.17;0.69
10/09/2024 04:30:00;0.0;0.0;0.0;19.83;0.76
10/09/2024 05:00:00;0.0;0.0;0.0;19.49;0.83
10/09/2024 05:30:00;39.43;31.075;1.385;19.335;0.69
10/09/2024 06:00:00;78.86;62.15;2.77;19.18;0.55
10/09/2024 06:30:00;172.91500000000002;84.345;4.51;19.72;0.34500000000000003
10/09/2024 07:00:00;266.97;106.54;6.25;20.26;0.14
10/09/2024 07:30:00;367.145;121.41499999999999;7.89;21.995;0.24000000000000002
10/09/2024 08:00:00;467.32;136.29;9.53;23.73;0.34
10/09/2024 08:30:00;552.615;146.21499999999997;10.864999999999998;24.700000000000003;0.41000000000000003
10/09/2024 09:00:00;637.91;156.14;12.2;25.67;0.48
10/09/2024 09:30:00;691.88;165.075;13.085;26.450000000000003;0.44499999999999995
10/09/2024 10:00:00;745.85;174.01;13.97;27.23;0.41
10/09/2024 10:30:00;750.725;188.71499999999997;14.27;27.84;0.31
10/09/2024 11:00:00;755.6;203.42;14.57;28.45;0.21
10/09/2024 11:30:00;748.415;202.045;14.45;28.95;0.14
10/09/2024 12:00:00;741.23;200.67;14.33;29.45;0.07
10/09/2024 12:30:00;708.54;191.65499999999997;13.735;29.755;0.10500000000000001
10/09/2024 13:00:00;675.85;182.64;13.14;30.06;0.14
10/09/2024 13:30:00;607.335;173.08499999999998;12.045;30.215;0.21000000000000002
10/09/2024 14:00:00;538.82;163.53;10.95;30.37;0.28
10/09/2024 14:30:00;454.83500000000004;147.08499999999998;9.524999999999999;30.365000000000002;0.31000000000000005
10/09/2024 15:00:00;370.85;130.64;8.1;30.36;0.34
10/09/2024 15:30:00;270.775;112.44;6.39;30.185000000000002;0.34
10/09/2024 16:00:00;170.7;94.24;4.68;30.01;0.34
10/09/2024 16:30:00;94.56;66.09;3.005;29.435000000000002;0.48
10/09/2024 17:00:00;18.42;37.94;1.33;28.86;0.62
10/09/2024 17:30:00;9.21;18.97;0.665;28.045;0.8600000000000001
10/09/2024 18:00:00;0.0;0.0;0.0;27.23;1.1
10/09/2024 18:30:00;0.0;0.0;0.0;25.98;1.275
10/09/2024 19:00:00;0.0;0.0;0.0;24.73;1.45
10/09/2024 19:30:00;0.0;0.0;0.0;24.165;1.45
10/09/2024 20:00:00;0.0;0.0;0.0;23.6;1.45
10/09/2024 20:30:00;0.0;0.0;0.0;23.035;1.415
10/09/2024 21:00:00;0.0;0.0;0.0;22.47;1.38
10/09/2024 21:30:00;0.0;0.0;0.0;22.275;1.24
10/09/2024 22:00:00;0.0;0.0;0.0;22.08;1.1
10/09/2024 22:30:00;0.0;0.0;0.0;22.189999999999998;0.9650000000000001
10/09/2024 23:00:00;0.0;0.0;0.0;22.3;0.83
10/09/2024 23:30:00;0.0;0.0;0.0;21.93;0.725
11/09/2024 00:00:00;0.0;0.0;0.0;21.56;0.62
11/09/2024 00:30:00;0.0;0.0;0.0;21.2;0.62
11/09/2024 01:00:00;0.0;0.0;0.0;20.84;0.62
11/09/2024 01:30:00;0.0;0.0;0.0;20.535;0.585
11/09/2024 02:00:00;0.0;0.0;0.0;20.23;0.55
11/09/2024 02:30:00;0.0;0.0;0.0;19.93;0.62
11/09/2024 03:00:00;0.0;0.0;0.0;19.63;0.69
11/09/2024 03:30:00;0.0;0.0;0.0;19.445;0.725
11/09/2024 04:00:00;0.0;0.0;0.0;19.26;0.76
11/09/2024 04:30:00;0.0;0.0;0.0;19.12;0.8300000000000001
11/09/2024 05:00:00;0.0;0.0;0.0;18.98;0.9
11/09/2024 05:30:00;39.77;30.805;1.365;19.04;0.865
11/09/2024 06:00:00;79.54;61.61;2.73;19.1;0.83
11/09/2024 06:30:00;172.29000000000002;83.745;4.44;19.735;0.69
11/09/2024 07:00:00;265.04;105.88;6.15;20.37;0.55
11/09/2024 07:30:00;364.79;120.725;7.78;22.265;0.55
11/09/2024 08:00:00;464.54;135.57;9.41;24.16;0.55
11/09/2024 08:30:00;549.29;146.07;10.745000000000001;25.295;0.585
11/09/2024 09:00:00;634.04;156.57;12.08;26.43;0.62
11/09/2024 09:30:00;681.255;168.84;12.925;27.32;0.55
11/09/2024 10:00:00;728.47;181.11;13.77;28.21;0.48
11/09/2024 10:30:00;740.03;191.885;14.1;28.91;0.48
11/09/2024 11:00:00;751.59;202.66;14.43;29.61;0.48
11/09/2024 11:30:00;730.1;208.91;14.24;30.005;0.44499999999999995
11/09/2024 12:00:00;708.61;215.16;14.05;30.4;0.41
11/09/2024 12:30:00;664.51;211.32999999999998;13.385000000000002;30.655;0.5499999999999999
11/09/2024 13:00:00;620.41;207.5;12.72;30.91;0.69
11/09/2024 13:30:00;566.81;190.375;11.705;31.03;0.76
11/09/2024 14:00:00;513.21;173.25;10.69;31.15;0.83
11/09/2024 14:30:00;382.17;173.89499999999998;8.92;31.08;0.8999999999999999
11/09/2024 15:00:00;251.13;174.54;7.15;31.01;0.97
11/09/2024 15:30:00;203.01999999999998;136.175;5.805;30.71;1.0350000000000001
11/09/2024 16:00:00;154.91;97.81;4.46;30.41;1.1
11/09/2024 16:30:00;86.08;67.02;2.855;29.66;1.135
11/09/2024 17:00:00;17.25;36.23;1.25;28.91;1.17
11/09/2024 17:30:00;8.625;18.115;0.625;28.045;1.17
11/09/2024 18:00:00;0.0;0.0;0.0;27.18;1.17
11/09/2024 18:30:00;0.0;0.0;0.0;26.18;1.275
11/09/2024 19:00:00;0.0;0.0;0.0;25.18;1.38
11/09/2024 19:30:00;0.0;0.0;0.0;24.345;1.45
11/09/2024 20:00:00;0.0;0.0;0.0;23.51;1.52
11/09/2024 20:30:00;0.0;0.0;0.0;22.985;1.4849999999999999
11/09/2024 21:00:00;0.0;0.0;0.0;22.46;1.45
11/09/2024 21:30:00;0.0;0.0;0.0;22.205;1.345
11/09/2024 22:00:00;0.0;0.0;0.0;21.95;1.24
11/09/2024 22:30:00;0.0;0.0;0.0;21.71;1.17
11/09/2024 23:00:00;0.0;0.0;0.0;21.47;1.1
11/09/2024 23:30:00;0.0;0.0;0.0;21.16;1.065
12/09/2024 00:00:00;0.0;0.0;0.0;20.85;1.03
12/09/2024 00:30:00;0.0;0.0;0.0;20.335;1.065
12/09/2024 01:00:00;0.0;0.0;0.0;19.82;1.1
12/09/2024 01:30:00;0.0;0.0;0.0;19.505000000000003;1.1
12/09/2024 02:00:00;0.0;0.0;0.0;19.19;1.1
12/09/2024 02:30:00;0.0;0.0;0.0;18.91;1.135
12/09/2024 03:00:00;0.0;0.0;0.0;18.63;1.17
12/09/2024 03:30:00;0.0;0.0;0.0;18.435;1.17
12/09/2024 04:00:00;0.0;0.0;0.0;18.24;1.17
12/09/2024 04:30:00;0.0;0.0;0.0;18.009999999999998;1.17
12/09/2024 05:00:00;0.0;0.0;0.0;17.78;1.17
12/09/2024 05:30:00;5.495;31.52;0.795;17.945;1.135
12/09/2024 06:00:00;10.99;63.04;1.59;18.11;1.1
12/09/2024 06:30:00;131.305;85.955;3.7700000000000005;19.48;0.93
12/09/2024 07:00:00;251.62;108.87;5.95;20.85;0.76
12/09/2024 07:30:00;269.765;154.78;7.015000000000001;22.310000000000002;0.725
12/09/2024 08:00:00;287.91;200.69;8.08;23.77;0.69
12/09/2024 08:30:00;415.75;197.09;9.73;24.775;1.0
12/09/2024 09:00:00;543.59;193.49;11.38;25.78;1.31
12/09/2024 09:30:00;621.7950000000001;191.11;12.405000000000001;26.405;1.24
12/09/2024 10:00:00;700.0;188.73;13.43;27.03;1.17
12/09/2024 10:30:00;686.125;210.95999999999998;13.61;27.335;0.9299999999999999
12/09/2024 11:00:00;672.25;233.19;13.79;27.64;0.69
12/09/2024 11:30:00;552.225;272.84000000000003;12.925;28.095;0.725
12/09/2024 12:00:00;432.2;312.49;12.06;28.55;0.76
12/09/2024 12:30:00;543.82;248.29000000000002;12.4;28.73;1.105
12/09/2024 13:00:00;655.44;184.09;12.74;28.91;1.45
12/09/2024 13:30:00;555.9200000000001;188.01;11.455;28.865000000000002;1.62
12/09/2024 14:00:00;456.4;191.93;10.17;28.82;1.79
12/09/2024 14:30:00;398.645;163.82;8.905;28.715;1.79
12/09/2024 15:00:00;340.89;135.71;7.64;28.61;1.79
12/09/2024 15:30:00;268.41999999999996;107.83500000000001;6.17;28.4;1.79
12/09/2024 16:00:00;195.95;79.96;4.7;28.19;1.79
12/09/2024 16:30:00;105.19999999999999;57.22;2.915;27.455;1.55
12/09/2024 17:00:00;14.45;34.48;1.13;26.72;1.31
12/09/2024 17:30:00;7.225;17.24;0.565;25.939999999999998;1.38
12/09/2024 18:00:00;0.0;0.0;0.0;25.16;1.45
12/09/2024 18:30:00;0.0;0.0;0.0;24.22;1.62
12/09/2024 19:00:00;0.0;0.0;0.0;23.28;1.79
12/09/2024 19:30:00;0.0;0.0;0.0;22.525;1.895
12/09/2024 20:00:00;0.0;0.0;0.0;21.77;2.0
12/09/2024 20:30:00;0.0;0.0;0.0;21.34;2.035
12/09/2024 21:00:00;0.0;0.0;0.0;20.91;2.07
12/09/2024 21:30:00;0.0;0.0;0.0;20.57;1.9649999999999999
12/09/2024 22:00:00;0.0;0.0;0.0;20.23;1.86
12/09/2024 22:30:00;0.0;0.0;0.0;19.895;1.69
12/09/2024 23:00:00;0.0;0.0;0.0;19.56;1.52
12/09/2024 23:30:00;0.0;0.0;0.0;19.17;1.38
13/09/2024 00:00:00;0.0;0.0;0.0;18.78;1.24
13/09/2024 00:30:00;0.0;0.0;0.0;18.6;1.035
13/09/2024 01:00:00;0.0;0.0;0.0;18.42;0.83
13/09/2024 01:30:00;0.0;0.0;0.0;18.165;0.9299999999999999
13/09/2024 02:00:00;0.0;0.0;0.0;17.91;1.03
13/09/2024 02:30:00;0.0;0.0;0.0;17.605;1.17
13/09/2024 03:00:00;0.0;0.0;0.0;17.3;1.31
13/09/2024 03:30:00;0.0;0.0;0.0;17.355;1.38
13/09/2024 04:00:00;0.0;0.0;0.0;17.41;1.45
13/09/2024 04:30:00;0.0;0.0;0.0;17.259999999999998;1.52
13/09/2024 05:00:00;0.0;0.0;0.0;17.11;1.59
13/09/2024 05:30:00;5.625;31.105;0.785;17.225;1.4849999999999999
13/09/2024 06:00:00;11.25;62.21;1.57;17.34;1.38
13/09/2024 06:30:00;5.625;67.96;1.6099999999999999;17.869999999999997;1.035
13/09/2024 07:00:00;0.0;73.71;1.65;18.4;0.69
13/09/2024 07:30:00;21.405;137.995;3.335;18.615;0.655
13/09/2024 08:00:00;42.81;202.28;5.02;18.83;0.62
13/09/2024 08:30:00;30.255000000000003;213.83499999999998;5.135;18.985;0.76
13/09/2024 09:00:00;17.7;225.39;5.25;19.14;0.9
13/09/2024 09:30:00;52.084999999999994;266.275;6.535;19.405;0.9650000000000001
13/09/2024 10:00:00;86.47;307.16;7.82;19.67;1.03
13/09/2024 10:30:00;85.91499999999999;314.75;7.98;19.990000000000002;1.17
13/09/2024 11:00:00;85.36;322.34;8.14;20.31;1.31
13/09/2024 11:30:00;66.75;310.125;7.665000000000001;20.439999999999998;1.4500000000000002
13/09/2024 12:00:00;48.14;297.91;7.19;20.57;1.59
13/09/2024 12:30:00;128.05;303.04;8.195;20.71;1.625
13/09/2024 13:00:00;207.96;308.17;9.2;20.85;1.66
13/09/2024 13:30:00;126.285;269.375;7.435;20.98;1.555
13/09/2024 14:00:00;44.61;230.58;5.67;21.11;1.45
13/09/2024 14:30:00;40.76;201.53500000000003;4.984999999999999;21.16;1.31
13/09/2024 15:00:00;36.91;172.49;4.3;21.21;1.17
13/09/2024 15:30:00;19.689999999999998;125.47;3.045;21.085;1.17
13/09/2024 16:00:00;2.47;78.45;1.79;20.96;1.17
13/09/2024 16:30:00;1.645;50.39;1.155;20.8;1.135
13/09/2024 17:00:00;0.82;22.33;0.52;20.64;1.1
13/09/2024 17:30:00;0.41;11.165;0.26;20.189999999999998;1.0350000000000001
13/09/2024 18:00:00;0.0;0.0;0.0;19.74;0.97
13/09/2024 18:30:00;0.0;0.0;0.0;19.295;0.865
13/09/2024 19:00:00;0.0;0.0;0.0;18.85;0.76
13/09/2024 19:30:00;0.0;0.0;0.0;18.545;0.895
13/09/2024 20:00:00;0.0;0.0;0.0;18.24;1.03
13/09/2024 20:30:00;0.0;0.0;0.0;18.02;1.065
13/09/2024 21:00:00;0.0;0.0;0.0;17.8;1.1
13/09/2024 21:30:00;0.0;0.0;0.0;17.505000000000003;1.065
13/09/2024 22:00:00;0.0;0.0;0.0;17.21;1.03
13/09/2024 22:30:00;0.0;0.0;0.0;17.12;0.9650000000000001
13/09/2024 23:00:00;0.0;0.0;0.0;17.03;0.9
13/09/2024 23:30:00;0.0;0.0;0.0;17.0;0.8300000000000001
14/09/2024 00:00:00;0.0;0.0;0.0;16.97;0.76
14/09/2024 00:30:00;0.0;0.0;0.0;17.049999999999997;0.69
14/09/2024 01:00:00;0.0;0.0;0.0;17.13;0.62
14/09/2024 01:30:00;0.0;0.0;0.0;16.985;0.655
14/09/2024 02:00:00;0.0;0.0;0.0;16.84;0.69
14/09/2024 02:30:00;0.0;0.0;0.0;16.525;0.76
14/09/2024 03:00:00;0.0;0.0;0.0;16.21;0.83
14/09/2024 03:30:00;0.0;0.0;0.0;15.73;0.9299999999999999
14/09/2024 04:00:00;0.0;0.0;0.0;15.25;1.03
14/09/2024 04:30:00;0.0;0.0;0.0;14.86;1.135
14/09/2024 05:00:00;0.0;0.0;0.0;14.47;1.24
14/09/2024 05:30:00;1.725;25.77;0.605;14.635000000000002;1.135
14/09/2024 06:00:00;3.45;51.54;1.21;14.8;1.03
14/09/2024 06:30:00;3.675;77.67;1.79;15.68;0.9650000000000001
14/09/2024 07:00:00;3.9;103.8;2.37;16.56;0.9
14/09/2024 07:30:00;3.3;126.66499999999999;2.875;17.259999999999998;1.035
14/09/2024 08:00:00;2.7;149.53;3.38;17.96;1.17
14/09/2024 08:30:00;1.35;147.125;3.31;18.700000000000003;1.415
14/09/2024 09:00:00;0.0;144.72;3.24;19.44;1.66
14/09/2024 09:30:00;12.425;205.89999999999998;4.745;20.145000000000003;1.725
14/09/2024 10:00:00;24.85;267.08;6.25;20.85;1.79
14/09/2024 10:30:00;157.11999999999998;305.765;8.559999999999999;21.3;1.69
14/09/2024 11:00:00;289.39;344.45;10.87;21.75;1.59
14/09/2024 11:30:00;468.405;290.205;12.114999999999998;22.045;1.59
14/09/2024 12:00:00;647.42;235.96;13.36;22.34;1.59
14/09/2024 12:30:00;652.035;209.585;12.98;22.740000000000002;1.76
14/09/2024 13:00:00;656.65;183.21;12.6;23.14;1.93
14/09/2024 13:30:00;510.11;203.2;10.995000000000001;23.28;2.0
14/09/2024 14:00:00;363.57;223.19;9.39;23.42;2.07
14/09/2024 14:30:00;254.95499999999998;205.33499999999998;7.66;23.375;2.1399999999999997
14/09/2024 15:00:00;146.34;187.48;5.93;23.33;2.21
14/09/2024 15:30:00;87.565;145.495;4.31;23.064999999999998;2.245
14/09/2024 16:00:00;28.79;103.51;2.69;22.8;2.28
14/09/2024 16:30:00;15.665;64.54;1.665;22.384999999999998;2.245
14/09/2024 17:00:00;2.54;25.57;0.64;21.97;2.21
14/09/2024 17:30:00;1.27;12.785;0.32;21.25;2.245
14/09/2024 18:00:00;0.0;0.0;0.0;20.53;2.28
14/09/2024 18:30:00;0.0;0.0;0.0;20.05;2.0
14/09/2024 19:00:00;0.0;0.0;0.0;19.57;1.72
14/09/2024 19:30:00;0.0;0.0;0.0;19.09;1.69
14/09/2024 20:00:00;0.0;0.0;0.0;18.61;1.66
14/09/2024 20:30:00;0.0;0.0;0.0;18.009999999999998;1.625
14/09/2024 21:00:00;0.0;0.0;0.0;17.41;1.59
14/09/2024 21:30:00;0.0;0.0;0.0;16.9;1.625
14/09/2024 22:00:00;0.0;0.0;0.0;16.39;1.66
14/09/2024 22:30:00;0.0;0.0;0.0;15.865;1.69
14/09/2024 23:00:00;0.0;0.0;0.0;15.34;1.72
14/09/2024 23:30:00;0.0;0.0;0.0;15.030000000000001;1.655
15/09/2024 00:00:00;0.0;0.0;0.0;14.72;1.59
15/09/2024 00:30:00;0.0;0.0;0.0;14.425;1.5550000000000002
15/09/2024 01:00:00;0.0;0.0;0.0;14.13;1.52
15/09/2024 01:30:00;0.0;0.0;0.0;14.04;1.415
15/09/2024 02:00:00;0.0;0.0;0.0;13.95;1.31
15/09/2024 02:30:00;0.0;0.0;0.0;14.045;1.205
15/09/2024 03:00:00;0.0;0.0;0.0;14.14;1.1
15/09/2024 03:30:00;0.0;0.0;0.0;14.245000000000001;1.0350000000000001
15/09/2024 04:00:00;0.0;0.0;0.0;14.35;0.97
15/09/2024 04:30:00;0.0;0.0;0.0;14.305;0.935
15/09/2024 05:00:00;0.0;0.0;0.0;14.26;0.9
15/09/2024 05:30:00;12.38;31.915;0.895;14.36;0.8300000000000001
15/09/2024 06:00:00;24.76;63.83;1.79;14.46;0.76
15/09/2024 06:30:00;112.495;94.35499999999999;3.58;15.335;0.69
15/09/2024 07:00:00;200.23;124.88;5.37;16.21;0.62
15/09/2024 07:30:00;275.625;150.965;6.845000000000001;17.009999999999998;0.8600000000000001
15/09/2024 08:00:00;351.02;177.05;8.32;17.81;1.1
15/09/2024 08:30:00;461.14;177.75;9.805;18.475;1.24
15/09/2024 09:00:00;571.26;178.45;11.29;19.14;1.38
15/09/2024 09:30:00;596.1;200.7;12.004999999999999;19.915;1.45
15/09/2024 10:00:00;620.94;222.95;12.72;20.69;1.52
15/09/2024 10:30:00;661.395;219.39499999999998;13.205;21.490000000000002;1.5550000000000002
15/09/2024 11:00:00;701.85;215.84;13.69;22.29;1.59
15/09/2024 11:30:00;518.59;271.67;12.36;22.825;1.59
15/09/2024 12:00:00;335.33;327.5;11.03;23.36;1.59
15/09/2024 12:30:00;194.68;301.105;8.879999999999999;23.765;1.52
15/09/2024 13:00:00;54.03;274.71;6.73;24.17;1.45
15/09/2024 13:30:00;216.99499999999998;244.63;8.06;24.340000000000003;1.415
15/09/2024 14:00:00;379.96;214.55;9.39;24.51;1.38
15/09/2024 14:30:00;364.585;170.19;8.395;24.555;1.38
15/09/2024 15:00:00;349.21;125.83;7.4;24.6;1.38
15/09/2024 15:30:00;262.26;103.14;5.82;24.535;1.415
15/09/2024 16:00:00;175.31;80.45;4.24;24.47;1.45
15/09/2024 16:30:00;93.785;52.855000000000004;2.5700000000000003;24.115000000000002;1.415
15/09/2024 17:00:00;12.26;25.26;0.9;23.76;1.38
15/09/2024 17:30:00;6.13;12.63;0.45;23.08;1.45
15/09/2024 18:00:00;0.0;0.0;0.0;22.4;1.52
15/09/2024 18:30:00;0.0;0.0;0.0;21.4;1.5550000000000002
15/09/2024 19:00:00;0.0;0.0;0.0;20.4;1.59
15/09/2024 19:30:00;0.0;0.0;0.0;19.58;1.625
15/09/2024 20:00:00;0.0;0.0;0.0;18.76;1.66
15/09/2024 20:30:00;0.0;0.0;0.0;18.12;1.625
15/09/2024 21:00:00;0.0;0.0;0.0;17.48;1.59
15/09/2024 21:30:00;0.0;0.0;0.0;17.384999999999998;1.4500000000000002
15/09/2024 22:00:00;0.0;0.0;0.0;17.29;1.31
15/09/2024 22:30:00;0.0;0.0;0.0;17.195;1.24
15/09/2024 23:00:00;0.0;0.0;0.0;17.1;1.17
15/09/2024 23:30:00;0.0;0.0;0.0;16.855;1.17
16/09/2024 00:00:00;0.0;0.0;0.0;16.61;1.17
16/09/2024 00:30:00;0.0;0.0;0.0;16.494999999999997;1.1
16/09/2024 01:00:00;0.0;0.0;0.0;16.38;1.03
16/09/2024 01:30:00;0.0;0.0;0.0;16.405;0.9650000000000001
16/09/2024 02:00:00;0.0;0.0;0.0;16.43;0.9
16/09/2024 02:30:00;0.0;0.0;0.0;16.54;0.7949999999999999
16/09/2024 03:00:00;0.0;0.0;0.0;16.65;0.69
16/09/2024 03:30:00;0.0;0.0;0.0;16.49;0.585
16/09/2024 04:00:00;0.0;0.0;0.0;16.33;0.48
16/09/2024 04:30:00;0.0;0.0;0.0;16.155;0.48
16/09/2024 05:00:00;0.0;0.0;0.0;15.98;0.48
16/09/2024 05:30:00;21.145;31.55;1.005;15.95;0.41000000000000003
16/09/2024 06:00:00;42.29;63.1;2.01;15.92;0.34
16/09/2024 06:30:00;41.15;100.06;2.775;16.415;0.41000000000000003
16/09/2024 07:00:00;40.01;137.02;3.54;16.91;0.48
16/09/2024 07:30:00;45.39;170.44;4.33;17.9;0.48
16/09/2024 08:00:00;50.77;203.86;5.12;18.89;0.48
16/09/2024 08:30:00;25.385;172.945;4.15;19.77;0.655
16/09/2024 09:00:00;0.0;142.03;3.18;20.65;0.83
16/09/2024 09:30:00;199.155;220.21499999999997;7.175000000000001;21.439999999999998;0.8999999999999999
16/09/2024 10:00:00;398.31;298.4;11.17;22.23;0.97
16/09/2024 10:30:00;437.96000000000004;299.875;11.695;23.185000000000002;1.0
16/09/2024 11:00:00;477.61;301.35;12.22;24.14;1.03
16/09/2024 11:30:00;410.95000000000005;312.75;11.625;24.759999999999998;1.1
16/09/2024 12:00:00;344.29;324.15;11.03;25.38;1.17
16/09/2024 12:30:00;246.03000000000003;313.41999999999996;9.684999999999999;25.655;0.965
16/09/2024 13:00:00;147.77;302.69;8.34;25.93;0.76
16/09/2024 13:30:00;78.03;243.125;6.27;26.075;0.52
16/09/2024 14:00:00;8.29;183.56;4.2;26.22;0.28
16/09/2024 14:30:00;4.824999999999999;147.57999999999998;3.355;26.09;0.6900000000000001
16/09/2024 15:00:00;1.36;111.6;2.51;25.96;1.1
16/09/2024 15:30:00;4.55;97.15;2.23;25.575000000000003;1.38
16/09/2024 16:00:00;7.74;82.7;1.95;25.19;1.66
16/09/2024 16:30:00;5.6850000000000005;52.71;1.275;24.615000000000002;1.66
16/09/2024 17:00:00;3.63;22.72;0.6;24.04;1.66
16/09/2024 17:30:00;1.815;11.36;0.3;23.265;1.14
16/09/2024 18:00:00;0.0;0.0;0.0;22.49;0.62
16/09/2024 18:30:00;0.0;0.0;0.0;21.36;0.9299999999999999
16/09/2024 19:00:00;0.0;0.0;0.0;20.23;1.24
16/09/2024 19:30:00;0.0;0.0;0.0;19.895;1.17
16/09/2024 20:00:00;0.0;0.0;0.0;19.56;1.1
16/09/2024 20:30:00;0.0;0.0;0.0;19.17;1.135
16/09/2024 21:00:00;0.0;0.0;0.0;18.78;1.17
16/09/2024 21:30:00;0.0;0.0;0.0;18.465;1.205
16/09/2024 22:00:00;0.0;0.0;0.0;18.15;1.24
16/09/2024 22:30:00;0.0;0.0;0.0;17.89;1.24
16/09/2024 23:00:00;0.0;0.0;0.0;17.63;1.24
16/09/2024 23:30:00;0.0;0.0;0.0;17.369999999999997;1.24
17/09/2024 00:00:00;0.0;0.0;0.0;17.11;1.24
17/09/2024 00:30:00;0.0;0.0;0.0;16.73;1.275
17/09/2024 01:00:00;0.0;0.0;0.0;16.35;1.31
17/09/2024 01:30:00;0.0;0.0;0.0;16.200000000000003;1.31
17/09/2024 02:00:00;0.0;0.0;0.0;16.05;1.31
17/09/2024 02:30:00;0.0;0.0;0.0;15.98;1.275
17/09/2024 03:00:00;0.0;0.0;0.0;15.91;1.24
17/09/2024 03:30:00;0.0;0.0;0.0;15.935;1.17
17/09/2024 04:00:00;0.0;0.0;0.0;15.96;1.1
17/09/2024 04:30:00;0.0;0.0;0.0;16.085;1.0
17/09/2024 05:00:00;0.0;0.0;0.0;16.21;0.9
17/09/2024 05:30:00;4.955;27.51;0.685;16.415;0.7949999999999999
17/09/2024 06:00:00;9.91;55.02;1.37;16.62;0.69
17/09/2024 06:30:00;34.66;97.05000000000001;2.585;17.545;0.7949999999999999
17/09/2024 07:00:00;59.41;139.08;3.8;18.47;0.9
17/09/2024 07:30:00;169.5;167.72000000000003;5.73;19.755;0.9
17/09/2024 08:00:00;279.59;196.36;7.66;21.04;0.9
17/09/2024 08:30:00;345.455;216.715;8.885;21.990000000000002;0.935
17/09/2024 09:00:00;411.32;237.07;10.11;22.94;0.97
17/09/2024 09:30:00;477.755;243.435;11.085;23.6;1.0
17/09/2024 10:00:00;544.19;249.8;12.06;24.26;1.03
17/09/2024 10:30:00;594.0050000000001;243.53;12.600000000000001;24.805;1.17
17/09/2024 11:00:00;643.82;237.26;13.14;25.35;1.31
17/09/2024 11:30:00;583.77;255.66;12.690000000000001;25.795;1.415
17/09/2024 12:00:00;523.72;274.06;12.24;26.24;1.52
17/09/2024 12:30:00;513.705;256.03;11.780000000000001;26.655;1.62
17/09/2024 13:00:00;503.69;238.0;11.32;27.07;1.72
17/09/2024 13:30:00;470.45;212.655;10.425;27.27;1.8599999999999999
17/09/2024 14:00:00;437.21;187.31;9.53;27.47;2.0
17/09/2024 14:30:00;345.305;171.24;8.03;27.59;2.0700000000000003
17/09/2024 15:00:00;253.4;155.17;6.53;27.71;2.14
17/09/2024 15:30:00;181.085;124.95499999999998;5.015000000000001;27.54;2.035
17/09/2024 16:00:00;108.77;94.74;3.5;27.37;1.93
17/09/2024 16:30:00;58.165;57.94499999999999;2.08;26.770000000000003;1.69
17/09/2024 17:00:00;7.56;21.15;0.66;26.17;1.45
17/09/2024 17:30:00;3.78;10.575;0.33;25.135;1.52
17/09/2024 18:00:00;0.0;0.0;0.0;24.1;1.59
17/09/2024 18:30:00;0.0;0.0;0.0;23.64;1.3450000000000002
17/09/2024 19:00:00;0.0;0.0;0.0;23.18;1.1
17/09/2024 19:30:00;0.0;0.0;0.0;22.95;1.0
17/09/2024 20:00:00;0.0;0.0;0.0;22.72;0.9
17/09/2024 20:30:00;0.0;0.0;0.0;22.549999999999997;0.8300000000000001
17/09/2024 21:00:00;0.0;0.0;0.0;22.38;0.76
17/09/2024 21:30:00;0.0;0.0;0.0;21.645;0.8300000000000001
17/09/2024 22:00:00;0.0;0.0;0.0;20.91;0.9
17/09/2024 22:30:00;0.0;0.0;0.0;20.265;0.865
17/09/2024 23:00:00;0.0;0.0;0.0;19.62;0.83
17/09/2024 23:30:00;0.0;0.0;0.0;19.275;0.8999999999999999
18/09/2024 00:00:00;0.0;0.0;0.0;18.93;0.97
18/09/2024 00:30:00;0.0;0.0;0.0;18.96;0.8999999999999999
18/09/2024 01:00:00;0.0;0.0;0.0;18.99;0.83
18/09/2024 01:30:00;0.0;0.0;0.0;19.095;0.76
18/09/2024 02:00:00;0.0;0.0;0.0;19.2;0.69
18/09/2024 02:30:00;0.0;0.0;0.0;18.75;0.7949999999999999
18/09/2024 03:00:00;0.0;0.0;0.0;18.3;0.9
18/09/2024 03:30:00;0.0;0.0;0.0;17.93;1.035
18/09/2024 04:00:00;0.0;0.0;0.0;17.56;1.17
18/09/2024 04:30:00;0.0;0.0;0.0;17.47;1.275
18/09/2024 05:00:00;0.0;0.0;0.0;17.38;1.38
18/09/2024 05:30:00;0.0;7.64;0.17;17.545;1.45
18/09/2024 06:00:00;0.0;15.28;0.34;17.71;1.52
18/09/2024 06:30:00;0.0;20.225;0.45000000000000007;17.96;1.795
18/09/2024 07:00:00;0.0;25.17;0.56;18.21;2.07
18/09/2024 07:30:00;0.0;40.45;0.905;18.22;1.8649999999999998
18/09/2024 08:00:00;0.0;55.73;1.25;18.23;1.66
18/09/2024 08:30:00;0.0;63.81999999999999;1.4300000000000002;18.515;1.625
18/09/2024 09:00:00;0.0;71.91;1.61;18.8;1.59
18/09/2024 09:30:00;0.0;119.55499999999999;2.675;19.09;1.725
18/09/2024 10:00:00;0.0;167.2;3.74;19.38;1.86
18/09/2024 10:30:00;8.505;212.025;4.835;19.5;2.1
18/09/2024 11:00:00;17.01;256.85;5.93;19.62;2.34
18/09/2024 11:30:00;55.245000000000005;284.265;6.9350000000000005;19.85;2.34
18/09/2024 12:00:00;93.48;311.68;7.94;20.08;2.34
18/09/2024 12:30:00;78.515;292.32;7.355;20.75;2.62
18/09/2024 13:00:00;63.55;272.96;6.77;21.42;2.9
18/09/2024 13:30:00;68.255;253.48499999999999;6.39;21.66;2.83
18/09/2024 14:00:00;72.96;234.01;6.01;21.9;2.76
18/09/2024 14:30:00;91.82499999999999;205.07999999999998;5.59;22.259999999999998;2.76
18/09/2024 15:00:00;110.69;176.15;5.17;22.62;2.76
18/09/2024 15:30:00;117.955;131.91;4.355;22.435000000000002;2.5199999999999996
18/09/2024 16:00:00;125.22;87.67;3.54;22.25;2.28
18/09/2024 16:30:00;64.095;53.055;2.01;21.82;1.9699999999999998
18/09/2024 17:00:00;2.97;18.44;0.48;21.39;1.66
18/09/2024 17:30:00;1.485;9.22;0.24;20.740000000000002;1.625
18/09/2024 18:00:00;0.0;0.0;0.0;20.09;1.59
18/09/2024 18:30:00;0.0;0.0;0.0;19.575;1.9649999999999999
18/09/2024 19:00:00;0.0;0.0;0.0;19.06;2.34
18/09/2024 19:30:00;0.0;0.0;0.0;18.965;2.3099999999999996
18/09/2024 20:00:00;0.0;0.0;0.0;18.87;2.28
18/09/2024 20:30:00;0.0;0.0;0.0;18.645000000000003;2.28
18/09/2024 21:00:00;0.0;0.0;0.0;18.42;2.28
18/09/2024 21:30:00;0.0;0.0;0.0;18.21;2.415
18/09/2024 22:00:00;0.0;0.0;0.0;18.0;2.55
18/09/2024 22:30:00;0.0;0.0;0.0;17.775;2.79
18/09/2024 23:00:00;0.0;0.0;0.0;17.55;3.03
18/09/2024 23:30:00;0.0;0.0;0.0;17.205;3.275
19/09/2024 00:00:00;0.0;0.0;0.0;16.86;3.52
19/09/2024 00:30:00;0.0;0.0;0.0;16.744999999999997;3.415
19/09/2024 01:00:00;0.0;0.0;0.0;16.63;3.31
19/09/2024 01:30:00;0.0;0.0;0.0;16.53;3.24
19/09/2024 02:00:00;0.0;0.0;0.0;16.43;3.17
19/09/2024 02:30:00;0.0;0.0;0.0;16.310000000000002;3.0700000000000003
19/09/2024 03:00:00;0.0;0.0;0.0;16.19;2.97
19/09/2024 03:30:00;0.0;0.0;0.0;16.045;2.935
19/09/2024 04:00:00;0.0;0.0;0.0;15.9;2.9
19/09/2024 04:30:00;0.0;0.0;0.0;15.695;2.795
19/09/2024 05:00:00;0.0;0.0;0.0;15.49;2.69
19/09/2024 05:30:00;3.26;24.63;0.595;15.49;2.485
19/09/2024 06:00:00;6.52;49.26;1.19;15.49;2.28
19/09/2024 06:30:00;82.89999999999999;91.28999999999999;3.005;15.58;2.59
19/09/2024 07:00:00;159.28;133.32;4.82;15.67;2.9
19/09/2024 07:30:00;216.98000000000002;166.29500000000002;6.1899999999999995;15.920000000000002;2.965
19/09/2024 08:00:00;274.68;199.27;7.56;16.17;3.03
19/09/2024 08:30:00;259.365;237.185;8.15;16.86;3.3449999999999998
19/09/2024 09:00:00;244.05;275.1;8.74;17.55;3.66
19/09/2024 09:30:00;464.44500000000005;235.175;10.780000000000001;18.130000000000003;3.6900000000000004
19/09/2024 10:00:00;684.84;195.25;12.82;18.71;3.72
19/09/2024 10:30:00;626.815;233.285;12.73;19.28;3.6900000000000004
19/09/2024 11:00:00;568.79;271.32;12.64;19.85;3.66
19/09/2024 11:30:00;399.09499999999997;301.695;11.215;20.265;3.59
19/09/2024 12:00:00;229.4;332.07;9.79;20.68;3.52
19/09/2024 12:30:00;424.59000000000003;262.675;10.855;20.955;3.415
19/09/2024 13:00:00;619.78;193.28;11.92;21.23;3.31
19/09/2024 13:30:00;567.245;175.05;10.905000000000001;21.225;3.14
19/09/2024 14:00:00;514.71;156.82;9.89;21.22;2.97
19/09/2024 14:30:00;425.115;141.19;8.42;21.31;2.9000000000000004
19/09/2024 15:00:00;335.52;125.56;6.95;21.4;2.83
19/09/2024 15:30:00;236.865;104.92500000000001;5.275;21.275;2.6550000000000002
19/09/2024 16:00:00;138.21;84.29;3.6;21.15;2.48
19/09/2024 16:30:00;72.235;50.690000000000005;2.06;20.72;2.035
19/09/2024 17:00:00;6.26;17.09;0.52;20.29;1.59
19/09/2024 17:30:00;3.13;8.545;0.26;19.405;1.31
19/09/2024 18:00:00;0.0;0.0;0.0;18.52;1.03
19/09/2024 18:30:00;0.0;0.0;0.0;18.345;1.0
19/09/2024 19:00:00;0.0;0.0;0.0;18.17;0.97
19/09/2024 19:30:00;0.0;0.0;0.0;17.39;1.105
19/09/2024 20:00:00;0.0;0.0;0.0;16.61;1.24
19/09/2024 20:30:00;0.0;0.0;0.0;15.93;1.345
19/09/2024 21:00:00;0.0;0.0;0.0;15.25;1.45
19/09/2024 21:30:00;0.0;0.0;0.0;14.89;1.38
19/09/2024 22:00:00;0.0;0.0;0.0;14.53;1.31
19/09/2024 22:30:00;0.0;0.0;0.0;14.195;1.275
19/09/2024 23:00:00;0.0;0.0;0.0;13.86;1.24
19/09/2024 23:30:00;0.0;0.0;0.0;13.57;1.24
20/09/2024 00:00:00;0.0;0.0;0.0;13.28;1.24
20/09/2024 00:30:00;0.0;0.0;0.0;13.18;1.17
20/09/2024 01:00:00;0.0;0.0;0.0;13.08;1.1
20/09/2024 01:30:00;0.0;0.0;0.0;13.045;1.0350000000000001
20/09/2024 02:00:00;0.0;0.0;0.0;13.01;0.97
20/09/2024 02:30:00;0.0;0.0;0.0;12.95;0.935
20/09/2024 03:00:00;0.0;0.0;0.0;12.89;0.9
20/09/2024 03:30:00;0.0;0.0;0.0;12.865;0.865
20/09/2024 04:00:00;0.0;0.0;0.0;12.84;0.83
20/09/2024 04:30:00;0.0;0.0;0.0;12.57;0.865
20/09/2024 05:00:00;0.0;0.0;0.0;12.3;0.9
20/09/2024 05:30:00;9.385;27.72;0.735;12.31;0.865
20/09/2024 06:00:00;18.77;55.44;1.47;12.32;0.83
20/09/2024 06:30:00;141.975;78.32;3.5;13.254999999999999;0.865
20/09/2024 07:00:00;265.18;101.2;5.53;14.19;0.9
20/09/2024 07:30:00;362.11;117.55000000000001;7.105;15.86;1.035
20/09/2024 08:00:00;459.04;133.9;8.68;17.53;1.17
20/09/2024 08:30:00;543.915;144.36;10.0;18.565;1.38
20/09/2024 09:00:00;628.79;154.82;11.32;19.6;1.59
20/09/2024 09:30:00;688.3499999999999;160.945;12.219999999999999;20.395000000000003;1.76
20/09/2024 10:00:00;747.91;167.07;13.12;21.19;1.93
20/09/2024 10:30:00;754.7149999999999;177.88;13.395;21.8;2.035
20/09/2024 11:00:00;761.52;188.69;13.67;22.41;2.14
20/09/2024 11:30:00;731.27;197.225;13.405000000000001;22.9;2.14
20/09/2024 12:00:00;701.02;205.76;13.14;23.39;2.14
20/09/2024 12:30:00;672.485;193.96499999999997;12.56;23.755000000000003;2.175
20/09/2024 13:00:00;643.95;182.17;11.98;24.12;2.21
20/09/2024 13:30:00;578.52;169.235;10.885;24.305;2.1399999999999997
20/09/2024 14:00:00;513.09;156.3;9.79;24.49;2.07
20/09/2024 14:30:00;423.26;140.66;8.32;24.53;1.9649999999999999
20/09/2024 15:00:00;333.43;125.02;6.85;24.57;1.86
20/09/2024 15:30:00;236.35500000000002;103.41999999999999;5.185;24.375;1.655
20/09/2024 16:00:00;139.28;81.82;3.52;24.18;1.45
20/09/2024 16:30:00;71.86;48.279999999999994;1.97;23.57;1.415
20/09/2024 17:00:00;4.44;14.74;0.42;22.96;1.38
20/09/2024 17:30:00;2.22;7.37;0.21;21.69;1.4849999999999999
20/09/2024 18:00:00;0.0;0.0;0.0;20.42;1.59
20/09/2024 18:30:00;0.0;0.0;0.0;19.405;1.59
20/09/2024 19:00:00;0.0;0.0;0.0;18.39;1.59
20/09/2024 19:30:00;0.0;0.0;0.0;17.77;1.52
20/09/2024 20:00:00;0.0;0.0;0.0;17.15;1.45
20/09/2024 20:30:00;0.0;0.0;0.0;16.674999999999997;1.4849999999999999
20/09/2024 21:00:00;0.0;0.0;0.0;16.2;1.52
20/09/2024 21:30:00;0.0;0.0;0.0;15.835;1.4849999999999999
20/09/2024 22:00:00;0.0;0.0;0.0;15.47;1.45
20/09/2024 22:30:00;0.0;0.0;0.0;15.355;1.415
20/09/2024 23:00:00;0.0;0.0;0.0;15.24;1.38
20/09/2024 23:30:00;0.0;0.0;0.0;15.26;1.415
21/09/2024 00:00:00;0.0;0.0;0.0;15.28;1.45
21/09/2024 00:30:00;0.0;0.0;0.0;15.25;1.38
21/09/2024 01:00:00;0.0;0.0;0.0;15.22;1.31
21/09/2024 01:30:00;0.0;0.0;0.0;15.405000000000001;1.24
21/09/2024 02:00:00;0.0;0.0;0.0;15.59;1.17
21/09/2024 02:30:00;0.0;0.0;0.0;15.705;1.1
21/09/2024 03:00:00;0.0;0.0;0.0;15.82;1.03
21/09/2024 03:30:00;0.0;0.0;0.0;15.89;1.0
21/09/2024 04:00:00;0.0;0.0;0.0;15.96;0.97
21/09/2024 04:30:00;0.0;0.0;0.0;15.975000000000001;0.935
21/09/2024 05:00:00;0.0;0.0;0.0;15.99;0.9
21/09/2024 05:30:00;6.2;25.97;0.655;16.04;0.865
21/09/2024 06:00:00;12.4;51.94;1.31;16.09;0.83
21/09/2024 06:30:00;33.92;91.83;2.425;16.475;0.865
21/09/2024 07:00:00;55.44;131.72;3.54;16.86;0.9
21/09/2024 07:30:00;137.425;167.82999999999998;5.225;17.485;1.0
21/09/2024 08:00:00;219.41;203.94;6.91;18.11;1.1
21/09/2024 08:30:00;268.76;230.06;8.025;19.11;1.135
21/09/2024 09:00:00;318.11;256.18;9.14;20.11;1.17
21/09/2024 09:30:00;194.38;271.63;8.135;21.174999999999997;1.275
21/09/2024 10:00:00;70.65;287.08;7.13;22.24;1.38
21/09/2024 10:30:00;52.64;280.66999999999996;6.8100000000000005;22.775;1.52
21/09/2024 11:00:00;34.63;274.26;6.49;23.31;1.66
21/09/2024 11:30:00;33.18;270.41499999999996;6.390000000000001;23.525;1.76
21/09/2024 12:00:00;31.73;266.57;6.29;23.74;1.86
21/09/2024 12:30:00;73.49;275.41999999999996;6.904999999999999;23.845;1.895
21/09/2024 13:00:00;115.25;284.27;7.52;23.95;1.93
21/09/2024 13:30:00;118.685;260.28499999999997;7.025;23.735;1.8599999999999999
21/09/2024 14:00:00;122.12;236.3;6.53;23.52;1.79
21/09/2024 14:30:00;194.595;189.05;6.390000000000001;23.619999999999997;1.965
21/09/2024 15:00:00;267.07;141.8;6.25;23.72;2.14
21/09/2024 15:30:00;133.535;77.64;3.275;23.549999999999997;2.175
21/09/2024 16:00:00;0.0;13.48;0.3;23.38;2.21
21/09/2024 16:30:00;0.0;11.685;0.26;22.27;2.07
21/09/2024 17:00:00;0.0;9.89;0.22;21.16;1.93
21/09/2024 17:30:00;0.0;4.945;0.11;19.875;2.275
21/09/2024 18:00:00;0.0;0.0;0.0;18.59;2.62
21/09/2024 18:30:00;0.0;0.0;0.0;17.64;2.795
21/09/2024 19:00:00;0.0;0.0;0.0;16.69;2.97
21/09/2024 19:30:00;0.0;0.0;0.0;16.215;3.14
21/09/2024 20:00:00;0.0;0.0;0.0;15.74;3.31
21/09/2024 20:30:00;0.0;0.0;0.0;15.385;3.035
21/09/2024 21:00:00;0.0;0.0;0.0;15.03;2.76
21/09/2024 21:30:00;0.0;0.0;0.0;14.76;2.7249999999999996
21/09/2024 22:00:00;0.0;0.0;0.0;14.49;2.69
21/09/2024 22:30:00;0.0;0.0;0.0;14.350000000000001;2.45
21/09/2024 23:00:00;0.0;0.0;0.0;14.21;2.21
21/09/2024 23:30:00;0.0;0.0;0.0;14.105;2.1399999999999997
22/09/2024 00:00:00;0.0;0.0;0.0;14.0;2.07
22/09/2024 00:30:00;0.0;0.0;0.0;13.74;1.895
22/09/2024 01:00:00;0.0;0.0;0.0;13.48;1.72
22/09/2024 01:30:00;0.0;0.0;0.0;13.235;1.48
22/09/2024 02:00:00;0.0;0.0;0.0;12.99;1.24
22/09/2024 02:30:00;0.0;0.0;0.0;12.594999999999999;1.205
22/09/2024 03:00:00;0.0;0.0;0.0;12.2;1.17
22/09/2024 03:30:00;0.0;0.0;0.0;12.28;1.1
22/09/2024 04:00:00;0.0;0.0;0.0;12.36;1.03
22/09/2024 04:30:00;0.0;0.0;0.0;12.495000000000001;1.065
22/09/2024 05:00:00;0.0;0.0;0.0;12.63;1.1
22/09/2024 05:30:00;17.01;27.49;0.805;12.875;1.31
22/09/2024 06:00:00;34.02;54.98;1.61;13.12;1.52
22/09/2024 06:30:00;27.815;87.09;2.25;13.62;1.415
22/09/2024 07:00:00;21.61;119.2;2.89;14.12;1.31
22/09/2024 07:30:00;238.72499999999997;127.15;5.705;14.395;1.5150000000000001
22/09/2024 08:00:00;455.84;135.1;8.52;14.67;1.72
22/09/2024 08:30:00;237.345;174.58499999999998;6.75;15.11;1.8599999999999999
22/09/2024 09:00:00;18.85;214.07;4.98;15.55;2.0
22/09/2024 09:30:00;97.225;264.12;6.87;16.085;1.9649999999999999
22/09/2024 10:00:00;175.6;314.17;8.76;16.62;1.93
22/09/2024 10:30:00;365.06999999999994;293.89;10.54;17.19;2.135
22/09/2024 11:00:00;554.54;273.61;12.32;17.76;2.34
22/09/2024 11:30:00;514.585;281.23;11.969999999999999;18.18;2.585
22/09/2024 12:00:00;474.63;288.85;11.62;18.6;2.83
22/09/2024 12:30:00;470.855;268.36;11.175;18.770000000000003;2.965
22/09/2024 13:00:00;467.08;247.87;10.73;18.94;3.1
22/09/2024 13:30:00;287.135;241.5;8.530000000000001;18.985;3.035
22/09/2024 14:00:00;107.19;235.13;6.33;19.03;2.97
22/09/2024 14:30:00;53.595;151.275;3.92;19.03;3.0700000000000003
22/09/2024 15:00:00;0.0;67.42;1.51;19.03;3.17
22/09/2024 15:30:00;0.0;40.45;0.905;18.32;3.585
22/09/2024 16:00:00;0.0;13.48;0.3;17.61;4.0
22/09/2024 16:30:00;0.65;11.629999999999999;0.27;16.865000000000002;3.69
22/09/2024 17:00:00;1.3;9.78;0.24;16.12;3.38
22/09/2024 17:30:00;0.65;4.89;0.12;15.670000000000002;3.035
22/09/2024 18:00:00;0.0;0.0;0.0;15.22;2.69
22/09/2024 18:30:00;0.0;0.0;0.0;14.595;2.45
22/09/2024 19:00:00;0.0;0.0;0.0;13.97;2.21
22/09/2024 19:30:00;0.0;0.0;0.0;13.735;2.105
22/09/2024 20:00:00;0.0;0.0;0.0;13.5;2.0
22/09/2024 20:30:00;0.0;0.0;0.0;13.29;1.9649999999999999
22/09/2024 21:00:00;0.0;0.0;0.0;13.08;1.93
22/09/2024 21:30:00;0.0;0.0;0.0;12.86;1.93
22/09/2024 22:00:00;0.0;0.0;0.0;12.64;1.93
22/09/2024 22:30:00;0.0;0.0;0.0;12.46;1.93
22/09/2024 23:00:00;0.0;0.0;0.0;12.28;1.93
22/09/2024 23:30:00;0.0;0.0;0.0;12.09;1.895
23/09/2024 00:00:00;0.0;0.0;0.0;11.9;1.86
23/09/2024 00:30:00;0.0;0.0;0.0;11.685;1.79
23/09/2024 01:00:00;0.0;0.0;0.0;11.47;1.72
23/09/2024 01:30:00;0.0;0.0;0.0;11.254999999999999;1.69
23/09/2024 02:00:00;0.0;0.0;0.0;11.04;1.66
23/09/2024 02:30:00;0.0;0.0;0.0;10.73;1.625
23/09/2024 03:00:00;0.0;0.0;0.0;10.42;1.59
23/09/2024 03:30:00;0.0;0.0;0.0;10.105;1.5550000000000002
23/09/2024 04:00:00;0.0;0.0;0.0;9.79;1.52
23/09/2024 04:30:00;0.0;0.0;0.0;9.635;1.4849999999999999
23/09/2024 05:00:00;0.0;0.0;0.0;9.48;1.45
23/09/2024 05:30:00;44.51;24.16;1.045;9.32;1.415
23/09/2024 06:00:00;89.02;48.32;2.09;9.16;1.38
23/09/2024 06:30:00;174.47000000000003;75.57;3.6999999999999997;10.36;1.31
23/09/2024 07:00:00;259.92;102.82;5.31;11.56;1.24
23/09/2024 07:30:00;357.065;121.13;6.904999999999999;12.24;1.55
23/09/2024 08:00:00;454.21;139.44;8.5;12.92;1.86
23/09/2024 08:30:00;537.48;151.14;9.805;13.515;2.0
23/09/2024 09:00:00;620.75;162.84;11.11;14.11;2.14
23/09/2024 09:30:00;671.88;173.005;11.965;14.455;2.0700000000000003
23/09/2024 10:00:00;723.01;183.17;12.82;14.8;2.0
23/09/2024 10:30:00;668.24;220.5;12.76;15.27;2.0
23/09/2024 11:00:00;613.47;257.83;12.7;15.74;2.0
23/09/2024 11:30:00;338.87;276.115;9.959999999999999;15.995000000000001;2.035
23/09/2024 12:00:00;64.27;294.4;7.22;16.25;2.07
23/09/2024 12:30:00;300.885;261.66499999999996;9.205;16.505000000000003;2.1399999999999997
23/09/2024 13:00:00;537.5;228.93;11.19;16.76;2.21
23/09/2024 13:30:00;508.275;199.99;10.29;16.695;2.175
23/09/2024 14:00:00;479.05;171.05;9.39;16.63;2.14
23/09/2024 14:30:00;338.1;166.37;7.540000000000001;16.509999999999998;2.14
23/09/2024 15:00:00;197.15;161.69;5.69;16.39;2.14
23/09/2024 15:30:00;110.255;121.74000000000001;3.88;16.13;2.21
23/09/2024 16:00:00;23.36;81.79;2.07;15.87;2.28
23/09/2024 16:30:00;11.68;43.14;1.085;15.485;2.07
23/09/2024 17:00:00;0.0;4.49;0.1;15.1;1.86
23/09/2024 17:30:00;0.0;2.245;0.05;14.7;1.55
23/09/2024 18:00:00;0.0;0.0;0.0;14.3;1.24
23/09/2024 18:30:00;0.0;0.0;0.0;13.66;1.105
23/09/2024 19:00:00;0.0;0.0;0.0;13.02;0.97
23/09/2024 19:30:00;0.0;0.0;0.0;13.21;0.655
23/09/2024 20:00:00;0.0;0.0;0.0;13.4;0.34
23/09/2024 20:30:00;0.0;0.0;0.0;13.035;0.585
23/09/2024 21:00:00;0.0;0.0;0.0;12.67;0.83
23/09/2024 21:30:00;0.0;0.0;0.0;12.34;0.865
23/09/2024 22:00:00;0.0;0.0;0.0;12.01;0.9
23/09/2024 22:30:00;0.0;0.0;0.0;12.08;0.8300000000000001
23/09/2024 23:00:00;0.0;0.0;0.0;12.15;0.76
23/09/2024 23:30:00;0.0;0.0;0.0;11.875;0.725
24/09/2024 00:00:00;0.0;0.0;0.0;11.6;0.69
24/09/2024 00:30:00;0.0;0.0;0.0;11.309999999999999;0.69
24/09/2024 01:00:00;0.0;0.0;0.0;11.02;0.69
24/09/2024 01:30:00;0.0;0.0;0.0;10.795;0.725
24/09/2024 02:00:00;0.0;0.0;0.0;10.57;0.76
24/09/2024 02:30:00;0.0;0.0;0.0;10.4;0.76
24/09/2024 03:00:00;0.0;0.0;0.0;10.23;0.76
24/09/2024 03:30:00;0.0;0.0;0.0;10.14;0.76
24/09/2024 04:00:00;0.0;0.0;0.0;10.05;0.76
24/09/2024 04:30:00;0.0;0.0;0.0;9.925;0.865
24/09/2024 05:00:00;0.0;0.0;0.0;9.8;0.97
24/09/2024 05:30:00;34.585;25.52;0.935;9.61;1.0
24/09/2024 06:00:00;69.17;51.04;1.87;9.42;1.03
24/09/2024 06:30:00;163.375;77.78;3.56;9.190000000000001;0.9650000000000001
24/09/2024 07:00:00;257.58;104.52;5.25;8.96;0.9
24/09/2024 07:30:00;353.59000000000003;123.43;6.835;9.595;1.035
24/09/2024 08:00:00;449.6;142.34;8.42;10.23;1.17
24/09/2024 08:30:00;537.48;152.485;9.754999999999999;11.105;1.24
24/09/2024 09:00:00;625.36;162.63;11.09;11.98;1.31
24/09/2024 09:30:00;683.905;169.39;11.985;13.09;1.55
24/09/2024 10:00:00;742.45;176.15;12.88;14.2;1.79
24/09/2024 10:30:00;752.63;185.965;13.185;14.989999999999998;2.035
24/09/2024 11:00:00;762.81;195.78;13.49;15.78;2.28
24/09/2024 11:30:00;731.255;203.70499999999998;13.205;16.515;2.45
24/09/2024 12:00:00;699.7;211.63;12.92;17.25;2.62
24/09/2024 12:30:00;670.495;199.16;12.32;17.685000000000002;2.795
24/09/2024 13:00:00;641.29;186.69;11.72;18.12;2.97
24/09/2024 13:30:00;580.5999999999999;170.36;10.635000000000002;18.325000000000003;2.9000000000000004
24/09/2024 14:00:00;519.91;154.03;9.55;18.53;2.83
24/09/2024 14:30:00;418.02;141.72;8.0;18.535;2.865
24/09/2024 15:00:00;316.13;129.41;6.45;18.54;2.9
24/09/2024 15:30:00;213.945;105.5;4.720000000000001;18.29;2.69
24/09/2024 16:00:00;111.76;81.59;2.99;18.04;2.48
24/09/2024 16:30:00;55.88;43.940000000000005;1.5650000000000002;17.47;2.205
24/09/2024 17:00:00;0.0;6.29;0.14;16.9;1.93
24/09/2024 17:30:00;0.0;3.145;0.07;16.035;1.895
24/09/2024 18:00:00;0.0;0.0;0.0;15.17;1.86
24/09/2024 18:30:00;0.0;0.0;0.0;14.27;1.725
24/09/2024 19:00:00;0.0;0.0;0.0;13.37;1.59
24/09/2024 19:30:00;0.0;0.0;0.0;12.695;1.625
24/09/2024 20:00:00;0.0;0.0;0.0;12.02;1.66
24/09/2024 20:30:00;0.0;0.0;0.0;11.49;1.66
24/09/2024 21:00:00;0.0;0.0;0.0;10.96;1.66
24/09/2024 21:30:00;0.0;0.0;0.0;10.77;1.555
24/09/2024 22:00:00;0.0;0.0;0.0;10.58;1.45
24/09/2024 22:30:00;0.0;0.0;0.0;10.515;1.345
24/09/2024 23:00:00;0.0;0.0;0.0;10.45;1.24
24/09/2024 23:30:00;0.0;0.0;0.0;10.1;1.24
25/09/2024 00:00:00;0.0;0.0;0.0;9.75;1.24
25/09/2024 00:30:00;0.0;0.0;0.0;9.434999999999999;1.24
25/09/2024 01:00:00;0.0;0.0;0.0;9.12;1.24
25/09/2024 01:30:00;0.0;0.0;0.0;8.995;1.205
25/09/2024 02:00:00;0.0;0.0;0.0;8.87;1.17
25/09/2024 02:30:00;0.0;0.0;0.0;9.024999999999999;1.0699999999999998
25/09/2024 03:00:00;0.0;0.0;0.0;9.18;0.97
25/09/2024 03:30:00;0.0;0.0;0.0;9.155000000000001;0.83
25/09/2024 04:00:00;0.0;0.0;0.0;9.13;0.69
25/09/2024 04:30:00;0.0;0.0;0.0;8.99;0.725
25/09/2024 05:00:00;0.0;0.0;0.0;8.85;0.76
25/09/2024 05:30:00;37.215;25.02;0.935;8.655000000000001;0.865
25/09/2024 06:00:00;74.43;50.04;1.87;8.46;0.97
25/09/2024 06:30:00;172.305;75.81;3.58;8.615;0.83
25/09/2024 07:00:00;270.18;101.58;5.29;8.77;0.69
25/09/2024 07:30:00;369.445;119.94;6.904999999999999;10.155;0.655
25/09/2024 08:00:00;468.71;138.3;8.52;11.54;0.62
25/09/2024 08:30:00;547.895;152.845;9.815;12.76;0.62
25/09/2024 09:00:00;627.08;167.39;11.11;13.98;0.62
25/09/2024 09:30:00;685.0;174.77999999999997;12.004999999999999;15.06;0.69
25/09/2024 10:00:00;742.92;182.17;12.9;16.14;0.76
25/09/2024 10:30:00;752.31;192.595;13.205;17.09;0.69
25/09/2024 11:00:00;761.7;203.02;13.51;18.04;0.62
25/09/2024 11:30:00;724.815;213.025;13.195;18.73;0.45
25/09/2024 12:00:00;687.93;223.03;12.88;19.42;0.28
25/09/2024 12:30:00;670.5899999999999;204.48000000000002;12.33;19.865000000000002;0.28
25/09/2024 13:00:00;653.25;185.93;11.78;20.31;0.28
25/09/2024 13:30:00;585.8399999999999;172.285;10.655;20.56;0.38
25/09/2024 14:00:00;518.43;158.64;9.53;20.81;0.48
25/09/2024 14:30:00;423.635;142.04999999999998;8.0;20.845;0.585
25/09/2024 15:00:00;328.84;125.46;6.47;20.88;0.69
25/09/2024 15:30:00;229.875;101.19999999999999;4.77;20.685;0.62
25/09/2024 16:00:00;130.91;76.94;3.07;20.49;0.55
25/09/2024 16:30:00;65.455;39.37;1.555;19.759999999999998;0.62
25/09/2024 17:00:00;0.0;1.8;0.04;19.03;0.69
25/09/2024 17:30:00;0.0;0.9;0.02;18.675;0.76
25/09/2024 18:00:00;0.0;0.0;0.0;18.32;0.83
25/09/2024 18:30:00;0.0;0.0;0.0;17.79;0.7949999999999999
25/09/2024 19:00:00;0.0;0.0;0.0;17.26;0.76
25/09/2024 19:30:00;0.0;0.0;0.0;16.37;0.965
25/09/2024 20:00:00;0.0;0.0;0.0;15.48;1.17
25/09/2024 20:30:00;0.0;0.0;0.0;14.8;1.17
25/09/2024 21:00:00;0.0;0.0;0.0;14.12;1.17
25/09/2024 21:30:00;0.0;0.0;0.0;13.68;1.1
25/09/2024 22:00:00;0.0;0.0;0.0;13.24;1.03
25/09/2024 22:30:00;0.0;0.0;0.0;13.02;0.9299999999999999
25/09/2024 23:00:00;0.0;0.0;0.0;12.8;0.83
25/09/2024 23:30:00;0.0;0.0;0.0;12.555;0.69
26/09/2024 00:00:00;0.0;0.0;0.0;12.31;0.55
26/09/2024 00:30:00;0.0;0.0;0.0;12.085;0.585
26/09/2024 01:00:00;0.0;0.0;0.0;11.86;0.62
26/09/2024 01:30:00;0.0;0.0;0.0;11.69;0.725
26/09/2024 02:00:00;0.0;0.0;0.0;11.52;0.83
26/09/2024 02:30:00;0.0;0.0;0.0;11.355;0.8999999999999999
26/09/2024 03:00:00;0.0;0.0;0.0;11.19;0.97
26/09/2024 03:30:00;0.0;0.0;0.0;11.015;0.97
26/09/2024 04:00:00;0.0;0.0;0.0;10.84;0.97
26/09/2024 04:30:00;0.0;0.0;0.0;10.695;0.935
26/09/2024 05:00:00;0.0;0.0;0.0;10.55;0.9
26/09/2024 05:30:00;32.815;24.72;0.865;10.455;0.865
26/09/2024 06:00:00;65.63;49.44;1.73;10.36;0.83
26/09/2024 06:30:00;162.21;76.57499999999999;3.425;10.14;0.76
26/09/2024 07:00:00;258.79;103.71;5.12;9.92;0.69
26/09/2024 07:30:00;355.46500000000003;122.66;6.710000000000001;12.02;0.76
26/09/2024 08:00:00;452.14;141.61;8.3;14.12;0.83
26/09/2024 08:30:00;540.49;151.735;9.635000000000002;15.45;0.83
26/09/2024 09:00:00;628.84;161.86;10.97;16.78;0.83
26/09/2024 09:30:00;680.1600000000001;172.06;11.825;17.85;0.7949999999999999
26/09/2024 10:00:00;731.48;182.26;12.68;18.92;0.76
26/09/2024 10:30:00;734.125;195.425;12.94;19.775;0.76
26/09/2024 11:00:00;736.77;208.59;13.2;20.63;0.76
26/09/2024 11:30:00;707.145;215.22500000000002;12.93;21.265;0.725
26/09/2024 12:00:00;677.52;221.86;12.66;21.9;0.69
26/09/2024 12:30:00;659.525;203.925;12.11;22.34;0.62
26/09/2024 13:00:00;641.53;185.99;11.56;22.78;0.55
26/09/2024 13:30:00;570.245;173.91500000000002;10.415;22.995;0.44500000000000006
26/09/2024 14:00:00;498.96;161.84;9.27;23.21;0.34
26/09/2024 14:30:00;403.03;145.53;7.74;23.225;0.275
26/09/2024 15:00:00;307.1;129.22;6.21;23.24;0.21
26/09/2024 15:30:00;212.69500000000002;102.71000000000001;4.54;22.985;0.275
26/09/2024 16:00:00;118.29;76.2;2.87;22.73;0.34
26/09/2024 16:30:00;59.145;38.1;1.435;22.125;0.515
26/09/2024 17:00:00;0.0;0.0;0.0;21.52;0.69
26/09/2024 17:30:00;0.0;0.0;0.0;21.15;0.585
26/09/2024 18:00:00;0.0;0.0;0.0;20.78;0.48
26/09/2024 18:30:00;0.0;0.0;0.0;19.5;0.755
26/09/2024 19:00:00;0.0;0.0;0.0;18.22;1.03
26/09/2024 19:30:00;0.0;0.0;0.0;16.765;1.205
26/09/2024 20:00:00;0.0;0.0;0.0;15.31;1.38
26/09/2024 20:30:00;0.0;0.0;0.0;14.620000000000001;1.345
26/09/2024 21:00:00;0.0;0.0;0.0;13.93;1.31
26/09/2024 21:30:00;0.0;0.0;0.0;13.735;1.17
26/09/2024 22:00:00;0.0;0.0;0.0;13.54;1.03
26/09/2024 22:30:00;0.0;0.0;0.0;13.585;0.9299999999999999
26/09/2024 23:00:00;0.0;0.0;0.0;13.63;0.83
26/09/2024 23:30:00;0.0;0.0;0.0;13.41;0.83
27/09/2024 00:00:00;0.0;0.0;0.0;13.19;0.83
27/09/2024 00:30:00;0.0;0.0;0.0;12.985;0.725
27/09/2024 01:00:00;0.0;0.0;0.0;12.78;0.62
27/09/2024 01:30:00;0.0;0.0;0.0;12.545;0.585
27/09/2024 02:00:00;0.0;0.0;0.0;12.31;0.55
27/09/2024 02:30:00;0.0;0.0;0.0;12.125;0.655
27/09/2024 03:00:00;0.0;0.0;0.0;11.94;0.76
27/09/2024 03:30:00;0.0;0.0;0.0;11.355;0.965
27/09/2024 04:00:00;0.0;0.0;0.0;10.77;1.17
27/09/2024 04:30:00;0.0;0.0;0.0;10.305;1.275
27/09/2024 05:00:00;0.0;0.0;0.0;9.84;1.38
27/09/2024 05:30:00;35.56;23.69;0.855;10.35;1.24
27/09/2024 06:00:00;71.12;47.38;1.71;10.86;1.1
27/09/2024 06:30:00;162.95;75.73;3.3649999999999998;11.004999999999999;1.0350000000000001
27/09/2024 07:00:00;254.78;104.08;5.02;11.15;0.97
27/09/2024 07:30:00;355.63;121.51499999999999;6.63;13.27;0.97
27/09/2024 08:00:00;456.48;138.95;8.24;15.39;0.97
27/09/2024 08:30:00;534.5250000000001;153.48;9.515;16.700000000000003;0.8999999999999999
27/09/2024 09:00:00;612.57;168.01;10.79;18.01;0.83
27/09/2024 09:30:00;676.735;171.925;11.704999999999998;18.990000000000002;0.7949999999999999
27/09/2024 10:00:00;740.9;175.84;12.62;19.97;0.76
27/09/2024 10:30:00;729.2149999999999;195.155;12.8;20.740000000000002;0.865
27/09/2024 11:00:00;717.53;214.47;12.98;21.51;0.97
27/09/2024 11:30:00;695.26;217.82;12.75;22.08;1.0699999999999998
27/09/2024 12:00:00;672.99;221.17;12.52;22.65;1.17
27/09/2024 12:30:00;654.335;203.19;11.96;23.055;1.17
27/09/2024 13:00:00;635.68;185.21;11.4;23.46;1.17
27/09/2024 13:30:00;564.235;173.115;10.25;23.655;1.0699999999999998
27/09/2024 14:00:00;492.79;161.02;9.1;23.85;0.97
27/09/2024 14:30:00;355.9;156.22;7.324999999999999;23.825000000000003;0.8999999999999999
27/09/2024 15:00:00;219.01;151.42;5.55;23.8;0.83
27/09/2024 15:30:00;157.29;114.32;4.08;23.485;0.76
27/09/2024 16:00:00;95.57;77.22;2.61;23.17;0.69
27/09/2024 16:30:00;47.785;38.61;1.305;22.62;0.655
27/09/2024 17:00:00;0.0;0.0;0.0;22.07;0.62
27/09/2024 17:30:00;0.0;0.0;0.0;21.355;0.76
27/09/2024 18:00:00;0.0;0.0;0.0;20.64;0.9
27/09/2024 18:30:00;0.0;0.0;0.0;18.560000000000002;1.175
27/09/2024 19:00:00;0.0;0.0;0.0;16.48;1.45
27/09/2024 19:30:00;0.0;0.0;0.0;15.89;1.38
27/09/2024 20:00:00;0.0;0.0;0.0;15.3;1.31
27/09/2024 20:30:00;0.0;0.0;0.0;14.59;1.345
27/09/2024 21:00:00;0.0;0.0;0.0;13.88;1.38
27/09/2024 21:30:00;0.0;0.0;0.0;13.595;1.31
27/09/2024 22:00:00;0.0;0.0;0.0;13.31;1.24
27/09/2024 22:30:00;0.0;0.0;0.0;13.165;1.205
27/09/2024 23:00:00;0.0;0.0;0.0;13.02;1.17
27/09/2024 23:30:00;0.0;0.0;0.0;12.969999999999999;1.135
28/09/2024 00:00:00;0.0;0.0;0.0;12.92;1.1
28/09/2024 00:30:00;0.0;0.0;0.0;12.92;1.1
28/09/2024 01:00:00;0.0;0.0;0.0;12.92;1.1
28/09/2024 01:30:00;0.0;0.0;0.0;13.04;1.065
28/09/2024 02:00:00;0.0;0.0;0.0;13.16;1.03
28/09/2024 02:30:00;0.0;0.0;0.0;13.120000000000001;1.03
28/09/2024 03:00:00;0.0;0.0;0.0;13.08;1.03
28/09/2024 03:30:00;0.0;0.0;0.0;12.825;1.1
28/09/2024 04:00:00;0.0;0.0;0.0;12.57;1.17
28/09/2024 04:30:00;0.0;0.0;0.0;12.295;1.205
28/09/2024 05:00:00;0.0;0.0;0.0;12.02;1.24
28/09/2024 05:30:00;37.635;22.545;0.835;11.985;1.205
28/09/2024 06:00:00;75.27;45.09;1.67;11.95;1.17
28/09/2024 06:30:00;141.02999999999997;78.9;3.125;12.825;1.1
28/09/2024 07:00:00;206.79;112.71;4.58;13.7;1.03
28/09/2024 07:30:00;297.1;135.035;6.12;15.91;1.0
28/09/2024 08:00:00;387.41;157.36;7.66;18.12;0.97
28/09/2024 08:30:00;476.56500000000005;167.71;8.985;19.46;1.0
28/09/2024 09:00:00;565.72;178.06;10.31;20.8;1.03
28/09/2024 09:30:00;572.02;205.85500000000002;10.905000000000001;21.67;1.135
28/09/2024 10:00:00;578.32;233.65;11.5;22.54;1.24
28/09/2024 10:30:00;627.6300000000001;226.71;12.0;23.1;1.275
28/09/2024 11:00:00;676.94;219.77;12.5;23.66;1.31
28/09/2024 11:30:00;666.635;217.7;12.33;24.130000000000003;1.275
28/09/2024 12:00:00;656.33;215.63;12.16;24.6;1.24
28/09/2024 12:30:00;633.205;200.53;11.585;24.885;1.17
28/09/2024 13:00:00;610.08;185.43;11.01;25.17;1.1
28/09/2024 13:30:00;535.34;174.82;9.855;25.265;0.9650000000000001
28/09/2024 14:00:00;460.6;164.21;8.7;25.36;0.83
28/09/2024 14:30:00;369.105;146.72;7.225;25.325;0.655
28/09/2024 15:00:00;277.61;129.23;5.75;25.29;0.48
28/09/2024 15:30:00;184.495;101.085;4.1;25.03;0.31
28/09/2024 16:00:00;91.38;72.94;2.45;24.77;0.14
28/09/2024 16:30:00;45.69;36.47;1.225;24.38;0.175
28/09/2024 17:00:00;0.0;0.0;0.0;23.99;0.21
28/09/2024 17:30:00;0.0;0.0;0.0;23.354999999999997;0.105
28/09/2024 18:00:00;0.0;0.0;0.0;22.72;0.0
28/09/2024 18:30:00;0.0;0.0;0.0;21.979999999999997;0.345
28/09/2024 19:00:00;0.0;0.0;0.0;21.24;0.69
28/09/2024 19:30:00;0.0;0.0;0.0;19.775;0.965
28/09/2024 20:00:00;0.0;0.0;0.0;18.31;1.24
28/09/2024 20:30:00;0.0;0.0;0.0;17.244999999999997;1.31
28/09/2024 21:00:00;0.0;0.0;0.0;16.18;1.38
28/09/2024 21:30:00;0.0;0.0;0.0;15.649999999999999;1.38
28/09/2024 22:00:00;0.0;0.0;0.0;15.12;1.38
28/09/2024 22:30:00;0.0;0.0;0.0;14.805;1.31
28/09/2024 23:00:00;0.0;0.0;0.0;14.49;1.24
28/09/2024 23:30:00;0.0;0.0;0.0;14.165;1.24
29/09/2024 00:00:00;0.0;0.0;0.0;13.84;1.24
29/09/2024 00:30:00;0.0;0.0;0.0;13.475;1.275
29/09/2024 01:00:00;0.0;0.0;0.0;13.11;1.31
29/09/2024 01:30:00;0.0;0.0;0.0;12.885;1.31
29/09/2024 02:00:00;0.0;0.0;0.0;12.66;1.31
29/09/2024 02:30:00;0.0;0.0;0.0;12.55;1.31
29/09/2024 03:00:00;0.0;0.0;0.0;12.44;1.31
29/09/2024 03:30:00;0.0;0.0;0.0;12.27;1.345
29/09/2024 04:00:00;0.0;0.0;0.0;12.1;1.38
29/09/2024 04:30:00;0.0;0.0;0.0;12.04;1.415
29/09/2024 05:00:00;0.0;0.0;0.0;11.98;1.45
29/09/2024 05:30:00;24.8;22.14;0.695;12.115;1.45
29/09/2024 06:00:00;49.6;44.28;1.39;12.25;1.45
29/09/2024 06:30:00;136.085;73.84;2.965;13.46;1.45
29/09/2024 07:00:00;222.57;103.4;4.54;14.67;1.45
29/09/2024 07:30:00;316.16999999999996;123.16;6.08;16.745;1.555
29/09/2024 08:00:00;409.77;142.92;7.62;18.82;1.66
29/09/2024 08:30:00;499.875;150.93;8.925;20.09;1.935
29/09/2024 09:00:00;589.98;158.94;10.23;21.36;2.21
29/09/2024 09:30:00;627.175;174.015;10.985;22.255;2.725
29/09/2024 10:00:00;664.37;189.09;11.74;23.15;3.24
29/09/2024 10:30:00;637.2049999999999;212.54500000000002;11.82;23.564999999999998;3.515
29/09/2024 11:00:00;610.04;236.0;11.9;23.98;3.79
29/09/2024 11:30:00;510.835;260.78999999999996;11.185;24.295;4.035
29/09/2024 12:00:00;411.63;285.58;10.47;24.61;4.28
29/09/2024 12:30:00;479.575;242.765;10.45;24.555;4.380000000000001
29/09/2024 13:00:00;547.52;199.95;10.43;24.5;4.48
29/09/2024 13:30:00;417.65999999999997;203.535;8.935;24.21;4.380000000000001
29/09/2024 14:00:00;287.8;207.12;7.44;23.92;4.28
29/09/2024 14:30:00;160.395;169.685;5.35;23.57;4.105
29/09/2024 15:00:00;32.99;132.25;3.26;23.22;3.93
29/09/2024 15:30:00;61.675;101.22999999999999;2.8049999999999997;22.665;3.48
29/09/2024 16:00:00;90.36;70.21;2.35;22.11;3.03
29/09/2024 16:30:00;45.18;35.105;1.175;21.445;2.655
29/09/2024 17:00:00;0.0;0.0;0.0;20.78;2.28
29/09/2024 17:30:00;0.0;0.0;0.0;20.07;2.035
29/09/2024 18:00:00;0.0;0.0;0.0;19.36;1.79
29/09/2024 18:30:00;0.0;0.0;0.0;18.88;1.965
29/09/2024 19:00:00;0.0;0.0;0.0;18.4;2.14
29/09/2024 19:30:00;0.0;0.0;0.0;18.04;1.965
29/09/2024 20:00:00;0.0;0.0;0.0;17.68;1.79
29/09/2024 20:30:00;0.0;0.0;0.0;17.125;1.62
29/09/2024 21:00:00;0.0;0.0;0.0;16.57;1.45
29/09/2024 21:30:00;0.0;0.0;0.0;16.28;1.275
29/09/2024 22:00:00;0.0;0.0;0.0;15.99;1.1
29/09/2024 22:30:00;0.0;0.0;0.0;15.79;1.065
29/09/2024 23:00:00;0.0;0.0;0.0;15.59;1.03
29/09/2024 23:30:00;0.0;0.0;0.0;15.26;1.03
30/09/2024 00:00:00;0.0;0.0;0.0;14.93;1.03
30/09/2024 00:30:00;0.0;0.0;0.0;14.665;1.03
30/09/2024 01:00:00;0.0;0.0;0.0;14.4;1.03
30/09/2024 01:30:00;0.0;0.0;0.0;14.46;0.9299999999999999
30/09/2024 02:00:00;0.0;0.0;0.0;14.52;0.83
30/09/2024 02:30:00;0.0;0.0;0.0;14.469999999999999;0.69
30/09/2024 03:00:00;0.0;0.0;0.0;14.42;0.55
30/09/2024 03:30:00;0.0;0.0;0.0;14.315000000000001;0.48
30/09/2024 04:00:00;0.0;0.0;0.0;14.21;0.41
30/09/2024 04:30:00;0.0;0.0;0.0;14.15;0.375
30/09/2024 05:00:00;0.0;0.0;0.0;14.09;0.34
30/09/2024 05:30:00;6.43;18.98;0.47;14.045;0.275
30/09/2024 06:00:00;12.86;37.96;0.94;14.0;0.21
30/09/2024 06:30:00;56.455;80.98500000000001;2.29;14.285;0.44999999999999996
30/09/2024 07:00:00;100.05;124.01;3.64;14.57;0.69
30/09/2024 07:30:00;127.32499999999999;160.86;4.725;15.38;0.725
30/09/2024 08:00:00;154.6;197.71;5.81;16.19;0.76
30/09/2024 08:30:00;229.8;224.26;7.154999999999999;16.975;0.865
30/09/2024 09:00:00;305.0;250.81;8.5;17.76;0.97
30/09/2024 09:30:00;466.31;230.405;10.030000000000001;18.235;0.8999999999999999
30/09/2024 10:00:00;627.62;210.0;11.56;18.71;0.83
30/09/2024 10:30:00;551.34;247.165;11.335;19.055;0.5549999999999999
30/09/2024 11:00:00;475.06;284.33;11.11;19.4;0.28
30/09/2024 11:30:00;538.785;258.56;11.385;19.77;0.5549999999999999
30/09/2024 12:00:00;602.51;232.79;11.66;20.14;0.83
30/09/2024 12:30:00;501.78;241.735;10.615;20.18;1.035
30/09/2024 13:00:00;401.05;250.68;9.57;20.22;1.24
30/09/2024 13:30:00;278.96500000000003;235.055;7.9399999999999995;20.18;1.07
30/09/2024 14:00:00;156.88;219.43;6.31;20.14;0.9
30/09/2024 14:30:00;142.105;184.47;5.385;20.185000000000002;0.9
30/09/2024 15:00:00;127.33;149.51;4.46;20.23;0.9
30/09/2024 15:30:00;78.27;107.35499999999999;3.075;20.02;1.0
30/09/2024 16:00:00;29.21;65.2;1.69;19.81;1.1
30/09/2024 16:30:00;14.605;32.6;0.845;19.39;1.065
30/09/2024 17:00:00;0.0;0.0;0.0;18.97;1.03
30/09/2024 17:30:00;0.0;0.0;0.0;18.195;1.1
30/09/2024 18:00:00;0.0;0.0;0.0;17.42;1.17
30/09/2024 18:30:00;0.0;0.0;0.0;16.505000000000003;1.275
30/09/2024 19:00:00;0.0;0.0;0.0;15.59;1.38
30/09/2024 19:30:00;0.0;0.0;0.0;15.26;1.31
30/09/2024 20:00:00;0.0;0.0;0.0;14.93;1.24
30/09/2024 20:30:00;0.0;0.0;0.0;15.385;1.035
30/09/2024 21:00:00;0.0;0.0;0.0;15.84;0.83
30/09/2024 21:30:00;0.0;0.0;0.0;15.565;0.725
30/09/2024 22:00:00;0.0;0.0;0.0;15.29;0.62
30/09/2024 22:30:00;0.0;0.0;0.0;15.04;0.585
30/09/2024 23:00:00;0.0;0.0;0.0;14.79;0.55
30/09/2024 23:30:00;0.0;0.0;0.0;14.555;0.585
01/10/2024 00:00:00;0.0;0.0;0.0;14.32;0.62
01/10/2024 00:30:00;0.0;0.0;0.0;14.205;0.655
01/10/2024 01:00:00;0.0;0.0;0.0;14.09;0.69
01/10/2024 01:30:00;0.0;0.0;0.0;13.865;0.655
01/10/2024 02:00:00;0.0;0.0;0.0;13.64;0.62
01/10/2024 02:30:00;0.0;0.0;0.0;13.475000000000001;0.585
01/10/2024 03:00:00;0.0;0.0;0.0;13.31;0.55
01/10/2024 03:30:00;0.0;0.0;0.0;13.155000000000001;0.55
01/10/2024 04:00:00;0.0;0.0;0.0;13.0;0.55
01/10/2024 04:30:00;0.0;0.0;0.0;12.775;0.585
01/10/2024 05:00:00;0.0;0.0;0.0;12.55;0.62
01/10/2024 05:30:00;24.785;20.965;0.645;12.350000000000001;0.62
01/10/2024 06:00:00;49.57;41.93;1.29;12.15;0.62
01/10/2024 06:30:00;141.92000000000002;71.63;2.905;12.18;0.48
01/10/2024 07:00:00;234.27;101.33;4.52;12.21;0.34
01/10/2024 07:30:00;331.645;119.97999999999999;6.08;13.84;0.41000000000000003
01/10/2024 08:00:00;429.02;138.63;7.64;15.47;0.48
01/10/2024 08:30:00;514.165;149.27499999999998;8.925;16.685;0.62
01/10/2024 09:00:00;599.31;159.92;10.21;17.9;0.76
01/10/2024 09:30:00;661.1199999999999;164.31;11.095;18.88;0.895
01/10/2024 10:00:00;722.93;168.7;11.98;19.86;1.03
01/10/2024 10:30:00;724.355;181.37;12.22;20.689999999999998;1.135
01/10/2024 11:00:00;725.78;194.04;12.46;21.52;1.24
01/10/2024 11:30:00;700.8499999999999;198.08499999999998;12.21;22.16;1.205
01/10/2024 12:00:00;675.92;202.13;11.96;22.8;1.17
01/10/2024 12:30:00;657.685;184.61;11.405000000000001;23.25;1.1
01/10/2024 13:00:00;639.45;167.09;10.85;23.7;1.03
01/10/2024 13:30:00;561.175;157.89499999999998;9.675;23.895;0.9650000000000001
01/10/2024 14:00:00;482.9;148.7;8.5;24.09;0.9
01/10/2024 14:30:00;389.865;132.23;7.025;24.075;0.9
01/10/2024 15:00:00;296.83;115.76;5.55;24.06;0.9
01/10/2024 15:30:00;187.265;91.64;3.83;23.72;0.8300000000000001
01/10/2024 16:00:00;77.7;67.52;2.11;23.38;0.76
01/10/2024 16:30:00;38.85;33.76;1.055;22.64;0.725
01/10/2024 17:00:00;0.0;0.0;0.0;21.9;0.69
01/10/2024 17:30:00;0.0;0.0;0.0;21.494999999999997;0.76
01/10/2024 18:00:00;0.0;0.0;0.0;21.09;0.83
01/10/2024 18:30:00;0.0;0.0;0.0;19.9;0.9650000000000001
01/10/2024 19:00:00;0.0;0.0;0.0;18.71;1.1
01/10/2024 19:30:00;0.0;0.0;0.0;18.045;1.1
01/10/2024 20:00:00;0.0;0.0;0.0;17.38;1.1
01/10/2024 20:30:00;0.0;0.0;0.0;16.735;1.1
01/10/2024 21:00:00;0.0;0.0;0.0;16.09;1.1
01/10/2024 21:30:00;0.0;0.0;0.0;15.665;1.065
01/10/2024 22:00:00;0.0;0.0;0.0;15.24;1.03
01/10/2024 22:30:00;0.0;0.0;0.0;14.925;1.03
01/10/2024 23:00:00;0.0;0.0;0.0;14.61;1.03
01/10/2024 23:30:00;0.0;0.0;0.0;14.434999999999999;1.03
02/10/2024 00:00:00;0.0;0.0;0.0;14.26;1.03
02/10/2024 00:30:00;0.0;0.0;0.0;14.035;1.065
02/10/2024 01:00:00;0.0;0.0;0.0;13.81;1.1
02/10/2024 01:30:00;0.0;0.0;0.0;13.535;1.1
02/10/2024 02:00:00;0.0;0.0;0.0;13.26;1.1
02/10/2024 02:30:00;0.0;0.0;0.0;13.01;1.1
02/10/2024 03:00:00;0.0;0.0;0.0;12.76;1.1
02/10/2024 03:30:00;0.0;0.0;0.0;12.48;1.135
02/10/2024 04:00:00;0.0;0.0;0.0;12.2;1.17
02/10/2024 04:30:00;0.0;0.0;0.0;11.925;1.205
02/10/2024 05:00:00;0.0;0.0;0.0;11.65;1.24
02/10/2024 05:30:00;21.805;20.175;0.595;11.620000000000001;1.24
02/10/2024 06:00:00;43.61;40.35;1.19;11.59;1.24
02/10/2024 06:30:00;132.43;72.33;2.785;12.2;1.07
02/10/2024 07:00:00;221.25;104.31;4.38;12.81;0.9
02/10/2024 07:30:00;316.95;124.985;5.9399999999999995;14.835;0.935
02/10/2024 08:00:00;412.65;145.66;7.5;16.86;0.97
02/10/2024 08:30:00;506.02;153.20999999999998;8.825;18.27;1.0
02/10/2024 09:00:00;599.39;160.76;10.15;19.68;1.03
02/10/2024 09:30:00;661.37;164.485;11.025;20.9;1.1
02/10/2024 10:00:00;723.35;168.21;11.9;22.12;1.17
02/10/2024 10:30:00;724.675;181.57999999999998;12.15;23.105;1.24
02/10/2024 11:00:00;726.0;194.95;12.4;24.09;1.31
02/10/2024 11:30:00;689.3399999999999;203.855;12.09;24.785;1.345
02/10/2024 12:00:00;652.68;212.76;11.78;25.48;1.38
02/10/2024 12:30:00;618.105;201.19;11.125;25.91;1.415
02/10/2024 13:00:00;583.53;189.62;10.47;26.34;1.45
02/10/2024 13:30:00;533.14;168.99;9.445;26.55;1.4849999999999999
02/10/2024 14:00:00;482.75;148.36;8.42;26.76;1.52
02/10/2024 14:30:00;389.385;131.255;6.9350000000000005;26.740000000000002;1.415
02/10/2024 15:00:00;296.02;114.15;5.45;26.72;1.31
02/10/2024 15:30:00;193.45;88.86500000000001;3.7800000000000002;26.375;1.0350000000000001
02/10/2024 16:00:00;90.88;63.58;2.11;26.03;0.76
02/10/2024 16:30:00;45.44;31.79;1.055;24.89;1.0699999999999998
02/10/2024 17:00:00;0.0;0.0;0.0;23.75;1.38
02/10/2024 17:30:00;0.0;0.0;0.0;22.17;1.45
02/10/2024 18:00:00;0.0;0.0;0.0;20.59;1.52
02/10/2024 18:30:00;0.0;0.0;0.0;19.185000000000002;1.5550000000000002
02/10/2024 19:00:00;0.0;0.0;0.0;17.78;1.59
02/10/2024 19:30:00;0.0;0.0;0.0;17.03;1.5550000000000002
02/10/2024 20:00:00;0.0;0.0;0.0;16.28;1.52
02/10/2024 20:30:00;0.0;0.0;0.0;15.755;1.52
02/10/2024 21:00:00;0.0;0.0;0.0;15.23;1.52
02/10/2024 21:30:00;0.0;0.0;0.0;14.93;1.52
02/10/2024 22:00:00;0.0;0.0;0.0;14.63;1.52
02/10/2024 22:30:00;0.0;0.0;0.0;14.415;1.4849999999999999
02/10/2024 23:00:00;0.0;0.0;0.0;14.2;1.45
02/10/2024 23:30:00;0.0;0.0;0.0;14.05;1.4849999999999999
03/10/2024 00:00:00;0.0;0.0;0.0;13.9;1.52
03/10/2024 00:30:00;0.0;0.0;0.0;13.7;1.52
03/10/2024 01:00:00;0.0;0.0;0.0;13.5;1.52
03/10/2024 01:30:00;0.0;0.0;0.0;13.375;1.5550000000000002
03/10/2024 02:00:00;0.0;0.0;0.0;13.25;1.59
03/10/2024 02:30:00;0.0;0.0;0.0;13.094999999999999;1.625
03/10/2024 03:00:00;0.0;0.0;0.0;12.94;1.66
03/10/2024 03:30:00;0.0;0.0;0.0;12.82;1.69
03/10/2024 04:00:00;0.0;0.0;0.0;12.7;1.72
03/10/2024 04:30:00;0.0;0.0;0.0;12.61;1.755
03/10/2024 05:00:00;0.0;0.0;0.0;12.52;1.79
03/10/2024 05:30:00;20.64;19.66;0.565;12.545;1.8250000000000002
03/10/2024 06:00:00;41.28;39.32;1.13;12.57;1.86
03/10/2024 06:30:00;136.385;68.47;2.725;13.715;1.79
03/10/2024 07:00:00;231.49;97.62;4.32;14.86;1.72
03/10/2024 07:30:00;322.57;118.26;5.83;17.259999999999998;1.825
03/10/2024 08:00:00;413.65;138.9;7.34;19.66;1.93
03/10/2024 08:30:00;480.53499999999997;156.63;8.515;20.865000000000002;2.515
03/10/2024 09:00:00;547.42;174.36;9.69;22.07;3.1
03/10/2024 09:30:00;682.495;147.63;10.975;22.785;3.8600000000000003
03/10/2024 10:00:00;817.57;120.9;12.26;23.5;4.62
03/10/2024 10:30:00;754.76;160.35000000000002;12.129999999999999;23.825;5.0
03/10/2024 11:00:00;691.95;199.8;12.0;24.15;5.38
03/10/2024 11:30:00;345.975;144.395;6.995;24.369999999999997;5.859999999999999
03/10/2024 12:00:00;0.0;88.99;1.99;24.59;6.34
03/10/2024 12:30:00;0.0;82.25;1.8399999999999999;24.35;6.3100000000000005
03/10/2024 13:00:00;0.0;75.51;1.69;24.11;6.28
03/10/2024 13:30:00;3.995;112.96000000000001;2.565;23.549999999999997;5.83
03/10/2024 14:00:00;7.99;150.41;3.44;22.99;5.38
03/10/2024 14:30:00;13.945;133.04500000000002;3.0949999999999998;22.4;5.415
03/10/2024 15:00:00;19.9;115.68;2.75;21.81;5.45
03/10/2024 15:30:00;9.95;75.82000000000001;1.775;20.475;5.21
03/10/2024 16:00:00;0.0;35.96;0.8;19.14;4.97
03/10/2024 16:30:00;0.0;17.98;0.4;18.295;3.9699999999999998
03/10/2024 17:00:00;0.0;0.0;0.0;17.45;2.97
03/10/2024 17:30:00;0.0;0.0;0.0;17.095;2.45
03/10/2024 18:00:00;0.0;0.0;0.0;16.74;1.93
03/10/2024 18:30:00;0.0;0.0;0.0;16.439999999999998;1.93
03/10/2024 19:00:00;0.0;0.0;0.0;16.14;1.93
03/10/2024 19:30:00;0.0;0.0;0.0;15.845;1.76
03/10/2024 20:00:00;0.0;0.0;0.0;15.55;1.59
03/10/2024 20:30:00;0.0;0.0;0.0;15.055;1.31
03/10/2024 21:00:00;0.0;0.0;0.0;14.56;1.03
03/10/2024 21:30:00;0.0;0.0;0.0;14.280000000000001;0.9650000000000001
03/10/2024 22:00:00;0.0;0.0;0.0;14.0;0.9
03/10/2024 22:30:00;0.0;0.0;0.0;13.58;0.9650000000000001
03/10/2024 23:00:00;0.0;0.0;0.0;13.16;1.03
03/10/2024 23:30:00;0.0;0.0;0.0;13.305;0.9299999999999999
04/10/2024 00:00:00;0.0;0.0;0.0;13.45;0.83
04/10/2024 00:30:00;0.0;0.0;0.0;13.385;0.725
04/10/2024 01:00:00;0.0;0.0;0.0;13.32;0.62
04/10/2024 01:30:00;0.0;0.0;0.0;12.895;0.725
04/10/2024 02:00:00;0.0;0.0;0.0;12.47;0.83
04/10/2024 02:30:00;0.0;0.0;0.0;11.86;0.8999999999999999
04/10/2024 03:00:00;0.0;0.0;0.0;11.25;0.97
04/10/2024 03:30:00;0.0;0.0;0.0;11.325;0.865
04/10/2024 04:00:00;0.0;0.0;0.0;11.4;0.76
04/10/2024 04:30:00;0.0;0.0;0.0;11.205;0.45
04/10/2024 05:00:00;0.0;0.0;0.0;11.01;0.14
04/10/2024 05:30:00;18.3;17.04;0.525;10.79;0.34500000000000003
04/10/2024 06:00:00;36.6;34.08;1.05;10.57;0.55
04/10/2024 06:30:00;58.64;75.645;2.1450000000000005;10.81;0.34500000000000003
04/10/2024 07:00:00;80.68;117.21;3.24;11.05;0.14
04/10/2024 07:30:00;92.375;153.315;4.16;12.095;0.14
04/10/2024 08:00:00;104.07;189.42;5.08;13.14;0.14
04/10/2024 08:30:00;208.685;217.83999999999997;6.7;14.120000000000001;0.34500000000000003
04/10/2024 09:00:00;313.3;246.26;8.32;15.1;0.55
04/10/2024 09:30:00;359.745;262.13;9.155000000000001;15.745000000000001;0.76
04/10/2024 10:00:00;406.19;278.0;9.99;16.39;0.97
04/10/2024 10:30:00;440.025;280.055;10.41;16.875;1.105
04/10/2024 11:00:00;473.86;282.11;10.83;17.36;1.24
04/10/2024 11:30:00;354.84000000000003;292.43;9.815000000000001;17.695;1.135
04/10/2024 12:00:00;235.82;302.75;8.8;18.03;1.03
04/10/2024 12:30:00;163.075;277.76;7.605;18.205;0.9299999999999999
04/10/2024 13:00:00;90.33;252.77;6.41;18.38;0.83
04/10/2024 13:30:00;117.785;232.075;6.17;18.415;0.865
04/10/2024 14:00:00;145.24;211.38;5.93;18.45;0.9
04/10/2024 14:30:00;153.38;175.57999999999998;5.1850000000000005;18.355;1.035
04/10/2024 15:00:00;161.52;139.78;4.44;18.26;1.17
04/10/2024 15:30:00;92.36;97.635;2.915;17.98;1.17
04/10/2024 16:00:00;23.2;55.49;1.39;17.7;1.17
04/10/2024 16:30:00;11.6;27.745;0.695;17.23;1.0699999999999998
04/10/2024 17:00:00;0.0;0.0;0.0;16.76;0.97
04/10/2024 17:30:00;0.0;0.0;0.0;16.01;0.97
04/10/2024 18:00:00;0.0;0.0;0.0;15.26;0.97
04/10/2024 18:30:00;0.0;0.0;0.0;14.149999999999999;1.1400000000000001
04/10/2024 19:00:00;0.0;0.0;0.0;13.04;1.31
04/10/2024 19:30:00;0.0;0.0;0.0;12.829999999999998;1.24
04/10/2024 20:00:00;0.0;0.0;0.0;12.62;1.17
04/10/2024 20:30:00;0.0;0.0;0.0;12.64;1.0699999999999998
04/10/2024 21:00:00;0.0;0.0;0.0;12.66;0.97
04/10/2024 21:30:00;0.0;0.0;0.0;12.6;0.935
04/10/2024 22:00:00;0.0;0.0;0.0;12.54;0.9
04/10/2024 22:30:00;0.0;0.0;0.0;12.17;0.9
04/10/2024 23:00:00;0.0;0.0;0.0;11.8;0.9
04/10/2024 23:30:00;0.0;0.0;0.0;11.235;0.9650000000000001
05/10/2024 00:00:00;0.0;0.0;0.0;10.67;1.03
05/10/2024 00:30:00;0.0;0.0;0.0;10.615;1.03
05/10/2024 01:00:00;0.0;0.0;0.0;10.56;1.03
05/10/2024 01:30:00;0.0;0.0;0.0;10.760000000000002;0.86
05/10/2024 02:00:00;0.0;0.0;0.0;10.96;0.69
05/10/2024 02:30:00;0.0;0.0;0.0;10.9;0.515
05/10/2024 03:00:00;0.0;0.0;0.0;10.84;0.34
05/10/2024 03:30:00;0.0;0.0;0.0;10.815;0.31000000000000005
05/10/2024 04:00:00;0.0;0.0;0.0;10.79;0.28
05/10/2024 04:30:00;0.0;0.0;0.0;10.77;0.28
05/10/2024 05:00:00;0.0;0.0;0.0;10.75;0.28
05/10/2024 05:30:00;6.75;15.315;0.39;10.690000000000001;0.28
05/10/2024 06:00:00;13.5;30.63;0.78;10.63;0.28
05/10/2024 06:30:00;49.49;73.02;2.0;9.55;0.31000000000000005
05/10/2024 07:00:00;85.48;115.41;3.22;8.47;0.34
05/10/2024 07:30:00;196.375;144.975;4.945;9.475000000000001;0.31000000000000005
05/10/2024 08:00:00;307.27;174.54;6.67;10.48;0.28
05/10/2024 08:30:00;160.04999999999998;179.975;5.465;11.875;0.28
05/10/2024 09:00:00;12.83;185.41;4.26;13.27;0.28
05/10/2024 09:30:00;276.775;213.345;7.495;14.335;0.17500000000000002
05/10/2024 10:00:00;540.72;241.28;10.73;15.4;0.07
05/10/2024 10:30:00;491.54;264.675;10.64;16.09;0.14
05/10/2024 11:00:00;442.36;288.07;10.55;16.78;0.21
05/10/2024 11:30:00;558.415;245.015;11.095;17.255000000000003;0.345
05/10/2024 12:00:00;674.47;201.96;11.64;17.73;0.48
05/10/2024 12:30:00;420.3;233.29500000000002;9.47;18.095;0.86
05/10/2024 13:00:00;166.13;264.63;7.3;18.46;1.24
05/10/2024 13:30:00;118.91999999999999;230.82999999999998;6.140000000000001;18.560000000000002;1.275
05/10/2024 14:00:00;71.71;197.03;4.98;18.66;1.31
05/10/2024 14:30:00;35.855;124.58500000000001;3.075;18.515;1.1400000000000001
05/10/2024 15:00:00;0.0;52.14;1.17;18.37;0.97
05/10/2024 15:30:00;2.0;46.144999999999996;1.045;18.1;0.935
05/10/2024 16:00:00;4.0;40.15;0.92;17.83;0.9
05/10/2024 16:30:00;2.0;20.075;0.46;17.35;0.9
05/10/2024 17:00:00;0.0;0.0;0.0;16.87;0.9
05/10/2024 17:30:00;0.0;0.0;0.0;16.055;0.935
05/10/2024 18:00:00;0.0;0.0;0.0;15.24;0.97
05/10/2024 18:30:00;0.0;0.0;0.0;13.885;1.21
05/10/2024 19:00:00;0.0;0.0;0.0;12.53;1.45
05/10/2024 19:30:00;0.0;0.0;0.0;12.135;1.38
05/10/2024 20:00:00;0.0;0.0;0.0;11.74;1.31
05/10/2024 20:30:00;0.0;0.0;0.0;11.48;1.275
05/10/2024 21:00:00;0.0;0.0;0.0;11.22;1.24
05/10/2024 21:30:00;0.0;0.0;0.0;11.285;1.105
05/10/2024 22:00:00;0.0;0.0;0.0;11.35;0.97
05/10/2024 22:30:00;0.0;0.0;0.0;11.215;0.8999999999999999
05/10/2024 23:00:00;0.0;0.0;0.0;11.08;0.83
05/10/2024 23:30:00;0.0;0.0;0.0;10.65;0.8999999999999999
06/10/2024 00:00:00;0.0;0.0;0.0;10.22;0.97
06/10/2024 00:30:00;0.0;0.0;0.0;10.16;0.865
06/10/2024 01:00:00;0.0;0.0;0.0;10.1;0.76
06/10/2024 01:30:00;0.0;0.0;0.0;10.015;0.62
06/10/2024 02:00:00;0.0;0.0;0.0;9.93;0.48
06/10/2024 02:30:00;0.0;0.0;0.0;9.809999999999999;0.41000000000000003
06/10/2024 03:00:00;0.0;0.0;0.0;9.69;0.34
06/10/2024 03:30:00;0.0;0.0;0.0;9.614999999999998;0.375
06/10/2024 04:00:00;0.0;0.0;0.0;9.54;0.41
06/10/2024 04:30:00;0.0;0.0;0.0;9.48;0.44499999999999995
06/10/2024 05:00:00;0.0;0.0;0.0;9.42;0.48
06/10/2024 05:30:00;7.065;13.965;0.36;9.36;0.48
06/10/2024 06:00:00;14.13;27.93;0.72;9.3;0.48
06/10/2024 06:30:00;107.255;67.01499999999999;2.3600000000000003;9.015;0.44499999999999995
06/10/2024 07:00:00;200.38;106.1;4.0;8.73;0.41
06/10/2024 07:30:00;296.125;128.51999999999998;5.545;10.315000000000001;0.375
06/10/2024 08:00:00;391.87;150.94;7.09;11.9;0.34
06/10/2024 08:30:00;485.315;160.09;8.42;13.25;0.41000000000000003
06/10/2024 09:00:00;578.76;169.24;9.75;14.6;0.48
06/10/2024 09:30:00;613.605;185.57;10.49;15.614999999999998;0.48
06/10/2024 10:00:00;648.45;201.9;11.23;16.63;0.48
06/10/2024 10:30:00;680.565;200.44;11.615;17.490000000000002;0.44499999999999995
06/10/2024 11:00:00;712.68;198.98;12.0;18.35;0.41
06/10/2024 11:30:00;676.06;207.29;11.690000000000001;19.035;0.31
06/10/2024 12:00:00;639.44;215.6;11.38;19.72;0.21
06/10/2024 12:30:00;546.7750000000001;222.95499999999998;10.405000000000001;20.174999999999997;0.245
06/10/2024 13:00:00;454.11;230.31;9.43;20.63;0.28
06/10/2024 13:30:00;369.45500000000004;215.44;8.18;20.869999999999997;0.38
06/10/2024 14:00:00;284.8;200.57;6.93;21.11;0.48
06/10/2024 14:30:00;235.995;166.885;5.695;21.09;0.585
06/10/2024 15:00:00;187.19;133.2;4.46;21.07;0.69
06/10/2024 15:30:00;107.045;92.52499999999999;2.885;20.7;0.725
06/10/2024 16:00:00;26.9;51.85;1.31;20.33;0.76
06/10/2024 16:30:00;13.45;25.925;0.655;19.935;0.55
06/10/2024 17:00:00;0.0;0.0;0.0;19.54;0.34
06/10/2024 17:30:00;0.0;0.0;0.0;19.005;0.275
06/10/2024 18:00:00;0.0;0.0;0.0;18.47;0.21
06/10/2024 18:30:00;0.0;0.0;0.0;17.45;0.245
06/10/2024 19:00:00;0.0;0.0;0.0;16.43;0.28
06/10/2024 19:30:00;0.0;0.0;0.0;15.55;0.5900000000000001
06/10/2024 20:00:00;0.0;0.0;0.0;14.67;0.9
06/10/2024 20:30:00;0.0;0.0;0.0;13.115;1.035
06/10/2024 21:00:00;0.0;0.0;0.0;11.56;1.17
06/10/2024 21:30:00;0.0;0.0;0.0;10.81;1.135
06/10/2024 22:00:00;0.0;0.0;0.0;10.06;1.1
06/10/2024 22:30:00;0.0;0.0;0.0;9.780000000000001;1.065
06/10/2024 23:00:00;0.0;0.0;0.0;9.5;1.03
06/10/2024 23:30:00;0.0;0.0;0.0;9.605;1.0
07/10/2024 00:00:00;0.0;0.0;0.0;9.71;0.97
07/10/2024 00:30:00;0.0;0.0;0.0;9.81;0.8999999999999999
07/10/2024 01:00:00;0.0;0.0;0.0;9.91;0.83
07/10/2024 01:30:00;0.0;0.0;0.0;9.805;0.865
07/10/2024 02:00:00;0.0;0.0;0.0;9.7;0.9
07/10/2024 02:30:00;0.0;0.0;0.0;9.58;0.9650000000000001
07/10/2024 03:00:00;0.0;0.0;0.0;9.46;1.03
07/10/2024 03:30:00;0.0;0.0;0.0;9.475000000000001;1.03
07/10/2024 04:00:00;0.0;0.0;0.0;9.49;1.03
07/10/2024 04:30:00;0.0;0.0;0.0;8.605;1.205
07/10/2024 05:00:00;0.0;0.0;0.0;7.72;1.38
07/10/2024 05:30:00;19.78;14.4;0.45;7.46;1.38
07/10/2024 06:00:00;39.56;28.8;0.9;7.2;1.38
07/10/2024 06:30:00;135.17000000000002;62.915000000000006;2.49;7.77;1.275
07/10/2024 07:00:00;230.78;97.03;4.08;8.34;1.17
07/10/2024 07:30:00;326.005;117.45;5.605;10.71;1.135
07/10/2024 08:00:00;421.23;137.87;7.13;13.08;1.1
07/10/2024 08:30:00;301.08500000000004;192.57;7.0600000000000005;14.655000000000001;1.1
07/10/2024 09:00:00;180.94;247.27;6.99;16.23;1.1
07/10/2024 09:30:00;433.95500000000004;213.31;9.120000000000001;17.39;1.17
07/10/2024 10:00:00;686.97;179.35;11.25;18.55;1.24
07/10/2024 10:30:00;707.9200000000001;182.88;11.585;19.42;1.31
07/10/2024 11:00:00;728.87;186.41;11.92;20.29;1.38
07/10/2024 11:30:00;716.1800000000001;184.99;11.73;20.895;1.45
07/10/2024 12:00:00;703.49;183.57;11.54;21.5;1.52
07/10/2024 12:30:00;657.76;176.475;10.825;21.855;1.5550000000000002
07/10/2024 13:00:00;612.03;169.38;10.11;22.21;1.59
07/10/2024 13:30:00;529.7049999999999;161.11;8.925;22.395;1.5550000000000002
07/10/2024 14:00:00;447.38;152.84;7.74;22.58;1.52
07/10/2024 14:30:00;348.65;134.685;6.220000000000001;22.525;1.415
07/10/2024 15:00:00;249.92;116.53;4.7;22.47;1.31
07/10/2024 15:30:00;153.945;85.25;3.105;22.07;1.205
07/10/2024 16:00:00;57.97;53.97;1.51;21.67;1.1
07/10/2024 16:30:00;28.985;26.985;0.755;20.725;1.0350000000000001
07/10/2024 17:00:00;0.0;0.0;0.0;19.78;0.97
07/10/2024 17:30:00;0.0;0.0;0.0;19.28;0.935
07/10/2024 18:00:00;0.0;0.0;0.0;18.78;0.9
07/10/2024 18:30:00;0.0;0.0;0.0;17.509999999999998;1.14
07/10/2024 19:00:00;0.0;0.0;0.0;16.24;1.38
07/10/2024 19:30:00;0.0;0.0;0.0;15.044999999999998;1.415
07/10/2024 20:00:00;0.0;0.0;0.0;13.85;1.45
07/10/2024 20:30:00;0.0;0.0;0.0;13.34;1.275
07/10/2024 21:00:00;0.0;0.0;0.0;12.83;1.1
07/10/2024 21:30:00;0.0;0.0;0.0;12.775;1.0
07/10/2024 22:00:00;0.0;0.0;0.0;12.72;0.9
07/10/2024 22:30:00;0.0;0.0;0.0;12.61;0.865
07/10/2024 23:00:00;0.0;0.0;0.0;12.5;0.83
07/10/2024 23:30:00;0.0;0.0;0.0;12.265;0.865
08/10/2024 00:00:00;0.0;0.0;0.0;12.03;0.9
08/10/2024 00:30:00;0.0;0.0;0.0;11.86;0.9
08/10/2024 01:00:00;0.0;0.0;0.0;11.69;0.9
08/10/2024 01:30:00;0.0;0.0;0.0;11.54;0.935
08/10/2024 02:00:00;0.0;0.0;0.0;11.39;0.97
08/10/2024 02:30:00;0.0;0.0;0.0;11.405000000000001;0.935
08/10/2024 03:00:00;0.0;0.0;0.0;11.42;0.9
08/10/2024 03:30:00;0.0;0.0;0.0;11.55;0.865
08/10/2024 04:00:00;0.0;0.0;0.0;11.68;0.83
08/10/2024 04:30:00;0.0;0.0;0.0;11.61;0.7949999999999999
08/10/2024 05:00:00;0.0;0.0;0.0;11.54;0.76
08/10/2024 05:30:00;13.005;13.01;0.37;11.489999999999998;0.8300000000000001
08/10/2024 06:00:00;26.01;26.02;0.74;11.44;0.9
08/10/2024 06:30:00;106.525;64.715;2.24;11.415;0.9650000000000001
08/10/2024 07:00:00;187.04;103.41;3.74;11.39;1.03
08/10/2024 07:30:00;259.755;132.195;5.135;13.75;0.895
08/10/2024 08:00:00;332.47;160.98;6.53;16.11;0.76
08/10/2024 08:30:00;433.35;168.665;7.875;17.884999999999998;0.585
08/10/2024 09:00:00;534.23;176.35;9.22;19.66;0.41
08/10/2024 09:30:00;590.44;183.375;10.055;20.92;0.31
08/10/2024 10:00:00;646.65;190.4;10.89;22.18;0.21
08/10/2024 10:30:00;674.19;191.19;11.254999999999999;23.045;0.245
08/10/2024 11:00:00;701.73;191.98;11.62;23.91;0.28
08/10/2024 11:30:00;695.47;187.03;11.445;24.455;0.345
08/10/2024 12:00:00;689.21;182.08;11.27;25.0;0.41
08/10/2024 12:30:00;637.59;177.81;10.54;25.275;0.41
08/10/2024 13:00:00;585.97;173.54;9.81;25.55;0.41
08/10/2024 13:30:00;499.675;165.87;8.605;25.615000000000002;0.275
08/10/2024 14:00:00;413.38;158.2;7.4;25.68;0.14
08/10/2024 14:30:00;313.065;139.69;5.890000000000001;25.55;0.175
08/10/2024 15:00:00;212.75;121.18;4.38;25.42;0.21
08/10/2024 15:30:00;145.435;85.665;2.955;24.995;0.275
08/10/2024 16:00:00;78.12;50.15;1.53;24.57;0.34
08/10/2024 16:30:00;39.06;25.075;0.765;24.075;0.41000000000000003
08/10/2024 17:00:00;0.0;0.0;0.0;23.58;0.48
08/10/2024 17:30:00;0.0;0.0;0.0;22.784999999999997;0.69
08/10/2024 18:00:00;0.0;0.0;0.0;21.99;0.9
08/10/2024 18:30:00;0.0;0.0;0.0;20.365;1.105
08/10/2024 19:00:00;0.0;0.0;0.0;18.74;1.31
08/10/2024 19:30:00;0.0;0.0;0.0;17.555;1.345
08/10/2024 20:00:00;0.0;0.0;0.0;16.37;1.38
08/10/2024 20:30:00;0.0;0.0;0.0;15.790000000000001;1.275
08/10/2024 21:00:00;0.0;0.0;0.0;15.21;1.17
08/10/2024 21:30:00;0.0;0.0;0.0;14.620000000000001;1.0699999999999998
08/10/2024 22:00:00;0.0;0.0;0.0;14.03;0.97
08/10/2024 22:30:00;0.0;0.0;0.0;13.555;1.0
08/10/2024 23:00:00;0.0;0.0;0.0;13.08;1.03
08/10/2024 23:30:00;0.0;0.0;0.0;12.844999999999999;1.065
09/10/2024 00:00:00;0.0;0.0;0.0;12.61;1.1
09/10/2024 00:30:00;0.0;0.0;0.0;12.54;1.1
09/10/2024 01:00:00;0.0;0.0;0.0;12.47;1.1
09/10/2024 01:30:00;0.0;0.0;0.0;12.350000000000001;1.135
09/10/2024 02:00:00;0.0;0.0;0.0;12.23;1.17
09/10/2024 02:30:00;0.0;0.0;0.0;11.985;1.205
09/10/2024 03:00:00;0.0;0.0;0.0;11.74;1.24
09/10/2024 03:30:00;0.0;0.0;0.0;11.565000000000001;1.31
09/10/2024 04:00:00;0.0;0.0;0.0;11.39;1.38
09/10/2024 04:30:00;0.0;0.0;0.0;11.375;1.38
09/10/2024 05:00:00;0.0;0.0;0.0;11.36;1.38
09/10/2024 05:30:00;13.725;12.615;0.36;11.39;1.38
09/10/2024 06:00:00;27.45;25.23;0.72;11.42;1.38
09/10/2024 06:30:00;78.085;66.58;2.01;11.975;1.38
09/10/2024 07:00:00;128.72;107.93;3.3;12.53;1.38
09/10/2024 07:30:00;180.965;143.23000000000002;4.574999999999999;14.870000000000001;1.345
09/10/2024 08:00:00;233.21;178.53;5.85;17.21;1.31
09/10/2024 08:30:00;388.47;175.04500000000002;7.515;18.810000000000002;1.4500000000000002
09/10/2024 09:00:00;543.73;171.56;9.18;20.41;1.59
09/10/2024 09:30:00;526.565;205.305;9.645;21.535;1.83
09/10/2024 10:00:00;509.4;239.05;10.11;22.66;2.07
09/10/2024 10:30:00;314.81;261.67;8.715;23.455;2.205
09/10/2024 11:00:00;120.22;284.29;7.32;24.25;2.34
09/10/2024 11:30:00;60.925;224.5;5.51;24.72;2.34
09/10/2024 12:00:00;1.63;164.71;3.7;25.19;2.34
09/10/2024 12:30:00;4.9399999999999995;169.28;3.83;25.415;2.275
09/10/2024 13:00:00;8.25;173.85;3.96;25.64;2.21
09/10/2024 13:30:00;161.2;178.45999999999998;5.355;25.71;2.175
09/10/2024 14:00:00;314.15;183.07;6.75;25.78;2.14
09/10/2024 14:30:00;216.12;155.14;5.205;25.615000000000002;1.965
09/10/2024 15:00:00;118.09;127.21;3.66;25.45;1.79
09/10/2024 15:30:00;75.32;86.06;2.4050000000000002;24.89;1.585
09/10/2024 16:00:00;32.55;44.91;1.15;24.33;1.38
09/10/2024 16:30:00;16.275;22.455;0.575;23.335;1.31
09/10/2024 17:00:00;0.0;0.0;0.0;22.34;1.24
09/10/2024 17:30:00;0.0;0.0;0.0;21.1;1.345
09/10/2024 18:00:00;0.0;0.0;0.0;19.86;1.45
09/10/2024 18:30:00;0.0;0.0;0.0;19.299999999999997;1.415
09/10/2024 19:00:00;0.0;0.0;0.0;18.74;1.38
09/10/2024 19:30:00;0.0;0.0;0.0;17.64;1.52
09/10/2024 20:00:00;0.0;0.0;0.0;16.54;1.66
09/10/2024 20:30:00;0.0;0.0;0.0;15.969999999999999;1.66
09/10/2024 21:00:00;0.0;0.0;0.0;15.4;1.66
09/10/2024 21:30:00;0.0;0.0;0.0;15.145;1.52
09/10/2024 22:00:00;0.0;0.0;0.0;14.89;1.38
09/10/2024 22:30:00;0.0;0.0;0.0;15.07;1.24
09/10/2024 23:00:00;0.0;0.0;0.0;15.25;1.1
09/10/2024 23:30:00;0.0;0.0;0.0;14.95;1.1
10/10/2024 00:00:00;0.0;0.0;0.0;14.65;1.1
10/10/2024 00:30:00;0.0;0.0;0.0;14.285;1.1
10/10/2024 01:00:00;0.0;0.0;0.0;13.92;1.1
10/10/2024 01:30:00;0.0;0.0;0.0;13.91;1.065
10/10/2024 02:00:00;0.0;0.0;0.0;13.9;1.03
10/10/2024 02:30:00;0.0;0.0;0.0;13.275;1.135
10/10/2024 03:00:00;0.0;0.0;0.0;12.65;1.24
10/10/2024 03:30:00;0.0;0.0;0.0;12.305;1.31
10/10/2024 04:00:00;0.0;0.0;0.0;11.96;1.38
10/10/2024 04:30:00;0.0;0.0;0.0;11.8;1.38
10/10/2024 05:00:00;0.0;0.0;0.0;11.64;1.38
10/10/2024 05:30:00;4.36;10.61;0.26;11.600000000000001;1.31
10/10/2024 06:00:00;8.72;21.22;0.52;11.56;1.24
10/10/2024 06:30:00;70.80499999999999;64.13499999999999;1.9;12.004999999999999;1.205
10/10/2024 07:00:00;132.89;107.05;3.28;12.45;1.17
10/10/2024 07:30:00;128.85999999999999;143.33;4.1;14.465;1.035
10/10/2024 08:00:00;124.83;179.61;4.92;16.48;0.9
10/10/2024 08:30:00;239.635;203.63;6.51;17.925;0.865
10/10/2024 09:00:00;354.44;227.65;8.1;19.37;0.83
10/10/2024 09:30:00;472.48;219.9;9.285;20.365000000000002;0.9299999999999999
10/10/2024 10:00:00;590.52;212.15;10.47;21.36;1.03
10/10/2024 10:30:00;572.605;229.04000000000002;10.59;22.060000000000002;1.065
10/10/2024 11:00:00;554.69;245.93;10.71;22.76;1.1
10/10/2024 11:30:00;517.875;249.885;10.370000000000001;23.22;1.065
10/10/2024 12:00:00;481.06;253.84;10.03;23.68;1.03
10/10/2024 12:30:00;347.875;253.35000000000002;8.684999999999999;24.015;1.065
10/10/2024 13:00:00;214.69;252.86;7.34;24.35;1.1
10/10/2024 13:30:00;316.73;203.635;7.3;24.435000000000002;1.0350000000000001
10/10/2024 14:00:00;418.77;154.41;7.26;24.52;0.97
10/10/2024 14:30:00;291.565;139.13;5.59;24.4;0.83
10/10/2024 15:00:00;164.36;123.85;3.92;24.28;0.69
10/10/2024 15:30:00;95.53500000000001;82.985;2.485;23.87;0.62
10/10/2024 16:00:00;26.71;42.12;1.05;23.46;0.55
10/10/2024 16:30:00;13.355;21.06;0.525;22.725;0.655
10/10/2024 17:00:00;0.0;0.0;0.0;21.99;0.76
10/10/2024 17:30:00;0.0;0.0;0.0;21.43;0.8300000000000001
10/10/2024 18:00:00;0.0;0.0;0.0;20.87;0.9
10/10/2024 18:30:00;0.0;0.0;0.0;19.64;1.035
10/10/2024 19:00:00;0.0;0.0;0.0;18.41;1.17
10/10/2024 19:30:00;0.0;0.0;0.0;17.415;1.24
10/10/2024 20:00:00;0.0;0.0;0.0;16.42;1.31
10/10/2024 20:30:00;0.0;0.0;0.0;15.645;1.275
10/10/2024 21:00:00;0.0;0.0;0.0;14.87;1.24
10/10/2024 21:30:00;0.0;0.0;0.0;14.42;1.17
10/10/2024 22:00:00;0.0;0.0;0.0;13.97;1.1
10/10/2024 22:30:00;0.0;0.0;0.0;13.655000000000001;1.065
10/10/2024 23:00:00;0.0;0.0;0.0;13.34;1.03
10/10/2024 23:30:00;0.0;0.0;0.0;13.035;1.0
11/10/2024 00:00:00;0.0;0.0;0.0;12.73;0.97
11/10/2024 00:30:00;0.0;0.0;0.0;12.350000000000001;1.0350000000000001
11/10/2024 01:00:00;0.0;0.0;0.0;11.97;1.1
11/10/2024 01:30:00;0.0;0.0;0.0;11.815000000000001;1.1
11/10/2024 02:00:00;0.0;0.0;0.0;11.66;1.1
11/10/2024 02:30:00;0.0;0.0;0.0;11.455;1.135
11/10/2024 03:00:00;0.0;0.0;0.0;11.25;1.17
11/10/2024 03:30:00;0.0;0.0;0.0;11.01;1.24
11/10/2024 04:00:00;0.0;0.0;0.0;10.77;1.31
11/10/2024 04:30:00;0.0;0.0;0.0;10.594999999999999;1.38
11/10/2024 05:00:00;0.0;0.0;0.0;10.42;1.45
11/10/2024 05:30:00;9.26;10.465;0.28;10.344999999999999;1.4849999999999999
11/10/2024 06:00:00;18.52;20.93;0.56;10.27;1.52
11/10/2024 06:30:00;114.58999999999999;58.809999999999995;2.12;10.879999999999999;1.4849999999999999
11/10/2024 07:00:00;210.66;96.69;3.68;11.49;1.45
11/10/2024 07:30:00;304.295;118.615;5.175;13.795000000000002;1.345
11/10/2024 08:00:00;397.93;140.54;6.67;16.1;1.24
11/10/2024 08:30:00;483.94500000000005;152.125;7.935;17.665;1.275
11/10/2024 09:00:00;569.96;163.71;9.2;19.23;1.31
11/10/2024 09:30:00;609.8050000000001;177.28500000000003;9.955;20.35;1.31
11/10/2024 10:00:00;649.65;190.86;10.71;21.47;1.31
11/10/2024 10:30:00;670.085;193.76;11.025;22.229999999999997;1.415
11/10/2024 11:00:00;690.52;196.66;11.34;22.99;1.52
11/10/2024 11:30:00;677.74;194.58499999999998;11.135;23.485;1.69
11/10/2024 12:00:00;664.96;192.51;10.93;23.98;1.86
11/10/2024 12:30:00;625.36;182.535;10.25;24.215;1.895
11/10/2024 13:00:00;585.76;172.56;9.57;24.45;1.93
11/10/2024 13:30:00;509.735;160.845;8.415;24.490000000000002;1.895
11/10/2024 14:00:00;433.71;149.13;7.26;24.53;1.86
11/10/2024 14:30:00;335.16499999999996;130.29;5.76;24.37;1.655
11/10/2024 15:00:00;236.62;111.45;4.26;24.21;1.45
11/10/2024 15:30:00;134.82999999999998;76.05;2.6399999999999997;23.71;1.035
11/10/2024 16:00:00;33.04;40.65;1.02;23.21;0.62
11/10/2024 16:30:00;16.52;20.325;0.51;22.505000000000003;0.48
11/10/2024 17:00:00;0.0;0.0;0.0;21.8;0.34
11/10/2024 17:30:00;0.0;0.0;0.0;20.92;0.55
11/10/2024 18:00:00;0.0;0.0;0.0;20.04;0.76
11/10/2024 18:30:00;0.0;0.0;0.0;18.485;1.175
11/10/2024 19:00:00;0.0;0.0;0.0;16.93;1.59
11/10/2024 19:30:00;0.0;0.0;0.0;16.105;1.69
11/10/2024 20:00:00;0.0;0.0;0.0;15.28;1.79
11/10/2024 20:30:00;0.0;0.0;0.0;14.675;1.79
11/10/2024 21:00:00;0.0;0.0;0.0;14.07;1.79
11/10/2024 21:30:00;0.0;0.0;0.0;13.625;1.79
11/10/2024 22:00:00;0.0;0.0;0.0;13.18;1.79
11/10/2024 22:30:00;0.0;0.0;0.0;12.92;1.755
11/10/2024 23:00:00;0.0;0.0;0.0;12.66;1.72
11/10/2024 23:30:00;0.0;0.0;0.0;12.5;1.69
12/10/2024 00:00:00;0.0;0.0;0.0;12.34;1.66
12/10/2024 00:30:00;0.0;0.0;0.0;12.19;1.66
12/10/2024 01:00:00;0.0;0.0;0.0;12.04;1.66
12/10/2024 01:30:00;0.0;0.0;0.0;11.89;1.69
12/10/2024 02:00:00;0.0;0.0;0.0;11.74;1.72
12/10/2024 02:30:00;0.0;0.0;0.0;11.57;1.79
12/10/2024 03:00:00;0.0;0.0;0.0;11.4;1.86
12/10/2024 03:30:00;0.0;0.0;0.0;11.48;1.76
12/10/2024 04:00:00;0.0;0.0;0.0;11.56;1.66
12/10/2024 04:30:00;0.0;0.0;0.0;11.440000000000001;1.66
12/10/2024 05:00:00;0.0;0.0;0.0;11.32;1.66
12/10/2024 05:30:00;3.29;8.265;0.2;10.975000000000001;1.795
12/10/2024 06:00:00;6.58;16.53;0.4;10.63;1.93
12/10/2024 06:30:00;52.49;59.865;1.645;11.565000000000001;1.825
12/10/2024 07:00:00;98.4;103.2;2.89;12.5;1.72
12/10/2024 07:30:00;114.79;139.38;3.865;14.96;1.655
12/10/2024 08:00:00;131.18;175.56;4.84;17.42;1.59
12/10/2024 08:30:00;259.495;194.715;6.46;18.950000000000003;1.8650000000000002
12/10/2024 09:00:00;387.81;213.87;8.08;20.48;2.14
12/10/2024 09:30:00;330.0;243.935;8.18;21.5;2.4850000000000003
12/10/2024 10:00:00;272.19;274.0;8.28;22.52;2.83
12/10/2024 10:30:00;402.525;259.685;9.315;23.195;3.14
12/10/2024 11:00:00;532.86;245.37;10.35;23.87;3.45
12/10/2024 11:30:00;424.755;260.95;9.545;24.355;3.6550000000000002
12/10/2024 12:00:00;316.65;276.53;8.74;24.84;3.86
12/10/2024 12:30:00;217.575;256.525;7.455;25.0;3.895
12/10/2024 13:00:00;118.5;236.52;6.17;25.16;3.93
12/10/2024 13:30:00;141.685;213.585;5.8100000000000005;25.14;3.76
12/10/2024 14:00:00;164.87;190.65;5.45;25.12;3.59
12/10/2024 14:30:00;110.135;151.14;4.140000000000001;24.855;3.1399999999999997
12/10/2024 15:00:00;55.4;111.63;2.83;24.59;2.69
12/10/2024 15:30:00;39.71;72.82;1.855;23.985;2.485
12/10/2024 16:00:00;24.02;34.01;0.88;23.38;2.28
12/10/2024 16:30:00;12.01;17.005;0.44;22.56;2.1399999999999997
12/10/2024 17:00:00;0.0;0.0;0.0;21.74;2.0
12/10/2024 17:30:00;0.0;0.0;0.0;20.765;2.035
12/10/2024 18:00:00;0.0;0.0;0.0;19.79;2.07
12/10/2024 18:30:00;0.0;0.0;0.0;19.34;2.07
12/10/2024 19:00:00;0.0;0.0;0.0;18.89;2.07
12/10/2024 19:30:00;0.0;0.0;0.0;18.395;1.9649999999999999
12/10/2024 20:00:00;0.0;0.0;0.0;17.9;1.86
12/10/2024 20:30:00;0.0;0.0;0.0;17.54;1.9300000000000002
12/10/2024 21:00:00;0.0;0.0;0.0;17.18;2.0
12/10/2024 21:30:00;0.0;0.0;0.0;16.71;1.895
12/10/2024 22:00:00;0.0;0.0;0.0;16.24;1.79
12/10/2024 22:30:00;0.0;0.0;0.0;15.509999999999998;1.755
12/10/2024 23:00:00;0.0;0.0;0.0;14.78;1.72
12/10/2024 23:30:00;0.0;0.0;0.0;14.39;1.655
13/10/2024 00:00:00;0.0;0.0;0.0;14.0;1.59
13/10/2024 00:30:00;0.0;0.0;0.0;13.7;1.52
13/10/2024 01:00:00;0.0;0.0;0.0;13.4;1.45
13/10/2024 01:30:00;0.0;0.0;0.0;13.205;1.415
13/10/2024 02:00:00;0.0;0.0;0.0;13.01;1.38
13/10/2024 02:30:00;0.0;0.0;0.0;12.71;1.415
13/10/2024 03:00:00;0.0;0.0;0.0;12.41;1.45
13/10/2024 03:30:00;0.0;0.0;0.0;12.18;1.4849999999999999
13/10/2024 04:00:00;0.0;0.0;0.0;11.95;1.52
13/10/2024 04:30:00;0.0;0.0;0.0;11.92;1.45
13/10/2024 05:00:00;0.0;0.0;0.0;11.89;1.38
13/10/2024 05:30:00;1.765;7.275;0.17;11.795;1.345
13/10/2024 06:00:00;3.53;14.55;0.34;11.7;1.31
13/10/2024 06:30:00;87.97;56.245000000000005;1.82;12.004999999999999;1.4849999999999999
13/10/2024 07:00:00;172.41;97.94;3.3;12.31;1.66
13/10/2024 07:30:00;221.57;131.67000000000002;4.535;14.655000000000001;1.5899999999999999
13/10/2024 08:00:00;270.73;165.4;5.77;17.0;1.52
13/10/2024 08:30:00;399.6;167.64;7.245;18.689999999999998;1.5899999999999999
13/10/2024 09:00:00;528.47;169.88;8.72;20.38;1.66
13/10/2024 09:30:00;572.1500000000001;181.82999999999998;9.485;21.685;1.9
13/10/2024 10:00:00;615.83;193.78;10.25;22.99;2.14
13/10/2024 10:30:00;630.635;198.91500000000002;10.530000000000001;23.88;2.415
13/10/2024 11:00:00;645.44;204.05;10.81;24.77;2.69
13/10/2024 11:30:00;620.79;206.10000000000002;10.55;25.345;2.895
13/10/2024 12:00:00;596.14;208.15;10.29;25.92;3.1
13/10/2024 12:30:00;569.5550000000001;193.43;9.675;26.215000000000003;3.205
13/10/2024 13:00:00;542.97;178.71;9.06;26.51;3.31
13/10/2024 13:30:00;478.08500000000004;162.575;7.965;26.57;3.2750000000000004
13/10/2024 14:00:00;413.2;146.44;6.87;26.63;3.24
13/10/2024 14:30:00;314.5;127.27;5.395;26.32;3.0
13/10/2024 15:00:00;215.8;108.1;3.92;26.01;2.76
13/10/2024 15:30:00;130.385;71.19;2.45;25.215000000000003;2.76
13/10/2024 16:00:00;44.97;34.28;0.98;24.42;2.76
13/10/2024 16:30:00;22.485;17.14;0.49;23.310000000000002;2.655
13/10/2024 17:00:00;0.0;0.0;0.0;22.2;2.55
13/10/2024 17:30:00;0.0;0.0;0.0;21.314999999999998;2.62
13/10/2024 18:00:00;0.0;0.0;0.0;20.43;2.69
13/10/2024 18:30:00;0.0;0.0;0.0;20.16;3.0
13/10/2024 19:00:00;0.0;0.0;0.0;19.89;3.31
13/10/2024 19:30:00;0.0;0.0;0.0;19.775;3.515
13/10/2024 20:00:00;0.0;0.0;0.0;19.66;3.72
13/10/2024 20:30:00;0.0;0.0;0.0;19.740000000000002;3.9299999999999997
13/10/2024 21:00:00;0.0;0.0;0.0;19.82;4.14
13/10/2024 21:30:00;0.0;0.0;0.0;19.93;4.24
13/10/2024 22:00:00;0.0;0.0;0.0;20.04;4.34
13/10/2024 22:30:00;0.0;0.0;0.0;20.1;4.445
13/10/2024 23:00:00;0.0;0.0;0.0;20.16;4.55
13/10/2024 23:30:00;0.0;0.0;0.0;20.189999999999998;4.654999999999999
14/10/2024 00:00:00;0.0;0.0;0.0;20.22;4.76
14/10/2024 00:30:00;0.0;0.0;0.0;20.049999999999997;4.965
14/10/2024 01:00:00;0.0;0.0;0.0;19.88;5.17
14/10/2024 01:30:00;0.0;0.0;0.0;19.485;5.205
14/10/2024 02:00:00;0.0;0.0;0.0;19.09;5.24
14/10/2024 02:30:00;0.0;0.0;0.0;18.695;5.205
14/10/2024 03:00:00;0.0;0.0;0.0;18.3;5.17
14/10/2024 03:30:00;0.0;0.0;0.0;17.97;5.07
14/10/2024 04:00:00;0.0;0.0;0.0;17.64;4.97
14/10/2024 04:30:00;0.0;0.0;0.0;17.355;4.83
14/10/2024 05:00:00;0.0;0.0;0.0;17.07;4.69
14/10/2024 05:30:00;1.9;6.375;0.15;16.765;4.515000000000001
14/10/2024 06:00:00;3.8;12.75;0.3;16.46;4.34
14/10/2024 06:30:00;30.500000000000004;52.885;1.3450000000000002;16.695;3.895
14/10/2024 07:00:00;57.2;93.02;2.39;16.93;3.45
14/10/2024 07:30:00;28.6;63.14;1.565;17.15;3.52
14/10/2024 08:00:00;0.0;33.26;0.74;17.37;3.59
14/10/2024 08:30:00;165.305;126.27000000000001;4.14;17.57;4.0
14/10/2024 09:00:00;330.61;219.28;7.54;17.77;4.41
14/10/2024 09:30:00;174.63;210.555;6.1;17.72;4.41
14/10/2024 10:00:00;18.65;201.83;4.66;17.67;4.41
14/10/2024 10:30:00;9.325;128.78;2.955;16.905;4.135
14/10/2024 11:00:00;0.0;55.73;1.25;16.14;3.86
14/10/2024 11:30:00;16.075;137.27;3.2;15.65;3.69
14/10/2024 12:00:00;32.15;218.81;5.15;15.16;3.52
14/10/2024 12:30:00;50.519999999999996;217.255;5.24;14.9;3.1399999999999997
14/10/2024 13:00:00;68.89;215.7;5.33;14.64;2.76
14/10/2024 13:30:00;34.445;146.505;3.5300000000000002;14.215;2.62
14/10/2024 14:00:00;0.0;77.31;1.73;13.79;2.48
14/10/2024 14:30:00;3.96;78.41;1.78;13.48;2.62
14/10/2024 15:00:00;7.92;79.51;1.83;13.17;2.76
14/10/2024 15:30:00;5.445;49.75;1.145;12.99;2.795
14/10/2024 16:00:00;2.97;19.99;0.46;12.81;2.83
14/10/2024 16:30:00;1.485;9.995;0.23;12.595;2.725
14/10/2024 17:00:00;0.0;0.0;0.0;12.38;2.62
14/10/2024 17:30:00;0.0;0.0;0.0;12.2;2.515
14/10/2024 18:00:00;0.0;0.0;0.0;12.02;2.41
14/10/2024 18:30:00;0.0;0.0;0.0;11.809999999999999;2.035
14/10/2024 19:00:00;0.0;0.0;0.0;11.6;1.66
14/10/2024 19:30:00;0.0;0.0;0.0;11.475;1.625
14/10/2024 20:00:00;0.0;0.0;0.0;11.35;1.59
14/10/2024 20:30:00;0.0;0.0;0.0;11.145;1.59
14/10/2024 21:00:00;0.0;0.0;0.0;10.94;1.59
14/10/2024 21:30:00;0.0;0.0;0.0;10.51;1.59
14/10/2024 22:00:00;0.0;0.0;0.0;10.08;1.59
14/10/2024 22:30:00;0.0;0.0;0.0;9.895;1.5550000000000002
14/10/2024 23:00:00;0.0;0.0;0.0;9.71;1.52
14/10/2024 23:30:00;0.0;0.0;0.0;9.5;1.5899999999999999
15/10/2024 00:00:00;0.0;0.0;0.0;9.29;1.66
15/10/2024 00:30:00;0.0;0.0;0.0;9.265;1.66
15/10/2024 01:00:00;0.0;0.0;0.0;9.24;1.66
15/10/2024 01:30:00;0.0;0.0;0.0;9.3;1.725
15/10/2024 02:00:00;0.0;0.0;0.0;9.36;1.79
15/10/2024 02:30:00;0.0;0.0;0.0;9.17;1.8599999999999999
15/10/2024 03:00:00;0.0;0.0;0.0;8.98;1.93
15/10/2024 03:30:00;0.0;0.0;0.0;8.77;1.895
15/10/2024 04:00:00;0.0;0.0;0.0;8.56;1.86
15/10/2024 04:30:00;0.0;0.0;0.0;8.595;1.8250000000000002
15/10/2024 05:00:00;0.0;0.0;0.0;8.63;1.79
15/10/2024 05:30:00;2.06;5.475;0.13;8.495000000000001;1.8599999999999999
15/10/2024 06:00:00;4.12;10.95;0.26;8.36;1.93
15/10/2024 06:30:00;66.62;55.825;1.6050000000000002;8.67;1.795
15/10/2024 07:00:00;129.12;100.7;2.95;8.98;1.66
15/10/2024 07:30:00;132.445;137.28;3.855;9.3;1.9699999999999998
15/10/2024 08:00:00;135.77;173.86;4.76;9.62;2.28
15/10/2024 08:30:00;176.16000000000003;204.715;5.785;10.01;2.245
15/10/2024 09:00:00;216.55;235.57;6.81;10.4;2.21
15/10/2024 09:30:00;386.78999999999996;228.57999999999998;8.37;10.775;2.275
15/10/2024 10:00:00;557.03;221.59;9.93;11.15;2.34
15/10/2024 10:30:00;278.515;133.27;5.465;11.43;2.41
15/10/2024 11:00:00;0.0;44.95;1.0;11.71;2.48
15/10/2024 11:30:00;116.805;162.0;4.48;11.905000000000001;2.6550000000000002
15/10/2024 12:00:00;233.61;279.05;7.96;12.1;2.83
15/10/2024 12:30:00;116.805;193.01;5.175;11.91;2.76
15/10/2024 13:00:00;0.0;106.97;2.39;11.72;2.69
15/10/2024 13:30:00;88.88;147.34;3.8899999999999997;11.835;2.485
15/10/2024 14:00:00;177.76;187.71;5.39;11.95;2.28
15/10/2024 14:30:00;88.88;123.52000000000001;3.36;11.855;2.07
15/10/2024 15:00:00;0.0;59.33;1.33;11.76;1.86
15/10/2024 15:30:00;6.305;41.89;0.9650000000000001;11.565;1.725
15/10/2024 16:00:00;12.61;24.45;0.6;11.37;1.59
15/10/2024 16:30:00;6.305;12.225;0.3;10.989999999999998;1.4500000000000002
15/10/2024 17:00:00;0.0;0.0;0.0;10.61;1.31
15/10/2024 17:30:00;0.0;0.0;0.0;9.995000000000001;1.38
15/10/2024 18:00:00;0.0;0.0;0.0;9.38;1.45
15/10/2024 18:30:00;0.0;0.0;0.0;8.515;1.415
15/10/2024 19:00:00;0.0;0.0;0.0;7.65;1.38
15/10/2024 19:30:00;0.0;0.0;0.0;7.28;1.38
15/10/2024 20:00:00;0.0;0.0;0.0;6.91;1.38
15/10/2024 20:30:00;0.0;0.0;0.0;6.6;1.415
15/10/2024 21:00:00;0.0;0.0;0.0;6.29;1.45
15/10/2024 21:30:00;0.0;0.0;0.0;5.79;1.62
15/10/2024 22:00:00;0.0;0.0;0.0;5.29;1.79
15/10/2024 22:30:00;0.0;0.0;0.0;5.095000000000001;1.895
15/10/2024 23:00:00;0.0;0.0;0.0;4.9;2.0
15/10/2024 23:30:00;0.0;0.0;0.0;4.805;2.035
16/10/2024 00:00:00;0.0;0.0;0.0;4.71;2.07
16/10/2024 00:30:00;0.0;0.0;0.0;4.6;2.0
16/10/2024 01:00:00;0.0;0.0;0.0;4.49;1.93
16/10/2024 01:30:00;0.0;0.0;0.0;4.41;1.895
16/10/2024 02:00:00;0.0;0.0;0.0;4.33;1.86
16/10/2024 02:30:00;0.0;0.0;0.0;4.245;1.895
16/10/2024 03:00:00;0.0;0.0;0.0;4.16;1.93
16/10/2024 03:30:00;0.0;0.0;0.0;3.98;1.93
16/10/2024 04:00:00;0.0;0.0;0.0;3.8;1.93
16/10/2024 04:30:00;0.0;0.0;0.0;3.59;1.825
16/10/2024 05:00:00;0.0;0.0;0.0;3.38;1.72
16/10/2024 05:30:00;4.505;6.04;0.15;3.275;1.69
16/10/2024 06:00:00;9.01;12.08;0.3;3.17;1.66
16/10/2024 06:30:00;69.285;56.225;1.6050000000000002;3.535;1.45
16/10/2024 07:00:00;129.56;100.37;2.91;3.9;1.24
16/10/2024 07:30:00;288.47;112.265;4.74;5.32;1.38
16/10/2024 08:00:00;447.38;124.16;6.57;6.74;1.52
16/10/2024 08:30:00;509.14;145.07999999999998;7.7250000000000005;7.655;1.83
16/10/2024 09:00:00;570.9;166.0;8.88;8.57;2.14
16/10/2024 09:30:00;587.665;188.325;9.525;9.485;2.31
16/10/2024 10:00:00;604.43;210.65;10.17;10.4;2.48
16/10/2024 10:30:00;615.92;217.47500000000002;10.440000000000001;11.145;2.55
16/10/2024 11:00:00;627.41;224.3;10.71;11.89;2.62
16/10/2024 11:30:00;621.3050000000001;218.895;10.530000000000001;12.455;2.69
16/10/2024 12:00:00;615.2;213.49;10.35;13.02;2.76
16/10/2024 12:30:00;578.44;201.78500000000003;9.675;13.379999999999999;2.76
16/10/2024 13:00:00;541.68;190.08;9.0;13.74;2.76
16/10/2024 13:30:00;478.17999999999995;171.43;7.885;13.905000000000001;2.69
16/10/2024 14:00:00;414.68;152.78;6.77;14.07;2.62
16/10/2024 14:30:00;287.445;133.72;5.115;13.96;2.515
16/10/2024 15:00:00;160.21;114.66;3.46;13.85;2.41
16/10/2024 15:30:00;103.61500000000001;71.07499999999999;2.13;13.395;2.035
16/10/2024 16:00:00;47.02;27.49;0.8;12.94;1.66
16/10/2024 16:30:00;23.51;13.745;0.4;12.225;1.5899999999999999
16/10/2024 17:00:00;0.0;0.0;0.0;11.51;1.52
16/10/2024 17:30:00;0.0;0.0;0.0;10.84;1.52
16/10/2024 18:00:00;0.0;0.0;0.0;10.17;1.52
16/10/2024 18:30:00;0.0;0.0;0.0;9.24;1.52
16/10/2024 19:00:00;0.0;0.0;0.0;8.31;1.52
16/10/2024 19:30:00;0.0;0.0;0.0;7.640000000000001;1.4849999999999999
16/10/2024 20:00:00;0.0;0.0;0.0;6.97;1.45
16/10/2024 20:30:00;0.0;0.0;0.0;6.49;1.45
16/10/2024 21:00:00;0.0;0.0;0.0;6.01;1.45
16/10/2024 21:30:00;0.0;0.0;0.0;5.615;1.4849999999999999
16/10/2024 22:00:00;0.0;0.0;0.0;5.22;1.52
16/10/2024 22:30:00;0.0;0.0;0.0;4.99;1.4849999999999999
16/10/2024 23:00:00;0.0;0.0;0.0;4.76;1.45
16/10/2024 23:30:00;0.0;0.0;0.0;4.645;1.415
17/10/2024 00:00:00;0.0;0.0;0.0;4.53;1.38
17/10/2024 00:30:00;0.0;0.0;0.0;4.705;1.24
17/10/2024 01:00:00;0.0;0.0;0.0;4.88;1.1
17/10/2024 01:30:00;0.0;0.0;0.0;4.8;1.1
17/10/2024 02:00:00;0.0;0.0;0.0;4.72;1.1
17/10/2024 02:30:00;0.0;0.0;0.0;4.785;1.065
17/10/2024 03:00:00;0.0;0.0;0.0;4.85;1.03
17/10/2024 03:30:00;0.0;0.0;0.0;4.875;1.03
17/10/2024 04:00:00;0.0;0.0;0.0;4.9;1.03
17/10/2024 04:30:00;0.0;0.0;0.0;4.9350000000000005;1.0
17/10/2024 05:00:00;0.0;0.0;0.0;4.97;0.97
17/10/2024 05:30:00;0.0;4.045;0.09;4.97;0.97
17/10/2024 06:00:00;0.0;8.09;0.18;4.97;0.97
17/10/2024 06:30:00;49.835;51.7;1.3949999999999998;5.045;1.105
17/10/2024 07:00:00;99.67;95.31;2.61;5.12;1.24
17/10/2024 07:30:00;157.845;131.715;3.9000000000000004;6.25;1.205
17/10/2024 08:00:00;216.02;168.12;5.19;7.38;1.17
17/10/2024 08:30:00;258.25;196.13;6.205;8.495;1.24
17/10/2024 09:00:00;300.48;224.14;7.22;9.61;1.31
17/10/2024 09:30:00;365.44500000000005;235.91;8.11;10.75;1.31
17/10/2024 10:00:00;430.41;247.68;9.0;11.89;1.31
17/10/2024 10:30:00;469.26;247.615;9.415;12.925;1.31
17/10/2024 11:00:00;508.11;247.55;9.83;13.96;1.31
17/10/2024 11:30:00;513.84;239.395;9.719999999999999;14.765;1.275
17/10/2024 12:00:00;519.57;231.24;9.61;15.57;1.24
17/10/2024 12:30:00;478.225;220.02;8.915;16.035;1.31
17/10/2024 13:00:00;436.88;208.8;8.22;16.5;1.38
17/10/2024 13:30:00;394.78999999999996;184.135;7.235;16.705;1.45
17/10/2024 14:00:00;352.7;159.47;6.25;16.91;1.52
17/10/2024 14:30:00;304.06;126.66499999999999;5.015;16.795;1.52
17/10/2024 15:00:00;255.42;93.86;3.78;16.68;1.52
17/10/2024 15:30:00;140.3;58.765;2.2;16.13;1.4849999999999999
17/10/2024 16:00:00;25.18;23.67;0.62;15.58;1.45
17/10/2024 16:30:00;12.59;11.835;0.31;14.76;1.45
17/10/2024 17:00:00;0.0;0.0;0.0;13.94;1.45
17/10/2024 17:30:00;0.0;0.0;0.0;12.855;1.52
17/10/2024 18:00:00;0.0;0.0;0.0;11.77;1.59
17/10/2024 18:30:00;0.0;0.0;0.0;11.09;1.5550000000000002
17/10/2024 19:00:00;0.0;0.0;0.0;10.41;1.52
17/10/2024 19:30:00;0.0;0.0;0.0;9.855;1.45
17/10/2024 20:00:00;0.0;0.0;0.0;9.3;1.38
17/10/2024 20:30:00;0.0;0.0;0.0;9.02;1.31
17/10/2024 21:00:00;0.0;0.0;0.0;8.74;1.24
17/10/2024 21:30:00;0.0;0.0;0.0;8.465;1.24
17/10/2024 22:00:00;0.0;0.0;0.0;8.19;1.24
17/10/2024 22:30:00;0.0;0.0;0.0;8.055;1.24
17/10/2024 23:00:00;0.0;0.0;0.0;7.92;1.24
17/10/2024 23:30:00;0.0;0.0;0.0;7.87;1.205
18/10/2024 00:00:00;0.0;0.0;0.0;7.82;1.17
18/10/2024 00:30:00;0.0;0.0;0.0;7.78;1.17
18/10/2024 01:00:00;0.0;0.0;0.0;7.74;1.17
18/10/2024 01:30:00;0.0;0.0;0.0;7.8149999999999995;1.135
18/10/2024 02:00:00;0.0;0.0;0.0;7.89;1.1
18/10/2024 02:30:00;0.0;0.0;0.0;7.855;1.1
18/10/2024 03:00:00;0.0;0.0;0.0;7.82;1.1
18/10/2024 03:30:00;0.0;0.0;0.0;7.73;1.1
18/10/2024 04:00:00;0.0;0.0;0.0;7.64;1.1
18/10/2024 04:30:00;0.0;0.0;0.0;7.67;1.065
18/10/2024 05:00:00;0.0;0.0;0.0;7.7;1.03
18/10/2024 05:30:00;0.0;1.8;0.04;7.615;1.065
18/10/2024 06:00:00;0.0;3.6;0.08;7.53;1.1
18/10/2024 06:30:00;0.0;15.735;0.35000000000000003;7.965;1.17
18/10/2024 07:00:00;0.0;27.87;0.62;8.4;1.24
18/10/2024 07:30:00;0.0;58.879999999999995;1.315;9.205;1.135
18/10/2024 08:00:00;0.0;89.89;2.01;10.01;1.03
18/10/2024 08:30:00;0.0;82.25;1.8399999999999999;10.415;1.17
18/10/2024 09:00:00;0.0;74.61;1.67;10.82;1.31
18/10/2024 09:30:00;0.0;57.53;1.285;11.495000000000001;1.415
18/10/2024 10:00:00;0.0;40.45;0.9;12.17;1.52
18/10/2024 10:30:00;0.0;50.34;1.125;13.015;1.655
18/10/2024 11:00:00;0.0;60.23;1.35;13.86;1.79
18/10/2024 11:30:00;0.0;50.34;1.125;14.870000000000001;1.8250000000000002
18/10/2024 12:00:00;0.0;40.45;0.9;15.88;1.86
18/10/2024 12:30:00;0.0;37.755;0.8400000000000001;16.36;1.9300000000000002
18/10/2024 13:00:00;0.0;35.06;0.78;16.84;2.0
18/10/2024 13:30:00;0.0;30.565;0.6799999999999999;17.11;2.1399999999999997
18/10/2024 14:00:00;0.0;26.07;0.58;17.38;2.28
18/10/2024 14:30:00;0.0;24.72;0.55;17.04;2.105
18/10/2024 15:00:00;0.0;23.37;0.52;16.7;1.93
18/10/2024 15:30:00;0.0;13.93;0.31;16.265;1.795
18/10/2024 16:00:00;0.0;4.49;0.1;15.83;1.66
18/10/2024 16:30:00;0.0;2.245;0.05;15.375;1.45
18/10/2024 17:00:00;0.0;0.0;0.0;14.92;1.24
18/10/2024 17:30:00;0.0;0.0;0.0;14.465;1.07
18/10/2024 18:00:00;0.0;0.0;0.0;14.01;0.9
18/10/2024 18:30:00;0.0;0.0;0.0;12.754999999999999;1.28
18/10/2024 19:00:00;0.0;0.0;0.0;11.5;1.66
18/10/2024 19:30:00;0.0;0.0;0.0;11.41;1.52
18/10/2024 20:00:00;0.0;0.0;0.0;11.32;1.38
18/10/2024 20:30:00;0.0;0.0;0.0;11.325;1.45
18/10/2024 21:00:00;0.0;0.0;0.0;11.33;1.52
18/10/2024 21:30:00;0.0;0.0;0.0;11.375;1.5550000000000002
18/10/2024 22:00:00;0.0;0.0;0.0;11.42;1.59
18/10/2024 22:30:00;0.0;0.0;0.0;11.504999999999999;1.625
18/10/2024 23:00:00;0.0;0.0;0.0;11.59;1.66
18/10/2024 23:30:00;0.0;0.0;0.0;11.76;1.69
19/10/2024 00:00:00;0.0;0.0;0.0;11.93;1.72
19/10/2024 00:30:00;0.0;0.0;0.0;12.01;1.79
19/10/2024 01:00:00;0.0;0.0;0.0;12.09;1.86
19/10/2024 01:30:00;0.0;0.0;0.0;12.215;1.895
19/10/2024 02:00:00;0.0;0.0;0.0;12.34;1.93
19/10/2024 02:30:00;0.0;0.0;0.0;12.275;1.8599999999999999
19/10/2024 03:00:00;0.0;0.0;0.0;12.21;1.79
19/10/2024 03:30:00;0.0;0.0;0.0;11.865;1.725
19/10/2024 04:00:00;0.0;0.0;0.0;11.52;1.66
19/10/2024 04:30:00;0.0;0.0;0.0;11.215;1.69
19/10/2024 05:00:00;0.0;0.0;0.0;10.91;1.72
19/10/2024 05:30:00;0.0;0.45;0.01;10.775;1.755
19/10/2024 06:00:00;0.0;0.9;0.02;10.64;1.79
19/10/2024 06:30:00;1.13;26.23;0.595;10.89;1.8250000000000002
19/10/2024 07:00:00;2.26;51.56;1.17;11.14;1.86
19/10/2024 07:30:00;1.13;37.465;0.845;11.795;1.79
19/10/2024 08:00:00;0.0;23.37;0.52;12.45;1.72
19/10/2024 08:30:00;0.0;48.53999999999999;1.085;12.92;1.69
19/10/2024 09:00:00;0.0;73.71;1.65;13.39;1.66
19/10/2024 09:30:00;0.0;77.305;1.73;13.965;1.625
19/10/2024 10:00:00;0.0;80.9;1.81;14.54;1.59
19/10/2024 10:30:00;0.0;68.315;1.53;15.219999999999999;1.52
19/10/2024 11:00:00;0.0;55.73;1.25;15.9;1.45
19/10/2024 11:30:00;0.0;70.115;1.5699999999999998;16.015;1.45
19/10/2024 12:00:00;0.0;84.5;1.89;16.13;1.45
19/10/2024 12:30:00;0.0;86.745;1.94;16.13;1.415
19/10/2024 13:00:00;0.0;88.99;1.99;16.13;1.38
19/10/2024 13:30:00;0.0;57.08;1.275;16.215;1.14
19/10/2024 14:00:00;0.0;25.17;0.56;16.3;0.9
19/10/2024 14:30:00;0.0;36.405;0.8150000000000001;16.265;0.935
19/10/2024 15:00:00;0.0;47.64;1.07;16.23;0.97
19/10/2024 15:30:00;0.0;25.17;0.5650000000000001;15.879999999999999;1.105
19/10/2024 16:00:00;0.0;2.7;0.06;15.53;1.24
19/10/2024 16:30:00;0.0;1.35;0.03;15.004999999999999;1.275
19/10/2024 17:00:00;0.0;0.0;0.0;14.48;1.31
19/10/2024 17:30:00;0.0;0.0;0.0;14.095;1.105
19/10/2024 18:00:00;0.0;0.0;0.0;13.71;0.9
19/10/2024 18:30:00;0.0;0.0;0.0;13.59;1.175
19/10/2024 19:00:00;0.0;0.0;0.0;13.47;1.45
19/10/2024 19:30:00;0.0;0.0;0.0;13.315000000000001;1.45
19/10/2024 20:00:00;0.0;0.0;0.0;13.16;1.45
19/10/2024 20:30:00;0.0;0.0;0.0;13.02;1.38
19/10/2024 21:00:00;0.0;0.0;0.0;12.88;1.31
19/10/2024 21:30:00;0.0;0.0;0.0;12.780000000000001;1.31
19/10/2024 22:00:00;0.0;0.0;0.0;12.68;1.31
19/10/2024 22:30:00;0.0;0.0;0.0;12.695;1.38
19/10/2024 23:00:00;0.0;0.0;0.0;12.71;1.45
19/10/2024 23:30:00;0.0;0.0;0.0;12.575;1.415
20/10/2024 00:00:00;0.0;0.0;0.0;12.44;1.38
20/10/2024 00:30:00;0.0;0.0;0.0;12.274999999999999;1.275
20/10/2024 01:00:00;0.0;0.0;0.0;12.11;1.17
20/10/2024 01:30:00;0.0;0.0;0.0;12.114999999999998;1.5150000000000001
20/10/2024 02:00:00;0.0;0.0;0.0;12.12;1.86
20/10/2024 02:30:00;0.0;0.0;0.0;12.25;2.0
20/10/2024 03:00:00;0.0;0.0;0.0;12.38;2.14
20/10/2024 03:30:00;0.0;0.0;0.0;12.535;2.035
20/10/2024 04:00:00;0.0;0.0;0.0;12.69;1.93
20/10/2024 04:30:00;0.0;0.0;0.0;12.76;2.035
20/10/2024 05:00:00;0.0;0.0;0.0;12.83;2.14
20/10/2024 05:30:00;0.0;0.45;0.01;12.9;2.21
20/10/2024 06:00:00;0.0;0.9;0.02;12.97;2.28
20/10/2024 06:30:00;0.0;11.685;0.26;13.025;2.07
20/10/2024 07:00:00;0.0;22.47;0.5;13.08;1.86
20/10/2024 07:30:00;0.0;33.26;0.74;13.344999999999999;2.07
20/10/2024 08:00:00;0.0;44.05;0.98;13.61;2.28
20/10/2024 08:30:00;0.0;43.599999999999994;0.97;14.094999999999999;2.9349999999999996
20/10/2024 09:00:00;0.0;43.15;0.96;14.58;3.59
20/10/2024 09:30:00;0.0;68.77;1.535;14.805;3.965
20/10/2024 10:00:00;0.0;94.39;2.11;15.03;4.34
20/10/2024 10:30:00;0.0;84.05;1.88;15.01;4.34
20/10/2024 11:00:00;0.0;73.71;1.65;14.99;4.34
20/10/2024 11:30:00;0.0;60.224999999999994;1.35;14.84;4.1
20/10/2024 12:00:00;0.0;46.74;1.05;14.69;3.86
20/10/2024 12:30:00;0.0;43.144999999999996;0.9650000000000001;14.735;3.62
20/10/2024 13:00:00;0.0;39.55;0.88;14.78;3.38
20/10/2024 13:30:00;31.745;96.32499999999999;2.34;15.065;3.105
20/10/2024 14:00:00;63.49;153.1;3.8;15.35;2.83
20/10/2024 14:30:00;80.645;125.485;3.215;15.375;2.52
20/10/2024 15:00:00;97.8;97.87;2.63;15.4;2.21
20/10/2024 15:30:00;62.675;56.95;1.535;15.055;2.0
20/10/2024 16:00:00;27.55;16.03;0.44;14.71;1.79
20/10/2024 16:30:00;13.775;8.015;0.22;13.780000000000001;1.8250000000000002
20/10/2024 17:00:00;0.0;0.0;0.0;12.85;1.86
20/10/2024 17:30:00;0.0;0.0;0.0;12.04;1.8250000000000002
20/10/2024 18:00:00;0.0;0.0;0.0;11.23;1.79
20/10/2024 18:30:00;0.0;0.0;0.0;11.365;1.79
20/10/2024 19:00:00;0.0;0.0;0.0;11.5;1.79
20/10/2024 19:30:00;0.0;0.0;0.0;11.5;1.895
20/10/2024 20:00:00;0.0;0.0;0.0;11.5;2.0
20/10/2024 20:30:00;0.0;0.0;0.0;11.715;2.275
20/10/2024 21:00:00;0.0;0.0;0.0;11.93;2.55
20/10/2024 21:30:00;0.0;0.0;0.0;12.265;3.035
20/10/2024 22:00:00;0.0;0.0;0.0;12.6;3.52
20/10/2024 22:30:00;0.0;0.0;0.0;12.96;4.245
20/10/2024 23:00:00;0.0;0.0;0.0;13.32;4.97
20/10/2024 23:30:00;0.0;0.0;0.0;13.29;4.9350000000000005
21/10/2024 00:00:00;0.0;0.0;0.0;13.26;4.9
21/10/2024 00:30:00;0.0;0.0;0.0;13.195;4.59
21/10/2024 01:00:00;0.0;0.0;0.0;13.13;4.28
21/10/2024 01:30:00;0.0;0.0;0.0;13.120000000000001;4.0
21/10/2024 02:00:00;0.0;0.0;0.0;13.11;3.72
21/10/2024 02:30:00;0.0;0.0;0.0;13.015;3.6550000000000002
21/10/2024 03:00:00;0.0;0.0;0.0;12.92;3.59
21/10/2024 03:30:00;0.0;0.0;0.0;12.795;3.5549999999999997
21/10/2024 04:00:00;0.0;0.0;0.0;12.67;3.52
21/10/2024 04:30:00;0.0;0.0;0.0;12.52;3.4850000000000003
21/10/2024 05:00:00;0.0;0.0;0.0;12.37;3.45
21/10/2024 05:30:00;0.0;0.9;0.02;12.149999999999999;3.38
21/10/2024 06:00:00;0.0;1.8;0.04;11.93;3.31
21/10/2024 06:30:00;120.255;39.4;1.545;11.89;2.895
21/10/2024 07:00:00;240.51;77.0;3.05;11.85;2.48
21/10/2024 07:30:00;139.98;105.79;3.145;12.41;2.31
21/10/2024 08:00:00;39.45;134.58;3.24;12.97;2.14
21/10/2024 08:30:00;19.725;122.125;2.845;13.575;2.725
21/10/2024 09:00:00;0.0;109.67;2.45;14.18;3.31
21/10/2024 09:30:00;37.625;169.465;4.04;14.629999999999999;3.45
21/10/2024 10:00:00;75.25;229.26;5.63;15.08;3.59
21/10/2024 10:30:00;383.85;202.76999999999998;7.970000000000001;15.535;3.625
21/10/2024 11:00:00;692.45;176.28;10.31;15.99;3.66
21/10/2024 11:30:00;563.425;208.965;9.525;16.185;3.76
21/10/2024 12:00:00;434.4;241.65;8.74;16.38;3.86
21/10/2024 12:30:00;495.115;202.025;8.56;16.564999999999998;3.86
21/10/2024 13:00:00;555.83;162.4;8.38;16.75;3.86
21/10/2024 13:30:00;486.295;147.305;7.265000000000001;16.759999999999998;3.585
21/10/2024 14:00:00;416.76;132.21;6.15;16.77;3.31
21/10/2024 14:30:00;319.585;112.44;4.715;16.57;2.895
21/10/2024 15:00:00;222.41;92.67;3.28;16.37;2.48
21/10/2024 15:30:00;118.80499999999999;53.515;1.8199999999999998;15.940000000000001;2.135
21/10/2024 16:00:00;15.2;14.36;0.36;15.51;1.79
21/10/2024 16:30:00;7.6;7.18;0.18;14.684999999999999;1.585
21/10/2024 17:00:00;0.0;0.0;0.0;13.86;1.38
21/10/2024 17:30:00;0.0;0.0;0.0;13.055;1.345
21/10/2024 18:00:00;0.0;0.0;0.0;12.25;1.31
21/10/2024 18:30:00;0.0;0.0;0.0;11.575;1.275
21/10/2024 19:00:00;0.0;0.0;0.0;10.9;1.24
21/10/2024 19:30:00;0.0;0.0;0.0;10.635;1.17
21/10/2024 20:00:00;0.0;0.0;0.0;10.37;1.1
21/10/2024 20:30:00;0.0;0.0;0.0;9.739999999999998;1.205
21/10/2024 21:00:00;0.0;0.0;0.0;9.11;1.31
21/10/2024 21:30:00;0.0;0.0;0.0;8.870000000000001;1.345
21/10/2024 22:00:00;0.0;0.0;0.0;8.63;1.38
21/10/2024 22:30:00;0.0;0.0;0.0;8.395;1.45
21/10/2024 23:00:00;0.0;0.0;0.0;8.16;1.52
21/10/2024 23:30:00;0.0;0.0;0.0;8.115;1.5550000000000002
22/10/2024 00:00:00;0.0;0.0;0.0;8.07;1.59
22/10/2024 00:30:00;0.0;0.0;0.0;8.094999999999999;1.625
22/10/2024 01:00:00;0.0;0.0;0.0;8.12;1.66
22/10/2024 01:30:00;0.0;0.0;0.0;7.949999999999999;1.66
22/10/2024 02:00:00;0.0;0.0;0.0;7.78;1.66
22/10/2024 02:30:00;0.0;0.0;0.0;7.755000000000001;1.66
22/10/2024 03:00:00;0.0;0.0;0.0;7.73;1.66
22/10/2024 03:30:00;0.0;0.0;0.0;7.785;1.66
22/10/2024 04:00:00;0.0;0.0;0.0;7.84;1.66
22/10/2024 04:30:00;0.0;0.0;0.0;7.555;1.725
22/10/2024 05:00:00;0.0;0.0;0.0;7.27;1.79
22/10/2024 05:30:00;0.0;0.0;0.0;7.154999999999999;1.79
22/10/2024 06:00:00;0.0;0.0;0.0;7.04;1.79
22/10/2024 06:30:00;91.63;41.545;1.355;7.265000000000001;1.69
22/10/2024 07:00:00;183.26;83.09;2.71;7.49;1.59
22/10/2024 07:30:00;286.35;105.11;4.2;9.100000000000001;1.52
22/10/2024 08:00:00;389.44;127.13;5.69;10.71;1.45
22/10/2024 08:30:00;468.41499999999996;140.715;6.875;11.8;1.8649999999999998
22/10/2024 09:00:00;547.39;154.3;8.06;12.89;2.28
22/10/2024 09:30:00;580.735;169.64;8.765;13.445;2.5549999999999997
22/10/2024 10:00:00;614.08;184.98;9.47;14.0;2.83
22/10/2024 10:30:00;491.33000000000004;224.23000000000002;9.015;14.469999999999999;3.0
22/10/2024 11:00:00;368.58;263.48;8.56;14.94;3.17
22/10/2024 11:30:00;514.975;218.215;9.175;15.219999999999999;3.17
22/10/2024 12:00:00;661.37;172.95;9.79;15.5;3.17
22/10/2024 12:30:00;608.415;167.495;9.045;15.559999999999999;2.825
22/10/2024 13:00:00;555.46;162.04;8.3;15.62;2.48
22/10/2024 13:30:00;459.12;154.25;7.065;15.545;2.1
22/10/2024 14:00:00;362.78;146.46;5.83;15.47;1.72
22/10/2024 14:30:00;279.91499999999996;120.285;4.45;15.23;1.375
22/10/2024 15:00:00;197.05;94.11;3.07;14.99;1.03
22/10/2024 15:30:00;104.17500000000001;52.715;1.6749999999999998;14.59;0.86
22/10/2024 16:00:00;11.3;11.32;0.28;14.19;0.69
22/10/2024 16:30:00;5.65;5.66;0.14;13.71;0.655
22/10/2024 17:00:00;0.0;0.0;0.0;13.23;0.62
22/10/2024 17:30:00;0.0;0.0;0.0;13.09;0.48
22/10/2024 18:00:00;0.0;0.0;0.0;12.95;0.34
22/10/2024 18:30:00;0.0;0.0;0.0;12.625;0.275
22/10/2024 19:00:00;0.0;0.0;0.0;12.3;0.21
22/10/2024 19:30:00;0.0;0.0;0.0;12.065000000000001;0.275
22/10/2024 20:00:00;0.0;0.0;0.0;11.83;0.34
22/10/2024 20:30:00;0.0;0.0;0.0;11.61;0.515
22/10/2024 21:00:00;0.0;0.0;0.0;11.39;0.69
22/10/2024 21:30:00;0.0;0.0;0.0;11.004999999999999;0.725
22/10/2024 22:00:00;0.0;0.0;0.0;10.62;0.76
22/10/2024 22:30:00;0.0;0.0;0.0;10.135;0.8300000000000001
22/10/2024 23:00:00;0.0;0.0;0.0;9.65;0.9
22/10/2024 23:30:00;0.0;0.0;0.0;9.125;0.9650000000000001
23/10/2024 00:00:00;0.0;0.0;0.0;8.6;1.03
23/10/2024 00:30:00;0.0;0.0;0.0;8.75;0.9650000000000001
23/10/2024 01:00:00;0.0;0.0;0.0;8.9;0.9
23/10/2024 01:30:00;0.0;0.0;0.0;8.754999999999999;0.9
23/10/2024 02:00:00;0.0;0.0;0.0;8.61;0.9
23/10/2024 02:30:00;0.0;0.0;0.0;8.045;0.9650000000000001
23/10/2024 03:00:00;0.0;0.0;0.0;7.48;1.03
23/10/2024 03:30:00;0.0;0.0;0.0;6.995;1.135
23/10/2024 04:00:00;0.0;0.0;0.0;6.51;1.24
23/10/2024 04:30:00;0.0;0.0;0.0;6.545;1.17
23/10/2024 05:00:00;0.0;0.0;0.0;6.58;1.1
23/10/2024 05:30:00;0.0;0.0;0.0;6.705;1.0350000000000001
23/10/2024 06:00:00;0.0;0.0;0.0;6.83;0.97
23/10/2024 06:30:00;0.0;15.73;0.35;6.82;0.865
23/10/2024 07:00:00;0.0;31.46;0.7;6.81;0.76
23/10/2024 07:30:00;2.025;64.13999999999999;1.4449999999999998;7.725;0.655
23/10/2024 08:00:00;4.05;96.82;2.19;8.64;0.55
23/10/2024 08:30:00;2.025;66.39;1.495;9.145;0.69
23/10/2024 09:00:00;0.0;35.96;0.8;9.65;0.83
23/10/2024 09:30:00;0.0;41.35;0.925;10.23;0.9299999999999999
23/10/2024 10:00:00;0.0;46.74;1.05;10.81;1.03
23/10/2024 10:30:00;0.0;63.370000000000005;1.42;11.295;1.345
23/10/2024 11:00:00;0.0;80.0;1.79;11.78;1.66
23/10/2024 11:30:00;0.0;63.370000000000005;1.42;12.25;1.795
23/10/2024 12:00:00;0.0;46.74;1.05;12.72;1.93
23/10/2024 12:30:00;0.0;81.35;1.8199999999999998;13.29;2.17
23/10/2024 13:00:00;0.0;115.96;2.59;13.86;2.41
23/10/2024 13:30:00;9.98;120.53;2.75;14.175;2.31
23/10/2024 14:00:00;19.96;125.1;2.91;14.49;2.21
23/10/2024 14:30:00;13.535;93.735;2.17;14.61;1.9649999999999999
23/10/2024 15:00:00;7.11;62.37;1.43;14.73;1.72
23/10/2024 15:30:00;3.555;34.33;0.7849999999999999;14.205;1.585
23/10/2024 16:00:00;0.0;6.29;0.14;13.68;1.45
23/10/2024 16:30:00;0.0;3.145;0.07;13.085;1.415
23/10/2024 17:00:00;0.0;0.0;0.0;12.49;1.38
23/10/2024 17:30:00;0.0;0.0;0.0;11.93;1.14
23/10/2024 18:00:00;0.0;0.0;0.0;11.37;0.9
23/10/2024 18:30:00;0.0;0.0;0.0;11.594999999999999;0.76
23/10/2024 19:00:00;0.0;0.0;0.0;11.82;0.62
23/10/2024 19:30:00;0.0;0.0;0.0;11.405000000000001;0.76
23/10/2024 20:00:00;0.0;0.0;0.0;10.99;0.9
23/10/2024 20:30:00;0.0;0.0;0.0;10.600000000000001;0.935
23/10/2024 21:00:00;0.0;0.0;0.0;10.21;0.97
23/10/2024 21:30:00;0.0;0.0;0.0;9.96;1.0350000000000001
23/10/2024 22:00:00;0.0;0.0;0.0;9.71;1.1
23/10/2024 22:30:00;0.0;0.0;0.0;9.45;1.135
23/10/2024 23:00:00;0.0;0.0;0.0;9.19;1.17
23/10/2024 23:30:00;0.0;0.0;0.0;9.385;1.0
24/10/2024 00:00:00;0.0;0.0;0.0;9.58;0.83
24/10/2024 00:30:00;0.0;0.0;0.0;9.83;0.655
24/10/2024 01:00:00;0.0;0.0;0.0;10.08;0.48
24/10/2024 01:30:00;0.0;0.0;0.0;9.975;0.515
24/10/2024 02:00:00;0.0;0.0;0.0;9.87;0.55
24/10/2024 02:30:00;0.0;0.0;0.0;9.725;0.655
24/10/2024 03:00:00;0.0;0.0;0.0;9.58;0.76
24/10/2024 03:30:00;0.0;0.0;0.0;9.465;0.895
24/10/2024 04:00:00;0.0;0.0;0.0;9.35;1.03
24/10/2024 04:30:00;0.0;0.0;0.0;9.315;1.1
24/10/2024 05:00:00;0.0;0.0;0.0;9.28;1.17
24/10/2024 05:30:00;0.0;0.0;0.0;9.44;1.135
24/10/2024 06:00:00;0.0;0.0;0.0;9.6;1.1
24/10/2024 06:30:00;0.0;11.235;0.25;9.805;1.135
24/10/2024 07:00:00;0.0;22.47;0.5;10.01;1.17
24/10/2024 07:30:00;0.0;28.765;0.64;10.365;1.24
24/10/2024 08:00:00;0.0;35.06;0.78;10.72;1.31
24/10/2024 08:30:00;0.0;49.89;1.115;11.125;1.275
24/10/2024 09:00:00;0.0;64.72;1.45;11.53;1.24
24/10/2024 09:30:00;0.0;52.585;1.175;11.83;1.17
24/10/2024 10:00:00;0.0;40.45;0.9;12.13;1.1
24/10/2024 10:30:00;0.0;61.575;1.375;12.47;1.0350000000000001
24/10/2024 11:00:00;0.0;82.7;1.85;12.81;0.97
24/10/2024 11:30:00;40.295;153.41000000000003;3.6900000000000004;13.010000000000002;1.1749999999999998
24/10/2024 12:00:00;80.59;224.12;5.53;13.21;1.38
24/10/2024 12:30:00;122.36;218.91500000000002;5.65;13.265;1.8599999999999999
24/10/2024 13:00:00;164.13;213.71;5.77;13.32;2.34
24/10/2024 13:30:00;99.25;172.73000000000002;4.455;13.075;2.375
24/10/2024 14:00:00;34.37;131.75;3.14;12.83;2.41
24/10/2024 14:30:00;38.985;105.475;2.535;12.645;2.1350000000000002
24/10/2024 15:00:00;43.6;79.2;1.93;12.46;1.86
24/10/2024 15:30:00;21.8;40.050000000000004;0.975;12.265;1.725
24/10/2024 16:00:00;0.0;0.9;0.02;12.07;1.59
24/10/2024 16:30:00;0.0;0.45;0.01;11.625;1.59
24/10/2024 17:00:00;0.0;0.0;0.0;11.18;1.59
24/10/2024 17:30:00;0.0;0.0;0.0;10.774999999999999;1.5550000000000002
24/10/2024 18:00:00;0.0;0.0;0.0;10.37;1.52
24/10/2024 18:30:00;0.0;0.0;0.0;10.045;1.45
24/10/2024 19:00:00;0.0;0.0;0.0;9.72;1.38
24/10/2024 19:30:00;0.0;0.0;0.0;9.365;1.345
24/10/2024 20:00:00;0.0;0.0;0.0;9.01;1.31
24/10/2024 20:30:00;0.0;0.0;0.0;8.725;1.31
24/10/2024 21:00:00;0.0;0.0;0.0;8.44;1.31
24/10/2024 21:30:00;0.0;0.0;0.0;8.1;1.345
24/10/2024 22:00:00;0.0;0.0;0.0;7.76;1.38
24/10/2024 22:30:00;0.0;0.0;0.0;7.699999999999999;1.275
24/10/2024 23:00:00;0.0;0.0;0.0;7.64;1.17
24/10/2024 23:30:00;0.0;0.0;0.0;7.605;1.135
25/10/2024 00:00:00;0.0;0.0;0.0;7.57;1.1
25/10/2024 00:30:00;0.0;0.0;0.0;7.390000000000001;1.065
25/10/2024 01:00:00;0.0;0.0;0.0;7.21;1.03
25/10/2024 01:30:00;0.0;0.0;0.0;7.0;1.03
25/10/2024 02:00:00;0.0;0.0;0.0;6.79;1.03
25/10/2024 02:30:00;0.0;0.0;0.0;6.765000000000001;1.065
25/10/2024 03:00:00;0.0;0.0;0.0;6.74;1.1
25/10/2024 03:30:00;0.0;0.0;0.0;6.74;1.205
25/10/2024 04:00:00;0.0;0.0;0.0;6.74;1.31
25/10/2024 04:30:00;0.0;0.0;0.0;6.785;1.345
25/10/2024 05:00:00;0.0;0.0;0.0;6.83;1.38
25/10/2024 05:30:00;0.0;0.0;0.0;6.720000000000001;1.4849999999999999
25/10/2024 06:00:00;0.0;0.0;0.0;6.61;1.59
25/10/2024 06:30:00;6.47;28.18;0.655;7.08;1.69
25/10/2024 07:00:00;12.94;56.36;1.31;7.55;1.79
25/10/2024 07:30:00;31.375;94.025;2.255;8.88;1.8599999999999999
25/10/2024 08:00:00;49.81;131.69;3.2;10.21;1.93
25/10/2024 08:30:00;24.905;118.43;2.7750000000000004;11.355;2.105
25/10/2024 09:00:00;0.0;105.17;2.35;12.5;2.28
25/10/2024 09:30:00;0.0;105.62;2.3600000000000003;13.475;2.5549999999999997
25/10/2024 10:00:00;0.0;106.07;2.37;14.45;2.83
25/10/2024 10:30:00;0.0;80.44999999999999;1.8;15.195;3.21
25/10/2024 11:00:00;0.0;54.83;1.23;15.94;3.59
25/10/2024 11:30:00;0.0;46.29;1.035;15.64;4.345
25/10/2024 12:00:00;0.0;37.75;0.84;15.34;5.1
25/10/2024 12:30:00;0.0;48.989999999999995;1.095;14.98;5.0649999999999995
25/10/2024 13:00:00;0.0;60.23;1.35;14.62;5.03
25/10/2024 13:30:00;56.305;107.685;2.6950000000000003;14.36;5.1
25/10/2024 14:00:00;112.61;155.14;4.04;14.1;5.17
25/10/2024 14:30:00;56.305;83.41499999999999;2.15;13.865;5.205
25/10/2024 15:00:00;0.0;11.69;0.26;13.63;5.24
25/10/2024 15:30:00;0.0;7.195;0.16;13.515;5.135
25/10/2024 16:00:00;0.0;2.7;0.06;13.4;5.03
25/10/2024 16:30:00;0.0;1.35;0.03;13.14;5.0649999999999995
25/10/2024 17:00:00;0.0;0.0;0.0;12.88;5.1
25/10/2024 17:30:00;0.0;0.0;0.0;12.615;5.275
25/10/2024 18:00:00;0.0;0.0;0.0;12.35;5.45
25/10/2024 18:30:00;0.0;0.0;0.0;12.365;5.345000000000001
25/10/2024 19:00:00;0.0;0.0;0.0;12.38;5.24
25/10/2024 19:30:00;0.0;0.0;0.0;12.175;4.825
25/10/2024 20:00:00;0.0;0.0;0.0;11.97;4.41
25/10/2024 20:30:00;0.0;0.0;0.0;11.82;4.205
25/10/2024 21:00:00;0.0;0.0;0.0;11.67;4.0
25/10/2024 21:30:00;0.0;0.0;0.0;11.54;3.8600000000000003
25/10/2024 22:00:00;0.0;0.0;0.0;11.41;3.72
25/10/2024 22:30:00;0.0;0.0;0.0;11.325;3.4800000000000004
25/10/2024 23:00:00;0.0;0.0;0.0;11.24;3.24
25/10/2024 23:30:00;0.0;0.0;0.0;11.215;3.0
26/10/2024 00:00:00;0.0;0.0;0.0;11.19;2.76
26/10/2024 00:30:00;0.0;0.0;0.0;10.969999999999999;2.415
26/10/2024 01:00:00;0.0;0.0;0.0;10.75;2.07
26/10/2024 01:30:00;0.0;0.0;0.0;10.405000000000001;1.7249999999999999
26/10/2024 02:00:00;0.0;0.0;0.0;10.06;1.38
26/10/2024 02:30:00;0.0;0.0;0.0;10.31;1.1749999999999998
26/10/2024 03:00:00;0.0;0.0;0.0;10.56;0.97
26/10/2024 03:30:00;0.0;0.0;0.0;10.49;1.0
26/10/2024 04:00:00;0.0;0.0;0.0;10.42;1.03
26/10/2024 04:30:00;0.0;0.0;0.0;10.57;1.1
26/10/2024 05:00:00;0.0;0.0;0.0;10.72;1.17
26/10/2024 05:30:00;0.0;0.0;0.0;10.9;1.24
26/10/2024 06:00:00;0.0;0.0;0.0;11.08;1.31
26/10/2024 06:30:00;7.955;27.565;0.645;11.225;1.795
26/10/2024 07:00:00;15.91;55.13;1.29;11.37;2.28
26/10/2024 07:30:00;7.955;50.935;1.17;11.995;3.175
26/10/2024 08:00:00;0.0;46.74;1.05;12.62;4.07
26/10/2024 08:30:00;15.475;104.55000000000001;2.4349999999999996;13.1;4.550000000000001
26/10/2024 09:00:00;30.95;162.36;3.82;13.58;5.03
26/10/2024 09:30:00;144.23999999999998;202.685;5.445;13.91;4.895
26/10/2024 10:00:00;257.53;243.01;7.07;14.24;4.76
26/10/2024 10:30:00;232.13;249.31;7.04;14.325;4.6899999999999995
26/10/2024 11:00:00;206.73;255.61;7.01;14.41;4.62
26/10/2024 11:30:00;106.16;205.10000000000002;5.255;14.245000000000001;4.205
26/10/2024 12:00:00;5.59;154.59;3.5;14.08;3.79
26/10/2024 12:30:00;2.795;111.005;2.505;14.129999999999999;3.62
26/10/2024 13:00:00;0.0;67.42;1.51;14.18;3.45
26/10/2024 13:30:00;2.075;80.32;1.81;13.809999999999999;3.31
26/10/2024 14:00:00;4.15;93.22;2.11;13.44;3.17
26/10/2024 14:30:00;2.075;58.295;1.315;13.125;2.79
26/10/2024 15:00:00;0.0;23.37;0.52;12.81;2.41
26/10/2024 15:30:00;0.0;11.685;0.26;12.510000000000002;2.1350000000000002
26/10/2024 16:00:00;0.0;0.0;0.0;12.21;1.86
26/10/2024 16:30:00;0.0;0.0;0.0;11.93;1.5150000000000001
26/10/2024 17:00:00;0.0;0.0;0.0;11.65;1.17
26/10/2024 17:30:00;0.0;0.0;0.0;11.43;1.17
26/10/2024 18:00:00;0.0;0.0;0.0;11.21;1.17
26/10/2024 18:30:00;0.0;0.0;0.0;10.99;1.1
26/10/2024 19:00:00;0.0;0.0;0.0;10.77;1.03
26/10/2024 19:30:00;0.0;0.0;0.0;10.645;0.895
26/10/2024 20:00:00;0.0;0.0;0.0;10.52;0.76
26/10/2024 20:30:00;0.0;0.0;0.0;10.455;0.725
26/10/2024 21:00:00;0.0;0.0;0.0;10.39;0.69
26/10/2024 21:30:00;0.0;0.0;0.0;10.325;0.725
26/10/2024 22:00:00;0.0;0.0;0.0;10.26;0.76
26/10/2024 22:30:00;0.0;0.0;0.0;10.235;0.725
26/10/2024 23:00:00;0.0;0.0;0.0;10.21;0.69
26/10/2024 23:30:00;0.0;0.0;0.0;10.2;0.655
27/10/2024 00:00:00;0.0;0.0;0.0;10.19;0.62
27/10/2024 00:30:00;0.0;0.0;0.0;10.17;0.62
27/10/2024 01:00:00;0.0;0.0;0.0;10.15;0.62
27/10/2024 01:30:00;0.0;0.0;0.0;10.14;1.035
27/10/2024 02:00:00;0.0;0.0;0.0;10.13;1.45
27/10/2024 02:30:00;0.0;0.0;0.0;10.365;2.21
27/10/2024 03:00:00;0.0;0.0;0.0;10.6;2.97
27/10/2024 03:30:00;0.0;0.0;0.0;10.71;3.625
27/10/2024 04:00:00;0.0;0.0;0.0;10.82;4.28
27/10/2024 04:30:00;0.0;0.0;0.0;10.765;4.45
27/10/2024 05:00:00;0.0;0.0;0.0;10.71;4.62
27/10/2024 05:30:00;0.0;0.0;0.0;10.59;4.62
27/10/2024 06:00:00;0.0;0.0;0.0;10.47;4.62
27/10/2024 06:30:00;16.315;31.27;0.745;10.165;4.48
27/10/2024 07:00:00;32.63;62.54;1.49;9.86;4.34
27/10/2024 07:30:00;64.265;101.29500000000002;2.535;10.059999999999999;4.03
27/10/2024 08:00:00;95.9;140.05;3.58;10.26;3.72
27/10/2024 08:30:00;125.095;170.79000000000002;4.475;10.58;4.0
27/10/2024 09:00:00;154.29;201.53;5.37;10.9;4.28
27/10/2024 09:30:00;221.08999999999997;222.155;6.3149999999999995;11.365;4.725
27/10/2024 10:00:00;287.89;242.78;7.26;11.83;5.17
27/10/2024 10:30:00;147.665;205.6;5.54;12.120000000000001;5.07
27/10/2024 11:00:00;7.44;168.42;3.82;12.41;4.97
27/10/2024 11:30:00;67.545;201.19;4.905;12.73;4.97
27/10/2024 12:00:00;127.65;233.96;5.99;13.05;4.97
27/10/2024 12:30:00;322.98;198.095;6.805;13.105;5.0
27/10/2024 13:00:00;518.31;162.23;7.62;13.16;5.03
27/10/2024 13:30:00;400.94999999999993;156.03;6.300000000000001;13.315000000000001;4.965
27/10/2024 14:00:00;283.59;149.83;4.98;13.47;4.9
27/10/2024 14:30:00;252.11499999999998;115.2;3.865;13.425;4.245
27/10/2024 15:00:00;220.64;80.57;2.75;13.38;3.59
27/10/2024 15:30:00;110.32;40.285;1.375;13.04;3.0
27/10/2024 16:00:00;0.0;0.0;0.0;12.7;2.41
27/10/2024 16:30:00;0.0;0.0;0.0;12.105;2.17
27/10/2024 17:00:00;0.0;0.0;0.0;11.51;1.93
27/10/2024 17:30:00;0.0;0.0;0.0;11.0;1.93
27/10/2024 18:00:00;0.0;0.0;0.0;10.49;1.93
27/10/2024 18:30:00;0.0;0.0;0.0;10.355;2.105
27/10/2024 19:00:00;0.0;0.0;0.0;10.22;2.28
27/10/2024 19:30:00;0.0;0.0;0.0;10.325;2.76
27/10/2024 20:00:00;0.0;0.0;0.0;10.43;3.24
27/10/2024 20:30:00;0.0;0.0;0.0;10.125;3.7600000000000002
27/10/2024 21:00:00;0.0;0.0;0.0;9.82;4.28
27/10/2024 21:30:00;0.0;0.0;0.0;9.594999999999999;4.345000000000001
27/10/2024 22:00:00;0.0;0.0;0.0;9.37;4.41
27/10/2024 22:30:00;0.0;0.0;0.0;9.325;4.275
27/10/2024 23:00:00;0.0;0.0;0.0;9.28;4.14
27/10/2024 23:30:00;0.0;0.0;0.0;9.254999999999999;3.9
28/10/2024 00:00:00;0.0;0.0;0.0;9.23;3.66
28/10/2024 00:30:00;0.0;0.0;0.0;9.335;3.52
28/10/2024 01:00:00;0.0;0.0;0.0;9.44;3.38
28/10/2024 01:30:00;0.0;0.0;0.0;9.575;3.3449999999999998
28/10/2024 02:00:00;0.0;0.0;0.0;9.71;3.31
28/10/2024 02:30:00;0.0;0.0;0.0;9.755;3.24
28/10/2024 03:00:00;0.0;0.0;0.0;9.8;3.17
28/10/2024 03:30:00;0.0;0.0;0.0;9.825;3.135
28/10/2024 04:00:00;0.0;0.0;0.0;9.85;3.1
28/10/2024 04:30:00;0.0;0.0;0.0;9.899999999999999;3.1
28/10/2024 05:00:00;0.0;0.0;0.0;9.95;3.1
28/10/2024 05:30:00;0.0;0.0;0.0;10.0;3.135
28/10/2024 06:00:00;0.0;0.0;0.0;10.05;3.17
28/10/2024 06:30:00;82.335;37.52;1.105;10.31;3.205
28/10/2024 07:00:00;164.67;75.04;2.21;10.57;3.24
28/10/2024 07:30:00;227.04500000000002;106.655;3.465;11.094999999999999;3.17
28/10/2024 08:00:00;289.42;138.27;4.72;11.62;3.1
28/10/2024 08:30:00;226.555;169.57;5.055;12.235;2.825
28/10/2024 09:00:00;163.69;200.87;5.39;12.85;2.55
28/10/2024 09:30:00;81.845;138.64;3.55;12.905000000000001;3.0
28/10/2024 10:00:00;0.0;76.41;1.71;12.96;3.45
28/10/2024 10:30:00;0.94;110.25;2.475;12.54;3.52
28/10/2024 11:00:00;1.88;144.09;3.24;12.12;3.59
28/10/2024 11:30:00;0.94;130.925;2.935;12.39;3.0
28/10/2024 12:00:00;0.0;117.76;2.63;12.66;2.41
28/10/2024 12:30:00;0.0;96.185;2.15;13.1;2.3449999999999998
28/10/2024 13:00:00;0.0;74.61;1.67;13.54;2.28
28/10/2024 13:30:00;85.13;114.66499999999999;2.975;13.875;2.5199999999999996
28/10/2024 14:00:00;170.26;154.72;4.28;14.21;2.76
28/10/2024 14:30:00;93.10499999999999;107.705;2.845;14.48;2.795
28/10/2024 15:00:00;15.95;60.69;1.41;14.75;2.83
28/10/2024 15:30:00;7.975;30.345;0.705;14.29;2.5549999999999997
28/10/2024 16:00:00;0.0;0.0;0.0;13.83;2.28
28/10/2024 16:30:00;0.0;0.0;0.0;13.115;2.1399999999999997
28/10/2024 17:00:00;0.0;0.0;0.0;12.4;2.0
28/10/2024 17:30:00;0.0;0.0;0.0;11.91;1.9649999999999999
28/10/2024 18:00:00;0.0;0.0;0.0;11.42;1.93
28/10/2024 18:30:00;0.0;0.0;0.0;11.254999999999999;1.93
28/10/2024 19:00:00;0.0;0.0;0.0;11.09;1.93
28/10/2024 19:30:00;0.0;0.0;0.0;10.785;1.9649999999999999
28/10/2024 20:00:00;0.0;0.0;0.0;10.48;2.0
28/10/2024 20:30:00;0.0;0.0;0.0;10.175;2.0
28/10/2024 21:00:00;0.0;0.0;0.0;9.87;2.0
28/10/2024 21:30:00;0.0;0.0;0.0;9.535;1.9649999999999999
28/10/2024 22:00:00;0.0;0.0;0.0;9.2;1.93
28/10/2024 22:30:00;0.0;0.0;0.0;8.71;1.825
28/10/2024 23:00:00;0.0;0.0;0.0;8.22;1.72
28/10/2024 23:30:00;0.0;0.0;0.0;8.135000000000002;1.655
29/10/2024 00:00:00;0.0;0.0;0.0;8.05;1.59
29/10/2024 00:30:00;0.0;0.0;0.0;7.9750000000000005;1.5550000000000002
29/10/2024 01:00:00;0.0;0.0;0.0;7.9;1.52
29/10/2024 01:30:00;0.0;0.0;0.0;7.755000000000001;1.76
29/10/2024 02:00:00;0.0;0.0;0.0;7.61;2.0
29/10/2024 02:30:00;0.0;0.0;0.0;7.66;2.105
29/10/2024 03:00:00;0.0;0.0;0.0;7.71;2.21
29/10/2024 03:30:00;0.0;0.0;0.0;7.654999999999999;2.07
29/10/2024 04:00:00;0.0;0.0;0.0;7.6;1.93
29/10/2024 04:30:00;0.0;0.0;0.0;7.654999999999999;1.795
29/10/2024 05:00:00;0.0;0.0;0.0;7.71;1.66
29/10/2024 05:30:00;0.0;0.0;0.0;7.535;1.5899999999999999
29/10/2024 06:00:00;0.0;0.0;0.0;7.36;1.52
29/10/2024 06:30:00;12.9;27.8;0.655;7.710000000000001;1.45
29/10/2024 07:00:00;25.8;55.6;1.31;8.06;1.38
29/10/2024 07:30:00;16.185000000000002;73.3;1.69;8.865;1.345
29/10/2024 08:00:00;6.57;91.0;2.07;9.67;1.31
29/10/2024 08:30:00;29.175;130.39499999999998;3.075;10.620000000000001;1.415
29/10/2024 09:00:00;51.78;169.79;4.08;11.57;1.52
29/10/2024 09:30:00;25.89;115.905;2.735;12.115;1.5899999999999999
29/10/2024 10:00:00;0.0;62.02;1.39;12.66;1.66
29/10/2024 10:30:00;0.0;59.325;1.33;13.34;1.625
29/10/2024 11:00:00;0.0;56.63;1.27;14.02;1.59
29/10/2024 11:30:00;299.625;116.965;5.015000000000001;14.485;1.69
29/10/2024 12:00:00;599.25;177.3;8.76;14.95;1.79
29/10/2024 12:30:00;300.615;145.875;5.665;15.555;1.965
29/10/2024 13:00:00;1.98;114.45;2.57;16.16;2.14
29/10/2024 13:30:00;10.695;112.555;2.57;16.465;2.175
29/10/2024 14:00:00;19.41;110.66;2.57;16.77;2.21
29/10/2024 14:30:00;9.705;72.41;1.665;16.75;2.3449999999999998
29/10/2024 15:00:00;0.0;34.16;0.76;16.73;2.48
29/10/2024 15:30:00;0.0;17.08;0.38;16.315;2.3449999999999998
29/10/2024 16:00:00;0.0;0.0;0.0;15.9;2.21
29/10/2024 16:30:00;0.0;0.0;0.0;15.065000000000001;1.795
29/10/2024 17:00:00;0.0;0.0;0.0;14.23;1.38
29/10/2024 17:30:00;0.0;0.0;0.0;13.71;1.52
29/10/2024 18:00:00;0.0;0.0;0.0;13.19;1.66
29/10/2024 18:30:00;0.0;0.0;0.0;13.96;1.28
29/10/2024 19:00:00;0.0;0.0;0.0;14.73;0.9
29/10/2024 19:30:00;0.0;0.0;0.0;14.495000000000001;0.76
29/10/2024 20:00:00;0.0;0.0;0.0;14.26;0.62
29/10/2024 20:30:00;0.0;0.0;0.0;14.030000000000001;0.55
29/10/2024 21:00:00;0.0;0.0;0.0;13.8;0.48
29/10/2024 21:30:00;0.0;0.0;0.0;13.545;0.48
29/10/2024 22:00:00;0.0;0.0;0.0;13.29;0.48
29/10/2024 22:30:00;0.0;0.0;0.0;12.96;0.55
29/10/2024 23:00:00;0.0;0.0;0.0;12.63;0.62
29/10/2024 23:30:00;0.0;0.0;0.0;12.280000000000001;0.69
30/10/2024 00:00:00;0.0;0.0;0.0;11.93;0.76
30/10/2024 00:30:00;0.0;0.0;0.0;11.585;0.725
30/10/2024 01:00:00;0.0;0.0;0.0;11.24;0.69
30/10/2024 01:30:00;0.0;0.0;0.0;10.66;0.7949999999999999
30/10/2024 02:00:00;0.0;0.0;0.0;10.08;0.9
30/10/2024 02:30:00;0.0;0.0;0.0;9.795;0.865
30/10/2024 03:00:00;0.0;0.0;0.0;9.51;0.83
30/10/2024 03:30:00;0.0;0.0;0.0;9.425;0.83
30/10/2024 04:00:00;0.0;0.0;0.0;9.34;0.83
30/10/2024 04:30:00;0.0;0.0;0.0;8.985;0.865
30/10/2024 05:00:00;0.0;0.0;0.0;8.63;0.9
30/10/2024 05:30:00;0.0;0.0;0.0;8.205;1.0
30/10/2024 06:00:00;0.0;0.0;0.0;7.78;1.1
30/10/2024 06:30:00;35.355;33.245;0.815;8.0;1.0350000000000001
30/10/2024 07:00:00;70.71;66.49;1.63;8.22;0.97
30/10/2024 07:30:00;133.02;103.565;2.8449999999999998;9.06;0.8999999999999999
30/10/2024 08:00:00;195.33;140.64;4.06;9.9;0.83
30/10/2024 08:30:00;122.81;153.71499999999997;4.029999999999999;11.469999999999999;0.8999999999999999
30/10/2024 09:00:00;50.29;166.79;4.0;13.04;0.97
30/10/2024 09:30:00;25.145;115.30499999999999;2.715;13.87;1.0699999999999998
30/10/2024 10:00:00;0.0;63.82;1.43;14.7;1.17
30/10/2024 10:30:00;4.765;115.42000000000002;2.615;15.21;1.24
30/10/2024 11:00:00;9.53;167.02;3.8;15.72;1.31
30/10/2024 11:30:00;14.384999999999998;169.77;3.8899999999999997;15.925;1.275
30/10/2024 12:00:00;19.24;172.52;3.98;16.13;1.24
30/10/2024 12:30:00;9.62;109.63000000000001;2.515;16.295;1.345
30/10/2024 13:00:00;0.0;46.74;1.05;16.46;1.45
30/10/2024 13:30:00;0.0;52.135000000000005;1.17;16.37;1.45
30/10/2024 14:00:00;0.0;57.53;1.29;16.28;1.45
30/10/2024 14:30:00;0.0;40.9;0.915;15.845;1.38
30/10/2024 15:00:00;0.0;24.27;0.54;15.41;1.31
30/10/2024 15:30:00;0.0;12.135;0.27;14.61;1.205
30/10/2024 16:00:00;0.0;0.0;0.0;13.81;1.1
30/10/2024 16:30:00;0.0;0.0;0.0;13.475000000000001;1.065
30/10/2024 17:00:00;0.0;0.0;0.0;13.14;1.03
30/10/2024 17:30:00;0.0;0.0;0.0;12.915;1.4100000000000001
30/10/2024 18:00:00;0.0;0.0;0.0;12.69;1.79
30/10/2024 18:30:00;0.0;0.0;0.0;12.3;2.515
30/10/2024 19:00:00;0.0;0.0;0.0;11.91;3.24
30/10/2024 19:30:00;0.0;0.0;0.0;11.74;3.205
30/10/2024 20:00:00;0.0;0.0;0.0;11.57;3.17
30/10/2024 20:30:00;0.0;0.0;0.0;11.445;3.0700000000000003
30/10/2024 21:00:00;0.0;0.0;0.0;11.32;2.97
30/10/2024 21:30:00;0.0;0.0;0.0;11.185;3.0700000000000003
30/10/2024 22:00:00;0.0;0.0;0.0;11.05;3.17
30/10/2024 22:30:00;0.0;0.0;0.0;10.93;3.31
30/10/2024 23:00:00;0.0;0.0;0.0;10.81;3.45
30/10/2024 23:30:00;0.0;0.0;0.0;10.61;3.415
31/10/2024 00:00:00;0.0;0.0;0.0;10.41;3.38
31/10/2024 00:30:00;0.0;0.0;0.0;10.23;3.31
31/10/2024 01:00:00;0.0;0.0;0.0;10.05;3.24
31/10/2024 01:30:00;0.0;0.0;0.0;9.91;3.205
31/10/2024 02:00:00;0.0;0.0;0.0;9.77;3.17
31/10/2024 02:30:00;0.0;0.0;0.0;9.719999999999999;3.17
31/10/2024 03:00:00;0.0;0.0;0.0;9.67;3.17
31/10/2024 03:30:00;0.0;0.0;0.0;9.52;3.0
31/10/2024 04:00:00;0.0;0.0;0.0;9.37;2.83
31/10/2024 04:30:00;0.0;0.0;0.0;9.239999999999998;2.795
31/10/2024 05:00:00;0.0;0.0;0.0;9.11;2.76
31/10/2024 05:30:00;0.0;0.0;0.0;9.129999999999999;2.62
31/10/2024 06:00:00;0.0;0.0;0.0;9.15;2.48
31/10/2024 06:30:00;25.76;30.31;0.725;9.185;2.31
31/10/2024 07:00:00;51.52;60.62;1.45;9.22;2.14
31/10/2024 07:30:00;107.91;100.38;2.6449999999999996;9.41;2.24
31/10/2024 08:00:00;164.3;140.14;3.84;9.6;2.34
31/10/2024 08:30:00;162.395;167.27999999999997;4.505;9.95;2.375
31/10/2024 09:00:00;160.49;194.42;5.17;10.3;2.41
31/10/2024 09:30:00;127.915;204.08999999999997;5.24;10.955;3.0
31/10/2024 10:00:00;95.34;213.76;5.31;11.61;3.59
31/10/2024 10:30:00;66.875;206.45999999999998;4.994999999999999;11.89;4.0
31/10/2024 11:00:00;38.41;199.16;4.68;12.17;4.41
31/10/2024 11:30:00;20.174999999999997;166.69;3.8449999999999998;11.855;3.8600000000000003
31/10/2024 12:00:00;1.94;134.22;3.01;11.54;3.31
31/10/2024 12:30:00;7.025;136.51;3.0949999999999998;11.32;3.4850000000000003
31/10/2024 13:00:00;12.11;138.8;3.18;11.1;3.66
31/10/2024 13:30:00;6.055;102.21000000000001;2.325;10.93;3.725
31/10/2024 14:00:00;0.0;65.62;1.47;10.76;3.79
31/10/2024 14:30:00;2.865;55.32000000000001;1.245;10.85;3.965
31/10/2024 15:00:00;5.73;45.02;1.02;10.94;4.14
31/10/2024 15:30:00;2.865;22.51;0.51;10.885;4.14
31/10/2024 16:00:00;0.0;0.0;0.0;10.83;4.14
31/10/2024 16:30:00;0.0;0.0;0.0;10.65;3.9299999999999997
31/10/2024 17:00:00;0.0;0.0;0.0;10.47;3.72
31/10/2024 17:30:00;0.0;0.0;0.0;10.23;3.515
31/10/2024 18:00:00;0.0;0.0;0.0;9.99;3.31
31/10/2024 18:30:00;0.0;0.0;0.0;9.995000000000001;3.14
31/10/2024 19:00:00;0.0;0.0;0.0;10.0;2.97
31/10/2024 19:30:00;0.0;0.0;0.0;9.84;2.795
31/10/2024 20:00:00;0.0;0.0;0.0;9.68;2.62
31/10/2024 20:30:00;0.0;0.0;0.0;9.415;2.48
31/10/2024 21:00:00;0.0;0.0;0.0;9.15;2.34
31/10/2024 21:30:00;0.0;0.0;0.0;8.885;2.24
31/10/2024 22:00:00;0.0;0.0;0.0;8.62;2.14
31/10/2024 22:30:00;0.0;0.0;0.0;8.115;2.0700000000000003
31/10/2024 23:00:00;0.0;0.0;0.0;7.61;2.0
31/10/2024 23:30:00;0.0;0.0;0.0;7.21;1.9300000000000002
01/11/2024 00:00:00;0.0;0.0;0.0;6.81;1.86
01/11/2024 00:30:00;0.0;0.0;0.0;6.4;1.86
01/11/2024 01:00:00;0.0;0.0;0.0;5.99;1.86
01/11/2024 01:30:00;0.0;0.0;0.0;5.7;1.79
01/11/2024 02:00:00;0.0;0.0;0.0;5.41;1.72
01/11/2024 02:30:00;0.0;0.0;0.0;5.285;1.585
01/11/2024 03:00:00;0.0;0.0;0.0;5.16;1.45
01/11/2024 03:30:00;0.0;0.0;0.0;4.975;1.38
01/11/2024 04:00:00;0.0;0.0;0.0;4.79;1.31
01/11/2024 04:30:00;0.0;0.0;0.0;4.470000000000001;1.38
01/11/2024 05:00:00;0.0;0.0;0.0;4.15;1.45
01/11/2024 05:30:00;0.0;0.0;0.0;3.9400000000000004;1.4849999999999999
01/11/2024 06:00:00;0.0;0.0;0.0;3.73;1.52
01/11/2024 06:30:00;20.28;28.775;0.675;3.75;1.5550000000000002
01/11/2024 07:00:00;40.56;57.55;1.35;3.77;1.59
01/11/2024 07:30:00;162.94;94.96000000000001;2.875;5.475;1.4849999999999999
01/11/2024 08:00:00;285.32;132.37;4.4;7.18;1.38
01/11/2024 08:30:00;250.385;163.835;4.945;8.485;1.4849999999999999
01/11/2024 09:00:00;215.45;195.3;5.49;9.79;1.59
01/11/2024 09:30:00;125.38499999999999;189.73000000000002;4.905;10.625;1.655
01/11/2024 10:00:00;35.32;184.16;4.32;11.46;1.72
01/11/2024 10:30:00;244.135;205.905;6.24;12.13;1.755
01/11/2024 11:00:00;452.95;227.65;8.16;12.8;1.79
01/11/2024 11:30:00;352.68;232.345;7.445;13.260000000000002;1.8599999999999999
01/11/2024 12:00:00;252.41;237.04;6.73;13.72;1.93
01/11/2024 12:30:00;152.69;204.155;5.415;14.075;1.9649999999999999
01/11/2024 13:00:00;52.97;171.27;4.1;14.43;2.0
01/11/2024 13:30:00;26.485;113.5;2.675;14.395;1.9649999999999999
01/11/2024 14:00:00;0.0;55.73;1.25;14.36;1.93
01/11/2024 14:30:00;0.0;33.709999999999994;0.755;14.02;1.9649999999999999
01/11/2024 15:00:00;0.0;11.69;0.26;13.68;2.0
01/11/2024 15:30:00;0.0;5.845;0.13;13.135;2.205
01/11/2024 16:00:00;0.0;0.0;0.0;12.59;2.41
01/11/2024 16:30:00;0.0;0.0;0.0;11.915;2.895
01/11/2024 17:00:00;0.0;0.0;0.0;11.24;3.38
01/11/2024 17:30:00;0.0;0.0;0.0;10.870000000000001;3.3449999999999998
01/11/2024 18:00:00;0.0;0.0;0.0;10.5;3.31
01/11/2024 18:30:00;0.0;0.0;0.0;10.055;3.105
01/11/2024 19:00:00;0.0;0.0;0.0;9.61;2.9
01/11/2024 19:30:00;0.0;0.0;0.0;9.305;2.6550000000000002
01/11/2024 20:00:00;0.0;0.0;0.0;9.0;2.41
01/11/2024 20:30:00;0.0;0.0;0.0;8.575;2.31
01/11/2024 21:00:00;0.0;0.0;0.0;8.15;2.21
01/11/2024 21:30:00;0.0;0.0;0.0;7.575;2.1399999999999997
01/11/2024 22:00:00;0.0;0.0;0.0;7.0;2.07
01/11/2024 22:30:00;0.0;0.0;0.0;6.48;1.8649999999999998
01/11/2024 23:00:00;0.0;0.0;0.0;5.96;1.66
01/11/2024 23:30:00;0.0;0.0;0.0;5.425;1.66
02/11/2024 00:00:00;0.0;0.0;0.0;4.89;1.66
02/11/2024 00:30:00;0.0;0.0;0.0;4.625;1.76
02/11/2024 01:00:00;0.0;0.0;0.0;4.36;1.86
02/11/2024 01:30:00;0.0;0.0;0.0;4.65;1.86
02/11/2024 02:00:00;0.0;0.0;0.0;4.94;1.86
02/11/2024 02:30:00;0.0;0.0;0.0;5.300000000000001;1.86
02/11/2024 03:00:00;0.0;0.0;0.0;5.66;1.86
02/11/2024 03:30:00;0.0;0.0;0.0;5.88;1.86
02/11/2024 04:00:00;0.0;0.0;0.0;6.1;1.86
02/11/2024 04:30:00;0.0;0.0;0.0;6.345;1.445
02/11/2024 05:00:00;0.0;0.0;0.0;6.59;1.03
02/11/2024 05:30:00;0.0;0.0;0.0;6.6899999999999995;1.1
02/11/2024 06:00:00;0.0;0.0;0.0;6.79;1.17
02/11/2024 06:30:00;0.0;5.845;0.13;7.15;1.79
02/11/2024 07:00:00;0.0;11.69;0.26;7.51;2.41
02/11/2024 07:30:00;0.0;20.674999999999997;0.46;7.765;2.585
02/11/2024 08:00:00;0.0;29.66;0.66;8.02;2.76
02/11/2024 08:30:00;0.0;43.145;0.9650000000000001;8.365;3.07
02/11/2024 09:00:00;0.0;56.63;1.27;8.71;3.38
02/11/2024 09:30:00;0.0;57.08;1.28;9.265;3.725
02/11/2024 10:00:00;0.0;57.53;1.29;9.82;4.07
02/11/2024 10:30:00;0.0;76.405;1.71;10.185;4.380000000000001
02/11/2024 11:00:00;0.0;95.28;2.13;10.55;4.69
02/11/2024 11:30:00;0.0;70.11500000000001;1.565;10.47;4.585000000000001
02/11/2024 12:00:00;0.0;44.95;1.0;10.39;4.48
02/11/2024 12:30:00;0.0;37.305;0.8300000000000001;10.305;4.345000000000001
02/11/2024 13:00:00;0.0;29.66;0.66;10.22;4.21
02/11/2024 13:30:00;0.0;28.314999999999998;0.63;10.129999999999999;4.07
02/11/2024 14:00:00;0.0;26.97;0.6;10.04;3.93
02/11/2024 14:30:00;4.525;37.269999999999996;0.845;9.92;3.825
02/11/2024 15:00:00;9.05;47.57;1.09;9.8;3.72
02/11/2024 15:30:00;4.525;23.785;0.545;9.585;3.515
02/11/2024 16:00:00;0.0;0.0;0.0;9.37;3.31
02/11/2024 16:30:00;0.0;0.0;0.0;9.175;3.0700000000000003
02/11/2024 17:00:00;0.0;0.0;0.0;8.98;2.83
02/11/2024 17:30:00;0.0;0.0;0.0;8.879999999999999;2.795
02/11/2024 18:00:00;0.0;0.0;0.0;8.78;2.76
02/11/2024 18:30:00;0.0;0.0;0.0;8.425;3.035
02/11/2024 19:00:00;0.0;0.0;0.0;8.07;3.31
02/11/2024 19:30:00;0.0;0.0;0.0;7.705;2.9299999999999997
02/11/2024 20:00:00;0.0;0.0;0.0;7.34;2.55
02/11/2024 20:30:00;0.0;0.0;0.0;6.779999999999999;2.38
02/11/2024 21:00:00;0.0;0.0;0.0;6.22;2.21
02/11/2024 21:30:00;0.0;0.0;0.0;5.699999999999999;2.21
02/11/2024 22:00:00;0.0;0.0;0.0;5.18;2.21
02/11/2024 22:30:00;0.0;0.0;0.0;4.9350000000000005;2.1399999999999997
02/11/2024 23:00:00;0.0;0.0;0.0;4.69;2.07
02/11/2024 23:30:00;0.0;0.0;0.0;4.67;2.105
03/11/2024 00:00:00;0.0;0.0;0.0;4.65;2.14
03/11/2024 00:30:00;0.0;0.0;0.0;4.83;2.21
03/11/2024 01:00:00;0.0;0.0;0.0;5.01;2.28
03/11/2024 01:30:00;0.0;0.0;0.0;5.18;2.38
03/11/2024 02:00:00;0.0;0.0;0.0;5.35;2.48
03/11/2024 02:30:00;0.0;0.0;0.0;5.545;2.48
03/11/2024 03:00:00;0.0;0.0;0.0;5.74;2.48
03/11/2024 03:30:00;0.0;0.0;0.0;5.85;2.5149999999999997
03/11/2024 04:00:00;0.0;0.0;0.0;5.96;2.55
03/11/2024 04:30:00;0.0;0.0;0.0;6.035;2.585
03/11/2024 05:00:00;0.0;0.0;0.0;6.11;2.62
03/11/2024 05:30:00;0.0;0.0;0.0;6.09;2.76
03/11/2024 06:00:00;0.0;0.0;0.0;6.07;2.9
03/11/2024 06:30:00;29.845;29.165;0.685;5.945;2.7249999999999996
03/11/2024 07:00:00;59.69;58.33;1.37;5.82;2.55
03/11/2024 07:30:00;128.495;97.78;2.615;6.03;2.5149999999999997
03/11/2024 08:00:00;197.3;137.23;3.86;6.24;2.48
03/11/2024 08:30:00;189.72500000000002;165.26;4.525;6.58;2.9299999999999997
03/11/2024 09:00:00;182.15;193.29;5.19;6.92;3.38
03/11/2024 09:30:00;292.625;207.125;6.315;7.24;3.38
03/11/2024 10:00:00;403.1;220.96;7.44;7.56;3.38
03/11/2024 10:30:00;410.035;227.74;7.66;7.965;3.3449999999999998
03/11/2024 11:00:00;416.97;234.52;7.88;8.37;3.31
03/11/2024 11:30:00;222.41000000000003;206.325;6.01;8.535;3.14
03/11/2024 12:00:00;27.85;178.13;4.14;8.7;2.97
03/11/2024 12:30:00;81.45000000000002;184.98000000000002;4.529999999999999;8.825;2.83
03/11/2024 13:00:00;135.05;191.83;4.92;8.95;2.69
03/11/2024 13:30:00;204.69;166.485;4.68;9.04;2.55
03/11/2024 14:00:00;274.33;141.14;4.44;9.13;2.41
03/11/2024 14:30:00;241.015;106.25;3.3150000000000004;9.045000000000002;2.065
03/11/2024 15:00:00;207.7;71.36;2.19;8.96;1.72
03/11/2024 15:30:00;103.85;35.68;1.095;8.655000000000001;1.345
03/11/2024 16:00:00;0.0;0.0;0.0;8.35;0.97
03/11/2024 16:30:00;0.0;0.0;0.0;7.574999999999999;1.0699999999999998
03/11/2024 17:00:00;0.0;0.0;0.0;6.8;1.17
03/11/2024 17:30:00;0.0;0.0;0.0;6.245;1.38
03/11/2024 18:00:00;0.0;0.0;0.0;5.69;1.59
03/11/2024 18:30:00;0.0;0.0;0.0;5.17;1.655
03/11/2024 19:00:00;0.0;0.0;0.0;4.65;1.72
03/11/2024 19:30:00;0.0;0.0;0.0;4.25;1.755
03/11/2024 20:00:00;0.0;0.0;0.0;3.85;1.79
03/11/2024 20:30:00;0.0;0.0;0.0;3.54;1.895
03/11/2024 21:00:00;0.0;0.0;0.0;3.23;2.0
03/11/2024 21:30:00;0.0;0.0;0.0;3.145;2.0700000000000003
03/11/2024 22:00:00;0.0;0.0;0.0;3.06;2.14
03/11/2024 22:30:00;0.0;0.0;0.0;3.265;2.175
03/11/2024 23:00:00;0.0;0.0;0.0;3.47;2.21
03/11/2024 23:30:00;0.0;0.0;0.0;3.865;2.31
04/11/2024 00:00:00;0.0;0.0;0.0;4.26;2.41
04/11/2024 00:30:00;0.0;0.0;0.0;4.79;2.6550000000000002
04/11/2024 01:00:00;0.0;0.0;0.0;5.32;2.9
04/11/2024 01:30:00;0.0;0.0;0.0;5.595000000000001;3.0
04/11/2024 02:00:00;0.0;0.0;0.0;5.87;3.1
04/11/2024 02:30:00;0.0;0.0;0.0;5.995;3.065
04/11/2024 03:00:00;0.0;0.0;0.0;6.12;3.03
04/11/2024 03:30:00;0.0;0.0;0.0;6.140000000000001;2.9299999999999997
04/11/2024 04:00:00;0.0;0.0;0.0;6.16;2.83
04/11/2024 04:30:00;0.0;0.0;0.0;6.175000000000001;2.76
04/11/2024 05:00:00;0.0;0.0;0.0;6.19;2.69
04/11/2024 05:30:00;0.0;0.0;0.0;6.0;2.62
04/11/2024 06:00:00;0.0;0.0;0.0;5.81;2.55
04/11/2024 06:30:00;22.255;26.585;0.615;5.715;2.3099999999999996
04/11/2024 07:00:00;44.51;53.17;1.23;5.62;2.07
04/11/2024 07:30:00;30.595;73.61500000000001;1.7;6.09;1.895
04/11/2024 08:00:00;16.68;94.06;2.17;6.56;1.72
04/11/2024 08:30:00;8.34;82.08500000000001;1.87;7.3149999999999995;1.79
04/11/2024 09:00:00;0.0;70.11;1.57;8.07;1.86
04/11/2024 09:30:00;0.0;80.0;1.79;8.3;1.9300000000000002
04/11/2024 10:00:00;0.0;89.89;2.01;8.53;2.0
04/11/2024 10:30:00;0.0;104.72;2.34;9.059999999999999;2.38
04/11/2024 11:00:00;0.0;119.55;2.67;9.59;2.76
04/11/2024 11:30:00;0.0;87.64;1.96;9.485;2.8949999999999996
04/11/2024 12:00:00;0.0;55.73;1.25;9.38;3.03
04/11/2024 12:30:00;0.0;55.28;1.24;9.475000000000001;2.965
04/11/2024 13:00:00;0.0;54.83;1.23;9.57;2.9
04/11/2024 13:30:00;0.0;61.574999999999996;1.38;9.379999999999999;3.3449999999999998
04/11/2024 14:00:00;0.0;68.32;1.53;9.19;3.79
04/11/2024 14:30:00;0.0;48.095;1.075;8.899999999999999;3.965
04/11/2024 15:00:00;0.0;27.87;0.62;8.61;4.14
04/11/2024 15:30:00;0.0;13.935;0.31;8.785;4.345
04/11/2024 16:00:00;0.0;0.0;0.0;8.96;4.55
04/11/2024 16:30:00;0.0;0.0;0.0;8.95;4.445
04/11/2024 17:00:00;0.0;0.0;0.0;8.94;4.34
04/11/2024 17:30:00;0.0;0.0;0.0;8.78;3.965
04/11/2024 18:00:00;0.0;0.0;0.0;8.62;3.59
04/11/2024 18:30:00;0.0;0.0;0.0;8.635;3.935
04/11/2024 19:00:00;0.0;0.0;0.0;8.65;4.28
04/11/2024 19:30:00;0.0;0.0;0.0;8.715;4.3100000000000005
04/11/2024 20:00:00;0.0;0.0;0.0;8.78;4.34
04/11/2024 20:30:00;0.0;0.0;0.0;8.945;4.24
04/11/2024 21:00:00;0.0;0.0;0.0;9.11;4.14
04/11/2024 21:30:00;0.0;0.0;0.0;9.225;4.035
04/11/2024 22:00:00;0.0;0.0;0.0;9.34;3.93
04/11/2024 22:30:00;0.0;0.0;0.0;9.51;3.93
04/11/2024 23:00:00;0.0;0.0;0.0;9.68;3.93
04/11/2024 23:30:00;0.0;0.0;0.0;9.825;4.07
05/11/2024 00:00:00;0.0;0.0;0.0;9.97;4.21
05/11/2024 00:30:00;0.0;0.0;0.0;10.185;4.345000000000001
05/11/2024 01:00:00;0.0;0.0;0.0;10.4;4.48
05/11/2024 01:30:00;0.0;0.0;0.0;10.335;4.62
05/11/2024 02:00:00;0.0;0.0;0.0;10.27;4.76
05/11/2024 02:30:00;0.0;0.0;0.0;10.094999999999999;4.895
05/11/2024 03:00:00;0.0;0.0;0.0;9.92;5.03
05/11/2024 03:30:00;0.0;0.0;0.0;9.725;5.205
05/11/2024 04:00:00;0.0;0.0;0.0;9.53;5.38
05/11/2024 04:30:00;0.0;0.0;0.0;9.405;5.52
05/11/2024 05:00:00;0.0;0.0;0.0;9.28;5.66
05/11/2024 05:30:00;0.0;0.0;0.0;9.225;5.83
05/11/2024 06:00:00;0.0;0.0;0.0;9.17;6.0
05/11/2024 06:30:00;1.77;16.035;0.36;9.26;6.515000000000001
05/11/2024 07:00:00;3.54;32.07;0.72;9.35;7.03
05/11/2024 07:30:00;1.77;41.205;0.9249999999999999;9.52;7.17
05/11/2024 08:00:00;0.0;50.34;1.13;9.69;7.31
05/11/2024 08:30:00;63.03;114.655;2.8449999999999998;9.94;7.55
05/11/2024 09:00:00;126.06;178.97;4.56;10.19;7.79
05/11/2024 09:30:00;336.025;179.385;6.21;10.434999999999999;7.17
05/11/2024 10:00:00;545.99;179.8;7.86;10.68;6.55
05/11/2024 10:30:00;603.75;169.44;8.290000000000001;10.48;7.105
05/11/2024 11:00:00;661.51;159.08;8.72;10.28;7.66
05/11/2024 11:30:00;330.755;115.495;5.165000000000001;10.585;7.3149999999999995
05/11/2024 12:00:00;0.0;71.91;1.61;10.89;6.97
05/11/2024 12:30:00;225.64;118.715;4.08;10.83;6.76
05/11/2024 13:00:00;451.28;165.52;6.55;10.77;6.55
05/11/2024 13:30:00;320.39;152.195;5.195;10.559999999999999;6.895
05/11/2024 14:00:00;189.5;138.87;3.84;10.35;7.24
05/11/2024 14:30:00;179.89;104.045;2.875;10.26;6.48
05/11/2024 15:00:00;170.28;69.22;1.91;10.17;5.72
05/11/2024 15:30:00;85.14;34.61;0.955;10.115;5.375
05/11/2024 16:00:00;0.0;0.0;0.0;10.06;5.03
05/11/2024 16:30:00;0.0;0.0;0.0;9.675;4.755000000000001
05/11/2024 17:00:00;0.0;0.0;0.0;9.29;4.48
05/11/2024 17:30:00;0.0;0.0;0.0;9.245;4.345000000000001
05/11/2024 18:00:00;0.0;0.0;0.0;9.2;4.21
05/11/2024 18:30:00;0.0;0.0;0.0;9.165;4.3100000000000005
05/11/2024 19:00:00;0.0;0.0;0.0;9.13;4.41
05/11/2024 19:30:00;0.0;0.0;0.0;9.005;4.375
05/11/2024 20:00:00;0.0;0.0;0.0;8.88;4.34
05/11/2024 20:30:00;0.0;0.0;0.0;8.855;4.3100000000000005
05/11/2024 21:00:00;0.0;0.0;0.0;8.83;4.28
05/11/2024 21:30:00;0.0;0.0;0.0;8.745000000000001;4.21
05/11/2024 22:00:00;0.0;0.0;0.0;8.66;4.14
05/11/2024 22:30:00;0.0;0.0;0.0;8.67;4.105
05/11/2024 23:00:00;0.0;0.0;0.0;8.68;4.07
05/11/2024 23:30:00;0.0;0.0;0.0;8.649999999999999;3.965
06/11/2024 00:00:00;0.0;0.0;0.0;8.62;3.86
06/11/2024 00:30:00;0.0;0.0;0.0;8.6;3.825
06/11/2024 01:00:00;0.0;0.0;0.0;8.58;3.79
06/11/2024 01:30:00;0.0;0.0;0.0;8.535;3.79
06/11/2024 02:00:00;0.0;0.0;0.0;8.49;3.79
06/11/2024 02:30:00;0.0;0.0;0.0;8.475000000000001;3.69
06/11/2024 03:00:00;0.0;0.0;0.0;8.46;3.59
06/11/2024 03:30:00;0.0;0.0;0.0;8.440000000000001;3.45
06/11/2024 04:00:00;0.0;0.0;0.0;8.42;3.31
06/11/2024 04:30:00;0.0;0.0;0.0;8.27;3.105
06/11/2024 05:00:00;0.0;0.0;0.0;8.12;2.9
06/11/2024 05:30:00;0.0;0.0;0.0;7.865;2.6550000000000002
06/11/2024 06:00:00;0.0;0.0;0.0;7.61;2.41
06/11/2024 06:30:00;1.83;15.145;0.34;7.57;2.1350000000000002
06/11/2024 07:00:00;3.66;30.29;0.68;7.53;1.86
06/11/2024 07:30:00;10.42;60.905;1.395;8.01;1.895
06/11/2024 08:00:00;17.18;91.52;2.11;8.49;1.93
06/11/2024 08:30:00;79.82499999999999;135.71;3.375;9.36;2.105
06/11/2024 09:00:00;142.47;179.9;4.64;10.23;2.28
06/11/2024 09:30:00;74.30499999999999;159.235;3.8899999999999997;10.47;3.035
06/11/2024 10:00:00;6.14;138.57;3.14;10.71;3.79
06/11/2024 10:30:00;51.42;176.105;4.205;10.920000000000002;4.275
06/11/2024 11:00:00;96.7;213.64;5.27;11.13;4.76
06/11/2024 11:30:00;66.71000000000001;195.52999999999997;4.715;11.415;4.965
06/11/2024 12:00:00;36.72;177.42;4.16;11.7;5.17
06/11/2024 12:30:00;18.36;102.645;2.39;11.455;4.79
06/11/2024 13:00:00;0.0;27.87;0.62;11.21;4.41
06/11/2024 13:30:00;194.495;69.24;2.62;11.190000000000001;3.93
06/11/2024 14:00:00;388.99;110.61;4.62;11.17;3.45
06/11/2024 14:30:00;300.575;88.015;3.305;10.575;3.38
06/11/2024 15:00:00;212.16;65.42;1.99;9.98;3.31
06/11/2024 15:30:00;106.08;32.71;0.995;9.66;3.0700000000000003
06/11/2024 16:00:00;0.0;0.0;0.0;9.34;2.83
06/11/2024 16:30:00;0.0;0.0;0.0;9.18;2.725
06/11/2024 17:00:00;0.0;0.0;0.0;9.02;2.62
06/11/2024 17:30:00;0.0;0.0;0.0;8.75;2.62
06/11/2024 18:00:00;0.0;0.0;0.0;8.48;2.62
06/11/2024 18:30:00;0.0;0.0;0.0;8.25;2.6550000000000002
06/11/2024 19:00:00;0.0;0.0;0.0;8.02;2.69
06/11/2024 19:30:00;0.0;0.0;0.0;7.76;2.5149999999999997
06/11/2024 20:00:00;0.0;0.0;0.0;7.5;2.34
06/11/2024 20:30:00;0.0;0.0;0.0;7.1850000000000005;2.275
06/11/2024 21:00:00;0.0;0.0;0.0;6.87;2.21
06/11/2024 21:30:00;0.0;0.0;0.0;6.49;2.175
06/11/2024 22:00:00;0.0;0.0;0.0;6.11;2.14
06/11/2024 22:30:00;0.0;0.0;0.0;5.9350000000000005;2.0700000000000003
06/11/2024 23:00:00;0.0;0.0;0.0;5.76;2.0
06/11/2024 23:30:00;0.0;0.0;0.0;5.475;2.0
07/11/2024 00:00:00;0.0;0.0;0.0;5.19;2.0
07/11/2024 00:30:00;0.0;0.0;0.0;5.035;1.9649999999999999
07/11/2024 01:00:00;0.0;0.0;0.0;4.88;1.93
07/11/2024 01:30:00;0.0;0.0;0.0;4.734999999999999;1.9649999999999999
07/11/2024 02:00:00;0.0;0.0;0.0;4.59;2.0
07/11/2024 02:30:00;0.0;0.0;0.0;4.87;2.105
07/11/2024 03:00:00;0.0;0.0;0.0;5.15;2.21
07/11/2024 03:30:00;0.0;0.0;0.0;5.390000000000001;2.3449999999999998
07/11/2024 04:00:00;0.0;0.0;0.0;5.63;2.48
07/11/2024 04:30:00;0.0;0.0;0.0;5.93;2.55
07/11/2024 05:00:00;0.0;0.0;0.0;6.23;2.62
07/11/2024 05:30:00;0.0;0.0;0.0;6.220000000000001;2.6550000000000002
07/11/2024 06:00:00;0.0;0.0;0.0;6.21;2.69
07/11/2024 06:30:00;37.94;26.825;0.615;6.41;2.6550000000000002
07/11/2024 07:00:00;75.88;53.65;1.23;6.61;2.62
07/11/2024 07:30:00;51.644999999999996;75.11;1.74;7.03;2.55
07/11/2024 08:00:00;27.41;96.57;2.25;7.45;2.48
07/11/2024 08:30:00;13.705;77.05;1.77;7.890000000000001;2.895
07/11/2024 09:00:00;0.0;57.53;1.29;8.33;3.31
07/11/2024 09:30:00;9.29;107.855;2.465;8.65;3.795
07/11/2024 10:00:00;18.58;158.18;3.64;8.97;4.28
07/11/2024 10:30:00;9.29;97.965;2.24;9.22;4.07
07/11/2024 11:00:00;0.0;37.75;0.84;9.47;3.86
07/11/2024 11:30:00;315.74;95.775;4.49;8.995000000000001;3.76
07/11/2024 12:00:00;631.48;153.8;8.14;8.52;3.66
07/11/2024 12:30:00;320.06;138.805;5.4750000000000005;8.41;3.725
07/11/2024 13:00:00;8.64;123.81;2.81;8.3;3.79
07/11/2024 13:30:00;4.32;81.68;1.845;8.355;3.79
07/11/2024 14:00:00;0.0;39.55;0.88;8.41;3.79
07/11/2024 14:30:00;31.185;49.315;1.125;8.26;3.48
07/11/2024 15:00:00;62.37;59.08;1.37;8.11;3.17
07/11/2024 15:30:00;31.185;29.54;0.685;7.744999999999999;2.9299999999999997
07/11/2024 16:00:00;0.0;0.0;0.0;7.38;2.69
07/11/2024 16:30:00;0.0;0.0;0.0;6.984999999999999;2.5149999999999997
07/11/2024 17:00:00;0.0;0.0;0.0;6.59;2.34
07/11/2024 17:30:00;0.0;0.0;0.0;6.495;2.3099999999999996
07/11/2024 18:00:00;0.0;0.0;0.0;6.4;2.28
07/11/2024 18:30:00;0.0;0.0;0.0;6.1850000000000005;2.175
07/11/2024 19:00:00;0.0;0.0;0.0;5.97;2.07
07/11/2024 19:30:00;0.0;0.0;0.0;5.484999999999999;2.035
07/11/2024 20:00:00;0.0;0.0;0.0;5.0;2.0
07/11/2024 20:30:00;0.0;0.0;0.0;4.65;2.0
07/11/2024 21:00:00;0.0;0.0;0.0;4.3;2.0
07/11/2024 21:30:00;0.0;0.0;0.0;3.9699999999999998;1.9649999999999999
07/11/2024 22:00:00;0.0;0.0;0.0;3.64;1.93
07/11/2024 22:30:00;0.0;0.0;0.0;3.325;1.895
07/11/2024 23:00:00;0.0;0.0;0.0;3.01;1.86
07/11/2024 23:30:00;0.0;0.0;0.0;2.965;1.8250000000000002
08/11/2024 00:00:00;0.0;0.0;0.0;2.92;1.79
08/11/2024 00:30:00;0.0;0.0;0.0;2.69;1.755
08/11/2024 01:00:00;0.0;0.0;0.0;2.46;1.72
08/11/2024 01:30:00;0.0;0.0;0.0;2.37;1.69
08/11/2024 02:00:00;0.0;0.0;0.0;2.28;1.66
08/11/2024 02:30:00;0.0;0.0;0.0;2.215;1.66
08/11/2024 03:00:00;0.0;0.0;0.0;2.15;1.66
08/11/2024 03:30:00;0.0;0.0;0.0;2.285;1.66
08/11/2024 04:00:00;0.0;0.0;0.0;2.42;1.66
08/11/2024 04:30:00;0.0;0.0;0.0;2.495;1.625
08/11/2024 05:00:00;0.0;0.0;0.0;2.57;1.59
08/11/2024 05:30:00;0.0;0.0;0.0;2.71;1.59
08/11/2024 06:00:00;0.0;0.0;0.0;2.85;1.59
08/11/2024 06:30:00;0.0;10.785;0.24;2.505;1.655
08/11/2024 07:00:00;0.0;21.57;0.48;2.16;1.72
08/11/2024 07:30:00;154.32;69.72;2.23;3.16;1.62
08/11/2024 08:00:00;308.64;117.87;3.98;4.16;1.52
08/11/2024 08:30:00;408.82;128.92000000000002;5.195;5.890000000000001;1.725
08/11/2024 09:00:00;509.0;139.97;6.41;7.62;1.93
08/11/2024 09:30:00;300.305;168.755;5.625;8.395;2.205
08/11/2024 10:00:00;91.61;197.54;4.84;9.17;2.48
08/11/2024 10:30:00;418.33;162.37;6.85;9.77;2.69
08/11/2024 11:00:00;745.05;127.2;8.86;10.37;2.9
08/11/2024 11:30:00;747.93;118.74000000000001;8.719999999999999;10.765;3.175
08/11/2024 12:00:00;750.81;110.28;8.58;11.16;3.45
08/11/2024 12:30:00;664.46;117.925;7.715;11.435;3.52
08/11/2024 13:00:00;578.11;125.57;6.85;11.71;3.59
08/11/2024 13:30:00;487.695;117.225;5.695;11.670000000000002;2.9349999999999996
08/11/2024 14:00:00;397.28;108.88;4.54;11.63;2.28
08/11/2024 14:30:00;296.71;87.16499999999999;3.185;11.45;1.8649999999999998
08/11/2024 15:00:00;196.14;65.45;1.83;11.27;1.45
08/11/2024 15:30:00;98.07;32.725;0.915;10.34;1.31
08/11/2024 16:00:00;0.0;0.0;0.0;9.41;1.17
08/11/2024 16:30:00;0.0;0.0;0.0;8.355;1.31
08/11/2024 17:00:00;0.0;0.0;0.0;7.3;1.45
08/11/2024 17:30:00;0.0;0.0;0.0;6.355;1.555
08/11/2024 18:00:00;0.0;0.0;0.0;5.41;1.66
08/11/2024 18:30:00;0.0;0.0;0.0;4.65;1.76
08/11/2024 19:00:00;0.0;0.0;0.0;3.89;1.86
08/11/2024 19:30:00;0.0;0.0;0.0;3.605;1.8250000000000002
08/11/2024 20:00:00;0.0;0.0;0.0;3.32;1.79
08/11/2024 20:30:00;0.0;0.0;0.0;3.1799999999999997;1.725
08/11/2024 21:00:00;0.0;0.0;0.0;3.04;1.66
08/11/2024 21:30:00;0.0;0.0;0.0;2.9850000000000003;1.555
08/11/2024 22:00:00;0.0;0.0;0.0;2.93;1.45
08/11/2024 22:30:00;0.0;0.0;0.0;2.87;1.415
08/11/2024 23:00:00;0.0;0.0;0.0;2.81;1.38
08/11/2024 23:30:00;0.0;0.0;0.0;2.67;1.415
09/11/2024 00:00:00;0.0;0.0;0.0;2.53;1.45
09/11/2024 00:30:00;0.0;0.0;0.0;2.3;1.555
09/11/2024 01:00:00;0.0;0.0;0.0;2.07;1.66
09/11/2024 01:30:00;0.0;0.0;0.0;1.97;1.725
09/11/2024 02:00:00;0.0;0.0;0.0;1.87;1.79
09/11/2024 02:30:00;0.0;0.0;0.0;1.98;1.8250000000000002
09/11/2024 03:00:00;0.0;0.0;0.0;2.09;1.86
09/11/2024 03:30:00;0.0;0.0;0.0;2.32;1.86
09/11/2024 04:00:00;0.0;0.0;0.0;2.55;1.86
09/11/2024 04:30:00;0.0;0.0;0.0;2.86;1.76
09/11/2024 05:00:00;0.0;0.0;0.0;3.17;1.66
09/11/2024 05:30:00;0.0;0.0;0.0;3.355;1.69
09/11/2024 06:00:00;0.0;0.0;0.0;3.54;1.72
09/11/2024 06:30:00;0.0;2.695;0.06;4.225;2.135
09/11/2024 07:00:00;0.0;5.39;0.12;4.91;2.55
09/11/2024 07:30:00;0.0;31.46;0.705;5.720000000000001;2.79
09/11/2024 08:00:00;0.0;57.53;1.29;6.53;3.03
09/11/2024 08:30:00;44.525;109.775;2.635;7.1850000000000005;3.3449999999999998
09/11/2024 09:00:00;89.05;162.02;3.98;7.84;3.66
09/11/2024 09:30:00;44.525;106.63000000000001;2.565;8.375;3.795
09/11/2024 10:00:00;0.0;51.24;1.15;8.91;3.93
09/11/2024 10:30:00;9.285;107.85999999999999;2.465;9.29;3.965
09/11/2024 11:00:00;18.57;164.48;3.78;9.67;4.0
09/11/2024 11:30:00;19.740000000000002;161.58499999999998;3.7199999999999998;9.715;3.895
09/11/2024 12:00:00;20.91;158.69;3.66;9.76;3.79
09/11/2024 12:30:00;10.455;117.1;2.675;9.69;3.755
09/11/2024 13:00:00;0.0;75.51;1.69;9.62;3.72
09/11/2024 13:30:00;5.005;80.96000000000001;1.83;9.34;3.6900000000000004
09/11/2024 14:00:00;10.01;86.41;1.97;9.06;3.66
09/11/2024 14:30:00;12.35;63.11;1.435;8.879999999999999;3.6900000000000004
09/11/2024 15:00:00;14.69;39.81;0.9;8.7;3.72
09/11/2024 15:30:00;7.345;19.905;0.45;8.515;3.6900000000000004
09/11/2024 16:00:00;0.0;0.0;0.0;8.33;3.66
09/11/2024 16:30:00;0.0;0.0;0.0;8.15;3.59
09/11/2024 17:00:00;0.0;0.0;0.0;7.97;3.52
09/11/2024 17:30:00;0.0;0.0;0.0;7.805;3.52
09/11/2024 18:00:00;0.0;0.0;0.0;7.64;3.52
09/11/2024 18:30:00;0.0;0.0;0.0;7.57;3.3449999999999998
09/11/2024 19:00:00;0.0;0.0;0.0;7.5;3.17
09/11/2024 19:30:00;0.0;0.0;0.0;7.49;3.24
09/11/2024 20:00:00;0.0;0.0;0.0;7.48;3.31
09/11/2024 20:30:00;0.0;0.0;0.0;7.470000000000001;3.45
09/11/2024 21:00:00;0.0;0.0;0.0;7.46;3.59
09/11/2024 21:30:00;0.0;0.0;0.0;7.575;3.625
09/11/2024 22:00:00;0.0;0.0;0.0;7.69;3.66
09/11/2024 22:30:00;0.0;0.0;0.0;7.715;3.555
09/11/2024 23:00:00;0.0;0.0;0.0;7.74;3.45
09/11/2024 23:30:00;0.0;0.0;0.0;7.67;3.31
10/11/2024 00:00:00;0.0;0.0;0.0;7.6;3.17
10/11/2024 00:30:00;0.0;0.0;0.0;7.515;3.135
10/11/2024 01:00:00;0.0;0.0;0.0;7.43;3.1
10/11/2024 01:30:00;0.0;0.0;0.0;7.505;3.38
10/11/2024 02:00:00;0.0;0.0;0.0;7.58;3.66
10/11/2024 02:30:00;0.0;0.0;0.0;7.53;3.97
10/11/2024 03:00:00;0.0;0.0;0.0;7.48;4.28
10/11/2024 03:30:00;0.0;0.0;0.0;7.355;4.28
10/11/2024 04:00:00;0.0;0.0;0.0;7.23;4.28
10/11/2024 04:30:00;0.0;0.0;0.0;7.16;4.140000000000001
10/11/2024 05:00:00;0.0;0.0;0.0;7.09;4.0
10/11/2024 05:30:00;0.0;0.0;0.0;7.05;3.83
10/11/2024 06:00:00;0.0;0.0;0.0;7.01;3.66
10/11/2024 06:30:00;48.91;22.875;0.575;6.635;3.38
10/11/2024 07:00:00;97.82;45.75;1.15;6.26;3.1
10/11/2024 07:30:00;69.78;71.52000000000001;1.72;6.495;3.17
10/11/2024 08:00:00;41.74;97.29;2.29;6.73;3.24
10/11/2024 08:30:00;309.93;105.0;4.390000000000001;7.03;3.7600000000000002
10/11/2024 09:00:00;578.12;112.71;6.49;7.33;4.28
10/11/2024 09:30:00;313.415;144.295;5.325;7.69;4.655
10/11/2024 10:00:00;48.71;175.88;4.16;8.05;5.03
10/11/2024 10:30:00;148.085;202.925;5.255;8.32;5.0
10/11/2024 11:00:00;247.46;229.97;6.35;8.59;4.97
10/11/2024 11:30:00;123.73;161.28;4.21;8.855;4.83
10/11/2024 12:00:00;0.0;92.59;2.07;9.12;4.69
10/11/2024 12:30:00;0.0;81.35;1.8199999999999998;9.23;4.76
10/11/2024 13:00:00;0.0;70.11;1.57;9.34;4.83
10/11/2024 13:30:00;21.555;87.45;2.02;9.27;4.3100000000000005
10/11/2024 14:00:00;43.11;104.79;2.47;9.2;3.79
10/11/2024 14:30:00;127.45;82.955;2.1100000000000003;8.969999999999999;3.515
10/11/2024 15:00:00;211.79;61.12;1.75;8.74;3.24
10/11/2024 15:30:00;105.895;30.56;0.875;8.42;3.205
10/11/2024 16:00:00;0.0;0.0;0.0;8.1;3.17
10/11/2024 16:30:00;0.0;0.0;0.0;7.81;3.31
10/11/2024 17:00:00;0.0;0.0;0.0;7.52;3.45
10/11/2024 17:30:00;0.0;0.0;0.0;7.4;3.585
10/11/2024 18:00:00;0.0;0.0;0.0;7.28;3.72
10/11/2024 18:30:00;0.0;0.0;0.0;7.1;3.6550000000000002
10/11/2024 19:00:00;0.0;0.0;0.0;6.92;3.59
10/11/2024 19:30:00;0.0;0.0;0.0;6.955;3.83
10/11/2024 20:00:00;0.0;0.0;0.0;6.99;4.07
10/11/2024 20:30:00;0.0;0.0;0.0;6.855;4.3100000000000005
10/11/2024 21:00:00;0.0;0.0;0.0;6.72;4.55
10/11/2024 21:30:00;0.0;0.0;0.0;6.395;4.895
10/11/2024 22:00:00;0.0;0.0;0.0;6.07;5.24
10/11/2024 22:30:00;0.0;0.0;0.0;6.035;5.345000000000001
10/11/2024 23:00:00;0.0;0.0;0.0;6.0;5.45
10/11/2024 23:30:00;0.0;0.0;0.0;6.025;5.585
11/11/2024 00:00:00;0.0;0.0;0.0;6.05;5.72
11/11/2024 00:30:00;0.0;0.0;0.0;6.085;5.48
11/11/2024 01:00:00;0.0;0.0;0.0;6.12;5.24
11/11/2024 01:30:00;0.0;0.0;0.0;6.075;5.07
11/11/2024 02:00:00;0.0;0.0;0.0;6.03;4.9
11/11/2024 02:30:00;0.0;0.0;0.0;5.915;4.59
11/11/2024 03:00:00;0.0;0.0;0.0;5.8;4.28
11/11/2024 03:30:00;0.0;0.0;0.0;5.585;3.935
11/11/2024 04:00:00;0.0;0.0;0.0;5.37;3.59
11/11/2024 04:30:00;0.0;0.0;0.0;5.305;3.485
11/11/2024 05:00:00;0.0;0.0;0.0;5.24;3.38
11/11/2024 05:30:00;0.0;0.0;0.0;5.3149999999999995;3.31
11/11/2024 06:00:00;0.0;0.0;0.0;5.39;3.24
11/11/2024 06:30:00;17.725;17.535;0.41;5.04;2.895
11/11/2024 07:00:00;35.45;35.07;0.82;4.69;2.55
11/11/2024 07:30:00;83.975;76.52000000000001;1.895;4.9;2.445
11/11/2024 08:00:00;132.5;117.97;2.97;5.11;2.34
11/11/2024 08:30:00;79.88499999999999;124.725;3.01;5.515000000000001;2.48
11/11/2024 09:00:00;27.27;131.48;3.05;5.92;2.62
11/11/2024 09:30:00;109.74499999999999;171.62;4.32;6.415;2.965
11/11/2024 10:00:00;192.22;211.76;5.59;6.91;3.31
11/11/2024 10:30:00;96.11;161.60999999999999;4.04;7.0;3.45
11/11/2024 11:00:00;0.0;111.46;2.49;7.09;3.59
11/11/2024 11:30:00;146.685;165.355;4.41;7.205;3.52
11/11/2024 12:00:00;293.37;219.25;6.33;7.32;3.45
11/11/2024 12:30:00;146.685;133.89499999999998;3.71;7.33;3.415
11/11/2024 13:00:00;0.0;48.54;1.09;7.34;3.38
11/11/2024 13:30:00;32.13;80.185;1.88;7.23;3.45
11/11/2024 14:00:00;64.26;111.83;2.67;7.12;3.52
11/11/2024 14:30:00;41.870000000000005;75.96000000000001;1.785;6.99;3.4850000000000003
11/11/2024 15:00:00;19.48;40.09;0.9;6.86;3.45
11/11/2024 15:30:00;9.74;20.045;0.45;6.595000000000001;3.035
11/11/2024 16:00:00;0.0;0.0;0.0;6.33;2.62
11/11/2024 16:30:00;0.0;0.0;0.0;6.035;2.45
11/11/2024 17:00:00;0.0;0.0;0.0;5.74;2.28
11/11/2024 17:30:00;0.0;0.0;0.0;5.475;2.1399999999999997
11/11/2024 18:00:00;0.0;0.0;0.0;5.21;2.0
11/11/2024 18:30:00;0.0;0.0;0.0;4.875;1.9300000000000002
11/11/2024 19:00:00;0.0;0.0;0.0;4.54;1.86
11/11/2024 19:30:00;0.0;0.0;0.0;4.1;1.79
11/11/2024 20:00:00;0.0;0.0;0.0;3.66;1.72
11/11/2024 20:30:00;0.0;0.0;0.0;3.165;1.69
11/11/2024 21:00:00;0.0;0.0;0.0;2.67;1.66
11/11/2024 21:30:00;0.0;0.0;0.0;2.36;1.5899999999999999
11/11/2024 22:00:00;0.0;0.0;0.0;2.05;1.52
11/11/2024 22:30:00;0.0;0.0;0.0;1.93;1.415
11/11/2024 23:00:00;0.0;0.0;0.0;1.81;1.31
11/11/2024 23:30:00;0.0;0.0;0.0;1.5350000000000001;1.275
12/11/2024 00:00:00;0.0;0.0;0.0;1.26;1.24
12/11/2024 00:30:00;0.0;0.0;0.0;1.03;1.205
12/11/2024 01:00:00;0.0;0.0;0.0;0.8;1.17
12/11/2024 01:30:00;0.0;0.0;0.0;0.975;1.035
12/11/2024 02:00:00;0.0;0.0;0.0;1.15;0.9
12/11/2024 02:30:00;0.0;0.0;0.0;1.4649999999999999;0.7949999999999999
12/11/2024 03:00:00;0.0;0.0;0.0;1.78;0.69
12/11/2024 03:30:00;0.0;0.0;0.0;1.745;0.69
12/11/2024 04:00:00;0.0;0.0;0.0;1.71;0.69
12/11/2024 04:30:00;0.0;0.0;0.0;1.625;0.83
12/11/2024 05:00:00;0.0;0.0;0.0;1.54;0.97
12/11/2024 05:30:00;0.0;0.0;0.0;1.6099999999999999;1.0350000000000001
12/11/2024 06:00:00;0.0;0.0;0.0;1.68;1.1
12/11/2024 06:30:00;0.0;5.845;0.13;1.955;1.17
12/11/2024 07:00:00;0.0;11.69;0.26;2.23;1.24
12/11/2024 07:30:00;0.0;18.88;0.42;2.685;1.275
12/11/2024 08:00:00;0.0;26.07;0.58;3.14;1.31
12/11/2024 08:30:00;0.0;49.89;1.1149999999999998;3.25;1.4500000000000002
12/11/2024 09:00:00;0.0;73.71;1.65;3.36;1.59
12/11/2024 09:30:00;0.0;59.775;1.335;3.485;1.625
12/11/2024 10:00:00;0.0;45.84;1.02;3.61;1.66
12/11/2024 10:30:00;0.0;49.44;1.105;3.785;1.725
12/11/2024 11:00:00;0.0;53.04;1.19;3.96;1.79
12/11/2024 11:30:00;0.0;42.25;0.945;4.025;1.655
12/11/2024 12:00:00;0.0;31.46;0.7;4.09;1.52
12/11/2024 12:30:00;0.0;39.1;0.875;4.515000000000001;1.4849999999999999
12/11/2024 13:00:00;0.0;46.74;1.05;4.94;1.45
12/11/2024 13:30:00;0.0;40.0;0.895;5.92;1.895
12/11/2024 14:00:00;0.0;33.26;0.74;6.9;2.34
12/11/2024 14:30:00;0.0;19.775;0.44;7.835;3.48
12/11/2024 15:00:00;0.0;6.29;0.14;8.77;4.62
12/11/2024 15:30:00;0.0;3.145;0.07;9.285;5.345000000000001
12/11/2024 16:00:00;0.0;0.0;0.0;9.8;6.07
12/11/2024 16:30:00;0.0;0.0;0.0;9.925;6.175000000000001
12/11/2024 17:00:00;0.0;0.0;0.0;10.05;6.28
12/11/2024 17:30:00;0.0;0.0;0.0;10.02;5.6899999999999995
12/11/2024 18:00:00;0.0;0.0;0.0;9.99;5.1
12/11/2024 18:30:00;0.0;0.0;0.0;10.105;5.0649999999999995
12/11/2024 19:00:00;0.0;0.0;0.0;10.22;5.03
12/11/2024 19:30:00;0.0;0.0;0.0;10.185;4.515000000000001
12/11/2024 20:00:00;0.0;0.0;0.0;10.15;4.0
12/11/2024 20:30:00;0.0;0.0;0.0;10.15;3.76
12/11/2024 21:00:00;0.0;0.0;0.0;10.15;3.52
12/11/2024 21:30:00;0.0;0.0;0.0;10.205;3.62
12/11/2024 22:00:00;0.0;0.0;0.0;10.26;3.72
12/11/2024 22:30:00;0.0;0.0;0.0;10.280000000000001;4.065
12/11/2024 23:00:00;0.0;0.0;0.0;10.3;4.41
12/11/2024 23:30:00;0.0;0.0;0.0;10.440000000000001;4.825
13/11/2024 00:00:00;0.0;0.0;0.0;10.58;5.24
13/11/2024 00:30:00;0.0;0.0;0.0;10.74;5.135
13/11/2024 01:00:00;0.0;0.0;0.0;10.9;5.03
13/11/2024 01:30:00;0.0;0.0;0.0;10.99;4.79
13/11/2024 02:00:00;0.0;0.0;0.0;11.08;4.55
13/11/2024 02:30:00;0.0;0.0;0.0;11.030000000000001;4.38
13/11/2024 03:00:00;0.0;0.0;0.0;10.98;4.21
13/11/2024 03:30:00;0.0;0.0;0.0;10.945;3.965
13/11/2024 04:00:00;0.0;0.0;0.0;10.91;3.72
13/11/2024 04:30:00;0.0;0.0;0.0;10.885;3.205
13/11/2024 05:00:00;0.0;0.0;0.0;10.86;2.69
13/11/2024 05:30:00;0.0;0.0;0.0;10.93;2.9299999999999997
13/11/2024 06:00:00;0.0;0.0;0.0;11.0;3.17
13/11/2024 06:30:00;0.0;7.64;0.17;11.2;4.135
13/11/2024 07:00:00;0.0;15.28;0.34;11.4;5.1
13/11/2024 07:30:00;0.0;34.16;0.7649999999999999;11.625;5.0
13/11/2024 08:00:00;0.0;53.04;1.19;11.85;4.9
13/11/2024 08:30:00;0.0;40.905;0.915;12.205;4.965
13/11/2024 09:00:00;0.0;28.77;0.64;12.56;5.03
13/11/2024 09:30:00;5.43;81.89;1.855;12.97;5.0649999999999995
13/11/2024 10:00:00;10.86;135.01;3.07;13.38;5.1
13/11/2024 10:30:00;5.43;98.07;2.2199999999999998;13.77;5.0
13/11/2024 11:00:00;0.0;61.13;1.37;14.16;4.9
13/11/2024 11:30:00;0.0;69.665;1.56;14.530000000000001;5.035
13/11/2024 12:00:00;0.0;78.2;1.75;14.9;5.17
13/11/2024 12:30:00;0.0;64.72;1.45;15.125;5.345
13/11/2024 13:00:00;0.0;51.24;1.15;15.35;5.52
13/11/2024 13:30:00;0.0;45.394999999999996;1.015;15.55;5.555
13/11/2024 14:00:00;0.0;39.55;0.88;15.75;5.59
13/11/2024 14:30:00;0.0;28.314999999999998;0.63;15.565000000000001;5.279999999999999
13/11/2024 15:00:00;0.0;17.08;0.38;15.38;4.97
13/11/2024 15:30:00;0.0;8.54;0.19;14.415;4.865
13/11/2024 16:00:00;0.0;0.0;0.0;13.45;4.76
13/11/2024 16:30:00;0.0;0.0;0.0;13.399999999999999;5.035
13/11/2024 17:00:00;0.0;0.0;0.0;13.35;5.31
13/11/2024 17:30:00;0.0;0.0;0.0;13.524999999999999;5.484999999999999
13/11/2024 18:00:00;0.0;0.0;0.0;13.7;5.66
13/11/2024 18:30:00;0.0;0.0;0.0;13.82;5.9
13/11/2024 19:00:00;0.0;0.0;0.0;13.94;6.14
13/11/2024 19:30:00;0.0;0.0;0.0;14.015;6.14
13/11/2024 20:00:00;0.0;0.0;0.0;14.09;6.14
13/11/2024 20:30:00;0.0;0.0;0.0;14.094999999999999;6.24
13/11/2024 21:00:00;0.0;0.0;0.0;14.1;6.34
13/11/2024 21:30:00;0.0;0.0;0.0;13.955;6.029999999999999
13/11/2024 22:00:00;0.0;0.0;0.0;13.81;5.72
13/11/2024 22:30:00;0.0;0.0;0.0;13.68;5.41
13/11/2024 23:00:00;0.0;0.0;0.0;13.55;5.1
13/11/2024 23:30:00;0.0;0.0;0.0;13.475000000000001;4.965
14/11/2024 00:00:00;0.0;0.0;0.0;13.4;4.83
14/11/2024 00:30:00;0.0;0.0;0.0;13.33;4.62
14/11/2024 01:00:00;0.0;0.0;0.0;13.26;4.41
14/11/2024 01:30:00;0.0;0.0;0.0;13.205;4.065
14/11/2024 02:00:00;0.0;0.0;0.0;13.15;3.72
14/11/2024 02:30:00;0.0;0.0;0.0;13.015;3.6550000000000002
14/11/2024 03:00:00;0.0;0.0;0.0;12.88;3.59
14/11/2024 03:30:00;0.0;0.0;0.0;12.745000000000001;3.59
14/11/2024 04:00:00;0.0;0.0;0.0;12.61;3.59
14/11/2024 04:30:00;0.0;0.0;0.0;12.485;3.59
14/11/2024 05:00:00;0.0;0.0;0.0;12.36;3.59
14/11/2024 05:30:00;0.0;0.0;0.0;12.245000000000001;3.59
14/11/2024 06:00:00;0.0;0.0;0.0;12.13;3.59
14/11/2024 06:30:00;25.35;15.38;0.37;11.350000000000001;3.6550000000000002
14/11/2024 07:00:00;50.7;30.76;0.74;10.57;3.72
14/11/2024 07:30:00;26.740000000000002;46.63;1.075;10.52;3.515
14/11/2024 08:00:00;2.78;62.5;1.41;10.47;3.31
14/11/2024 08:30:00;7.25;85.82;1.9500000000000002;10.754999999999999;3.17
14/11/2024 09:00:00;11.72;109.14;2.49;11.04;3.03
14/11/2024 09:30:00;5.86;87.38;1.98;11.68;2.79
14/11/2024 10:00:00;0.0;65.62;1.47;12.32;2.55
14/11/2024 10:30:00;0.0;82.25;1.8399999999999999;12.42;2.62
14/11/2024 11:00:00;0.0;98.88;2.21;12.52;2.69
14/11/2024 11:30:00;0.0;70.565;1.575;12.485;2.795
14/11/2024 12:00:00;0.0;42.25;0.94;12.45;2.9
14/11/2024 12:30:00;0.0;47.195;1.055;12.309999999999999;2.935
14/11/2024 13:00:00;0.0;52.14;1.17;12.17;2.97
14/11/2024 13:30:00;0.0;38.655;0.865;12.085;2.935
14/11/2024 14:00:00;0.0;25.17;0.56;12.0;2.9
14/11/2024 14:30:00;4.27;26.665;0.6000000000000001;11.98;3.035
14/11/2024 15:00:00;8.54;28.16;0.64;11.96;3.17
14/11/2024 15:30:00;4.27;14.08;0.32;12.205;3.725
14/11/2024 16:00:00;0.0;0.0;0.0;12.45;4.28
14/11/2024 16:30:00;0.0;0.0;0.0;12.594999999999999;4.865
14/11/2024 17:00:00;0.0;0.0;0.0;12.74;5.45
14/11/2024 17:30:00;0.0;0.0;0.0;12.46;5.965
14/11/2024 18:00:00;0.0;0.0;0.0;12.18;6.48
14/11/2024 18:30:00;0.0;0.0;0.0;11.77;6.275
14/11/2024 19:00:00;0.0;0.0;0.0;11.36;6.07
14/11/2024 19:30:00;0.0;0.0;0.0;11.165;6.175000000000001
14/11/2024 20:00:00;0.0;0.0;0.0;10.97;6.28
14/11/2024 20:30:00;0.0;0.0;0.0;10.725000000000001;6.035
14/11/2024 21:00:00;0.0;0.0;0.0;10.48;5.79
14/11/2024 21:30:00;0.0;0.0;0.0;10.190000000000001;5.48
14/11/2024 22:00:00;0.0;0.0;0.0;9.9;5.17
14/11/2024 22:30:00;0.0;0.0;0.0;9.765;4.93
14/11/2024 23:00:00;0.0;0.0;0.0;9.63;4.69
14/11/2024 23:30:00;0.0;0.0;0.0;9.375;4.485
15/11/2024 00:00:00;0.0;0.0;0.0;9.12;4.28
15/11/2024 00:30:00;0.0;0.0;0.0;9.02;4.45
15/11/2024 01:00:00;0.0;0.0;0.0;8.92;4.62
15/11/2024 01:30:00;0.0;0.0;0.0;8.76;4.585
15/11/2024 02:00:00;0.0;0.0;0.0;8.6;4.55
15/11/2024 02:30:00;0.0;0.0;0.0;8.475;4.445
15/11/2024 03:00:00;0.0;0.0;0.0;8.35;4.34
15/11/2024 03:30:00;0.0;0.0;0.0;8.395;4.3100000000000005
15/11/2024 04:00:00;0.0;0.0;0.0;8.44;4.28
15/11/2024 04:30:00;0.0;0.0;0.0;8.41;4.140000000000001
15/11/2024 05:00:00;0.0;0.0;0.0;8.38;4.0
15/11/2024 05:30:00;0.0;0.0;0.0;8.215;3.895
15/11/2024 06:00:00;0.0;0.0;0.0;8.05;3.79
15/11/2024 06:30:00;2.66;9.245;0.21;7.970000000000001;3.6550000000000002
15/11/2024 07:00:00;5.32;18.49;0.42;7.89;3.52
15/11/2024 07:30:00;95.88499999999999;66.21000000000001;1.705;8.02;3.59
15/11/2024 08:00:00;186.45;113.93;2.99;8.15;3.66
15/11/2024 08:30:00;193.915;141.52;3.745;8.385;3.625
15/11/2024 09:00:00;201.38;169.11;4.5;8.62;3.59
15/11/2024 09:30:00;117.255;162.635;4.07;8.94;3.59
15/11/2024 10:00:00;33.13;156.16;3.64;9.26;3.59
15/11/2024 10:30:00;232.77;182.175;5.325;9.5;3.59
15/11/2024 11:00:00;432.41;208.19;7.01;9.74;3.59
15/11/2024 11:30:00;405.005;206.075;6.74;9.585;3.76
15/11/2024 12:00:00;377.6;203.96;6.47;9.43;3.93
15/11/2024 12:30:00;425.52;174.695;6.1899999999999995;9.44;4.17
15/11/2024 13:00:00;473.44;145.43;5.91;9.45;4.41
15/11/2024 13:30:00;285.53999999999996;129.47;4.33;9.46;4.0
15/11/2024 14:00:00;97.64;113.51;2.75;9.47;3.59
15/11/2024 14:30:00;112.675;81.435;2.0;9.41;3.245
15/11/2024 15:00:00;127.71;49.36;1.25;9.35;2.9
15/11/2024 15:30:00;63.855;24.68;0.625;8.99;2.6550000000000002
15/11/2024 16:00:00;0.0;0.0;0.0;8.63;2.41
15/11/2024 16:30:00;0.0;0.0;0.0;8.365;2.515
15/11/2024 17:00:00;0.0;0.0;0.0;8.1;2.62
15/11/2024 17:30:00;0.0;0.0;0.0;7.93;2.515
15/11/2024 18:00:00;0.0;0.0;0.0;7.76;2.41
15/11/2024 18:30:00;0.0;0.0;0.0;7.715;2.31
15/11/2024 19:00:00;0.0;0.0;0.0;7.67;2.21
15/11/2024 19:30:00;0.0;0.0;0.0;7.355;2.105
15/11/2024 20:00:00;0.0;0.0;0.0;7.04;2.0
15/11/2024 20:30:00;0.0;0.0;0.0;6.734999999999999;1.9649999999999999
15/11/2024 21:00:00;0.0;0.0;0.0;6.43;1.93
15/11/2024 21:30:00;0.0;0.0;0.0;5.97;1.825
15/11/2024 22:00:00;0.0;0.0;0.0;5.51;1.72
15/11/2024 22:30:00;0.0;0.0;0.0;5.395;1.655
15/11/2024 23:00:00;0.0;0.0;0.0;5.28;1.59
15/11/2024 23:30:00;0.0;0.0;0.0;5.140000000000001;1.59
16/11/2024 00:00:00;0.0;0.0;0.0;5.0;1.59
16/11/2024 00:30:00;0.0;0.0;0.0;4.725;1.59
16/11/2024 01:00:00;0.0;0.0;0.0;4.45;1.59
16/11/2024 01:30:00;0.0;0.0;0.0;4.405;1.52
16/11/2024 02:00:00;0.0;0.0;0.0;4.36;1.45
16/11/2024 02:30:00;0.0;0.0;0.0;4.1899999999999995;1.415
16/11/2024 03:00:00;0.0;0.0;0.0;4.02;1.38
16/11/2024 03:30:00;0.0;0.0;0.0;4.029999999999999;1.345
16/11/2024 04:00:00;0.0;0.0;0.0;4.04;1.31
16/11/2024 04:30:00;0.0;0.0;0.0;3.95;1.275
16/11/2024 05:00:00;0.0;0.0;0.0;3.86;1.24
16/11/2024 05:30:00;0.0;0.0;0.0;3.9450000000000003;1.205
16/11/2024 06:00:00;0.0;0.0;0.0;4.03;1.17
16/11/2024 06:30:00;5.605;9.53;0.22;3.955;1.135
16/11/2024 07:00:00;11.21;19.06;0.44;3.88;1.1
16/11/2024 07:30:00;7.040000000000001;38.08;0.865;4.4350000000000005;1.0
16/11/2024 08:00:00;2.87;57.1;1.29;4.99;0.9
16/11/2024 08:30:00;1.435;50.125;1.125;5.655;1.175
16/11/2024 09:00:00;0.0;43.15;0.96;6.32;1.45
16/11/2024 09:30:00;12.25;95.065;2.1799999999999997;6.85;1.52
16/11/2024 10:00:00;24.5;146.98;3.4;7.38;1.59
16/11/2024 10:30:00;26.41;153.685;3.56;7.85;1.5550000000000002
16/11/2024 11:00:00;28.32;160.39;3.72;8.32;1.52
16/11/2024 11:30:00;14.16;126.49;2.895;8.515;1.275
16/11/2024 12:00:00;0.0;92.59;2.07;8.71;1.03
16/11/2024 12:30:00;0.0;70.11500000000001;1.5699999999999998;8.685;1.24
16/11/2024 13:00:00;0.0;47.64;1.07;8.66;1.45
16/11/2024 13:30:00;1.375;57.32;1.29;8.765;1.83
16/11/2024 14:00:00;2.75;67.0;1.51;8.87;2.21
16/11/2024 14:30:00;1.375;37.095;0.835;8.985;2.485
16/11/2024 15:00:00;0.0;7.19;0.16;9.1;2.76
16/11/2024 15:30:00;0.0;3.595;0.08;9.145;3.07
16/11/2024 16:00:00;0.0;0.0;0.0;9.19;3.38
16/11/2024 16:30:00;0.0;0.0;0.0;9.899999999999999;4.62
16/11/2024 17:00:00;0.0;0.0;0.0;10.61;5.86
16/11/2024 17:30:00;0.0;0.0;0.0;10.754999999999999;6.550000000000001
16/11/2024 18:00:00;0.0;0.0;0.0;10.9;7.24
16/11/2024 18:30:00;0.0;0.0;0.0;10.844999999999999;7.3100000000000005
16/11/2024 19:00:00;0.0;0.0;0.0;10.79;7.38
16/11/2024 19:30:00;0.0;0.0;0.0;10.704999999999998;7.585
16/11/2024 20:00:00;0.0;0.0;0.0;10.62;7.79
16/11/2024 20:30:00;0.0;0.0;0.0;10.445;8.0
16/11/2024 21:00:00;0.0;0.0;0.0;10.27;8.21
16/11/2024 21:30:00;0.0;0.0;0.0;10.085;8.31
16/11/2024 22:00:00;0.0;0.0;0.0;9.9;8.41
16/11/2024 22:30:00;0.0;0.0;0.0;9.26;7.859999999999999
16/11/2024 23:00:00;0.0;0.0;0.0;8.62;7.31
16/11/2024 23:30:00;0.0;0.0;0.0;7.879999999999999;6.6899999999999995
17/11/2024 00:00:00;0.0;0.0;0.0;7.14;6.07
17/11/2024 00:30:00;0.0;0.0;0.0;6.715;5.585
17/11/2024 01:00:00;0.0;0.0;0.0;6.29;5.1
17/11/2024 01:30:00;0.0;0.0;0.0;6.09;4.755
17/11/2024 02:00:00;0.0;0.0;0.0;5.89;4.41
17/11/2024 02:30:00;0.0;0.0;0.0;5.83;4.1
17/11/2024 03:00:00;0.0;0.0;0.0;5.77;3.79
17/11/2024 03:30:00;0.0;0.0;0.0;5.75;3.55
17/11/2024 04:00:00;0.0;0.0;0.0;5.73;3.31
17/11/2024 04:30:00;0.0;0.0;0.0;5.6850000000000005;3.31
17/11/2024 05:00:00;0.0;0.0;0.0;5.64;3.31
17/11/2024 05:30:00;0.0;0.0;0.0;5.65;3.17
17/11/2024 06:00:00;0.0;0.0;0.0;5.66;3.03
17/11/2024 06:30:00;8.875;10.345;0.24;5.625;3.03
17/11/2024 07:00:00;17.75;20.69;0.48;5.59;3.03
17/11/2024 07:30:00;29.31;52.71000000000001;1.225;5.645;3.0999999999999996
17/11/2024 08:00:00;40.87;84.73;1.97;5.7;3.17
17/11/2024 08:30:00;62.765;115.53;2.755;5.859999999999999;3.035
17/11/2024 09:00:00;84.66;146.33;3.54;6.02;2.9
17/11/2024 09:30:00;61.415;151.41500000000002;3.6;6.34;2.9
17/11/2024 10:00:00;38.17;156.5;3.66;6.66;2.9
17/11/2024 10:30:00;25.67;149.6;3.46;6.890000000000001;3.2800000000000002
17/11/2024 11:00:00;13.17;142.7;3.26;7.12;3.66
17/11/2024 11:30:00;12.16;138.915;3.165;7.07;3.795
17/11/2024 12:00:00;11.15;135.13;3.07;7.02;3.93
17/11/2024 12:30:00;17.45;129.32999999999998;2.96;6.935;3.8600000000000003
17/11/2024 13:00:00;23.75;123.53;2.85;6.85;3.79
17/11/2024 13:30:00;11.875;69.405;1.595;6.824999999999999;3.825
17/11/2024 14:00:00;0.0;15.28;0.34;6.8;3.86
17/11/2024 14:30:00;21.09;26.33;0.6000000000000001;6.715;3.3449999999999998
17/11/2024 15:00:00;42.18;37.38;0.86;6.63;2.83
17/11/2024 15:30:00;21.09;18.69;0.43;6.395;2.6550000000000002
17/11/2024 16:00:00;0.0;0.0;0.0;6.16;2.48
17/11/2024 16:30:00;0.0;0.0;0.0;5.905;2.48
17/11/2024 17:00:00;0.0;0.0;0.0;5.65;2.48
17/11/2024 17:30:00;0.0;0.0;0.0;5.69;2.48
17/11/2024 18:00:00;0.0;0.0;0.0;5.73;2.48
17/11/2024 18:30:00;0.0;0.0;0.0;5.51;2.24
17/11/2024 19:00:00;0.0;0.0;0.0;5.29;2.0
17/11/2024 19:30:00;0.0;0.0;0.0;5.135;1.9649999999999999
17/11/2024 20:00:00;0.0;0.0;0.0;4.98;1.93
17/11/2024 20:30:00;0.0;0.0;0.0;4.825;1.795
17/11/2024 21:00:00;0.0;0.0;0.0;4.67;1.66
17/11/2024 21:30:00;0.0;0.0;0.0;4.37;1.5899999999999999
17/11/2024 22:00:00;0.0;0.0;0.0;4.07;1.52
17/11/2024 22:30:00;0.0;0.0;0.0;3.81;1.415
17/11/2024 23:00:00;0.0;0.0;0.0;3.55;1.31
17/11/2024 23:30:00;0.0;0.0;0.0;3.42;1.275
18/11/2024 00:00:00;0.0;0.0;0.0;3.29;1.24
18/11/2024 00:30:00;0.0;0.0;0.0;3.1799999999999997;1.24
18/11/2024 01:00:00;0.0;0.0;0.0;3.07;1.24
18/11/2024 01:30:00;0.0;0.0;0.0;2.9699999999999998;1.205
18/11/2024 02:00:00;0.0;0.0;0.0;2.87;1.17
18/11/2024 02:30:00;0.0;0.0;0.0;2.6100000000000003;1.24
18/11/2024 03:00:00;0.0;0.0;0.0;2.35;1.31
18/11/2024 03:30:00;0.0;0.0;0.0;2.015;1.24
18/11/2024 04:00:00;0.0;0.0;0.0;1.68;1.17
18/11/2024 04:30:00;0.0;0.0;0.0;1.4649999999999999;1.0699999999999998
18/11/2024 05:00:00;0.0;0.0;0.0;1.25;0.97
18/11/2024 05:30:00;0.0;0.0;0.0;1.2650000000000001;1.0
18/11/2024 06:00:00;0.0;0.0;0.0;1.28;1.03
18/11/2024 06:30:00;3.13;7.9;0.18;1.4300000000000002;1.135
18/11/2024 07:00:00;6.26;15.8;0.36;1.58;1.24
18/11/2024 07:30:00;4.615;35.114999999999995;0.7949999999999999;2.355;1.135
18/11/2024 08:00:00;2.97;54.43;1.23;3.13;1.03
18/11/2024 08:30:00;21.035;89.88999999999999;2.08;4.205;1.065
18/11/2024 09:00:00;39.1;125.35;2.93;5.28;1.1
18/11/2024 09:30:00;19.55;104.025;2.39;5.9350000000000005;1.17
18/11/2024 10:00:00;0.0;82.7;1.85;6.59;1.24
18/11/2024 10:30:00;0.0;74.16;1.6600000000000001;7.055;1.275
18/11/2024 11:00:00;0.0;65.62;1.47;7.52;1.31
18/11/2024 11:30:00;0.0;77.755;1.7399999999999998;7.744999999999999;1.31
18/11/2024 12:00:00;0.0;89.89;2.01;7.97;1.31
18/11/2024 12:30:00;23.97;113.16;2.615;8.06;1.415
18/11/2024 13:00:00;47.94;136.43;3.22;8.15;1.52
18/11/2024 13:30:00;28.2;103.62;2.415;7.970000000000001;1.655
18/11/2024 14:00:00;8.46;70.81;1.61;7.79;1.79
18/11/2024 14:30:00;11.485;49.445;1.125;7.654999999999999;1.79
18/11/2024 15:00:00;14.51;28.08;0.64;7.52;1.79
18/11/2024 15:30:00;7.255;14.04;0.32;7.414999999999999;1.69
18/11/2024 16:00:00;0.0;0.0;0.0;7.31;1.59
18/11/2024 16:30:00;0.0;0.0;0.0;7.255;1.625
18/11/2024 17:00:00;0.0;0.0;0.0;7.2;1.66
18/11/2024 17:30:00;0.0;0.0;0.0;7.109999999999999;1.795
18/11/2024 18:00:00;0.0;0.0;0.0;7.02;1.93
18/11/2024 18:30:00;0.0;0.0;0.0;6.935;2.105
18/11/2024 19:00:00;0.0;0.0;0.0;6.85;2.28
18/11/2024 19:30:00;0.0;0.0;0.0;7.18;2.38
18/11/2024 20:00:00;0.0;0.0;0.0;7.51;2.48
18/11/2024 20:30:00;0.0;0.0;0.0;7.87;2.55
18/11/2024 21:00:00;0.0;0.0;0.0;8.23;2.62
18/11/2024 21:30:00;0.0;0.0;0.0;8.56;2.825
18/11/2024 22:00:00;0.0;0.0;0.0;8.89;3.03
18/11/2024 22:30:00;0.0;0.0;0.0;9.195;3.135
18/11/2024 23:00:00;0.0;0.0;0.0;9.5;3.24
18/11/2024 23:30:00;0.0;0.0;0.0;9.745000000000001;3.345
19/11/2024 00:00:00;0.0;0.0;0.0;9.99;3.45
19/11/2024 00:30:00;0.0;0.0;0.0;10.275;3.62
19/11/2024 01:00:00;0.0;0.0;0.0;10.56;3.79
19/11/2024 01:30:00;0.0;0.0;0.0;10.754999999999999;3.895
19/11/2024 02:00:00;0.0;0.0;0.0;10.95;4.0
19/11/2024 02:30:00;0.0;0.0;0.0;10.975;4.0
19/11/2024 03:00:00;0.0;0.0;0.0;11.0;4.0
19/11/2024 03:30:00;0.0;0.0;0.0;10.995000000000001;3.895
19/11/2024 04:00:00;0.0;0.0;0.0;10.99;3.79
19/11/2024 04:30:00;0.0;0.0;0.0;10.795;3.755
19/11/2024 05:00:00;0.0;0.0;0.0;10.6;3.72
19/11/2024 05:30:00;0.0;0.0;0.0;10.535;3.755
19/11/2024 06:00:00;0.0;0.0;0.0;10.47;3.79
19/11/2024 06:30:00;6.65;8.2;0.19;10.52;3.93
19/11/2024 07:00:00;13.3;16.4;0.38;10.57;4.07
19/11/2024 07:30:00;9.67;37.97;0.865;10.74;4.035
19/11/2024 08:00:00;6.04;59.54;1.35;10.91;4.0
19/11/2024 08:30:00;7.960000000000001;79.22;1.8;11.2;3.965
19/11/2024 09:00:00;9.88;98.9;2.25;11.49;3.93
19/11/2024 09:30:00;4.94;72.82000000000001;1.65;11.780000000000001;4.0
19/11/2024 10:00:00;0.0;46.74;1.05;12.07;4.07
19/11/2024 10:30:00;0.0;54.38;1.22;12.27;4.0
19/11/2024 11:00:00;0.0;62.02;1.39;12.47;3.93
19/11/2024 11:30:00;3.395;92.285;2.08;12.685;4.17
19/11/2024 12:00:00;6.79;122.55;2.77;12.9;4.41
19/11/2024 12:30:00;3.395;86.895;1.96;12.77;4.24
19/11/2024 13:00:00;0.0;51.24;1.15;12.64;4.07
19/11/2024 13:30:00;125.685;82.625;2.215;12.620000000000001;4.140000000000001
19/11/2024 14:00:00;251.37;114.01;3.28;12.6;4.21
19/11/2024 14:30:00;163.1;75.885;2.09;12.545;4.21
19/11/2024 15:00:00;74.83;37.76;0.9;12.49;4.21
19/11/2024 15:30:00;37.415;18.88;0.45;12.425;4.105
19/11/2024 16:00:00;0.0;0.0;0.0;12.36;4.0
19/11/2024 16:30:00;0.0;0.0;0.0;12.32;4.105
19/11/2024 17:00:00;0.0;0.0;0.0;12.28;4.21
19/11/2024 17:30:00;0.0;0.0;0.0;12.21;4.3100000000000005
19/11/2024 18:00:00;0.0;0.0;0.0;12.14;4.41
19/11/2024 18:30:00;0.0;0.0;0.0;12.075;4.515000000000001
19/11/2024 19:00:00;0.0;0.0;0.0;12.01;4.62
19/11/2024 19:30:00;0.0;0.0;0.0;11.965;4.585
19/11/2024 20:00:00;0.0;0.0;0.0;11.92;4.55
19/11/2024 20:30:00;0.0;0.0;0.0;11.705;4.445
19/11/2024 21:00:00;0.0;0.0;0.0;11.49;4.34
19/11/2024 21:30:00;0.0;0.0;0.0;11.365;4.34
19/11/2024 22:00:00;0.0;0.0;0.0;11.24;4.34
19/11/2024 22:30:00;0.0;0.0;0.0;11.18;4.34
19/11/2024 23:00:00;0.0;0.0;0.0;11.12;4.34
19/11/2024 23:30:00;0.0;0.0;0.0;11.105;4.3100000000000005
20/11/2024 00:00:00;0.0;0.0;0.0;11.09;4.28
20/11/2024 00:30:00;0.0;0.0;0.0;11.015;4.28
20/11/2024 01:00:00;0.0;0.0;0.0;10.94;4.28
20/11/2024 01:30:00;0.0;0.0;0.0;10.765;4.21
20/11/2024 02:00:00;0.0;0.0;0.0;10.59;4.14
20/11/2024 02:30:00;0.0;0.0;0.0;10.41;4.0
20/11/2024 03:00:00;0.0;0.0;0.0;10.23;3.86
20/11/2024 03:30:00;0.0;0.0;0.0;10.035;3.76
20/11/2024 04:00:00;0.0;0.0;0.0;9.84;3.66
20/11/2024 04:30:00;0.0;0.0;0.0;9.594999999999999;3.555
20/11/2024 05:00:00;0.0;0.0;0.0;9.35;3.45
20/11/2024 05:30:00;0.0;0.0;0.0;9.24;3.415
20/11/2024 06:00:00;0.0;0.0;0.0;9.13;3.38
20/11/2024 06:30:00;10.635;8.54;0.2;9.22;3.485
20/11/2024 07:00:00;21.27;17.08;0.4;9.31;3.59
20/11/2024 07:30:00;18.305;42.505;0.975;9.3;3.5549999999999997
20/11/2024 08:00:00;15.34;67.93;1.55;9.29;3.52
20/11/2024 08:30:00;20.14;91.43;2.1;9.43;3.5549999999999997
20/11/2024 09:00:00;24.94;114.93;2.65;9.57;3.59
20/11/2024 09:30:00;203.42;151.97500000000002;4.34;9.870000000000001;3.8649999999999998
20/11/2024 10:00:00;381.9;189.02;6.03;10.17;4.14
20/11/2024 10:30:00;217.88;180.02;5.035;10.285;4.21
20/11/2024 11:00:00;53.86;171.02;4.04;10.4;4.28
20/11/2024 11:30:00;33.775;151.99;3.535;10.425;4.21
20/11/2024 12:00:00;13.69;132.96;3.03;10.45;4.14
20/11/2024 12:30:00;8.065;113.88;2.58;10.515;4.3100000000000005
20/11/2024 13:00:00;2.44;94.8;2.13;10.58;4.48
20/11/2024 13:30:00;35.93;96.84;2.23;10.530000000000001;3.9650000000000003
20/11/2024 14:00:00;69.42;98.88;2.33;10.48;3.45
20/11/2024 14:30:00;45.005;63.42;1.485;10.285;3.415
20/11/2024 15:00:00;20.59;27.96;0.64;10.09;3.38
20/11/2024 15:30:00;10.295;13.98;0.32;9.809999999999999;3.275
20/11/2024 16:00:00;0.0;0.0;0.0;9.53;3.17
20/11/2024 16:30:00;0.0;0.0;0.0;9.2;3.0700000000000003
20/11/2024 17:00:00;0.0;0.0;0.0;8.87;2.97
20/11/2024 17:30:00;0.0;0.0;0.0;8.719999999999999;2.97
20/11/2024 18:00:00;0.0;0.0;0.0;8.57;2.97
20/11/2024 18:30:00;0.0;0.0;0.0;8.52;3.0
20/11/2024 19:00:00;0.0;0.0;0.0;8.47;3.03
20/11/2024 19:30:00;0.0;0.0;0.0;8.395;2.965
20/11/2024 20:00:00;0.0;0.0;0.0;8.32;2.9
20/11/2024 20:30:00;0.0;0.0;0.0;8.145;2.935
20/11/2024 21:00:00;0.0;0.0;0.0;7.97;2.97
20/11/2024 21:30:00;0.0;0.0;0.0;7.84;2.97
20/11/2024 22:00:00;0.0;0.0;0.0;7.71;2.97
20/11/2024 22:30:00;0.0;0.0;0.0;7.675;3.0700000000000003
20/11/2024 23:00:00;0.0;0.0;0.0;7.64;3.17
20/11/2024 23:30:00;0.0;0.0;0.0;7.4350000000000005;3.0999999999999996
21/11/2024 00:00:00;0.0;0.0;0.0;7.23;3.03
21/11/2024 00:30:00;0.0;0.0;0.0;7.02;2.9299999999999997
21/11/2024 01:00:00;0.0;0.0;0.0;6.81;2.83
21/11/2024 01:30:00;0.0;0.0;0.0;6.744999999999999;2.795
21/11/2024 02:00:00;0.0;0.0;0.0;6.68;2.76
21/11/2024 02:30:00;0.0;0.0;0.0;6.63;2.69
21/11/2024 03:00:00;0.0;0.0;0.0;6.58;2.62
21/11/2024 03:30:00;0.0;0.0;0.0;6.545;2.45
21/11/2024 04:00:00;0.0;0.0;0.0;6.51;2.28
21/11/2024 04:30:00;0.0;0.0;0.0;6.52;2.1399999999999997
21/11/2024 05:00:00;0.0;0.0;0.0;6.53;2.0
21/11/2024 05:30:00;0.0;0.0;0.0;6.515000000000001;1.83
21/11/2024 06:00:00;0.0;0.0;0.0;6.5;1.66
21/11/2024 06:30:00;11.38;7.6;0.18;6.5600000000000005;1.5899999999999999
21/11/2024 07:00:00;22.76;15.2;0.36;6.62;1.52
21/11/2024 07:30:00;154.92499999999998;56.485;1.665;6.835;1.415
21/11/2024 08:00:00;287.09;97.77;2.97;7.05;1.31
21/11/2024 08:30:00;374.11;112.435;4.08;7.3100000000000005;1.31
21/11/2024 09:00:00;461.13;127.1;5.19;7.57;1.31
21/11/2024 09:30:00;441.59000000000003;154.75;5.67;7.745;1.415
21/11/2024 10:00:00;422.05;182.4;6.15;7.92;1.52
21/11/2024 10:30:00;232.5;173.18;4.995;8.05;1.4849999999999999
21/11/2024 11:00:00;42.95;163.96;3.84;8.18;1.45
21/11/2024 11:30:00;24.92;143.73000000000002;3.315;8.365;1.45
21/11/2024 12:00:00;6.89;123.5;2.79;8.55;1.45
21/11/2024 12:30:00;13.29;119.955;2.73;8.605;1.45
21/11/2024 13:00:00;19.69;116.41;2.67;8.66;1.45
21/11/2024 13:30:00;9.845;81.575;1.8599999999999999;8.535;1.415
21/11/2024 14:00:00;0.0;46.74;1.05;8.41;1.38
21/11/2024 14:30:00;10.62;36.9;0.835;8.17;1.415
21/11/2024 15:00:00;21.24;27.06;0.62;7.93;1.45
21/11/2024 15:30:00;10.62;13.53;0.31;7.46;1.45
21/11/2024 16:00:00;0.0;0.0;0.0;6.99;1.45
21/11/2024 16:30:00;0.0;0.0;0.0;6.575;1.45
21/11/2024 17:00:00;0.0;0.0;0.0;6.16;1.45
21/11/2024 17:30:00;0.0;0.0;0.0;6.1;1.45
21/11/2024 18:00:00;0.0;0.0;0.0;6.04;1.45
21/11/2024 18:30:00;0.0;0.0;0.0;6.33;1.585
21/11/2024 19:00:00;0.0;0.0;0.0;6.62;1.72
21/11/2024 19:30:00;0.0;0.0;0.0;6.609999999999999;1.8599999999999999
21/11/2024 20:00:00;0.0;0.0;0.0;6.6;2.0
21/11/2024 20:30:00;0.0;0.0;0.0;6.605;2.0700000000000003
21/11/2024 21:00:00;0.0;0.0;0.0;6.61;2.14
21/11/2024 21:30:00;0.0;0.0;0.0;6.5649999999999995;2.105
21/11/2024 22:00:00;0.0;0.0;0.0;6.52;2.07
21/11/2024 22:30:00;0.0;0.0;0.0;6.449999999999999;1.93
21/11/2024 23:00:00;0.0;0.0;0.0;6.38;1.79
21/11/2024 23:30:00;0.0;0.0;0.0;6.305;1.725
22/11/2024 00:00:00;0.0;0.0;0.0;6.23;1.66
22/11/2024 00:30:00;0.0;0.0;0.0;6.2;1.69
22/11/2024 01:00:00;0.0;0.0;0.0;6.17;1.72
22/11/2024 01:30:00;0.0;0.0;0.0;6.175;1.79
22/11/2024 02:00:00;0.0;0.0;0.0;6.18;1.86
22/11/2024 02:30:00;0.0;0.0;0.0;6.175;1.9300000000000002
22/11/2024 03:00:00;0.0;0.0;0.0;6.17;2.0
22/11/2024 03:30:00;0.0;0.0;0.0;6.085;2.105
22/11/2024 04:00:00;0.0;0.0;0.0;6.0;2.21
22/11/2024 04:30:00;0.0;0.0;0.0;5.855;2.175
22/11/2024 05:00:00;0.0;0.0;0.0;5.71;2.14
22/11/2024 05:30:00;0.0;0.0;0.0;5.505;2.24
22/11/2024 06:00:00;0.0;0.0;0.0;5.3;2.34
22/11/2024 06:30:00;4.08;5.17;0.12;4.885;2.375
22/11/2024 07:00:00;8.16;10.34;0.24;4.47;2.41
22/11/2024 07:30:00;4.08;27.645;0.62;4.225;2.7199999999999998
22/11/2024 08:00:00;0.0;44.95;1.0;3.98;3.03
22/11/2024 08:30:00;10.18;77.195;1.755;3.76;3.0999999999999996
22/11/2024 09:00:00;20.36;109.44;2.51;3.54;3.17
22/11/2024 09:30:00;159.76;152.535;4.04;3.63;3.0999999999999996
22/11/2024 10:00:00;299.16;195.63;5.57;3.72;3.03
22/11/2024 10:30:00;156.41000000000003;166.54500000000002;4.355;3.81;3.03
22/11/2024 11:00:00;13.66;137.46;3.14;3.9;3.03
22/11/2024 11:30:00;6.83;106.035;2.4050000000000002;3.925;3.0
22/11/2024 12:00:00;0.0;74.61;1.67;3.95;2.97
22/11/2024 12:30:00;9.925;95.09;2.16;3.87;3.0700000000000003
22/11/2024 13:00:00;19.85;115.57;2.65;3.79;3.17
22/11/2024 13:30:00;17.335;93.88999999999999;2.15;3.665;3.035
22/11/2024 14:00:00;14.82;72.21;1.65;3.54;2.9
22/11/2024 14:30:00;7.41;40.599999999999994;0.9249999999999999;3.435;2.76
22/11/2024 15:00:00;0.0;8.99;0.2;3.33;2.62
22/11/2024 15:30:00;0.0;4.495;0.1;3.1950000000000003;2.415
22/11/2024 16:00:00;0.0;0.0;0.0;3.06;2.21
22/11/2024 16:30:00;0.0;0.0;0.0;2.875;2.1399999999999997
22/11/2024 17:00:00;0.0;0.0;0.0;2.69;2.07
22/11/2024 17:30:00;0.0;0.0;0.0;2.525;1.93
22/11/2024 18:00:00;0.0;0.0;0.0;2.36;1.79
22/11/2024 18:30:00;0.0;0.0;0.0;2.21;1.655
22/11/2024 19:00:00;0.0;0.0;0.0;2.06;1.52
22/11/2024 19:30:00;0.0;0.0;0.0;1.74;1.275
22/11/2024 20:00:00;0.0;0.0;0.0;1.42;1.03
22/11/2024 20:30:00;0.0;0.0;0.0;1.14;1.1
22/11/2024 21:00:00;0.0;0.0;0.0;0.86;1.17
22/11/2024 21:30:00;0.0;0.0;0.0;0.7949999999999999;1.0699999999999998
22/11/2024 22:00:00;0.0;0.0;0.0;0.73;0.97
22/11/2024 22:30:00;0.0;0.0;0.0;0.7749999999999999;0.8999999999999999
22/11/2024 23:00:00;0.0;0.0;0.0;0.82;0.83
22/11/2024 23:30:00;0.0;0.0;0.0;0.43;0.9650000000000001
23/11/2024 00:00:00;0.0;0.0;0.0;0.04;1.1
23/11/2024 00:30:00;0.0;0.0;0.0;0.12;1.065
23/11/2024 01:00:00;0.0;0.0;0.0;0.2;1.03
23/11/2024 01:30:00;0.0;0.0;0.0;0.6500000000000001;0.685
23/11/2024 02:00:00;0.0;0.0;0.0;1.1;0.34
23/11/2024 02:30:00;0.0;0.0;0.0;1.115;0.375
23/11/2024 03:00:00;0.0;0.0;0.0;1.13;0.41
23/11/2024 03:30:00;0.0;0.0;0.0;1.13;0.44499999999999995
23/11/2024 04:00:00;0.0;0.0;0.0;1.13;0.48
23/11/2024 04:30:00;0.0;0.0;0.0;1.075;0.55
23/11/2024 05:00:00;0.0;0.0;0.0;1.02;0.62
23/11/2024 05:30:00;0.0;0.0;0.0;0.89;0.655
23/11/2024 06:00:00;0.0;0.0;0.0;0.76;0.69
23/11/2024 06:30:00;8.815;6.43;0.15;0.775;0.62
23/11/2024 07:00:00;17.63;12.86;0.3;0.79;0.55
23/11/2024 07:30:00;171.82999999999998;50.345;1.6250000000000002;0.895;0.515
23/11/2024 08:00:00;326.03;87.83;2.95;1.0;0.48
23/11/2024 08:30:00;398.26;105.63499999999999;4.025;1.925;0.48
23/11/2024 09:00:00;470.49;123.44;5.1;2.85;0.48
23/11/2024 09:30:00;562.64;120.9;6.005;3.8600000000000003;0.655
23/11/2024 10:00:00;654.79;118.36;6.91;4.87;0.83
23/11/2024 10:30:00;655.2149999999999;127.215;7.125;5.495;0.9650000000000001
23/11/2024 11:00:00;655.64;136.07;7.34;6.12;1.1
23/11/2024 11:30:00;654.2149999999999;130.635;7.195;6.57;1.31
23/11/2024 12:00:00;652.79;125.2;7.05;7.02;1.52
23/11/2024 12:30:00;590.375;122.755;6.33;7.154999999999999;1.655
23/11/2024 13:00:00;527.96;120.31;5.61;7.29;1.79
23/11/2024 13:30:00;433.44000000000005;111.235;4.515000000000001;7.255;1.8250000000000002
23/11/2024 14:00:00;338.92;102.16;3.42;7.22;1.86
23/11/2024 14:30:00;200.505;66.74;2.08;6.88;1.8250000000000002
23/11/2024 15:00:00;62.09;31.32;0.74;6.54;1.79
23/11/2024 15:30:00;31.045;15.66;0.37;5.91;1.8599999999999999
23/11/2024 16:00:00;0.0;0.0;0.0;5.28;1.93
23/11/2024 16:30:00;0.0;0.0;0.0;4.73;1.9649999999999999
23/11/2024 17:00:00;0.0;0.0;0.0;4.18;2.0
23/11/2024 17:30:00;0.0;0.0;0.0;3.96;2.0700000000000003
23/11/2024 18:00:00;0.0;0.0;0.0;3.74;2.14
23/11/2024 18:30:00;0.0;0.0;0.0;3.745;2.14
23/11/2024 19:00:00;0.0;0.0;0.0;3.75;2.14
23/11/2024 19:30:00;0.0;0.0;0.0;3.725;2.21
23/11/2024 20:00:00;0.0;0.0;0.0;3.7;2.28
23/11/2024 20:30:00;0.0;0.0;0.0;3.72;2.245
23/11/2024 21:00:00;0.0;0.0;0.0;3.74;2.21
23/11/2024 21:30:00;0.0;0.0;0.0;3.725;2.105
23/11/2024 22:00:00;0.0;0.0;0.0;3.71;2.0
23/11/2024 22:30:00;0.0;0.0;0.0;3.6799999999999997;2.0700000000000003
23/11/2024 23:00:00;0.0;0.0;0.0;3.65;2.14
23/11/2024 23:30:00;0.0;0.0;0.0;3.79;2.3449999999999998
24/11/2024 00:00:00;0.0;0.0;0.0;3.93;2.55
24/11/2024 00:30:00;0.0;0.0;0.0;4.21;2.76
24/11/2024 01:00:00;0.0;0.0;0.0;4.49;2.97
24/11/2024 01:30:00;0.0;0.0;0.0;4.76;3.0
24/11/2024 02:00:00;0.0;0.0;0.0;5.03;3.03
24/11/2024 02:30:00;0.0;0.0;0.0;5.17;3.0999999999999996
24/11/2024 03:00:00;0.0;0.0;0.0;5.31;3.17
24/11/2024 03:30:00;0.0;0.0;0.0;5.47;3.31
24/11/2024 04:00:00;0.0;0.0;0.0;5.63;3.45
24/11/2024 04:30:00;0.0;0.0;0.0;5.745;3.415
24/11/2024 05:00:00;0.0;0.0;0.0;5.86;3.38
24/11/2024 05:30:00;0.0;0.0;0.0;5.9350000000000005;3.415
24/11/2024 06:00:00;0.0;0.0;0.0;6.01;3.45
24/11/2024 06:30:00;0.0;0.9;0.02;5.925;3.4850000000000003
24/11/2024 07:00:00;0.0;1.8;0.04;5.84;3.52
24/11/2024 07:30:00;83.725;49.725;1.215;5.9350000000000005;3.59
24/11/2024 08:00:00;167.45;97.65;2.39;6.03;3.66
24/11/2024 08:30:00;87.61999999999999;95.405;2.25;6.175000000000001;3.66
24/11/2024 09:00:00;7.79;93.16;2.11;6.32;3.66
24/11/2024 09:30:00;21.695;118.77499999999999;2.735;6.5;3.6900000000000004
24/11/2024 10:00:00;35.6;144.39;3.36;6.68;3.72
24/11/2024 10:30:00;85.89000000000001;168.63;4.07;6.89;3.8600000000000003
24/11/2024 11:00:00;136.18;192.87;4.78;7.1;4.0
24/11/2024 11:30:00;92.74000000000001;174.29500000000002;4.220000000000001;7.279999999999999;4.24
24/11/2024 12:00:00;49.3;155.72;3.66;7.46;4.48
24/11/2024 12:30:00;24.65;93.14;2.17;7.335;4.48
24/11/2024 13:00:00;0.0;30.56;0.68;7.21;4.48
24/11/2024 13:30:00;0.0;28.765;0.64;6.96;4.345000000000001
24/11/2024 14:00:00;0.0;26.97;0.6;6.71;4.21
24/11/2024 14:30:00;0.0;19.33;0.43;6.29;4.175
24/11/2024 15:00:00;0.0;11.69;0.26;5.87;4.14
24/11/2024 15:30:00;0.0;5.845;0.13;5.41;3.965
24/11/2024 16:00:00;0.0;0.0;0.0;4.95;3.79
24/11/2024 16:30:00;0.0;0.0;0.0;4.609999999999999;3.725
24/11/2024 17:00:00;0.0;0.0;0.0;4.27;3.66
24/11/2024 17:30:00;0.0;0.0;0.0;3.86;3.52
24/11/2024 18:00:00;0.0;0.0;0.0;3.45;3.38
24/11/2024 18:30:00;0.0;0.0;0.0;3.265;3.485
24/11/2024 19:00:00;0.0;0.0;0.0;3.08;3.59
24/11/2024 19:30:00;0.0;0.0;0.0;2.895;3.485
24/11/2024 20:00:00;0.0;0.0;0.0;2.71;3.38
24/11/2024 20:30:00;0.0;0.0;0.0;2.635;3.3449999999999998
24/11/2024 21:00:00;0.0;0.0;0.0;2.56;3.31
24/11/2024 21:30:00;0.0;0.0;0.0;2.42;3.38
24/11/2024 22:00:00;0.0;0.0;0.0;2.28;3.45
24/11/2024 22:30:00;0.0;0.0;0.0;2.15;3.45
24/11/2024 23:00:00;0.0;0.0;0.0;2.02;3.45
24/11/2024 23:30:00;0.0;0.0;0.0;1.95;3.52
25/11/2024 00:00:00;0.0;0.0;0.0;1.88;3.59
25/11/2024 00:30:00;0.0;0.0;0.0;1.705;3.625
25/11/2024 01:00:00;0.0;0.0;0.0;1.53;3.66
25/11/2024 01:30:00;0.0;0.0;0.0;1.545;3.555
25/11/2024 02:00:00;0.0;0.0;0.0;1.56;3.45
25/11/2024 02:30:00;0.0;0.0;0.0;1.525;3.345
25/11/2024 03:00:00;0.0;0.0;0.0;1.49;3.24
25/11/2024 03:30:00;0.0;0.0;0.0;1.4649999999999999;3.1050000000000004
25/11/2024 04:00:00;0.0;0.0;0.0;1.44;2.97
25/11/2024 04:30:00;0.0;0.0;0.0;1.48;2.76
25/11/2024 05:00:00;0.0;0.0;0.0;1.52;2.55
25/11/2024 05:30:00;0.0;0.0;0.0;1.415;2.445
25/11/2024 06:00:00;0.0;0.0;0.0;1.31;2.34
25/11/2024 06:30:00;0.0;0.9;0.02;1.255;2.1
25/11/2024 07:00:00;0.0;1.8;0.04;1.2;1.86
25/11/2024 07:30:00;3.34;27.610000000000003;0.625;1.37;2.035
25/11/2024 08:00:00;6.68;53.42;1.21;1.54;2.21
25/11/2024 08:30:00;223.605;93.55000000000001;3.075;1.775;2.52
25/11/2024 09:00:00;440.53;133.68;4.94;2.01;2.83
25/11/2024 09:30:00;422.325;159.20499999999998;5.425000000000001;2.37;2.725
25/11/2024 10:00:00;404.12;184.73;5.91;2.73;2.62
25/11/2024 10:30:00;310.115;195.45999999999998;5.640000000000001;3.135;2.69
25/11/2024 11:00:00;216.11;206.19;5.37;3.54;2.76
25/11/2024 11:30:00;119.875;172.53;4.285;3.77;3.175
25/11/2024 12:00:00;23.64;138.87;3.2;4.0;3.59
25/11/2024 12:30:00;11.82;99.55;2.2750000000000004;4.125;3.76
25/11/2024 13:00:00;0.0;60.23;1.35;4.25;3.93
25/11/2024 13:30:00;3.07;60.334999999999994;1.36;3.92;3.6550000000000002
25/11/2024 14:00:00;6.14;60.44;1.37;3.59;3.38
25/11/2024 14:30:00;6.0649999999999995;39.045;0.885;3.045;3.275
25/11/2024 15:00:00;5.99;17.65;0.4;2.5;3.17
25/11/2024 15:30:00;2.995;8.825;0.2;1.875;2.965
25/11/2024 16:00:00;0.0;0.0;0.0;1.25;2.76
25/11/2024 16:30:00;0.0;0.0;0.0;1.09;2.7249999999999996
25/11/2024 17:00:00;0.0;0.0;0.0;0.93;2.69
25/11/2024 17:30:00;0.0;0.0;0.0;1.0;2.585
25/11/2024 18:00:00;0.0;0.0;0.0;1.07;2.48
25/11/2024 18:30:00;0.0;0.0;0.0;1.27;2.825
25/11/2024 19:00:00;0.0;0.0;0.0;1.47;3.17
25/11/2024 19:30:00;0.0;0.0;0.0;1.625;3.24
25/11/2024 20:00:00;0.0;0.0;0.0;1.78;3.31
25/11/2024 20:30:00;0.0;0.0;0.0;1.8599999999999999;3.38
25/11/2024 21:00:00;0.0;0.0;0.0;1.94;3.45
25/11/2024 21:30:00;0.0;0.0;0.0;1.885;3.4850000000000003
25/11/2024 22:00:00;0.0;0.0;0.0;1.83;3.52
25/11/2024 22:30:00;0.0;0.0;0.0;1.745;3.415
25/11/2024 23:00:00;0.0;0.0;0.0;1.66;3.31
25/11/2024 23:30:00;0.0;0.0;0.0;1.68;3.24
26/11/2024 00:00:00;0.0;0.0;0.0;1.7;3.17
26/11/2024 00:30:00;0.0;0.0;0.0;1.705;3.135
26/11/2024 01:00:00;0.0;0.0;0.0;1.71;3.1
26/11/2024 01:30:00;0.0;0.0;0.0;1.565;2.8600000000000003
26/11/2024 02:00:00;0.0;0.0;0.0;1.42;2.62
26/11/2024 02:30:00;0.0;0.0;0.0;1.375;2.515
26/11/2024 03:00:00;0.0;0.0;0.0;1.33;2.41
26/11/2024 03:30:00;0.0;0.0;0.0;1.29;2.3449999999999998
26/11/2024 04:00:00;0.0;0.0;0.0;1.25;2.28
26/11/2024 04:30:00;0.0;0.0;0.0;1.13;2.1399999999999997
26/11/2024 05:00:00;0.0;0.0;0.0;1.01;2.0
26/11/2024 05:30:00;0.0;0.0;0.0;1.0550000000000002;1.9300000000000002
26/11/2024 06:00:00;0.0;0.0;0.0;1.1;1.86
26/11/2024 06:30:00;0.0;2.245;0.05;1.205;1.79
26/11/2024 07:00:00;0.0;4.49;0.1;1.31;1.72
26/11/2024 07:30:00;83.23;49.725;1.195;1.4100000000000001;1.69
26/11/2024 08:00:00;166.46;94.96;2.29;1.51;1.66
26/11/2024 08:30:00;128.24;113.88499999999999;2.7350000000000003;1.745;2.035
26/11/2024 09:00:00;90.02;132.81;3.18;1.98;2.41
26/11/2024 09:30:00;76.325;144.195;3.43;2.21;2.41
26/11/2024 10:00:00;62.63;155.58;3.68;2.44;2.41
26/11/2024 10:30:00;162.3;180.215;4.615;2.925;2.375
26/11/2024 11:00:00;261.97;204.85;5.55;3.41;2.34
26/11/2024 11:30:00;328.475;196.055;5.74;3.6550000000000002;2.3099999999999996
26/11/2024 12:00:00;394.98;187.26;5.93;3.9;2.28
26/11/2024 12:30:00;311.505;175.32;5.125;4.04;2.245
26/11/2024 13:00:00;228.03;163.38;4.32;4.18;2.21
26/11/2024 13:30:00;141.935;126.525;3.1950000000000003;4.279999999999999;2.035
26/11/2024 14:00:00;55.84;89.67;2.07;4.38;1.86
26/11/2024 14:30:00;27.92;52.475;1.205;4.25;1.585
26/11/2024 15:00:00;0.0;15.28;0.34;4.12;1.31
26/11/2024 15:30:00;0.0;7.64;0.17;3.875;1.1400000000000001
26/11/2024 16:00:00;0.0;0.0;0.0;3.63;0.97
26/11/2024 16:30:00;0.0;0.0;0.0;3.175;0.97
26/11/2024 17:00:00;0.0;0.0;0.0;2.72;0.97
26/11/2024 17:30:00;0.0;0.0;0.0;2.415;0.97
26/11/2024 18:00:00;0.0;0.0;0.0;2.11;0.97
26/11/2024 18:30:00;0.0;0.0;0.0;1.575;1.0
26/11/2024 19:00:00;0.0;0.0;0.0;1.04;1.03
26/11/2024 19:30:00;0.0;0.0;0.0;0.755;1.03
26/11/2024 20:00:00;0.0;0.0;0.0;0.47;1.03
26/11/2024 20:30:00;0.0;0.0;0.0;-0.020000000000000018;1.03
26/11/2024 21:00:00;0.0;0.0;0.0;-0.51;1.03
26/11/2024 21:30:00;0.0;0.0;0.0;-0.54;0.9650000000000001
26/11/2024 22:00:00;0.0;0.0;0.0;-0.57;0.9
26/11/2024 22:30:00;0.0;0.0;0.0;-0.9299999999999999;0.865
26/11/2024 23:00:00;0.0;0.0;0.0;-1.29;0.83
26/11/2024 23:30:00;0.0;0.0;0.0;-1.195;0.83
27/11/2024 00:00:00;0.0;0.0;0.0;-1.1;0.83
27/11/2024 00:30:00;0.0;0.0;0.0;-1.195;0.865
27/11/2024 01:00:00;0.0;0.0;0.0;-1.29;0.9
27/11/2024 01:30:00;0.0;0.0;0.0;-1.2000000000000002;0.9
27/11/2024 02:00:00;0.0;0.0;0.0;-1.11;0.9
27/11/2024 02:30:00;0.0;0.0;0.0;-1.125;0.9
27/11/2024 03:00:00;0.0;0.0;0.0;-1.14;0.9
27/11/2024 03:30:00;0.0;0.0;0.0;-1.23;0.9650000000000001
27/11/2024 04:00:00;0.0;0.0;0.0;-1.32;1.03
27/11/2024 04:30:00;0.0;0.0;0.0;-1.29;1.1
27/11/2024 05:00:00;0.0;0.0;0.0;-1.26;1.17
27/11/2024 05:30:00;0.0;0.0;0.0;-1.135;1.24
27/11/2024 06:00:00;0.0;0.0;0.0;-1.01;1.31
27/11/2024 06:30:00;0.0;1.8;0.04;-0.8049999999999999;1.345
27/11/2024 07:00:00;0.0;3.6;0.08;-0.6;1.38
27/11/2024 07:30:00;0.0;15.284999999999998;0.34;-0.10499999999999998;1.415
27/11/2024 08:00:00;0.0;26.97;0.6;0.39;1.45
27/11/2024 08:30:00;13.365;65.785;1.505;1.35;1.555
27/11/2024 09:00:00;26.73;104.6;2.41;2.31;1.66
27/11/2024 09:30:00;13.365;93.19999999999999;2.12;2.975;1.76
27/11/2024 10:00:00;0.0;81.8;1.83;3.64;1.86
27/11/2024 10:30:00;4.71;103.81;2.34;4.075;2.1350000000000002
27/11/2024 11:00:00;9.42;125.82;2.85;4.51;2.41
27/11/2024 11:30:00;4.71;89.42999999999999;2.02;4.945;2.515
27/11/2024 12:00:00;0.0;53.04;1.19;5.38;2.62
27/11/2024 12:30:00;0.0;50.34;1.13;5.6850000000000005;2.55
27/11/2024 13:00:00;0.0;47.64;1.07;5.99;2.48
27/11/2024 13:30:00;0.0;37.755;0.845;6.005;2.9299999999999997
27/11/2024 14:00:00;0.0;27.87;0.62;6.02;3.38
27/11/2024 14:30:00;0.0;19.78;0.44;5.904999999999999;3.31
27/11/2024 15:00:00;0.0;11.69;0.26;5.79;3.24
27/11/2024 15:30:00;0.0;5.845;0.13;5.495;3.345
27/11/2024 16:00:00;0.0;0.0;0.0;5.2;3.45
27/11/2024 16:30:00;0.0;0.0;0.0;4.515000000000001;3.45
27/11/2024 17:00:00;0.0;0.0;0.0;3.83;3.45
27/11/2024 17:30:00;0.0;0.0;0.0;3.56;3.45
27/11/2024 18:00:00;0.0;0.0;0.0;3.29;3.45
27/11/2024 18:30:00;0.0;0.0;0.0;3.165;3.795
27/11/2024 19:00:00;0.0;0.0;0.0;3.04;4.14
27/11/2024 19:30:00;0.0;0.0;0.0;3.17;4.275
27/11/2024 20:00:00;0.0;0.0;0.0;3.3;4.41
27/11/2024 20:30:00;0.0;0.0;0.0;3.2649999999999997;4.375
27/11/2024 21:00:00;0.0;0.0;0.0;3.23;4.34
27/11/2024 21:30:00;0.0;0.0;0.0;3.3;4.24
27/11/2024 22:00:00;0.0;0.0;0.0;3.37;4.14
27/11/2024 22:30:00;0.0;0.0;0.0;3.565;4.14
27/11/2024 23:00:00;0.0;0.0;0.0;3.76;4.14
27/11/2024 23:30:00;0.0;0.0;0.0;3.8499999999999996;4.14
28/11/2024 00:00:00;0.0;0.0;0.0;3.94;4.14
28/11/2024 00:30:00;0.0;0.0;0.0;3.9699999999999998;4.14
28/11/2024 01:00:00;0.0;0.0;0.0;4.0;4.14
28/11/2024 01:30:00;0.0;0.0;0.0;4.154999999999999;4.24
28/11/2024 02:00:00;0.0;0.0;0.0;4.31;4.34
28/11/2024 02:30:00;0.0;0.0;0.0;4.425;4.41
28/11/2024 03:00:00;0.0;0.0;0.0;4.54;4.48
28/11/2024 03:30:00;0.0;0.0;0.0;4.595000000000001;4.41
28/11/2024 04:00:00;0.0;0.0;0.0;4.65;4.34
28/11/2024 04:30:00;0.0;0.0;0.0;4.550000000000001;4.375
28/11/2024 05:00:00;0.0;0.0;0.0;4.45;4.41
28/11/2024 05:30:00;0.0;0.0;0.0;4.220000000000001;4.375
28/11/2024 06:00:00;0.0;0.0;0.0;3.99;4.34
28/11/2024 06:30:00;0.0;0.45;0.01;3.995;4.135
28/11/2024 07:00:00;0.0;0.9;0.02;4.0;3.93
28/11/2024 07:30:00;0.0;17.529999999999998;0.39;3.7800000000000002;3.825
28/11/2024 08:00:00;0.0;34.16;0.76;3.56;3.72
28/11/2024 08:30:00;0.0;32.36;0.72;3.3;3.6550000000000002
28/11/2024 09:00:00;0.0;30.56;0.68;3.04;3.59
28/11/2024 09:30:00;0.0;27.865000000000002;0.6200000000000001;2.885;3.38
28/11/2024 10:00:00;0.0;25.17;0.56;2.73;3.17
28/11/2024 10:30:00;0.0;29.665;0.66;2.6;3.0700000000000003
28/11/2024 11:00:00;0.0;34.16;0.76;2.47;2.97
28/11/2024 11:30:00;31.33;95.745;2.24;2.52;3.0700000000000003
28/11/2024 12:00:00;62.66;157.33;3.72;2.57;3.17
28/11/2024 12:30:00;31.33;100.69;2.35;2.5999999999999996;3.24
28/11/2024 13:00:00;0.0;44.05;0.98;2.63;3.31
28/11/2024 13:30:00;0.0;30.564999999999998;0.6799999999999999;2.66;3.14
28/11/2024 14:00:00;0.0;17.08;0.38;2.69;2.97
28/11/2024 14:30:00;0.0;11.235;0.25;2.5999999999999996;2.59
28/11/2024 15:00:00;0.0;5.39;0.12;2.51;2.21
28/11/2024 15:30:00;0.0;2.695;0.06;2.295;1.9649999999999999
28/11/2024 16:00:00;0.0;0.0;0.0;2.08;1.72
28/11/2024 16:30:00;0.0;0.0;0.0;1.78;1.62
28/11/2024 17:00:00;0.0;0.0;0.0;1.48;1.52
28/11/2024 17:30:00;0.0;0.0;0.0;1.205;1.4849999999999999
28/11/2024 18:00:00;0.0;0.0;0.0;0.93;1.45
28/11/2024 18:30:00;0.0;0.0;0.0;0.47500000000000003;1.45
28/11/2024 19:00:00;0.0;0.0;0.0;0.02;1.45
28/11/2024 19:30:00;0.0;0.0;0.0;-0.305;1.45
28/11/2024 20:00:00;0.0;0.0;0.0;-0.63;1.45
28/11/2024 20:30:00;0.0;0.0;0.0;-0.5900000000000001;1.38
28/11/2024 21:00:00;0.0;0.0;0.0;-0.55;1.31
28/11/2024 21:30:00;0.0;0.0;0.0;-0.675;1.345
28/11/2024 22:00:00;0.0;0.0;0.0;-0.8;1.38
28/11/2024 22:30:00;0.0;0.0;0.0;-0.805;1.345
28/11/2024 23:00:00;0.0;0.0;0.0;-0.81;1.31
28/11/2024 23:30:00;0.0;0.0;0.0;-0.99;1.345
29/11/2024 00:00:00;0.0;0.0;0.0;-1.17;1.38
29/11/2024 00:30:00;0.0;0.0;0.0;-1.1949999999999998;1.415
29/11/2024 01:00:00;0.0;0.0;0.0;-1.22;1.45
29/11/2024 01:30:00;0.0;0.0;0.0;-1.25;1.4849999999999999
29/11/2024 02:00:00;0.0;0.0;0.0;-1.28;1.52
29/11/2024 02:30:00;0.0;0.0;0.0;-1.165;1.62
29/11/2024 03:00:00;0.0;0.0;0.0;-1.05;1.72
29/11/2024 03:30:00;0.0;0.0;0.0;-0.99;1.755
29/11/2024 04:00:00;0.0;0.0;0.0;-0.93;1.79
29/11/2024 04:30:00;0.0;0.0;0.0;-1.165;1.79
29/11/2024 05:00:00;0.0;0.0;0.0;-1.4;1.79
29/11/2024 05:30:00;0.0;0.0;0.0;-1.26;1.8250000000000002
29/11/2024 06:00:00;0.0;0.0;0.0;-1.12;1.86
29/11/2024 06:30:00;0.0;0.0;0.0;-1.37;1.86
29/11/2024 07:00:00;0.0;0.0;0.0;-1.62;1.86
29/11/2024 07:30:00;137.63;44.585;1.245;-1.3250000000000002;1.79
29/11/2024 08:00:00;275.26;89.17;2.49;-1.03;1.72
29/11/2024 08:30:00;366.43;106.7;3.625;-0.050000000000000044;1.825
29/11/2024 09:00:00;457.6;124.23;4.76;0.93;1.93
29/11/2024 09:30:00;547.46;122.875;5.645;1.5899999999999999;2.105
29/11/2024 10:00:00;637.32;121.52;6.53;2.25;2.28
29/11/2024 10:30:00;642.8;129.85;6.78;2.815;2.3099999999999996
29/11/2024 11:00:00;648.28;138.18;7.03;3.38;2.34
29/11/2024 11:30:00;644.1949999999999;134.10000000000002;6.890000000000001;3.785;2.275
29/11/2024 12:00:00;640.11;130.02;6.75;4.19;2.21
29/11/2024 12:30:00;558.31;132.22;5.98;4.4;2.175
29/11/2024 13:00:00;476.51;134.42;5.21;4.61;2.14
29/11/2024 13:30:00;399.82;118.475;4.1850000000000005;4.575;1.9300000000000002
29/11/2024 14:00:00;323.13;102.53;3.16;4.54;1.72
29/11/2024 14:30:00;215.18;65.67;1.94;4.279999999999999;1.4100000000000001
29/11/2024 15:00:00;107.23;28.81;0.72;4.02;1.1
29/11/2024 15:30:00;53.615;14.405;0.36;3.675;0.79
29/11/2024 16:00:00;0.0;0.0;0.0;3.33;0.48
29/11/2024 16:30:00;0.0;0.0;0.0;3.1100000000000003;0.345
29/11/2024 17:00:00;0.0;0.0;0.0;2.89;0.21
29/11/2024 17:30:00;0.0;0.0;0.0;2.58;0.345
29/11/2024 18:00:00;0.0;0.0;0.0;2.27;0.48
29/11/2024 18:30:00;0.0;0.0;0.0;1.14;0.895
29/11/2024 19:00:00;0.0;0.0;0.0;0.01;1.31
29/11/2024 19:30:00;0.0;0.0;0.0;-0.13999999999999999;1.275
29/11/2024 20:00:00;0.0;0.0;0.0;-0.29;1.24
29/11/2024 20:30:00;0.0;0.0;0.0;-0.08499999999999999;1.135
29/11/2024 21:00:00;0.0;0.0;0.0;0.12;1.03
29/11/2024 21:30:00;0.0;0.0;0.0;0.15;0.9650000000000001
29/11/2024 22:00:00;0.0;0.0;0.0;0.18;0.9
29/11/2024 22:30:00;0.0;0.0;0.0;0.385;0.7949999999999999
29/11/2024 23:00:00;0.0;0.0;0.0;0.59;0.69
29/11/2024 23:30:00;0.0;0.0;0.0;0.5349999999999999;0.655
30/11/2024 00:00:00;0.0;0.0;0.0;0.48;0.62
30/11/2024 00:30:00;0.0;0.0;0.0;0.44499999999999995;0.655
30/11/2024 01:00:00;0.0;0.0;0.0;0.41;0.69
30/11/2024 01:30:00;0.0;0.0;0.0;0.065;0.86
30/11/2024 02:00:00;0.0;0.0;0.0;-0.28;1.03
30/11/2024 02:30:00;0.0;0.0;0.0;-0.32;1.135
30/11/2024 03:00:00;0.0;0.0;0.0;-0.36;1.24
30/11/2024 03:30:00;0.0;0.0;0.0;-0.19;1.31
30/11/2024 04:00:00;0.0;0.0;0.0;-0.02;1.38
30/11/2024 04:30:00;0.0;0.0;0.0;0.135;1.205
30/11/2024 05:00:00;0.0;0.0;0.0;0.29;1.03
30/11/2024 05:30:00;0.0;0.0;0.0;0.32499999999999996;1.0
30/11/2024 06:00:00;0.0;0.0;0.0;0.36;0.97
30/11/2024 06:30:00;0.0;0.0;0.0;0.27;0.97
30/11/2024 07:00:00;0.0;0.0;0.0;0.18;0.97
30/11/2024 07:30:00;0.0;13.035;0.29;0.32999999999999996;0.8999999999999999
30/11/2024 08:00:00;0.0;26.07;0.58;0.48;0.83
30/11/2024 08:30:00;0.0;32.36;0.72;0.7050000000000001;0.7949999999999999
30/11/2024 09:00:00;0.0;38.65;0.86;0.93;0.76
30/11/2024 09:30:00;3.715;72.58000000000001;1.6350000000000002;1.075;0.7949999999999999
30/11/2024 10:00:00;7.43;106.51;2.41;1.22;0.83
30/11/2024 10:30:00;3.715;90.56;2.04;1.295;0.8999999999999999
30/11/2024 11:00:00;0.0;74.61;1.67;1.37;0.97
30/11/2024 11:30:00;0.0;66.07;1.48;1.445;1.0350000000000001
30/11/2024 12:00:00;0.0;57.53;1.29;1.52;1.1
30/11/2024 12:30:00;0.0;58.43;1.31;1.75;1.1
30/11/2024 13:00:00;0.0;59.33;1.33;1.98;1.1
30/11/2024 13:30:00;0.0;48.54;1.085;2.075;0.9650000000000001
30/11/2024 14:00:00;0.0;37.75;0.84;2.17;0.83
30/11/2024 14:30:00;0.0;22.47;0.5;2.25;0.69
30/11/2024 15:00:00;0.0;7.19;0.16;2.33;0.55
30/11/2024 15:30:00;0.0;3.595;0.08;2.3049999999999997;0.44500000000000006
30/11/2024 16:00:00;0.0;0.0;0.0;2.28;0.34
30/11/2024 16:30:00;0.0;0.0;0.0;2.285;0.31000000000000005
30/11/2024 17:00:00;0.0;0.0;0.0;2.29;0.28
30/11/2024 17:30:00;0.0;0.0;0.0;2.315;0.28
30/11/2024 18:00:00;0.0;0.0;0.0;2.34;0.28
30/11/2024 18:30:00;0.0;0.0;0.0;2.24;0.245
30/11/2024 19:00:00;0.0;0.0;0.0;2.14;0.21
30/11/2024 19:30:00;0.0;0.0;0.0;2.21;0.275
30/11/2024 20:00:00;0.0;0.0;0.0;2.28;0.34
30/11/2024 20:30:00;0.0;0.0;0.0;2.3499999999999996;0.31000000000000005
30/11/2024 21:00:00;0.0;0.0;0.0;2.42;0.28
30/11/2024 21:30:00;0.0;0.0;0.0;2.545;0.28
30/11/2024 22:00:00;0.0;0.0;0.0;2.67;0.28
30/11/2024 22:30:00;0.0;0.0;0.0;2.81;0.31000000000000005
30/11/2024 23:00:00;0.0;0.0;0.0;2.95;0.34
30/11/2024 23:30:00;0.0;0.0;0.0;3.13;0.375
01/12/2024 00:00:00;0.0;0.0;0.0;3.31;0.41
01/12/2024 00:30:00;0.0;0.0;0.0;3.4000000000000004;0.375
01/12/2024 01:00:00;0.0;0.0;0.0;3.49;0.34
01/12/2024 01:30:00;0.0;0.0;0.0;3.6100000000000003;0.41000000000000003
01/12/2024 02:00:00;0.0;0.0;0.0;3.73;0.48
01/12/2024 02:30:00;0.0;0.0;0.0;3.7800000000000002;0.69
01/12/2024 03:00:00;0.0;0.0;0.0;3.83;0.9
01/12/2024 03:30:00;0.0;0.0;0.0;3.945;1.0
01/12/2024 04:00:00;0.0;0.0;0.0;4.06;1.1
01/12/2024 04:30:00;0.0;0.0;0.0;4.135;1.135
01/12/2024 05:00:00;0.0;0.0;0.0;4.21;1.17
01/12/2024 05:30:00;0.0;0.0;0.0;4.225;1.135
01/12/2024 06:00:00;0.0;0.0;0.0;4.24;1.1
01/12/2024 06:30:00;0.0;0.0;0.0;3.345;0.93
01/12/2024 07:00:00;0.0;0.0;0.0;2.45;0.76
01/12/2024 07:30:00;5.545;24.95;0.565;2.46;0.725
01/12/2024 08:00:00;11.09;49.9;1.13;2.47;0.69
01/12/2024 08:30:00;34.665000000000006;82.53999999999999;1.91;2.63;0.655
01/12/2024 09:00:00;58.24;115.18;2.69;2.79;0.62
01/12/2024 09:30:00;29.12;83.66;1.93;2.9450000000000003;0.725
01/12/2024 10:00:00;0.0;52.14;1.17;3.1;0.83
01/12/2024 10:30:00;0.0;57.08;1.2799999999999998;3.23;0.8999999999999999
01/12/2024 11:00:00;0.0;62.02;1.39;3.36;0.97
01/12/2024 11:30:00;0.0;49.885000000000005;1.115;3.295;1.105
01/12/2024 12:00:00;0.0;37.75;0.84;3.23;1.24
01/12/2024 12:30:00;0.0;36.855000000000004;0.8200000000000001;3.13;1.24
01/12/2024 13:00:00;0.0;35.96;0.8;3.03;1.24
01/12/2024 13:30:00;1.63;45.24;1.0150000000000001;2.92;1.275
01/12/2024 14:00:00;3.26;54.52;1.23;2.81;1.31
01/12/2024 14:30:00;5.154999999999999;35.205;0.7949999999999999;2.635;1.345
01/12/2024 15:00:00;7.05;15.89;0.36;2.46;1.38
01/12/2024 15:30:00;3.525;7.945;0.18;2.275;1.38
01/12/2024 16:00:00;0.0;0.0;0.0;2.09;1.38
01/12/2024 16:30:00;0.0;0.0;0.0;1.785;1.4849999999999999
01/12/2024 17:00:00;0.0;0.0;0.0;1.48;1.59
01/12/2024 17:30:00;0.0;0.0;0.0;1.2349999999999999;1.4849999999999999
01/12/2024 18:00:00;0.0;0.0;0.0;0.99;1.38
01/12/2024 18:30:00;0.0;0.0;0.0;0.815;1.38
01/12/2024 19:00:00;0.0;0.0;0.0;0.64;1.38
01/12/2024 19:30:00;0.0;0.0;0.0;0.5900000000000001;1.415
01/12/2024 20:00:00;0.0;0.0;0.0;0.54;1.45
01/12/2024 20:30:00;0.0;0.0;0.0;0.475;1.4849999999999999
01/12/2024 21:00:00;0.0;0.0;0.0;0.41;1.52
01/12/2024 21:30:00;0.0;0.0;0.0;0.365;1.52
01/12/2024 22:00:00;0.0;0.0;0.0;0.32;1.52
01/12/2024 22:30:00;0.0;0.0;0.0;0.28500000000000003;1.5899999999999999
01/12/2024 23:00:00;0.0;0.0;0.0;0.25;1.66
01/12/2024 23:30:00;0.0;0.0;0.0;0.125;1.5899999999999999
02/12/2024 00:00:00;0.0;0.0;0.0;0.0;1.52
02/12/2024 00:30:00;0.0;0.0;0.0;-0.04;1.655
02/12/2024 01:00:00;0.0;0.0;0.0;-0.08;1.79
02/12/2024 01:30:00;0.0;0.0;0.0;-0.15999999999999998;1.8250000000000002
02/12/2024 02:00:00;0.0;0.0;0.0;-0.24;1.86
02/12/2024 02:30:00;0.0;0.0;0.0;-0.31;1.895
02/12/2024 03:00:00;0.0;0.0;0.0;-0.38;1.93
02/12/2024 03:30:00;0.0;0.0;0.0;-0.5700000000000001;1.895
02/12/2024 04:00:00;0.0;0.0;0.0;-0.76;1.86
02/12/2024 04:30:00;0.0;0.0;0.0;-0.835;1.895
02/12/2024 05:00:00;0.0;0.0;0.0;-0.91;1.93
02/12/2024 05:30:00;0.0;0.0;0.0;-0.9850000000000001;1.93
02/12/2024 06:00:00;0.0;0.0;0.0;-1.06;1.93
02/12/2024 06:30:00;0.0;0.0;0.0;-1.1099999999999999;2.0
02/12/2024 07:00:00;0.0;0.0;0.0;-1.16;2.07
02/12/2024 07:30:00;135.34;41.095;1.145;-1.245;2.035
02/12/2024 08:00:00;270.68;82.19;2.29;-1.33;2.0
02/12/2024 08:30:00;135.34;53.23;1.415;-1.275;2.0700000000000003
02/12/2024 09:00:00;0.0;24.27;0.54;-1.22;2.14
02/12/2024 09:30:00;0.0;37.755;0.845;-1.135;2.2750000000000004
02/12/2024 10:00:00;0.0;51.24;1.15;-1.05;2.41
02/12/2024 10:30:00;0.0;47.195;1.055;-0.94;2.515
02/12/2024 11:00:00;0.0;43.15;0.96;-0.83;2.62
02/12/2024 11:30:00;0.0;40.004999999999995;0.8899999999999999;-0.7649999999999999;2.55
02/12/2024 12:00:00;0.0;36.86;0.82;-0.7;2.48
02/12/2024 12:30:00;0.0;34.61;0.77;-0.6499999999999999;2.5149999999999997
02/12/2024 13:00:00;0.0;32.36;0.72;-0.6;2.55
02/12/2024 13:30:00;0.0;24.72;0.55;-0.635;2.48
02/12/2024 14:00:00;0.0;17.08;0.38;-0.67;2.41
02/12/2024 14:30:00;0.0;11.684999999999999;0.26;-0.8400000000000001;2.205
02/12/2024 15:00:00;0.0;6.29;0.14;-1.01;2.0
02/12/2024 15:30:00;0.0;3.145;0.07;-1.325;1.76
02/12/2024 16:00:00;0.0;0.0;0.0;-1.64;1.52
02/12/2024 16:30:00;0.0;0.0;0.0;-2.02;1.38
02/12/2024 17:00:00;0.0;0.0;0.0;-2.4;1.24
02/12/2024 17:30:00;0.0;0.0;0.0;-2.41;1.205
02/12/2024 18:00:00;0.0;0.0;0.0;-2.42;1.17
02/12/2024 18:30:00;0.0;0.0;0.0;-3.115;1.31
02/12/2024 19:00:00;0.0;0.0;0.0;-3.81;1.45
02/12/2024 19:30:00;0.0;0.0;0.0;-3.145;1.275
02/12/2024 20:00:00;0.0;0.0;0.0;-2.48;1.1
02/12/2024 20:30:00;0.0;0.0;0.0;-2.37;1.0350000000000001
02/12/2024 21:00:00;0.0;0.0;0.0;-2.26;0.97
02/12/2024 21:30:00;0.0;0.0;0.0;-2.325;0.83
02/12/2024 22:00:00;0.0;0.0;0.0;-2.39;0.69
02/12/2024 22:30:00;0.0;0.0;0.0;-2.4000000000000004;0.585
02/12/2024 23:00:00;0.0;0.0;0.0;-2.41;0.48
02/12/2024 23:30:00;0.0;0.0;0.0;-2.45;0.44499999999999995
03/12/2024 00:00:00;0.0;0.0;0.0;-2.49;0.41
03/12/2024 00:30:00;0.0;0.0;0.0;-2.465;0.585
03/12/2024 01:00:00;0.0;0.0;0.0;-2.44;0.76
03/12/2024 01:30:00;0.0;0.0;0.0;-2.5700000000000003;0.655
03/12/2024 02:00:00;0.0;0.0;0.0;-2.7;0.55
03/12/2024 02:30:00;0.0;0.0;0.0;-2.73;0.44500000000000006
03/12/2024 03:00:00;0.0;0.0;0.0;-2.76;0.34
03/12/2024 03:30:00;0.0;0.0;0.0;-2.8449999999999998;0.48
03/12/2024 04:00:00;0.0;0.0;0.0;-2.93;0.62
03/12/2024 04:30:00;0.0;0.0;0.0;-3.0300000000000002;0.655
03/12/2024 05:00:00;0.0;0.0;0.0;-3.13;0.69
03/12/2024 05:30:00;0.0;0.0;0.0;-3.5549999999999997;0.76
03/12/2024 06:00:00;0.0;0.0;0.0;-3.98;0.83
03/12/2024 06:30:00;0.0;0.0;0.0;-4.85;0.865
03/12/2024 07:00:00;0.0;0.0;0.0;-5.72;0.9
03/12/2024 07:30:00;72.62;42.275;0.955;-5.74;0.9650000000000001
03/12/2024 08:00:00;145.24;84.55;1.91;-5.76;1.03
03/12/2024 08:30:00;160.10000000000002;112.775;2.695;-5.27;1.03
03/12/2024 09:00:00;174.96;141.0;3.48;-4.78;1.03
03/12/2024 09:30:00;239.0;162.2;4.28;-4.970000000000001;1.17
03/12/2024 10:00:00;303.04;183.4;5.08;-5.16;1.31
03/12/2024 10:30:00;307.53;191.285;5.3149999999999995;-4.265000000000001;1.31
03/12/2024 11:00:00;312.02;199.17;5.55;-3.37;1.31
03/12/2024 11:30:00;309.725;194.875;5.43;-2.51;1.275
03/12/2024 12:00:00;307.43;190.58;5.31;-1.65;1.24
03/12/2024 12:30:00;349.735;170.125;5.045;-1.42;1.205
03/12/2024 13:00:00;392.04;149.67;4.78;-1.19;1.17
03/12/2024 13:30:00;303.735;129.195;3.745;-1.3199999999999998;1.135
03/12/2024 14:00:00;215.43;108.72;2.71;-1.45;1.1
03/12/2024 14:30:00;107.715;59.305;1.465;-2.08;1.205
03/12/2024 15:00:00;0.0;9.89;0.22;-2.71;1.31
03/12/2024 15:30:00;0.0;4.945;0.11;-3.4899999999999998;1.4500000000000002
03/12/2024 16:00:00;0.0;0.0;0.0;-4.27;1.59
03/12/2024 16:30:00;0.0;0.0;0.0;-3.78;1.4849999999999999
03/12/2024 17:00:00;0.0;0.0;0.0;-3.29;1.38
03/12/2024 17:30:00;0.0;0.0;0.0;-3.385;1.415
03/12/2024 18:00:00;0.0;0.0;0.0;-3.48;1.45
03/12/2024 18:30:00;0.0;0.0;0.0;-3.33;1.4849999999999999
03/12/2024 19:00:00;0.0;0.0;0.0;-3.18;1.52
03/12/2024 19:30:00;0.0;0.0;0.0;-3.31;1.52
03/12/2024 20:00:00;0.0;0.0;0.0;-3.44;1.52
03/12/2024 20:30:00;0.0;0.0;0.0;-3.575;1.4849999999999999
03/12/2024 21:00:00;0.0;0.0;0.0;-3.71;1.45
03/12/2024 21:30:00;0.0;0.0;0.0;-3.65;1.415
03/12/2024 22:00:00;0.0;0.0;0.0;-3.59;1.38
03/12/2024 22:30:00;0.0;0.0;0.0;-3.4699999999999998;1.31
03/12/2024 23:00:00;0.0;0.0;0.0;-3.35;1.24
03/12/2024 23:30:00;0.0;0.0;0.0;-3.23;1.275
04/12/2024 00:00:00;0.0;0.0;0.0;-3.11;1.31
04/12/2024 00:30:00;0.0;0.0;0.0;-3.1799999999999997;1.345
04/12/2024 01:00:00;0.0;0.0;0.0;-3.25;1.38
04/12/2024 01:30:00;0.0;0.0;0.0;-3.315;1.38
04/12/2024 02:00:00;0.0;0.0;0.0;-3.38;1.38
04/12/2024 02:30:00;0.0;0.0;0.0;-3.36;1.38
04/12/2024 03:00:00;0.0;0.0;0.0;-3.34;1.38
04/12/2024 03:30:00;0.0;0.0;0.0;-3.325;1.345
04/12/2024 04:00:00;0.0;0.0;0.0;-3.31;1.31
04/12/2024 04:30:00;0.0;0.0;0.0;-3.31;1.31
04/12/2024 05:00:00;0.0;0.0;0.0;-3.31;1.31
04/12/2024 05:30:00;0.0;0.0;0.0;-2.825;1.205
04/12/2024 06:00:00;0.0;0.0;0.0;-2.34;1.1
04/12/2024 06:30:00;0.0;0.0;0.0;-3.4;1.275
04/12/2024 07:00:00;0.0;0.0;0.0;-4.46;1.45
04/12/2024 07:30:00;0.0;7.19;0.16;-4.16;1.415
04/12/2024 08:00:00;0.0;14.38;0.32;-3.86;1.38
04/12/2024 08:30:00;0.0;33.71;0.7549999999999999;-3.41;1.345
04/12/2024 09:00:00;0.0;53.04;1.19;-2.96;1.31
04/12/2024 09:30:00;0.0;47.644999999999996;1.065;-2.24;1.38
04/12/2024 10:00:00;0.0;42.25;0.94;-1.52;1.45
04/12/2024 10:30:00;0.0;47.644999999999996;1.065;-0.6950000000000001;1.45
04/12/2024 11:00:00;0.0;53.04;1.19;0.13;1.45
04/12/2024 11:30:00;0.0;48.995000000000005;1.095;0.515;1.52
04/12/2024 12:00:00;0.0;44.95;1.0;0.9;1.59
04/12/2024 12:30:00;0.0;57.53;1.2850000000000001;0.915;1.5550000000000002
04/12/2024 13:00:00;0.0;70.11;1.57;0.93;1.52
04/12/2024 13:30:00;1.67;60.51;1.3599999999999999;1.03;1.5550000000000002
04/12/2024 14:00:00;3.34;50.91;1.15;1.13;1.59
04/12/2024 14:30:00;1.67;31.744999999999997;0.715;1.045;1.655
04/12/2024 15:00:00;0.0;12.58;0.28;0.96;1.72
04/12/2024 15:30:00;0.0;6.29;0.14;0.725;1.79
04/12/2024 16:00:00;0.0;0.0;0.0;0.49;1.86
04/12/2024 16:30:00;0.0;0.0;0.0;0.175;1.895
04/12/2024 17:00:00;0.0;0.0;0.0;-0.14;1.93
04/12/2024 17:30:00;0.0;0.0;0.0;-0.605;1.825
04/12/2024 18:00:00;0.0;0.0;0.0;-1.07;1.72
04/12/2024 18:30:00;0.0;0.0;0.0;-1.09;1.69
04/12/2024 19:00:00;0.0;0.0;0.0;-1.11;1.66
04/12/2024 19:30:00;0.0;0.0;0.0;-0.865;1.66
04/12/2024 20:00:00;0.0;0.0;0.0;-0.62;1.66
04/12/2024 20:30:00;0.0;0.0;0.0;-0.6950000000000001;1.725
04/12/2024 21:00:00;0.0;0.0;0.0;-0.77;1.79
04/12/2024 21:30:00;0.0;0.0;0.0;-0.79;1.93
04/12/2024 22:00:00;0.0;0.0;0.0;-0.81;2.07
04/12/2024 22:30:00;0.0;0.0;0.0;-0.2250000000000001;2.105
04/12/2024 23:00:00;0.0;0.0;0.0;0.36;2.14
04/12/2024 23:30:00;0.0;0.0;0.0;0.89;2.2750000000000004
05/12/2024 00:00:00;0.0;0.0;0.0;1.42;2.41
05/12/2024 00:30:00;0.0;0.0;0.0;1.415;2.62
05/12/2024 01:00:00;0.0;0.0;0.0;1.41;2.83
05/12/2024 01:30:00;0.0;0.0;0.0;1.755;2.9000000000000004
05/12/2024 02:00:00;0.0;0.0;0.0;2.1;2.97
05/12/2024 02:30:00;0.0;0.0;0.0;2.39;3.0700000000000003
05/12/2024 03:00:00;0.0;0.0;0.0;2.68;3.17
05/12/2024 03:30:00;0.0;0.0;0.0;2.9450000000000003;3.24
05/12/2024 04:00:00;0.0;0.0;0.0;3.21;3.31
05/12/2024 04:30:00;0.0;0.0;0.0;3.315;3.45
05/12/2024 05:00:00;0.0;0.0;0.0;3.42;3.59
05/12/2024 05:30:00;0.0;0.0;0.0;3.41;3.6550000000000002
05/12/2024 06:00:00;0.0;0.0;0.0;3.4;3.72
05/12/2024 06:30:00;0.0;0.0;0.0;3.755;3.72
05/12/2024 07:00:00;0.0;0.0;0.0;4.11;3.72
05/12/2024 07:30:00;15.79;27.875;0.625;4.115;3.825
05/12/2024 08:00:00;31.58;55.75;1.25;4.12;3.93
05/12/2024 08:30:00;205.12;90.55;2.685;4.17;4.035
05/12/2024 09:00:00;378.66;125.35;4.12;4.22;4.14
05/12/2024 09:30:00;499.78499999999997;118.175;5.095000000000001;4.295;4.24
05/12/2024 10:00:00;620.91;111.0;6.07;4.37;4.34
05/12/2024 10:30:00;615.775;122.815;6.29;4.505;4.55
05/12/2024 11:00:00;610.64;134.63;6.51;4.64;4.76
05/12/2024 11:30:00;319.09;133.20499999999998;4.77;4.945;4.55
05/12/2024 12:00:00;27.54;131.78;3.03;5.25;4.34
05/12/2024 12:30:00;13.77;91.96000000000001;2.0999999999999996;5.115;4.34
05/12/2024 13:00:00;0.0;52.14;1.17;4.98;4.34
05/12/2024 13:30:00;5.045;55.84;1.26;4.720000000000001;4.515000000000001
05/12/2024 14:00:00;10.09;59.54;1.35;4.46;4.69
05/12/2024 14:30:00;5.045;33.364999999999995;0.755;4.23;4.550000000000001
05/12/2024 15:00:00;0.0;7.19;0.16;4.0;4.41
05/12/2024 15:30:00;0.0;3.595;0.08;3.785;4.375
05/12/2024 16:00:00;0.0;0.0;0.0;3.57;4.34
05/12/2024 16:30:00;0.0;0.0;0.0;3.4349999999999996;4.275
05/12/2024 17:00:00;0.0;0.0;0.0;3.3;4.21
05/12/2024 17:30:00;0.0;0.0;0.0;3.26;4.175
05/12/2024 18:00:00;0.0;0.0;0.0;3.22;4.14
05/12/2024 18:30:00;0.0;0.0;0.0;3.21;4.105
05/12/2024 19:00:00;0.0;0.0;0.0;3.2;4.07
05/12/2024 19:30:00;0.0;0.0;0.0;3.205;4.07
05/12/2024 20:00:00;0.0;0.0;0.0;3.21;4.07
05/12/2024 20:30:00;0.0;0.0;0.0;3.2199999999999998;4.035
05/12/2024 21:00:00;0.0;0.0;0.0;3.23;4.0
05/12/2024 21:30:00;0.0;0.0;0.0;3.24;3.965
05/12/2024 22:00:00;0.0;0.0;0.0;3.25;3.93
05/12/2024 22:30:00;0.0;0.0;0.0;3.1950000000000003;3.8600000000000003
05/12/2024 23:00:00;0.0;0.0;0.0;3.14;3.79
05/12/2024 23:30:00;0.0;0.0;0.0;3.08;3.725
06/12/2024 00:00:00;0.0;0.0;0.0;3.02;3.66
06/12/2024 00:30:00;0.0;0.0;0.0;2.995;3.59
06/12/2024 01:00:00;0.0;0.0;0.0;2.97;3.52
06/12/2024 01:30:00;0.0;0.0;0.0;2.89;3.415
06/12/2024 02:00:00;0.0;0.0;0.0;2.81;3.31
06/12/2024 02:30:00;0.0;0.0;0.0;2.77;3.24
06/12/2024 03:00:00;0.0;0.0;0.0;2.73;3.17
06/12/2024 03:30:00;0.0;0.0;0.0;2.6100000000000003;3.0999999999999996
06/12/2024 04:00:00;0.0;0.0;0.0;2.49;3.03
06/12/2024 04:30:00;0.0;0.0;0.0;2.4050000000000002;2.8949999999999996
06/12/2024 05:00:00;0.0;0.0;0.0;2.32;2.76
06/12/2024 05:30:00;0.0;0.0;0.0;2.1799999999999997;2.69
06/12/2024 06:00:00;0.0;0.0;0.0;2.04;2.62
06/12/2024 06:30:00;0.0;0.0;0.0;2.14;2.515
06/12/2024 07:00:00;0.0;0.0;0.0;2.24;2.41
06/12/2024 07:30:00;74.21;39.27;0.885;2.34;2.41
06/12/2024 08:00:00;148.42;78.54;1.77;2.44;2.41
06/12/2024 08:30:00;74.21;68.035;1.53;2.645;2.17
06/12/2024 09:00:00;0.0;57.53;1.29;2.85;1.93
06/12/2024 09:30:00;0.0;52.585;1.1800000000000002;3.24;2.55
06/12/2024 10:00:00;0.0;47.64;1.07;3.63;3.17
06/12/2024 10:30:00;8.66;87.61;1.9900000000000002;3.7800000000000002;3.035
06/12/2024 11:00:00;17.32;127.58;2.91;3.93;2.9
06/12/2024 11:30:00;119.32;154.975;3.815;4.075;2.5549999999999997
06/12/2024 12:00:00;221.32;182.37;4.72;4.22;2.21
06/12/2024 12:30:00;180.23;163.48000000000002;4.12;4.24;1.9649999999999999
06/12/2024 13:00:00;139.14;144.59;3.52;4.26;1.72
06/12/2024 13:30:00;69.57;90.725;2.17;4.41;1.62
06/12/2024 14:00:00;0.0;36.86;0.82;4.56;1.52
06/12/2024 14:30:00;0.0;21.575;0.48;4.234999999999999;1.415
06/12/2024 15:00:00;0.0;6.29;0.14;3.91;1.31
06/12/2024 15:30:00;0.0;3.145;0.07;3.42;1.31
06/12/2024 16:00:00;0.0;0.0;0.0;2.93;1.31
06/12/2024 16:30:00;0.0;0.0;0.0;2.6;1.205
06/12/2024 17:00:00;0.0;0.0;0.0;2.27;1.1
06/12/2024 17:30:00;0.0;0.0;0.0;2.285;1.0350000000000001
06/12/2024 18:00:00;0.0;0.0;0.0;2.3;0.97
06/12/2024 18:30:00;0.0;0.0;0.0;2.12;0.8999999999999999
06/12/2024 19:00:00;0.0;0.0;0.0;1.94;0.83
06/12/2024 19:30:00;0.0;0.0;0.0;1.825;0.865
06/12/2024 20:00:00;0.0;0.0;0.0;1.71;0.9
06/12/2024 20:30:00;0.0;0.0;0.0;1.3599999999999999;0.9650000000000001
06/12/2024 21:00:00;0.0;0.0;0.0;1.01;1.03
06/12/2024 21:30:00;0.0;0.0;0.0;0.86;1.0
06/12/2024 22:00:00;0.0;0.0;0.0;0.71;0.97
06/12/2024 22:30:00;0.0;0.0;0.0;0.5549999999999999;0.865
06/12/2024 23:00:00;0.0;0.0;0.0;0.4;0.76
06/12/2024 23:30:00;0.0;0.0;0.0;-0.015000000000000013;0.7949999999999999
07/12/2024 00:00:00;0.0;0.0;0.0;-0.43;0.83
07/12/2024 00:30:00;0.0;0.0;0.0;-1.065;0.8999999999999999
07/12/2024 01:00:00;0.0;0.0;0.0;-1.7;0.97
07/12/2024 01:30:00;0.0;0.0;0.0;-1.8849999999999998;0.97
07/12/2024 02:00:00;0.0;0.0;0.0;-2.07;0.97
07/12/2024 02:30:00;0.0;0.0;0.0;-2.21;0.8999999999999999
07/12/2024 03:00:00;0.0;0.0;0.0;-2.35;0.83
07/12/2024 03:30:00;0.0;0.0;0.0;-2.38;0.9299999999999999
07/12/2024 04:00:00;0.0;0.0;0.0;-2.41;1.03
07/12/2024 04:30:00;0.0;0.0;0.0;-2.4699999999999998;1.03
07/12/2024 05:00:00;0.0;0.0;0.0;-2.53;1.03
07/12/2024 05:30:00;0.0;0.0;0.0;-2.5549999999999997;0.9299999999999999
07/12/2024 06:00:00;0.0;0.0;0.0;-2.58;0.83
07/12/2024 06:30:00;0.0;0.0;0.0;-2.4850000000000003;0.8999999999999999
07/12/2024 07:00:00;0.0;0.0;0.0;-2.39;0.97
07/12/2024 07:30:00;0.0;15.73;0.35;-2.14;1.0350000000000001
07/12/2024 08:00:00;0.0;31.46;0.7;-1.89;1.1
07/12/2024 08:30:00;58.265;78.375;1.8350000000000002;-1.275;1.205
07/12/2024 09:00:00;116.53;125.29;2.97;-0.66;1.31
07/12/2024 09:30:00;93.13499999999999;135.185;3.1950000000000003;-0.16000000000000003;1.275
07/12/2024 10:00:00;69.74;145.08;3.42;0.34;1.24
07/12/2024 10:30:00;73.38499999999999;153.63;3.63;0.8799999999999999;1.345
07/12/2024 11:00:00;77.03;162.18;3.84;1.42;1.45
07/12/2024 11:30:00;147.12;172.595;4.27;1.825;1.38
07/12/2024 12:00:00;217.21;183.01;4.7;2.23;1.31
07/12/2024 12:30:00;234.685;169.04;4.4;2.625;1.4849999999999999
07/12/2024 13:00:00;252.16;155.07;4.1;3.02;1.66
07/12/2024 13:30:00;156.745;119.04499999999999;2.9949999999999997;3.135;1.69
07/12/2024 14:00:00;61.33;83.02;1.89;3.25;1.72
07/12/2024 14:30:00;58.39;51.589999999999996;1.185;3.085;1.48
07/12/2024 15:00:00;55.45;20.16;0.48;2.92;1.24
07/12/2024 15:30:00;27.725;10.08;0.24;2.335;1.24
07/12/2024 16:00:00;0.0;0.0;0.0;1.75;1.24
07/12/2024 16:30:00;0.0;0.0;0.0;1.105;1.205
07/12/2024 17:00:00;0.0;0.0;0.0;0.46;1.17
07/12/2024 17:30:00;0.0;0.0;0.0;0.020000000000000018;1.275
07/12/2024 18:00:00;0.0;0.0;0.0;-0.42;1.38
07/12/2024 18:30:00;0.0;0.0;0.0;-0.26;1.415
07/12/2024 19:00:00;0.0;0.0;0.0;-0.1;1.45
07/12/2024 19:30:00;0.0;0.0;0.0;0.024999999999999994;1.4849999999999999
07/12/2024 20:00:00;0.0;0.0;0.0;0.15;1.52
07/12/2024 20:30:00;0.0;0.0;0.0;0.44999999999999996;1.52
07/12/2024 21:00:00;0.0;0.0;0.0;0.75;1.52
07/12/2024 21:30:00;0.0;0.0;0.0;0.97;1.45
07/12/2024 22:00:00;0.0;0.0;0.0;1.19;1.38
07/12/2024 22:30:00;0.0;0.0;0.0;1.305;1.275
07/12/2024 23:00:00;0.0;0.0;0.0;1.42;1.17
07/12/2024 23:30:00;0.0;0.0;0.0;1.525;1.035
08/12/2024 00:00:00;0.0;0.0;0.0;1.63;0.9
08/12/2024 00:30:00;0.0;0.0;0.0;1.7;0.935
08/12/2024 01:00:00;0.0;0.0;0.0;1.77;0.97
08/12/2024 01:30:00;0.0;0.0;0.0;1.7850000000000001;1.1400000000000001
08/12/2024 02:00:00;0.0;0.0;0.0;1.8;1.31
08/12/2024 02:30:00;0.0;0.0;0.0;1.92;1.5150000000000001
08/12/2024 03:00:00;0.0;0.0;0.0;2.04;1.72
08/12/2024 03:30:00;0.0;0.0;0.0;2.27;1.79
08/12/2024 04:00:00;0.0;0.0;0.0;2.5;1.86
08/12/2024 04:30:00;0.0;0.0;0.0;2.92;2.0
08/12/2024 05:00:00;0.0;0.0;0.0;3.34;2.14
08/12/2024 05:30:00;0.0;0.0;0.0;3.8;2.24
08/12/2024 06:00:00;0.0;0.0;0.0;4.26;2.34
08/12/2024 06:30:00;0.0;0.0;0.0;3.775;2.24
08/12/2024 07:00:00;0.0;0.0;0.0;3.29;2.14
08/12/2024 07:30:00;18.615;27.22;0.605;3.55;2.0
08/12/2024 08:00:00;37.23;54.44;1.21;3.81;1.86
08/12/2024 08:30:00;18.615;57.785;1.29;4.1;1.725
08/12/2024 09:00:00;0.0;61.13;1.37;4.39;1.59
08/12/2024 09:30:00;0.0;55.285;1.2400000000000002;4.654999999999999;1.52
08/12/2024 10:00:00;0.0;49.44;1.11;4.92;1.45
08/12/2024 10:30:00;6.24;84.82499999999999;1.92;5.27;1.415
08/12/2024 11:00:00;12.48;120.21;2.73;5.62;1.38
08/12/2024 11:30:00;6.24;93.365;2.11;5.785;1.38
08/12/2024 12:00:00;0.0;66.52;1.49;5.95;1.38
08/12/2024 12:30:00;11.01;84.59;1.92;6.105;1.345
08/12/2024 13:00:00;22.02;102.66;2.35;6.26;1.31
08/12/2024 13:30:00;19.575;82.78999999999999;1.8900000000000001;6.324999999999999;1.31
08/12/2024 14:00:00;17.13;62.92;1.43;6.39;1.31
08/12/2024 14:30:00;8.565;35.955;0.815;6.3149999999999995;1.345
08/12/2024 15:00:00;0.0;8.99;0.2;6.24;1.38
08/12/2024 15:30:00;0.0;4.495;0.1;6.11;1.45
08/12/2024 16:00:00;0.0;0.0;0.0;5.98;1.52
08/12/2024 16:30:00;0.0;0.0;0.0;5.91;1.5550000000000002
08/12/2024 17:00:00;0.0;0.0;0.0;5.84;1.59
08/12/2024 17:30:00;0.0;0.0;0.0;5.824999999999999;1.59
08/12/2024 18:00:00;0.0;0.0;0.0;5.81;1.59
08/12/2024 18:30:00;0.0;0.0;0.0;5.6899999999999995;1.5550000000000002
08/12/2024 19:00:00;0.0;0.0;0.0;5.57;1.52
08/12/2024 19:30:00;0.0;0.0;0.0;5.550000000000001;1.4849999999999999
08/12/2024 20:00:00;0.0;0.0;0.0;5.53;1.45
08/12/2024 20:30:00;0.0;0.0;0.0;5.52;1.45
08/12/2024 21:00:00;0.0;0.0;0.0;5.51;1.45
08/12/2024 21:30:00;0.0;0.0;0.0;5.495;1.45
08/12/2024 22:00:00;0.0;0.0;0.0;5.48;1.45
08/12/2024 22:30:00;0.0;0.0;0.0;5.220000000000001;1.555
08/12/2024 23:00:00;0.0;0.0;0.0;4.96;1.66
08/12/2024 23:30:00;0.0;0.0;0.0;4.8149999999999995;1.66
09/12/2024 00:00:00;0.0;0.0;0.0;4.67;1.66
09/12/2024 00:30:00;0.0;0.0;0.0;4.845;1.69
09/12/2024 01:00:00;0.0;0.0;0.0;5.02;1.72
09/12/2024 01:30:00;0.0;0.0;0.0;5.039999999999999;1.69
09/12/2024 02:00:00;0.0;0.0;0.0;5.06;1.66
09/12/2024 02:30:00;0.0;0.0;0.0;4.994999999999999;1.66
09/12/2024 03:00:00;0.0;0.0;0.0;4.93;1.66
09/12/2024 03:30:00;0.0;0.0;0.0;4.965;1.66
09/12/2024 04:00:00;0.0;0.0;0.0;5.0;1.66
09/12/2024 04:30:00;0.0;0.0;0.0;4.96;1.725
09/12/2024 05:00:00;0.0;0.0;0.0;4.92;1.79
09/12/2024 05:30:00;0.0;0.0;0.0;5.09;1.8250000000000002
09/12/2024 06:00:00;0.0;0.0;0.0;5.26;1.86
09/12/2024 06:30:00;0.0;0.0;0.0;5.0;1.8250000000000002
09/12/2024 07:00:00;0.0;0.0;0.0;4.74;1.79
09/12/2024 07:30:00;4.2;19.225;0.43;4.725;1.79
09/12/2024 08:00:00;8.4;38.45;0.86;4.71;1.79
09/12/2024 08:30:00;4.2;41.25;0.9199999999999999;5.07;1.79
09/12/2024 09:00:00;0.0;44.05;0.98;5.43;1.79
09/12/2024 09:30:00;87.39;103.755;2.54;5.92;1.755
09/12/2024 10:00:00;174.78;163.46;4.1;6.41;1.72
09/12/2024 10:30:00;188.85;172.67000000000002;4.38;6.51;1.8599999999999999
09/12/2024 11:00:00;202.92;181.88;4.66;6.61;2.0
09/12/2024 11:30:00;101.46;106.67;2.68;6.78;2.1399999999999997
09/12/2024 12:00:00;0.0;31.46;0.7;6.95;2.28
09/12/2024 12:30:00;0.0;33.71;0.75;6.925000000000001;2.625
09/12/2024 13:00:00;0.0;35.96;0.8;6.9;2.97
09/12/2024 13:30:00;158.42;63.625;1.805;6.835;3.345
09/12/2024 14:00:00;316.84;91.29;2.81;6.77;3.72
09/12/2024 14:30:00;158.42;47.445;1.445;6.57;3.755
09/12/2024 15:00:00;0.0;3.6;0.08;6.37;3.79
09/12/2024 15:30:00;0.0;1.8;0.04;6.445;3.755
09/12/2024 16:00:00;0.0;0.0;0.0;6.52;3.72
09/12/2024 16:30:00;0.0;0.0;0.0;6.8;3.965
09/12/2024 17:00:00;0.0;0.0;0.0;7.08;4.21
09/12/2024 17:30:00;0.0;0.0;0.0;7.46;4.62
09/12/2024 18:00:00;0.0;0.0;0.0;7.84;5.03
09/12/2024 18:30:00;0.0;0.0;0.0;8.215;5.48
09/12/2024 19:00:00;0.0;0.0;0.0;8.59;5.93
09/12/2024 19:30:00;0.0;0.0;0.0;8.875;6.07
09/12/2024 20:00:00;0.0;0.0;0.0;9.16;6.21
09/12/2024 20:30:00;0.0;0.0;0.0;9.21;6.415
09/12/2024 21:00:00;0.0;0.0;0.0;9.26;6.62
09/12/2024 21:30:00;0.0;0.0;0.0;9.17;6.585
09/12/2024 22:00:00;0.0;0.0;0.0;9.08;6.55
09/12/2024 22:30:00;0.0;0.0;0.0;8.684999999999999;6.3100000000000005
09/12/2024 23:00:00;0.0;0.0;0.0;8.29;6.07
09/12/2024 23:30:00;0.0;0.0;0.0;7.89;5.76
10/12/2024 00:00:00;0.0;0.0;0.0;7.49;5.45
10/12/2024 00:30:00;0.0;0.0;0.0;7.35;5.275
10/12/2024 01:00:00;0.0;0.0;0.0;7.21;5.1
10/12/2024 01:30:00;0.0;0.0;0.0;7.154999999999999;5.205
10/12/2024 02:00:00;0.0;0.0;0.0;7.1;5.31
10/12/2024 02:30:00;0.0;0.0;0.0;7.05;5.55
10/12/2024 03:00:00;0.0;0.0;0.0;7.0;5.79
10/12/2024 03:30:00;0.0;0.0;0.0;6.984999999999999;5.79
10/12/2024 04:00:00;0.0;0.0;0.0;6.97;5.79
10/12/2024 04:30:00;0.0;0.0;0.0;6.824999999999999;5.725
10/12/2024 05:00:00;0.0;0.0;0.0;6.68;5.66
10/12/2024 05:30:00;0.0;0.0;0.0;6.595;5.21
10/12/2024 06:00:00;0.0;0.0;0.0;6.51;4.76
10/12/2024 06:30:00;0.0;0.0;0.0;6.48;5.0
10/12/2024 07:00:00;0.0;0.0;0.0;6.45;5.24
10/12/2024 07:30:00;51.13;33.85;0.735;6.46;5.0
10/12/2024 08:00:00;102.26;67.7;1.47;6.47;4.76
10/12/2024 08:30:00;67.49000000000001;81.13499999999999;1.8199999999999998;6.619999999999999;4.449999999999999
10/12/2024 09:00:00;32.72;94.57;2.17;6.77;4.14
10/12/2024 09:30:00;16.36;79.645;1.81;6.98;4.0
10/12/2024 10:00:00;0.0;64.72;1.45;7.19;3.86
10/12/2024 10:30:00;103.095;123.82;3.0649999999999995;7.615;4.24
10/12/2024 11:00:00;206.19;182.92;4.68;8.04;4.62
10/12/2024 11:30:00;136.29500000000002;165.27499999999998;4.08;8.239999999999998;4.3100000000000005
10/12/2024 12:00:00;66.4;147.63;3.48;8.44;4.0
10/12/2024 12:30:00;37.36;117.75;2.735;8.735;4.035
10/12/2024 13:00:00;8.32;87.87;1.99;9.03;4.07
10/12/2024 13:30:00;45.675000000000004;87.045;1.98;9.065;3.795
10/12/2024 14:00:00;83.03;86.22;1.97;9.1;3.52
10/12/2024 14:30:00;45.615;49.7;1.135;8.809999999999999;3.21
10/12/2024 15:00:00;8.2;13.18;0.3;8.52;2.9
10/12/2024 15:30:00;4.1;6.59;0.15;7.965;2.7249999999999996
10/12/2024 16:00:00;0.0;0.0;0.0;7.41;2.55
10/12/2024 16:30:00;0.0;0.0;0.0;7.03;2.585
10/12/2024 17:00:00;0.0;0.0;0.0;6.65;2.62
10/12/2024 17:30:00;0.0;0.0;0.0;6.895;2.965
10/12/2024 18:00:00;0.0;0.0;0.0;7.14;3.31
10/12/2024 18:30:00;0.0;0.0;0.0;7.455;3.7249999999999996
10/12/2024 19:00:00;0.0;0.0;0.0;7.77;4.14
10/12/2024 19:30:00;0.0;0.0;0.0;8.18;4.415
10/12/2024 20:00:00;0.0;0.0;0.0;8.59;4.69
10/12/2024 20:30:00;0.0;0.0;0.0;8.75;4.76
10/12/2024 21:00:00;0.0;0.0;0.0;8.91;4.83
10/12/2024 21:30:00;0.0;0.0;0.0;9.094999999999999;5.035
10/12/2024 22:00:00;0.0;0.0;0.0;9.28;5.24
10/12/2024 22:30:00;0.0;0.0;0.0;9.575;5.275
10/12/2024 23:00:00;0.0;0.0;0.0;9.87;5.31
10/12/2024 23:30:00;0.0;0.0;0.0;10.04;5.345
11/12/2024 00:00:00;0.0;0.0;0.0;10.21;5.38
11/12/2024 00:30:00;0.0;0.0;0.0;10.285;5.38
11/12/2024 01:00:00;0.0;0.0;0.0;10.36;5.38
11/12/2024 01:30:00;0.0;0.0;0.0;10.29;5.275
11/12/2024 02:00:00;0.0;0.0;0.0;10.22;5.17
11/12/2024 02:30:00;0.0;0.0;0.0;10.225000000000001;4.965
11/12/2024 03:00:00;0.0;0.0;0.0;10.23;4.76
11/12/2024 03:30:00;0.0;0.0;0.0;10.15;4.62
11/12/2024 04:00:00;0.0;0.0;0.0;10.07;4.48
11/12/2024 04:30:00;0.0;0.0;0.0;9.945;4.24
11/12/2024 05:00:00;0.0;0.0;0.0;9.82;4.0
11/12/2024 05:30:00;0.0;0.0;0.0;9.780000000000001;3.795
11/12/2024 06:00:00;0.0;0.0;0.0;9.74;3.59
11/12/2024 06:30:00;0.0;0.0;0.0;9.719999999999999;3.485
11/12/2024 07:00:00;0.0;0.0;0.0;9.7;3.38
11/12/2024 07:30:00;0.0;7.19;0.16;9.78;3.3449999999999998
11/12/2024 08:00:00;0.0;14.38;0.32;9.86;3.31
11/12/2024 08:30:00;0.0;22.02;0.49;9.995000000000001;3.415
11/12/2024 09:00:00;0.0;29.66;0.66;10.13;3.52
11/12/2024 09:30:00;0.0;55.730000000000004;1.245;10.235;3.6550000000000002
11/12/2024 10:00:00;0.0;81.8;1.83;10.34;3.79
11/12/2024 10:30:00;0.0;69.66499999999999;1.56;10.365;3.79
11/12/2024 11:00:00;0.0;57.53;1.29;10.39;3.79
11/12/2024 11:30:00;23.06;97.325;2.245;10.58;3.725
11/12/2024 12:00:00;46.12;137.12;3.2;10.77;3.66
11/12/2024 12:30:00;23.06;98.225;2.265;10.870000000000001;3.865
11/12/2024 13:00:00;0.0;59.33;1.33;10.97;4.07
11/12/2024 13:30:00;0.0;50.34;1.125;10.86;3.8950000000000005
11/12/2024 14:00:00;0.0;41.35;0.92;10.75;3.72
11/12/2024 14:30:00;0.0;22.92;0.51;10.48;3.515
11/12/2024 15:00:00;0.0;4.49;0.1;10.21;3.31
11/12/2024 15:30:00;0.0;2.245;0.05;9.845;3.17
11/12/2024 16:00:00;0.0;0.0;0.0;9.48;3.03
11/12/2024 16:30:00;0.0;0.0;0.0;9.135;2.9299999999999997
11/12/2024 17:00:00;0.0;0.0;0.0;8.79;2.83
11/12/2024 17:30:00;0.0;0.0;0.0;8.52;2.76
11/12/2024 18:00:00;0.0;0.0;0.0;8.25;2.69
11/12/2024 18:30:00;0.0;0.0;0.0;8.51;2.55
11/12/2024 19:00:00;0.0;0.0;0.0;8.77;2.41
11/12/2024 19:30:00;0.0;0.0;0.0;8.719999999999999;2.4450000000000003
11/12/2024 20:00:00;0.0;0.0;0.0;8.67;2.48
11/12/2024 20:30:00;0.0;0.0;0.0;8.415;2.275
11/12/2024 21:00:00;0.0;0.0;0.0;8.16;2.07
11/12/2024 21:30:00;0.0;0.0;0.0;7.82;1.93
11/12/2024 22:00:00;0.0;0.0;0.0;7.48;1.79
11/12/2024 22:30:00;0.0;0.0;0.0;7.195;1.69
11/12/2024 23:00:00;0.0;0.0;0.0;6.91;1.59
11/12/2024 23:30:00;0.0;0.0;0.0;6.85;1.4849999999999999
12/12/2024 00:00:00;0.0;0.0;0.0;6.79;1.38
12/12/2024 00:30:00;0.0;0.0;0.0;6.57;1.415
12/12/2024 01:00:00;0.0;0.0;0.0;6.35;1.45
12/12/2024 01:30:00;0.0;0.0;0.0;6.685;1.38
12/12/2024 02:00:00;0.0;0.0;0.0;7.02;1.31
12/12/2024 02:30:00;0.0;0.0;0.0;7.115;1.31
12/12/2024 03:00:00;0.0;0.0;0.0;7.21;1.31
12/12/2024 03:30:00;0.0;0.0;0.0;7.265000000000001;1.31
12/12/2024 04:00:00;0.0;0.0;0.0;7.32;1.31
12/12/2024 04:30:00;0.0;0.0;0.0;7.4;1.205
12/12/2024 05:00:00;0.0;0.0;0.0;7.48;1.1
12/12/2024 05:30:00;0.0;0.0;0.0;7.470000000000001;1.17
12/12/2024 06:00:00;0.0;0.0;0.0;7.46;1.24
12/12/2024 06:30:00;0.0;0.0;0.0;7.720000000000001;1.415
12/12/2024 07:00:00;0.0;0.0;0.0;7.98;1.59
12/12/2024 07:30:00;6.57;19.755;0.44;8.395;1.8650000000000002
12/12/2024 08:00:00;13.14;39.51;0.88;8.81;2.14
12/12/2024 08:30:00;12.595;58.709999999999994;1.325;9.39;2.52
12/12/2024 09:00:00;12.05;77.91;1.77;9.97;2.9
12/12/2024 09:30:00;6.025;61.43;1.385;10.510000000000002;3.1399999999999997
12/12/2024 10:00:00;0.0;44.95;1.0;11.05;3.38
12/12/2024 10:30:00;5.06;77.80000000000001;1.755;11.235;3.45
12/12/2024 11:00:00;10.12;110.65;2.51;11.42;3.52
12/12/2024 11:30:00;19.189999999999998;117.64;2.69;11.64;3.4850000000000003
12/12/2024 12:00:00;28.26;124.63;2.87;11.86;3.45
12/12/2024 12:30:00;16.92;104.175;2.38;11.79;3.415
12/12/2024 13:00:00;5.58;83.72;1.89;11.72;3.38
12/12/2024 13:30:00;2.79;62.085;1.395;11.65;3.52
12/12/2024 14:00:00;0.0;40.45;0.9;11.58;3.66
12/12/2024 14:30:00;0.0;22.92;0.51;11.475;3.795
12/12/2024 15:00:00;0.0;5.39;0.12;11.37;3.93
12/12/2024 15:30:00;0.0;2.695;0.06;11.25;4.07
12/12/2024 16:00:00;0.0;0.0;0.0;11.13;4.21
12/12/2024 16:30:00;0.0;0.0;0.0;10.945;4.0
12/12/2024 17:00:00;0.0;0.0;0.0;10.76;3.79
12/12/2024 17:30:00;0.0;0.0;0.0;10.555;3.825
12/12/2024 18:00:00;0.0;0.0;0.0;10.35;3.86
12/12/2024 18:30:00;0.0;0.0;0.0;10.274999999999999;3.825
12/12/2024 19:00:00;0.0;0.0;0.0;10.2;3.79
12/12/2024 19:30:00;0.0;0.0;0.0;10.085;3.725
12/12/2024 20:00:00;0.0;0.0;0.0;9.97;3.66
12/12/2024 20:30:00;0.0;0.0;0.0;9.745000000000001;3.625
12/12/2024 21:00:00;0.0;0.0;0.0;9.52;3.59
12/12/2024 21:30:00;0.0;0.0;0.0;9.274999999999999;3.6550000000000002
12/12/2024 22:00:00;0.0;0.0;0.0;9.03;3.72
12/12/2024 22:30:00;0.0;0.0;0.0;8.885;3.62
12/12/2024 23:00:00;0.0;0.0;0.0;8.74;3.52
12/12/2024 23:30:00;0.0;0.0;0.0;8.575;3.4850000000000003
13/12/2024 00:00:00;0.0;0.0;0.0;8.41;3.45
13/12/2024 00:30:00;0.0;0.0;0.0;8.33;3.31
13/12/2024 01:00:00;0.0;0.0;0.0;8.25;3.17
13/12/2024 01:30:00;0.0;0.0;0.0;8.18;2.965
13/12/2024 02:00:00;0.0;0.0;0.0;8.11;2.76
13/12/2024 02:30:00;0.0;0.0;0.0;7.865;2.55
13/12/2024 03:00:00;0.0;0.0;0.0;7.62;2.34
13/12/2024 03:30:00;0.0;0.0;0.0;7.35;2.275
13/12/2024 04:00:00;0.0;0.0;0.0;7.08;2.21
13/12/2024 04:30:00;0.0;0.0;0.0;6.965;2.415
13/12/2024 05:00:00;0.0;0.0;0.0;6.85;2.62
13/12/2024 05:30:00;0.0;0.0;0.0;6.74;2.585
13/12/2024 06:00:00;0.0;0.0;0.0;6.63;2.55
13/12/2024 06:30:00;0.0;0.0;0.0;6.855;2.38
13/12/2024 07:00:00;0.0;0.0;0.0;7.08;2.21
13/12/2024 07:30:00;128.72;33.83;0.895;7.16;2.3449999999999998
13/12/2024 08:00:00;257.44;67.66;1.79;7.24;2.48
13/12/2024 08:30:00;128.72;59.9;1.48;7.455;2.4450000000000003
13/12/2024 09:00:00;0.0;52.14;1.17;7.67;2.41
13/12/2024 09:30:00;35.8;95.13999999999999;2.215;7.9799999999999995;2.515
13/12/2024 10:00:00;71.6;138.14;3.26;8.29;2.62
13/12/2024 10:30:00;96.725;152.76;3.6599999999999997;8.235;3.14
13/12/2024 11:00:00;121.85;167.38;4.06;8.18;3.66
13/12/2024 11:30:00;60.925;114.7;2.7249999999999996;8.16;3.625
13/12/2024 12:00:00;0.0;62.02;1.39;8.14;3.59
13/12/2024 12:30:00;19.585;86.2;1.9699999999999998;8.129999999999999;3.21
13/12/2024 13:00:00;39.17;110.38;2.55;8.12;2.83
13/12/2024 13:30:00;66.755;99.145;2.28;7.904999999999999;3.0
13/12/2024 14:00:00;94.34;87.91;2.01;7.69;3.17
13/12/2024 14:30:00;47.17;45.305;1.035;7.44;3.035
13/12/2024 15:00:00;0.0;2.7;0.06;7.19;2.9
13/12/2024 15:30:00;0.0;1.35;0.03;6.83;2.795
13/12/2024 16:00:00;0.0;0.0;0.0;6.47;2.69
13/12/2024 16:30:00;0.0;0.0;0.0;6.26;2.76
13/12/2024 17:00:00;0.0;0.0;0.0;6.05;2.83
13/12/2024 17:30:00;0.0;0.0;0.0;6.045;2.76
13/12/2024 18:00:00;0.0;0.0;0.0;6.04;2.69
13/12/2024 18:30:00;0.0;0.0;0.0;6.005;2.55
13/12/2024 19:00:00;0.0;0.0;0.0;5.97;2.41
13/12/2024 19:30:00;0.0;0.0;0.0;5.92;2.31
13/12/2024 20:00:00;0.0;0.0;0.0;5.87;2.21
13/12/2024 20:30:00;0.0;0.0;0.0;5.715;2.035
13/12/2024 21:00:00;0.0;0.0;0.0;5.56;1.86
13/12/2024 21:30:00;0.0;0.0;0.0;5.4399999999999995;1.895
13/12/2024 22:00:00;0.0;0.0;0.0;5.32;1.93
13/12/2024 22:30:00;0.0;0.0;0.0;5.255000000000001;1.93
13/12/2024 23:00:00;0.0;0.0;0.0;5.19;1.93
13/12/2024 23:30:00;0.0;0.0;0.0;5.2;1.8599999999999999
14/12/2024 00:00:00;0.0;0.0;0.0;5.21;1.79
14/12/2024 00:30:00;0.0;0.0;0.0;5.215;1.755
14/12/2024 01:00:00;0.0;0.0;0.0;5.22;1.72
14/12/2024 01:30:00;0.0;0.0;0.0;5.3;1.72
14/12/2024 02:00:00;0.0;0.0;0.0;5.38;1.72
14/12/2024 02:30:00;0.0;0.0;0.0;5.43;1.825
14/12/2024 03:00:00;0.0;0.0;0.0;5.48;1.93
14/12/2024 03:30:00;0.0;0.0;0.0;5.485;1.8599999999999999
14/12/2024 04:00:00;0.0;0.0;0.0;5.49;1.79
14/12/2024 04:30:00;0.0;0.0;0.0;5.425000000000001;1.8599999999999999
14/12/2024 05:00:00;0.0;0.0;0.0;5.36;1.93
14/12/2024 05:30:00;0.0;0.0;0.0;5.32;1.825
14/12/2024 06:00:00;0.0;0.0;0.0;5.28;1.72
14/12/2024 06:30:00;0.0;0.0;0.0;5.325;1.79
14/12/2024 07:00:00;0.0;0.0;0.0;5.37;1.86
14/12/2024 07:30:00;71.915;34.275;0.745;5.390000000000001;1.79
14/12/2024 08:00:00;143.83;68.55;1.49;5.41;1.72
14/12/2024 08:30:00;116.07000000000001;89.33500000000001;2.03;5.49;1.755
14/12/2024 09:00:00;88.31;110.12;2.57;5.57;1.79
14/12/2024 09:30:00;44.155;85.175;1.96;5.735;1.895
14/12/2024 10:00:00;0.0;60.23;1.35;5.9;2.0
14/12/2024 10:30:00;10.18;92.92500000000001;2.1100000000000003;6.09;1.895
14/12/2024 11:00:00;20.36;125.62;2.87;6.28;1.79
14/12/2024 11:30:00;32.125;130.20499999999998;3.005;6.425000000000001;1.725
14/12/2024 12:00:00;43.89;134.79;3.14;6.57;1.66
14/12/2024 12:30:00;61.2;130.19;3.045;6.7;1.66
14/12/2024 13:00:00;78.51;125.59;2.95;6.83;1.66
14/12/2024 13:30:00;39.255;78.525;1.8250000000000002;6.8;1.555
14/12/2024 14:00:00;0.0;31.46;0.7;6.77;1.45
14/12/2024 14:30:00;0.0;18.425;0.41;6.635;1.4849999999999999
14/12/2024 15:00:00;0.0;5.39;0.12;6.5;1.52
14/12/2024 15:30:00;0.0;2.695;0.06;6.3149999999999995;1.5550000000000002
14/12/2024 16:00:00;0.0;0.0;0.0;6.13;1.59
14/12/2024 16:30:00;0.0;0.0;0.0;5.9399999999999995;1.725
14/12/2024 17:00:00;0.0;0.0;0.0;5.75;1.86
14/12/2024 17:30:00;0.0;0.0;0.0;5.63;2.0
14/12/2024 18:00:00;0.0;0.0;0.0;5.51;2.14
14/12/2024 18:30:00;0.0;0.0;0.0;5.425;2.105
14/12/2024 19:00:00;0.0;0.0;0.0;5.34;2.07
14/12/2024 19:30:00;0.0;0.0;0.0;5.055;2.07
14/12/2024 20:00:00;0.0;0.0;0.0;4.77;2.07
14/12/2024 20:30:00;0.0;0.0;0.0;4.699999999999999;2.07
14/12/2024 21:00:00;0.0;0.0;0.0;4.63;2.07
14/12/2024 21:30:00;0.0;0.0;0.0;4.515000000000001;1.93
14/12/2024 22:00:00;0.0;0.0;0.0;4.4;1.79
14/12/2024 22:30:00;0.0;0.0;0.0;4.24;1.69
14/12/2024 23:00:00;0.0;0.0;0.0;4.08;1.59
14/12/2024 23:30:00;0.0;0.0;0.0;3.94;1.52
15/12/2024 00:00:00;0.0;0.0;0.0;3.8;1.45
15/12/2024 00:30:00;0.0;0.0;0.0;3.7249999999999996;1.415
15/12/2024 01:00:00;0.0;0.0;0.0;3.65;1.38
15/12/2024 01:30:00;0.0;0.0;0.0;3.685;1.38
15/12/2024 02:00:00;0.0;0.0;0.0;3.72;1.38
15/12/2024 02:30:00;0.0;0.0;0.0;3.66;1.345
15/12/2024 03:00:00;0.0;0.0;0.0;3.6;1.31
15/12/2024 03:30:00;0.0;0.0;0.0;3.365;1.24
15/12/2024 04:00:00;0.0;0.0;0.0;3.13;1.17
15/12/2024 04:30:00;0.0;0.0;0.0;3.2;1.135
15/12/2024 05:00:00;0.0;0.0;0.0;3.27;1.1
15/12/2024 05:30:00;0.0;0.0;0.0;2.965;1.135
15/12/2024 06:00:00;0.0;0.0;0.0;2.66;1.17
15/12/2024 06:30:00;0.0;0.0;0.0;2.6950000000000003;1.0699999999999998
15/12/2024 07:00:00;0.0;0.0;0.0;2.73;0.97
15/12/2024 07:30:00;113.72;35.29;0.845;2.7649999999999997;1.0
15/12/2024 08:00:00;227.44;70.58;1.69;2.8;1.03
15/12/2024 08:30:00;335.58000000000004;86.35499999999999;2.825;3.375;0.9650000000000001
15/12/2024 09:00:00;443.72;102.13;3.96;3.95;0.9
15/12/2024 09:30:00;495.435;113.61;4.725;4.390000000000001;0.9650000000000001
15/12/2024 10:00:00;547.15;125.09;5.49;4.83;1.03
15/12/2024 10:30:00;556.735;133.89;5.79;5.075;1.17
15/12/2024 11:00:00;566.32;142.69;6.09;5.32;1.31
15/12/2024 11:30:00;509.515;153.195;5.82;5.630000000000001;1.205
15/12/2024 12:00:00;452.71;163.7;5.55;5.94;1.1
15/12/2024 12:30:00;309.215;154.37;4.555;6.065;1.0350000000000001
15/12/2024 13:00:00;165.72;145.04;3.56;6.19;0.97
15/12/2024 13:30:00;86.365;100.63;2.415;6.195;0.7949999999999999
15/12/2024 14:00:00;7.01;56.22;1.27;6.2;0.62
15/12/2024 14:30:00;3.505;33.504999999999995;0.755;6.140000000000001;0.655
15/12/2024 15:00:00;0.0;10.79;0.24;6.08;0.69
15/12/2024 15:30:00;0.0;5.395;0.12;5.85;0.62
15/12/2024 16:00:00;0.0;0.0;0.0;5.62;0.55
15/12/2024 16:30:00;0.0;0.0;0.0;5.6850000000000005;0.38
15/12/2024 17:00:00;0.0;0.0;0.0;5.75;0.21
15/12/2024 17:30:00;0.0;0.0;0.0;5.6850000000000005;0.14
15/12/2024 18:00:00;0.0;0.0;0.0;5.62;0.07
15/12/2024 18:30:00;0.0;0.0;0.0;5.41;0.10500000000000001
15/12/2024 19:00:00;0.0;0.0;0.0;5.2;0.14
15/12/2024 19:30:00;0.0;0.0;0.0;5.175000000000001;0.34500000000000003
15/12/2024 20:00:00;0.0;0.0;0.0;5.15;0.55
15/12/2024 20:30:00;0.0;0.0;0.0;4.640000000000001;0.7250000000000001
15/12/2024 21:00:00;0.0;0.0;0.0;4.13;0.9
15/12/2024 21:30:00;0.0;0.0;0.0;4.1;0.8300000000000001
15/12/2024 22:00:00;0.0;0.0;0.0;4.07;0.76
15/12/2024 22:30:00;0.0;0.0;0.0;3.9050000000000002;0.725
15/12/2024 23:00:00;0.0;0.0;0.0;3.74;0.69
15/12/2024 23:30:00;0.0;0.0;0.0;3.6050000000000004;0.62
16/12/2024 00:00:00;0.0;0.0;0.0;3.47;0.55
16/12/2024 00:30:00;0.0;0.0;0.0;3.56;0.55
16/12/2024 01:00:00;0.0;0.0;0.0;3.65;0.55
16/12/2024 01:30:00;0.0;0.0;0.0;3.61;0.62
16/12/2024 02:00:00;0.0;0.0;0.0;3.57;0.69
16/12/2024 02:30:00;0.0;0.0;0.0;3.195;0.76
16/12/2024 03:00:00;0.0;0.0;0.0;2.82;0.83
16/12/2024 03:30:00;0.0;0.0;0.0;2.62;0.83
16/12/2024 04:00:00;0.0;0.0;0.0;2.42;0.83
16/12/2024 04:30:00;0.0;0.0;0.0;2.2199999999999998;0.865
16/12/2024 05:00:00;0.0;0.0;0.0;2.02;0.9
16/12/2024 05:30:00;0.0;0.0;0.0;1.88;0.935
16/12/2024 06:00:00;0.0;0.0;0.0;1.74;0.97
16/12/2024 06:30:00;0.0;0.0;0.0;1.675;0.935
16/12/2024 07:00:00;0.0;0.0;0.0;1.61;0.9
16/12/2024 07:30:00;71.31;34.675;0.735;1.79;0.76
16/12/2024 08:00:00;142.62;69.35;1.47;1.97;0.62
16/12/2024 08:30:00;268.045;91.225;2.635;2.435;0.38
16/12/2024 09:00:00;393.47;113.1;3.8;2.9;0.14
16/12/2024 09:30:00;405.495;133.825;4.42;3.7800000000000002;0.38
16/12/2024 10:00:00;417.52;154.55;5.04;4.66;0.62
16/12/2024 10:30:00;486.105;150.67000000000002;5.545;5.21;1.07
16/12/2024 11:00:00;554.69;146.79;6.05;5.76;1.52
16/12/2024 11:30:00;537.76;147.68;5.91;6.005;1.62
16/12/2024 12:00:00;520.83;148.57;5.77;6.25;1.72
16/12/2024 12:30:00;499.5;134.965;5.255;6.42;1.585
16/12/2024 13:00:00;478.17;121.36;4.74;6.59;1.45
16/12/2024 13:30:00;405.83000000000004;107.0;3.795;6.54;1.345
16/12/2024 14:00:00;333.49;92.64;2.85;6.49;1.24
16/12/2024 14:30:00;179.18;54.55;1.615;6.24;1.105
16/12/2024 15:00:00;24.87;16.46;0.38;5.99;0.97
16/12/2024 15:30:00;12.435;8.23;0.19;5.285;0.97
16/12/2024 16:00:00;0.0;0.0;0.0;4.58;0.97
16/12/2024 16:30:00;0.0;0.0;0.0;4.53;0.935
16/12/2024 17:00:00;0.0;0.0;0.0;4.48;0.9
16/12/2024 17:30:00;0.0;0.0;0.0;3.6900000000000004;1.035
16/12/2024 18:00:00;0.0;0.0;0.0;2.9;1.17
16/12/2024 18:30:00;0.0;0.0;0.0;3.21;0.895
16/12/2024 19:00:00;0.0;0.0;0.0;3.52;0.62
16/12/2024 19:30:00;0.0;0.0;0.0;3.215;0.725
16/12/2024 20:00:00;0.0;0.0;0.0;2.91;0.83
16/12/2024 20:30:00;0.0;0.0;0.0;2.6100000000000003;0.83
16/12/2024 21:00:00;0.0;0.0;0.0;2.31;0.83
16/12/2024 21:30:00;0.0;0.0;0.0;2.075;0.83
16/12/2024 22:00:00;0.0;0.0;0.0;1.84;0.83
16/12/2024 22:30:00;0.0;0.0;0.0;1.65;0.83
16/12/2024 23:00:00;0.0;0.0;0.0;1.46;0.83
16/12/2024 23:30:00;0.0;0.0;0.0;1.35;0.865
17/12/2024 00:00:00;0.0;0.0;0.0;1.24;0.9
17/12/2024 00:30:00;0.0;0.0;0.0;1.145;0.935
17/12/2024 01:00:00;0.0;0.0;0.0;1.05;0.97
17/12/2024 01:30:00;0.0;0.0;0.0;0.8600000000000001;1.0
17/12/2024 02:00:00;0.0;0.0;0.0;0.67;1.03
17/12/2024 02:30:00;0.0;0.0;0.0;0.53;1.03
17/12/2024 03:00:00;0.0;0.0;0.0;0.39;1.03
17/12/2024 03:30:00;0.0;0.0;0.0;0.63;0.9650000000000001
17/12/2024 04:00:00;0.0;0.0;0.0;0.87;0.9
17/12/2024 04:30:00;0.0;0.0;0.0;0.855;0.865
17/12/2024 05:00:00;0.0;0.0;0.0;0.84;0.83
17/12/2024 05:30:00;0.0;0.0;0.0;0.83;0.76
17/12/2024 06:00:00;0.0;0.0;0.0;0.82;0.69
17/12/2024 06:30:00;0.0;0.0;0.0;0.44499999999999995;0.76
17/12/2024 07:00:00;0.0;0.0;0.0;0.07;0.83
17/12/2024 07:30:00;60.45;32.49;0.685;0.31500000000000006;0.725
17/12/2024 08:00:00;120.9;64.98;1.37;0.56;0.62
17/12/2024 08:30:00;279.6;82.66499999999999;2.625;0.8300000000000001;0.62
17/12/2024 09:00:00;438.3;100.35;3.88;1.1;0.62
17/12/2024 09:30:00;484.76;113.945;4.635;2.67;0.62
17/12/2024 10:00:00;531.22;127.54;5.39;4.24;0.62
17/12/2024 10:30:00;593.365;120.665;5.869999999999999;5.15;0.585
17/12/2024 11:00:00;655.51;113.79;6.35;6.06;0.55
17/12/2024 11:30:00;645.605;113.03;6.23;6.71;0.515
17/12/2024 12:00:00;635.7;112.27;6.11;7.36;0.48
17/12/2024 12:30:00;588.1500000000001;108.0;5.515000000000001;7.725;0.44499999999999995
17/12/2024 13:00:00;540.6;103.73;4.92;8.09;0.41
17/12/2024 13:30:00;426.57000000000005;99.46000000000001;3.855;8.129999999999999;0.41
17/12/2024 14:00:00;312.54;95.19;2.79;8.17;0.41
17/12/2024 14:30:00;176.88;57.065;1.615;7.82;0.515
17/12/2024 15:00:00;41.22;18.94;0.44;7.47;0.62
17/12/2024 15:30:00;20.61;9.47;0.22;7.25;0.725
17/12/2024 16:00:00;0.0;0.0;0.0;7.03;0.83
17/12/2024 16:30:00;0.0;0.0;0.0;5.9;1.035
17/12/2024 17:00:00;0.0;0.0;0.0;4.77;1.24
17/12/2024 17:30:00;0.0;0.0;0.0;3.88;1.31
17/12/2024 18:00:00;0.0;0.0;0.0;2.99;1.38
17/12/2024 18:30:00;0.0;0.0;0.0;1.475;1.38
17/12/2024 19:00:00;0.0;0.0;0.0;-0.04;1.38
17/12/2024 19:30:00;0.0;0.0;0.0;-0.08499999999999999;1.345
17/12/2024 20:00:00;0.0;0.0;0.0;-0.13;1.31
17/12/2024 20:30:00;0.0;0.0;0.0;-0.015;1.24
17/12/2024 21:00:00;0.0;0.0;0.0;0.1;1.17
17/12/2024 21:30:00;0.0;0.0;0.0;0.14500000000000002;1.17
17/12/2024 22:00:00;0.0;0.0;0.0;0.19;1.17
17/12/2024 22:30:00;0.0;0.0;0.0;0.28500000000000003;1.1
17/12/2024 23:00:00;0.0;0.0;0.0;0.38;1.03
17/12/2024 23:30:00;0.0;0.0;0.0;0.54;0.9650000000000001
18/12/2024 00:00:00;0.0;0.0;0.0;0.7;0.9
18/12/2024 00:30:00;0.0;0.0;0.0;0.6499999999999999;0.865
18/12/2024 01:00:00;0.0;0.0;0.0;0.6;0.83
18/12/2024 01:30:00;0.0;0.0;0.0;0.605;0.865
18/12/2024 02:00:00;0.0;0.0;0.0;0.61;0.9
18/12/2024 02:30:00;0.0;0.0;0.0;0.38;1.0
18/12/2024 03:00:00;0.0;0.0;0.0;0.15;1.1
18/12/2024 03:30:00;0.0;0.0;0.0;-0.10500000000000001;1.17
18/12/2024 04:00:00;0.0;0.0;0.0;-0.36;1.24
18/12/2024 04:30:00;0.0;0.0;0.0;-0.51;1.31
18/12/2024 05:00:00;0.0;0.0;0.0;-0.66;1.38
18/12/2024 05:30:00;0.0;0.0;0.0;-0.62;1.345
18/12/2024 06:00:00;0.0;0.0;0.0;-0.58;1.31
18/12/2024 06:30:00;0.0;0.0;0.0;-0.885;1.38
18/12/2024 07:00:00;0.0;0.0;0.0;-1.19;1.45
18/12/2024 07:30:00;82.185;34.055;0.735;-0.905;1.345
18/12/2024 08:00:00;164.37;68.11;1.47;-0.62;1.24
18/12/2024 08:30:00;316.08500000000004;82.10499999999999;2.7249999999999996;0.5399999999999999;1.105
18/12/2024 09:00:00;467.8;96.1;3.98;1.7;0.97
18/12/2024 09:30:00;514.86;109.05;4.745;3.38;0.865
18/12/2024 10:00:00;561.92;122.0;5.51;5.06;0.76
18/12/2024 10:30:00;614.315;117.495;5.96;6.025;0.69
18/12/2024 11:00:00;666.71;112.99;6.41;6.99;0.62
18/12/2024 11:30:00;654.13;112.925;6.28;7.615;0.69
18/12/2024 12:00:00;641.55;112.86;6.15;8.24;0.76
18/12/2024 12:30:00;589.835;110.125;5.545;8.46;0.865
18/12/2024 13:00:00;538.12;107.39;4.94;8.68;0.97
18/12/2024 13:30:00;458.645;96.97;3.9650000000000003;8.52;1.0699999999999998
18/12/2024 14:00:00;379.17;86.55;2.99;8.36;1.17
18/12/2024 14:30:00;210.04000000000002;52.73;1.715;7.615;1.38
18/12/2024 15:00:00;40.91;18.91;0.44;6.87;1.59
18/12/2024 15:30:00;20.455;9.455;0.22;5.405;1.655
18/12/2024 16:00:00;0.0;0.0;0.0;3.94;1.72
18/12/2024 16:30:00;0.0;0.0;0.0;2.86;1.62
18/12/2024 17:00:00;0.0;0.0;0.0;1.78;1.52
18/12/2024 17:30:00;0.0;0.0;0.0;1.435;1.45
18/12/2024 18:00:00;0.0;0.0;0.0;1.09;1.38
18/12/2024 18:30:00;0.0;0.0;0.0;0.72;1.415
18/12/2024 19:00:00;0.0;0.0;0.0;0.35;1.45
18/12/2024 19:30:00;0.0;0.0;0.0;0.85;1.275
18/12/2024 20:00:00;0.0;0.0;0.0;1.35;1.1
18/12/2024 20:30:00;0.0;0.0;0.0;1.42;1.1
18/12/2024 21:00:00;0.0;0.0;0.0;1.49;1.1
18/12/2024 21:30:00;0.0;0.0;0.0;0.695;1.31
18/12/2024 22:00:00;0.0;0.0;0.0;-0.1;1.52
18/12/2024 22:30:00;0.0;0.0;0.0;-0.41500000000000004;1.655
18/12/2024 23:00:00;0.0;0.0;0.0;-0.73;1.79
18/12/2024 23:30:00;0.0;0.0;0.0;-0.275;1.585
19/12/2024 00:00:00;0.0;0.0;0.0;0.18;1.38
19/12/2024 00:30:00;0.0;0.0;0.0;0.19;1.31
19/12/2024 01:00:00;0.0;0.0;0.0;0.2;1.24
19/12/2024 01:30:00;0.0;0.0;0.0;-0.10000000000000003;1.345
19/12/2024 02:00:00;0.0;0.0;0.0;-0.4;1.45
19/12/2024 02:30:00;0.0;0.0;0.0;-0.28;1.415
19/12/2024 03:00:00;0.0;0.0;0.0;-0.16;1.38
19/12/2024 03:30:00;0.0;0.0;0.0;-0.275;1.415
19/12/2024 04:00:00;0.0;0.0;0.0;-0.39;1.45
19/12/2024 04:30:00;0.0;0.0;0.0;-0.69;1.52
19/12/2024 05:00:00;0.0;0.0;0.0;-0.99;1.59
19/12/2024 05:30:00;0.0;0.0;0.0;-1.105;1.59
19/12/2024 06:00:00;0.0;0.0;0.0;-1.22;1.59
19/12/2024 06:30:00;0.0;0.0;0.0;-1.3399999999999999;1.59
19/12/2024 07:00:00;0.0;0.0;0.0;-1.46;1.59
19/12/2024 07:30:00;78.2;33.46;0.715;-1.37;1.59
19/12/2024 08:00:00;156.4;66.92;1.43;-1.28;1.59
19/12/2024 08:30:00;301.985;83.545;2.665;-0.17999999999999994;1.52
19/12/2024 09:00:00;447.57;100.17;3.9;0.92;1.45
19/12/2024 09:30:00;486.395;115.56;4.635;2.71;1.415
19/12/2024 10:00:00;525.22;130.95;5.37;4.5;1.38
19/12/2024 10:30:00;569.39;129.88;5.79;5.355;1.415
19/12/2024 11:00:00;613.56;128.81;6.21;6.21;1.45
19/12/2024 11:30:00;327.575;131.585;4.665;6.575;1.69
19/12/2024 12:00:00;41.59;134.36;3.12;6.94;1.93
19/12/2024 12:30:00;46.16;125.70000000000002;2.915;6.91;2.0
19/12/2024 13:00:00;50.73;117.04;2.71;6.88;2.07
19/12/2024 13:30:00;30.625;87.905;2.02;6.615;2.175
19/12/2024 14:00:00;10.52;58.77;1.33;6.35;2.28
19/12/2024 14:30:00;5.26;30.735000000000003;0.6950000000000001;5.619999999999999;2.245
19/12/2024 15:00:00;0.0;2.7;0.06;4.89;2.21
19/12/2024 15:30:00;0.0;1.35;0.03;3.9499999999999997;2.21
19/12/2024 16:00:00;0.0;0.0;0.0;3.01;2.21
19/12/2024 16:30:00;0.0;0.0;0.0;2.12;2.21
19/12/2024 17:00:00;0.0;0.0;0.0;1.23;2.21
19/12/2024 17:30:00;0.0;0.0;0.0;0.725;2.21
19/12/2024 18:00:00;0.0;0.0;0.0;0.22;2.21
19/12/2024 18:30:00;0.0;0.0;0.0;0.04000000000000001;2.0
19/12/2024 19:00:00;0.0;0.0;0.0;-0.14;1.79
19/12/2024 19:30:00;0.0;0.0;0.0;-0.18;1.93
19/12/2024 20:00:00;0.0;0.0;0.0;-0.22;2.07
19/12/2024 20:30:00;0.0;0.0;0.0;-0.024999999999999994;2.105
19/12/2024 21:00:00;0.0;0.0;0.0;0.17;2.14
19/12/2024 21:30:00;0.0;0.0;0.0;0.43999999999999995;2.21
19/12/2024 22:00:00;0.0;0.0;0.0;0.71;2.28
19/12/2024 22:30:00;0.0;0.0;0.0;1.0699999999999998;2.3449999999999998
19/12/2024 23:00:00;0.0;0.0;0.0;1.43;2.41
19/12/2024 23:30:00;0.0;0.0;0.0;1.48;2.3449999999999998
20/12/2024 00:00:00;0.0;0.0;0.0;1.53;2.28
20/12/2024 00:30:00;0.0;0.0;0.0;1.8199999999999998;2.28
20/12/2024 01:00:00;0.0;0.0;0.0;2.11;2.28
20/12/2024 01:30:00;0.0;0.0;0.0;2.325;2.3099999999999996
20/12/2024 02:00:00;0.0;0.0;0.0;2.54;2.34
20/12/2024 02:30:00;0.0;0.0;0.0;2.815;2.445
20/12/2024 03:00:00;0.0;0.0;0.0;3.09;2.55
20/12/2024 03:30:00;0.0;0.0;0.0;3.285;2.76
20/12/2024 04:00:00;0.0;0.0;0.0;3.48;2.97
20/12/2024 04:30:00;0.0;0.0;0.0;3.45;2.9000000000000004
20/12/2024 05:00:00;0.0;0.0;0.0;3.42;2.83
20/12/2024 05:30:00;0.0;0.0;0.0;3.3449999999999998;2.585
20/12/2024 06:00:00;0.0;0.0;0.0;3.27;2.34
20/12/2024 06:30:00;0.0;0.0;0.0;3.58;2.375
20/12/2024 07:00:00;0.0;0.0;0.0;3.89;2.41
20/12/2024 07:30:00;52.57;29.73;0.625;3.9000000000000004;2.2750000000000004
20/12/2024 08:00:00;105.14;59.46;1.25;3.91;2.14
20/12/2024 08:30:00;280.105;76.36;2.5549999999999997;4.085;2.24
20/12/2024 09:00:00;455.07;93.26;3.86;4.26;2.34
20/12/2024 09:30:00;481.08500000000004;111.995;4.555;4.27;2.375
20/12/2024 10:00:00;507.1;130.73;5.25;4.28;2.41
20/12/2024 10:30:00;484.79;147.035;5.45;4.45;2.755
20/12/2024 11:00:00;462.48;163.34;5.65;4.62;3.1
20/12/2024 11:30:00;356.05;169.655;5.145;4.640000000000001;3.205
20/12/2024 12:00:00;249.62;175.97;4.64;4.66;3.31
20/12/2024 12:30:00;361.495;148.335;4.67;4.705;3.38
20/12/2024 13:00:00;473.37;120.7;4.7;4.75;3.45
20/12/2024 13:30:00;392.565;107.67500000000001;3.745;4.62;3.14
20/12/2024 14:00:00;311.76;94.65;2.79;4.49;2.83
20/12/2024 14:30:00;155.88;52.27;1.5050000000000001;4.3100000000000005;2.76
20/12/2024 15:00:00;0.0;9.89;0.22;4.13;2.69
20/12/2024 15:30:00;0.0;4.945;0.11;3.885;2.7249999999999996
20/12/2024 16:00:00;0.0;0.0;0.0;3.64;2.76
20/12/2024 16:30:00;0.0;0.0;0.0;3.4850000000000003;2.865
20/12/2024 17:00:00;0.0;0.0;0.0;3.33;2.97
20/12/2024 17:30:00;0.0;0.0;0.0;3.3449999999999998;3.0
20/12/2024 18:00:00;0.0;0.0;0.0;3.36;3.03
20/12/2024 18:30:00;0.0;0.0;0.0;3.335;3.0
20/12/2024 19:00:00;0.0;0.0;0.0;3.31;2.97
20/12/2024 19:30:00;0.0;0.0;0.0;3.39;3.14
20/12/2024 20:00:00;0.0;0.0;0.0;3.47;3.31
20/12/2024 20:30:00;0.0;0.0;0.0;3.4450000000000003;3.38
20/12/2024 21:00:00;0.0;0.0;0.0;3.42;3.45
20/12/2024 21:30:00;0.0;0.0;0.0;3.4299999999999997;3.52
20/12/2024 22:00:00;0.0;0.0;0.0;3.44;3.59
20/12/2024 22:30:00;0.0;0.0;0.0;3.505;3.6550000000000002
20/12/2024 23:00:00;0.0;0.0;0.0;3.57;3.72
20/12/2024 23:30:00;0.0;0.0;0.0;3.645;3.79
21/12/2024 00:00:00;0.0;0.0;0.0;3.72;3.86
21/12/2024 00:30:00;0.0;0.0;0.0;3.87;3.895
21/12/2024 01:00:00;0.0;0.0;0.0;4.02;3.93
21/12/2024 01:30:00;0.0;0.0;0.0;4.145;3.965
21/12/2024 02:00:00;0.0;0.0;0.0;4.27;4.0
21/12/2024 02:30:00;0.0;0.0;0.0;4.404999999999999;4.07
21/12/2024 03:00:00;0.0;0.0;0.0;4.54;4.14
21/12/2024 03:30:00;0.0;0.0;0.0;4.615;4.24
21/12/2024 04:00:00;0.0;0.0;0.0;4.69;4.34
21/12/2024 04:30:00;0.0;0.0;0.0;4.78;4.48
21/12/2024 05:00:00;0.0;0.0;0.0;4.87;4.62
21/12/2024 05:30:00;0.0;0.0;0.0;4.9399999999999995;4.725
21/12/2024 06:00:00;0.0;0.0;0.0;5.01;4.83
21/12/2024 06:30:00;0.0;0.0;0.0;5.165;5.07
21/12/2024 07:00:00;0.0;0.0;0.0;5.32;5.31
21/12/2024 07:30:00;0.0;7.64;0.17;5.405;5.38
21/12/2024 08:00:00;0.0;15.28;0.34;5.49;5.45
21/12/2024 08:30:00;0.0;20.675;0.45999999999999996;5.615;5.52
21/12/2024 09:00:00;0.0;26.07;0.58;5.74;5.59
21/12/2024 09:30:00;0.0;32.81;0.73;5.825;5.6899999999999995
21/12/2024 10:00:00;0.0;39.55;0.88;5.91;5.79
21/12/2024 10:30:00;6.425;76.765;1.7349999999999999;6.005;5.93
21/12/2024 11:00:00;12.85;113.98;2.59;6.1;6.07
21/12/2024 11:30:00;6.425;74.07;1.6749999999999998;6.234999999999999;6.24
21/12/2024 12:00:00;0.0;34.16;0.76;6.37;6.41
21/12/2024 12:30:00;0.0;30.564999999999998;0.6799999999999999;6.5;6.48
21/12/2024 13:00:00;0.0;26.97;0.6;6.63;6.55
21/12/2024 13:30:00;0.0;26.52;0.59;6.74;6.55
21/12/2024 14:00:00;0.0;26.07;0.58;6.85;6.55
21/12/2024 14:30:00;0.0;14.835;0.32999999999999996;6.99;6.62
21/12/2024 15:00:00;0.0;3.6;0.08;7.13;6.69
21/12/2024 15:30:00;0.0;1.8;0.04;7.1850000000000005;6.69
21/12/2024 16:00:00;0.0;0.0;0.0;7.24;6.69
21/12/2024 16:30:00;0.0;0.0;0.0;7.36;6.655
21/12/2024 17:00:00;0.0;0.0;0.0;7.48;6.62
21/12/2024 17:30:00;0.0;0.0;0.0;7.545;6.48
21/12/2024 18:00:00;0.0;0.0;0.0;7.61;6.34
21/12/2024 18:30:00;0.0;0.0;0.0;7.824999999999999;6.375
21/12/2024 19:00:00;0.0;0.0;0.0;8.04;6.41
21/12/2024 19:30:00;0.0;0.0;0.0;8.059999999999999;6.41
21/12/2024 20:00:00;0.0;0.0;0.0;8.08;6.41
21/12/2024 20:30:00;0.0;0.0;0.0;7.975;6.275
21/12/2024 21:00:00;0.0;0.0;0.0;7.87;6.14
21/12/2024 21:30:00;0.0;0.0;0.0;7.7;6.24
21/12/2024 22:00:00;0.0;0.0;0.0;7.53;6.34
21/12/2024 22:30:00;0.0;0.0;0.0;7.395;6.275
21/12/2024 23:00:00;0.0;0.0;0.0;7.26;6.21
21/12/2024 23:30:00;0.0;0.0;0.0;7.21;6.175
22/12/2024 00:00:00;0.0;0.0;0.0;7.16;6.14
22/12/2024 00:30:00;0.0;0.0;0.0;7.0600000000000005;6.035
22/12/2024 01:00:00;0.0;0.0;0.0;6.96;5.93
22/12/2024 01:30:00;0.0;0.0;0.0;6.8;5.965
22/12/2024 02:00:00;0.0;0.0;0.0;6.64;6.0
22/12/2024 02:30:00;0.0;0.0;0.0;6.51;5.76
22/12/2024 03:00:00;0.0;0.0;0.0;6.38;5.52
22/12/2024 03:30:00;0.0;0.0;0.0;6.234999999999999;5.414999999999999
22/12/2024 04:00:00;0.0;0.0;0.0;6.09;5.31
22/12/2024 04:30:00;0.0;0.0;0.0;6.0;5.205
22/12/2024 05:00:00;0.0;0.0;0.0;5.91;5.1
22/12/2024 05:30:00;0.0;0.0;0.0;5.84;5.0649999999999995
22/12/2024 06:00:00;0.0;0.0;0.0;5.77;5.03
22/12/2024 06:30:00;0.0;0.0;0.0;5.785;5.205
22/12/2024 07:00:00;0.0;0.0;0.0;5.8;5.38
22/12/2024 07:30:00;2.425;13.435;0.3;5.865;5.484999999999999
22/12/2024 08:00:00;4.85;26.87;0.6;5.93;5.59
22/12/2024 08:30:00;2.425;39.055;0.875;6.029999999999999;5.449999999999999
22/12/2024 09:00:00;0.0;51.24;1.15;6.13;5.31
22/12/2024 09:30:00;1.35;65.84;1.48;6.199999999999999;5.035
22/12/2024 10:00:00;2.7;80.44;1.81;6.27;4.76
22/12/2024 10:30:00;7.78;97.67;2.21;6.355;5.07
22/12/2024 11:00:00;12.86;114.9;2.61;6.44;5.38
22/12/2024 11:30:00;9.03;107.81;2.44;6.5600000000000005;5.415
22/12/2024 12:00:00;5.2;100.72;2.27;6.68;5.45
22/12/2024 12:30:00;2.6;59.8;1.345;6.72;5.585
22/12/2024 13:00:00;0.0;18.88;0.42;6.76;5.72
22/12/2024 13:30:00;0.0;15.285;0.33999999999999997;6.875;5.6899999999999995
22/12/2024 14:00:00;0.0;11.69;0.26;6.99;5.66
22/12/2024 14:30:00;0.0;7.195;0.16;7.1;5.66
22/12/2024 15:00:00;0.0;2.7;0.06;7.21;5.66
22/12/2024 15:30:00;0.0;1.35;0.03;7.32;5.66
22/12/2024 16:00:00;0.0;0.0;0.0;7.43;5.66
22/12/2024 16:30:00;0.0;0.0;0.0;7.475;5.6899999999999995
22/12/2024 17:00:00;0.0;0.0;0.0;7.52;5.72
22/12/2024 17:30:00;0.0;0.0;0.0;7.449999999999999;5.824999999999999
22/12/2024 18:00:00;0.0;0.0;0.0;7.38;5.93
22/12/2024 18:30:00;0.0;0.0;0.0;7.279999999999999;5.93
22/12/2024 19:00:00;0.0;0.0;0.0;7.18;5.93
22/12/2024 19:30:00;0.0;0.0;0.0;7.09;5.93
22/12/2024 20:00:00;0.0;0.0;0.0;7.0;5.93
22/12/2024 20:30:00;0.0;0.0;0.0;6.85;5.795
22/12/2024 21:00:00;0.0;0.0;0.0;6.7;5.66
22/12/2024 21:30:00;0.0;0.0;0.0;6.5649999999999995;5.66
22/12/2024 22:00:00;0.0;0.0;0.0;6.43;5.66
22/12/2024 22:30:00;0.0;0.0;0.0;6.34;5.555
22/12/2024 23:00:00;0.0;0.0;0.0;6.25;5.45
22/12/2024 23:30:00;0.0;0.0;0.0;6.1850000000000005;5.38
23/12/2024 00:00:00;0.0;0.0;0.0;6.12;5.31
23/12/2024 00:30:00;0.0;0.0;0.0;6.08;5.17
23/12/2024 01:00:00;0.0;0.0;0.0;6.04;5.03
23/12/2024 01:30:00;0.0;0.0;0.0;6.015000000000001;4.895
23/12/2024 02:00:00;0.0;0.0;0.0;5.99;4.76
23/12/2024 02:30:00;0.0;0.0;0.0;5.98;4.6899999999999995
23/12/2024 03:00:00;0.0;0.0;0.0;5.97;4.62
23/12/2024 03:30:00;0.0;0.0;0.0;5.949999999999999;4.62
23/12/2024 04:00:00;0.0;0.0;0.0;5.93;4.62
23/12/2024 04:30:00;0.0;0.0;0.0;5.93;4.655
23/12/2024 05:00:00;0.0;0.0;0.0;5.93;4.69
23/12/2024 05:30:00;0.0;0.0;0.0;5.9350000000000005;4.725
23/12/2024 06:00:00;0.0;0.0;0.0;5.94;4.76
23/12/2024 06:30:00;0.0;0.0;0.0;5.79;5.0
23/12/2024 07:00:00;0.0;0.0;0.0;5.64;5.24
23/12/2024 07:30:00;0.0;6.29;0.14;5.66;5.345000000000001
23/12/2024 08:00:00;0.0;12.58;0.28;5.68;5.45
23/12/2024 08:30:00;54.86;61.089999999999996;1.425;5.744999999999999;5.484999999999999
23/12/2024 09:00:00;109.72;109.6;2.57;5.81;5.52
23/12/2024 09:30:00;223.82999999999998;134.435;3.6049999999999995;5.965;5.6899999999999995
23/12/2024 10:00:00;337.94;159.27;4.64;6.12;5.86
23/12/2024 10:30:00;373.365;165.685;5.045;6.2;5.895
23/12/2024 11:00:00;408.79;172.1;5.45;6.28;5.93
23/12/2024 11:30:00;265.45500000000004;166.68;4.675;6.4;5.859999999999999
23/12/2024 12:00:00;122.12;161.26;3.9;6.52;5.79
23/12/2024 12:30:00;136.935;151.99;3.69;6.52;5.585
23/12/2024 13:00:00;151.75;142.72;3.48;6.52;5.38
23/12/2024 13:30:00;94.995;108.075;2.575;6.494999999999999;5.3100000000000005
23/12/2024 14:00:00;38.24;73.43;1.67;6.47;5.24
23/12/2024 14:30:00;19.12;38.96;0.885;6.4399999999999995;5.205
23/12/2024 15:00:00;0.0;4.49;0.1;6.41;5.17
23/12/2024 15:30:00;0.0;2.245;0.05;6.33;5.17
23/12/2024 16:00:00;0.0;0.0;0.0;6.25;5.17
23/12/2024 16:30:00;0.0;0.0;0.0;6.255;5.135
23/12/2024 17:00:00;0.0;0.0;0.0;6.26;5.1
23/12/2024 17:30:00;0.0;0.0;0.0;6.275;4.965
23/12/2024 18:00:00;0.0;0.0;0.0;6.29;4.83
23/12/2024 18:30:00;0.0;0.0;0.0;6.0;4.76
23/12/2024 19:00:00;0.0;0.0;0.0;5.71;4.69
23/12/2024 19:30:00;0.0;0.0;0.0;5.695;4.655
23/12/2024 20:00:00;0.0;0.0;0.0;5.68;4.62
23/12/2024 20:30:00;0.0;0.0;0.0;5.699999999999999;4.585
23/12/2024 21:00:00;0.0;0.0;0.0;5.72;4.55
23/12/2024 21:30:00;0.0;0.0;0.0;5.765;4.55
23/12/2024 22:00:00;0.0;0.0;0.0;5.81;4.55
23/12/2024 22:30:00;0.0;0.0;0.0;5.859999999999999;4.62
23/12/2024 23:00:00;0.0;0.0;0.0;5.91;4.69
23/12/2024 23:30:00;0.0;0.0;0.0;5.995;4.655
24/12/2024 00:00:00;0.0;0.0;0.0;6.08;4.62
24/12/2024 00:30:00;0.0;0.0;0.0;6.135;4.515000000000001
24/12/2024 01:00:00;0.0;0.0;0.0;6.19;4.41
24/12/2024 01:30:00;0.0;0.0;0.0;6.165;4.375
24/12/2024 02:00:00;0.0;0.0;0.0;6.14;4.34
24/12/2024 02:30:00;0.0;0.0;0.0;6.0649999999999995;4.34
24/12/2024 03:00:00;0.0;0.0;0.0;5.99;4.34
24/12/2024 03:30:00;0.0;0.0;0.0;5.99;4.34
24/12/2024 04:00:00;0.0;0.0;0.0;5.99;4.34
24/12/2024 04:30:00;0.0;0.0;0.0;6.055;4.3100000000000005
24/12/2024 05:00:00;0.0;0.0;0.0;6.12;4.28
24/12/2024 05:30:00;0.0;0.0;0.0;6.21;4.28
24/12/2024 06:00:00;0.0;0.0;0.0;6.3;4.28
24/12/2024 06:30:00;0.0;0.0;0.0;6.495;4.555
24/12/2024 07:00:00;0.0;0.0;0.0;6.69;4.83
24/12/2024 07:30:00;0.0;5.395;0.12;6.77;4.83
24/12/2024 08:00:00;0.0;10.79;0.24;6.85;4.83
24/12/2024 08:30:00;0.0;12.585;0.28;7.105;4.9
24/12/2024 09:00:00;0.0;14.38;0.32;7.36;4.97
24/12/2024 09:30:00;0.0;24.269999999999996;0.54;7.710000000000001;5.0
24/12/2024 10:00:00;0.0;34.16;0.76;8.06;5.03
24/12/2024 10:30:00;0.0;40.0;0.89;8.285;5.0
24/12/2024 11:00:00;0.0;45.84;1.02;8.51;4.97
24/12/2024 11:30:00;0.0;46.74;1.045;8.675;4.865
24/12/2024 12:00:00;0.0;47.64;1.07;8.84;4.76
24/12/2024 12:30:00;0.0;33.26;0.745;8.835;4.585
24/12/2024 13:00:00;0.0;18.88;0.42;8.83;4.41
24/12/2024 13:30:00;0.0;15.285;0.33999999999999997;8.690000000000001;4.41
24/12/2024 14:00:00;0.0;11.69;0.26;8.55;4.41
24/12/2024 14:30:00;0.0;7.195;0.16;8.55;4.375
24/12/2024 15:00:00;0.0;2.7;0.06;8.55;4.34
24/12/2024 15:30:00;0.0;1.35;0.03;8.58;4.3100000000000005
24/12/2024 16:00:00;0.0;0.0;0.0;8.61;4.28
24/12/2024 16:30:00;0.0;0.0;0.0;8.645;4.175000000000001
24/12/2024 17:00:00;0.0;0.0;0.0;8.68;4.07
24/12/2024 17:30:00;0.0;0.0;0.0;8.780000000000001;4.035
24/12/2024 18:00:00;0.0;0.0;0.0;8.88;4.0
24/12/2024 18:30:00;0.0;0.0;0.0;8.945;4.105
24/12/2024 19:00:00;0.0;0.0;0.0;9.01;4.21
24/12/2024 19:30:00;0.0;0.0;0.0;9.19;4.175
24/12/2024 20:00:00;0.0;0.0;0.0;9.37;4.14
24/12/2024 20:30:00;0.0;0.0;0.0;9.515;4.14
24/12/2024 21:00:00;0.0;0.0;0.0;9.66;4.14
24/12/2024 21:30:00;0.0;0.0;0.0;9.695;4.14
24/12/2024 22:00:00;0.0;0.0;0.0;9.73;4.14
24/12/2024 22:30:00;0.0;0.0;0.0;9.525;4.105
24/12/2024 23:00:00;0.0;0.0;0.0;9.32;4.07
24/12/2024 23:30:00;0.0;0.0;0.0;8.995000000000001;4.105
25/12/2024 00:00:00;0.0;0.0;0.0;8.67;4.14
25/12/2024 00:30:00;0.0;0.0;0.0;8.395;4.14
25/12/2024 01:00:00;0.0;0.0;0.0;8.12;4.14
25/12/2024 01:30:00;0.0;0.0;0.0;7.8999999999999995;4.14
25/12/2024 02:00:00;0.0;0.0;0.0;7.68;4.14
25/12/2024 02:30:00;0.0;0.0;0.0;7.42;4.14
25/12/2024 03:00:00;0.0;0.0;0.0;7.16;4.14
25/12/2024 03:30:00;0.0;0.0;0.0;6.995;4.105
25/12/2024 04:00:00;0.0;0.0;0.0;6.83;4.07
25/12/2024 04:30:00;0.0;0.0;0.0;6.67;4.0
25/12/2024 05:00:00;0.0;0.0;0.0;6.51;3.93
25/12/2024 05:30:00;0.0;0.0;0.0;6.41;3.795
25/12/2024 06:00:00;0.0;0.0;0.0;6.31;3.66
25/12/2024 06:30:00;0.0;0.0;0.0;6.635;3.795
25/12/2024 07:00:00;0.0;0.0;0.0;6.96;3.93
25/12/2024 07:30:00;0.0;3.145;0.07;6.9;3.93
25/12/2024 08:00:00;0.0;6.29;0.14;6.84;3.93
25/12/2024 08:30:00;1.57;33.53;0.755;7.035;3.965
25/12/2024 09:00:00;3.14;60.77;1.37;7.23;4.0
25/12/2024 09:30:00;12.38;85.25;1.94;7.59;3.69
25/12/2024 10:00:00;21.62;109.73;2.51;7.95;3.38
25/12/2024 10:30:00;125.09;144.155;3.5749999999999997;8.305;3.795
25/12/2024 11:00:00;228.56;178.58;4.64;8.66;4.21
25/12/2024 11:30:00;211.51999999999998;175.375;4.5;8.79;4.140000000000001
25/12/2024 12:00:00;194.48;172.17;4.36;8.92;4.07
25/12/2024 12:30:00;203.635;160.45499999999998;4.08;8.969999999999999;3.93
25/12/2024 13:00:00;212.79;148.74;3.8;9.02;3.79
25/12/2024 13:30:00;296.075;116.76;3.415;8.955;3.62
25/12/2024 14:00:00;379.36;84.78;3.03;8.89;3.45
25/12/2024 14:30:00;252.51;54.78;1.845;8.65;3.38
25/12/2024 15:00:00;125.66;24.78;0.66;8.41;3.31
25/12/2024 15:30:00;62.83;12.39;0.33;8.035;3.0700000000000003
25/12/2024 16:00:00;0.0;0.0;0.0;7.66;2.83
25/12/2024 16:30:00;0.0;0.0;0.0;7.32;2.69
25/12/2024 17:00:00;0.0;0.0;0.0;6.98;2.55
25/12/2024 17:30:00;0.0;0.0;0.0;6.73;2.48
25/12/2024 18:00:00;0.0;0.0;0.0;6.48;2.41
25/12/2024 18:30:00;0.0;0.0;0.0;6.390000000000001;2.41
25/12/2024 19:00:00;0.0;0.0;0.0;6.3;2.41
25/12/2024 19:30:00;0.0;0.0;0.0;5.955;2.41
25/12/2024 20:00:00;0.0;0.0;0.0;5.61;2.41
25/12/2024 20:30:00;0.0;0.0;0.0;5.35;2.375
25/12/2024 21:00:00;0.0;0.0;0.0;5.09;2.34
25/12/2024 21:30:00;0.0;0.0;0.0;5.02;2.41
25/12/2024 22:00:00;0.0;0.0;0.0;4.95;2.48
25/12/2024 22:30:00;0.0;0.0;0.0;4.885;2.5149999999999997
25/12/2024 23:00:00;0.0;0.0;0.0;4.82;2.55
25/12/2024 23:30:00;0.0;0.0;0.0;4.9350000000000005;2.69
26/12/2024 00:00:00;0.0;0.0;0.0;5.05;2.83
26/12/2024 00:30:00;0.0;0.0;0.0;5.17;2.9299999999999997
26/12/2024 01:00:00;0.0;0.0;0.0;5.29;3.03
26/12/2024 01:30:00;0.0;0.0;0.0;5.375;3.0999999999999996
26/12/2024 02:00:00;0.0;0.0;0.0;5.46;3.17
26/12/2024 02:30:00;0.0;0.0;0.0;5.62;3.275
26/12/2024 03:00:00;0.0;0.0;0.0;5.78;3.38
26/12/2024 03:30:00;0.0;0.0;0.0;5.74;3.38
26/12/2024 04:00:00;0.0;0.0;0.0;5.7;3.38
26/12/2024 04:30:00;0.0;0.0;0.0;5.695;3.3449999999999998
26/12/2024 05:00:00;0.0;0.0;0.0;5.69;3.31
26/12/2024 05:30:00;0.0;0.0;0.0;5.645;3.2750000000000004
26/12/2024 06:00:00;0.0;0.0;0.0;5.6;3.24
26/12/2024 06:30:00;0.0;0.0;0.0;5.81;3.135
26/12/2024 07:00:00;0.0;0.0;0.0;6.02;3.03
26/12/2024 07:30:00;0.0;3.145;0.07;5.984999999999999;3.0
26/12/2024 08:00:00;0.0;6.29;0.14;5.95;2.97
26/12/2024 08:30:00;10.99;43.745;0.995;6.28;2.935
26/12/2024 09:00:00;21.98;81.2;1.85;6.61;2.9
26/12/2024 09:30:00;15.04;89.475;2.0300000000000002;6.83;2.795
26/12/2024 10:00:00;8.1;97.75;2.21;7.05;2.69
26/12/2024 10:30:00;69.47;132.26;3.135;7.305;2.795
26/12/2024 11:00:00;130.84;166.77;4.06;7.56;2.9
26/12/2024 11:30:00;166.4;170.865;4.25;7.785;3.105
26/12/2024 12:00:00;201.96;174.96;4.44;8.01;3.31
26/12/2024 12:30:00;100.98;115.795;2.8550000000000004;8.035;3.105
26/12/2024 13:00:00;0.0;56.63;1.27;8.06;2.9
26/12/2024 13:30:00;54.92;75.365;1.72;8.08;2.7249999999999996
26/12/2024 14:00:00;109.84;94.1;2.17;8.1;2.55
26/12/2024 14:30:00;58.54;55.474999999999994;1.275;7.81;2.2399999999999998
26/12/2024 15:00:00;7.24;16.85;0.38;7.52;1.93
26/12/2024 15:30:00;3.62;8.425;0.19;7.109999999999999;1.825
26/12/2024 16:00:00;0.0;0.0;0.0;6.7;1.72
26/12/2024 16:30:00;0.0;0.0;0.0;6.109999999999999;1.62
26/12/2024 17:00:00;0.0;0.0;0.0;5.52;1.52
26/12/2024 17:30:00;0.0;0.0;0.0;5.26;1.45
26/12/2024 18:00:00;0.0;0.0;0.0;5.0;1.38
26/12/2024 18:30:00;0.0;0.0;0.0;4.715;1.415
26/12/2024 19:00:00;0.0;0.0;0.0;4.43;1.45
26/12/2024 19:30:00;0.0;0.0;0.0;4.0;1.52
26/12/2024 20:00:00;0.0;0.0;0.0;3.57;1.59
26/12/2024 20:30:00;0.0;0.0;0.0;3.38;1.4849999999999999
26/12/2024 21:00:00;0.0;0.0;0.0;3.19;1.38
26/12/2024 21:30:00;0.0;0.0;0.0;3.08;1.275
26/12/2024 22:00:00;0.0;0.0;0.0;2.97;1.17
26/12/2024 22:30:00;0.0;0.0;0.0;2.6550000000000002;1.17
26/12/2024 23:00:00;0.0;0.0;0.0;2.34;1.17
26/12/2024 23:30:00;0.0;0.0;0.0;2.565;1.0699999999999998
27/12/2024 00:00:00;0.0;0.0;0.0;2.79;0.97
27/12/2024 00:30:00;0.0;0.0;0.0;2.59;0.97
27/12/2024 01:00:00;0.0;0.0;0.0;2.39;0.97
27/12/2024 01:30:00;0.0;0.0;0.0;1.8650000000000002;1.0350000000000001
27/12/2024 02:00:00;0.0;0.0;0.0;1.34;1.1
27/12/2024 02:30:00;0.0;0.0;0.0;1.03;1.135
27/12/2024 03:00:00;0.0;0.0;0.0;0.72;1.17
27/12/2024 03:30:00;0.0;0.0;0.0;0.705;1.1
27/12/2024 04:00:00;0.0;0.0;0.0;0.69;1.03
27/12/2024 04:30:00;0.0;0.0;0.0;0.355;1.1
27/12/2024 05:00:00;0.0;0.0;0.0;0.02;1.17
27/12/2024 05:30:00;0.0;0.0;0.0;-0.165;1.205
27/12/2024 06:00:00;0.0;0.0;0.0;-0.35;1.24
27/12/2024 06:30:00;0.0;0.0;0.0;-0.45;1.38
27/12/2024 07:00:00;0.0;0.0;0.0;-0.55;1.52
27/12/2024 07:30:00;24.695;23.225;0.49;-0.575;1.5550000000000002
27/12/2024 08:00:00;49.39;46.45;0.98;-0.6;1.59
27/12/2024 08:30:00;230.245;74.63;2.34;0.4900000000000001;1.4849999999999999
27/12/2024 09:00:00;411.1;102.81;3.7;1.58;1.38
27/12/2024 09:30:00;451.135;119.455;4.455;3.105;1.205
27/12/2024 10:00:00;491.17;136.1;5.21;4.63;1.03
27/12/2024 10:30:00;600.44;116.435;5.88;5.97;1.03
27/12/2024 11:00:00;709.71;96.77;6.55;7.31;1.03
27/12/2024 11:30:00;438.85;134.835;5.415;8.17;1.03
27/12/2024 12:00:00;167.99;172.9;4.28;9.03;1.03
27/12/2024 12:30:00;178.70499999999998;161.20499999999998;4.01;9.405;1.03
27/12/2024 13:00:00;189.42;149.51;3.74;9.78;1.03
27/12/2024 13:30:00;149.34;122.85499999999999;2.975;9.67;1.065
27/12/2024 14:00:00;109.26;96.2;2.21;9.56;1.1
27/12/2024 14:30:00;61.72;56.85;1.305;8.850000000000001;1.17
27/12/2024 15:00:00;14.18;17.5;0.4;8.14;1.24
27/12/2024 15:30:00;7.09;8.75;0.2;6.59;1.345
27/12/2024 16:00:00;0.0;0.0;0.0;5.04;1.45
27/12/2024 16:30:00;0.0;0.0;0.0;4.025;1.45
27/12/2024 17:00:00;0.0;0.0;0.0;3.01;1.45
27/12/2024 17:30:00;0.0;0.0;0.0;2.59;1.45
27/12/2024 18:00:00;0.0;0.0;0.0;2.17;1.45
27/12/2024 18:30:00;0.0;0.0;0.0;1.8399999999999999;1.52
27/12/2024 19:00:00;0.0;0.0;0.0;1.51;1.59
27/12/2024 19:30:00;0.0;0.0;0.0;1.405;1.625
27/12/2024 20:00:00;0.0;0.0;0.0;1.3;1.66
27/12/2024 20:30:00;0.0;0.0;0.0;1.295;1.725
27/12/2024 21:00:00;0.0;0.0;0.0;1.29;1.79
27/12/2024 21:30:00;0.0;0.0;0.0;1.415;1.8250000000000002
27/12/2024 22:00:00;0.0;0.0;0.0;1.54;1.86
27/12/2024 22:30:00;0.0;0.0;0.0;1.645;1.86
27/12/2024 23:00:00;0.0;0.0;0.0;1.75;1.86
27/12/2024 23:30:00;0.0;0.0;0.0;1.8399999999999999;1.895
28/12/2024 00:00:00;0.0;0.0;0.0;1.93;1.93
28/12/2024 00:30:00;0.0;0.0;0.0;1.975;2.0
28/12/2024 01:00:00;0.0;0.0;0.0;2.02;2.07
28/12/2024 01:30:00;0.0;0.0;0.0;2.205;2.07
28/12/2024 02:00:00;0.0;0.0;0.0;2.39;2.07
28/12/2024 02:30:00;0.0;0.0;0.0;2.42;2.07
28/12/2024 03:00:00;0.0;0.0;0.0;2.45;2.07
28/12/2024 03:30:00;0.0;0.0;0.0;2.27;2.105
28/12/2024 04:00:00;0.0;0.0;0.0;2.09;2.14
28/12/2024 04:30:00;0.0;0.0;0.0;2.105;2.0700000000000003
28/12/2024 05:00:00;0.0;0.0;0.0;2.12;2.0
28/12/2024 05:30:00;0.0;0.0;0.0;2.1100000000000003;1.9300000000000002
28/12/2024 06:00:00;0.0;0.0;0.0;2.1;1.86
28/12/2024 06:30:00;0.0;0.0;0.0;2.885;1.8250000000000002
28/12/2024 07:00:00;0.0;0.0;0.0;3.67;1.79
28/12/2024 07:30:00;19.77;21.535;0.46;3.92;1.755
28/12/2024 08:00:00;39.54;43.07;0.92;4.17;1.72
28/12/2024 08:30:00;22.905;54.474999999999994;1.205;4.575;1.655
28/12/2024 09:00:00;6.27;65.88;1.49;4.98;1.59
28/12/2024 09:30:00;5.83;79.735;1.7999999999999998;5.45;1.625
28/12/2024 10:00:00;5.39;93.59;2.11;5.92;1.66
28/12/2024 10:30:00;30.835;118.35000000000001;2.735;6.46;1.725
28/12/2024 11:00:00;56.28;143.11;3.36;7.0;1.79
28/12/2024 11:30:00;48.775000000000006;138.62;3.24;7.645;1.8599999999999999
28/12/2024 12:00:00;41.27;134.13;3.12;8.29;1.93
28/12/2024 12:30:00;24.8;111.9;2.575;8.76;2.07
28/12/2024 13:00:00;8.33;89.67;2.03;9.23;2.21
28/12/2024 13:30:00;14.350000000000001;78.46000000000001;1.7799999999999998;9.42;2.38
28/12/2024 14:00:00;20.37;67.25;1.53;9.61;2.55
28/12/2024 14:30:00;20.585;43.685;0.995;9.2;2.445
28/12/2024 15:00:00;20.8;20.12;0.46;8.79;2.34
28/12/2024 15:30:00;10.4;10.06;0.23;8.219999999999999;2.24
28/12/2024 16:00:00;0.0;0.0;0.0;7.65;2.14
28/12/2024 16:30:00;0.0;0.0;0.0;7.53;2.14
28/12/2024 17:00:00;0.0;0.0;0.0;7.41;2.14
28/12/2024 17:30:00;0.0;0.0;0.0;7.265000000000001;2.0700000000000003
28/12/2024 18:00:00;0.0;0.0;0.0;7.12;2.0
28/12/2024 18:30:00;0.0;0.0;0.0;6.9;1.8599999999999999
28/12/2024 19:00:00;0.0;0.0;0.0;6.68;1.72
28/12/2024 19:30:00;0.0;0.0;0.0;6.609999999999999;1.79
28/12/2024 20:00:00;0.0;0.0;0.0;6.54;1.86
28/12/2024 20:30:00;0.0;0.0;0.0;6.475;1.895
28/12/2024 21:00:00;0.0;0.0;0.0;6.41;1.93
28/12/2024 21:30:00;0.0;0.0;0.0;6.43;2.0
28/12/2024 22:00:00;0.0;0.0;0.0;6.45;2.07
28/12/2024 22:30:00;0.0;0.0;0.0;6.285;2.175
28/12/2024 23:00:00;0.0;0.0;0.0;6.12;2.28
28/12/2024 23:30:00;0.0;0.0;0.0;5.965;2.38
29/12/2024 00:00:00;0.0;0.0;0.0;5.81;2.48
29/12/2024 00:30:00;0.0;0.0;0.0;5.984999999999999;2.585
29/12/2024 01:00:00;0.0;0.0;0.0;6.16;2.69
29/12/2024 01:30:00;0.0;0.0;0.0;6.37;2.69
29/12/2024 02:00:00;0.0;0.0;0.0;6.58;2.69
29/12/2024 02:30:00;0.0;0.0;0.0;6.655;2.7249999999999996
29/12/2024 03:00:00;0.0;0.0;0.0;6.73;2.76
29/12/2024 03:30:00;0.0;0.0;0.0;6.83;2.76
29/12/2024 04:00:00;0.0;0.0;0.0;6.93;2.76
29/12/2024 04:30:00;0.0;0.0;0.0;6.955;2.76
29/12/2024 05:00:00;0.0;0.0;0.0;6.98;2.76
29/12/2024 05:30:00;0.0;0.0;0.0;7.25;2.76
29/12/2024 06:00:00;0.0;0.0;0.0;7.52;2.76
29/12/2024 06:30:00;0.0;0.0;0.0;7.539999999999999;2.69
29/12/2024 07:00:00;0.0;0.0;0.0;7.56;2.62
29/12/2024 07:30:00;9.88;18.295;0.4;7.609999999999999;2.62
29/12/2024 08:00:00;19.76;36.59;0.8;7.66;2.62
29/12/2024 08:30:00;25.535;60.89;1.375;8.02;2.6550000000000002
29/12/2024 09:00:00;31.31;85.19;1.95;8.38;2.69
29/12/2024 09:30:00;134.045;123.215;3.085;8.915;2.83
29/12/2024 10:00:00;236.78;161.24;4.22;9.45;2.97
29/12/2024 10:30:00;129.88;143.25;3.545;9.875;2.865
29/12/2024 11:00:00;22.98;125.26;2.87;10.3;2.76
29/12/2024 11:30:00;19.21;120.81;2.76;10.605;2.69
29/12/2024 12:00:00;15.44;116.36;2.65;10.91;2.62
29/12/2024 12:30:00;103.2;132.845;3.205;10.96;3.035
29/12/2024 13:00:00;190.96;149.33;3.76;11.01;3.45
29/12/2024 13:30:00;95.48;93.99000000000001;2.3099999999999996;10.870000000000001;3.6900000000000004
29/12/2024 14:00:00;0.0;38.65;0.86;10.73;3.93
29/12/2024 14:30:00;0.0;22.02;0.49;10.385;3.795
29/12/2024 15:00:00;0.0;5.39;0.12;10.04;3.66
29/12/2024 15:30:00;0.0;2.695;0.06;9.67;3.52
29/12/2024 16:00:00;0.0;0.0;0.0;9.3;3.38
29/12/2024 16:30:00;0.0;0.0;0.0;8.935;3.275
29/12/2024 17:00:00;0.0;0.0;0.0;8.57;3.17
29/12/2024 17:30:00;0.0;0.0;0.0;8.379999999999999;3.24
29/12/2024 18:00:00;0.0;0.0;0.0;8.19;3.31
29/12/2024 18:30:00;0.0;0.0;0.0;8.1;3.24
29/12/2024 19:00:00;0.0;0.0;0.0;8.01;3.17
29/12/2024 19:30:00;0.0;0.0;0.0;7.925;3.205
29/12/2024 20:00:00;0.0;0.0;0.0;7.84;3.24
29/12/2024 20:30:00;0.0;0.0;0.0;7.765000000000001;3.205
29/12/2024 21:00:00;0.0;0.0;0.0;7.69;3.17
29/12/2024 21:30:00;0.0;0.0;0.0;7.585000000000001;3.0999999999999996
29/12/2024 22:00:00;0.0;0.0;0.0;7.48;3.03
29/12/2024 22:30:00;0.0;0.0;0.0;7.275;2.965
29/12/2024 23:00:00;0.0;0.0;0.0;7.07;2.9
29/12/2024 23:30:00;0.0;0.0;0.0;7.11;2.9
30/12/2024 00:00:00;0.0;0.0;0.0;7.15;2.9
30/12/2024 00:30:00;0.0;0.0;0.0;7.145;2.9
30/12/2024 01:00:00;0.0;0.0;0.0;7.14;2.9
30/12/2024 01:30:00;0.0;0.0;0.0;7.08;2.9
30/12/2024 02:00:00;0.0;0.0;0.0;7.02;2.9
30/12/2024 02:30:00;0.0;0.0;0.0;6.965;2.83
30/12/2024 03:00:00;0.0;0.0;0.0;6.91;2.76
30/12/2024 03:30:00;0.0;0.0;0.0;6.805;2.7249999999999996
30/12/2024 04:00:00;0.0;0.0;0.0;6.7;2.69
30/12/2024 04:30:00;0.0;0.0;0.0;6.609999999999999;2.55
30/12/2024 05:00:00;0.0;0.0;0.0;6.52;2.41
30/12/2024 05:30:00;0.0;0.0;0.0;6.51;2.31
30/12/2024 06:00:00;0.0;0.0;0.0;6.5;2.21
30/12/2024 06:30:00;0.0;0.0;0.0;6.55;2.175
30/12/2024 07:00:00;0.0;0.0;0.0;6.6;2.14
30/12/2024 07:30:00;61.68;29.365;0.615;6.279999999999999;1.965
30/12/2024 08:00:00;123.36;58.73;1.23;5.96;1.79
30/12/2024 08:30:00;263.23;80.16;2.4450000000000003;6.385;1.585
30/12/2024 09:00:00;403.1;101.59;3.66;6.81;1.38
30/12/2024 09:30:00;476.795;109.44;4.525;7.789999999999999;1.415
30/12/2024 10:00:00;550.49;117.29;5.39;8.77;1.45
30/12/2024 10:30:00;477.765;146.12;5.449999999999999;9.14;1.7599999999999998
30/12/2024 11:00:00;405.04;174.95;5.51;9.51;2.07
30/12/2024 11:30:00;414.21000000000004;171.81;5.5;9.795;2.275
30/12/2024 12:00:00;423.38;168.67;5.49;10.08;2.48
30/12/2024 12:30:00;466.735;142.77499999999998;5.235;10.21;2.135
30/12/2024 13:00:00;510.09;116.88;4.98;10.34;1.79
30/12/2024 13:30:00;431.0;105.78999999999999;4.04;10.309999999999999;1.275
30/12/2024 14:00:00;351.91;94.7;3.1;10.28;0.76
30/12/2024 14:30:00;185.88000000000002;58.355000000000004;1.8;10.19;0.485
30/12/2024 15:00:00;19.85;22.01;0.5;10.1;0.21
30/12/2024 15:30:00;9.925;11.005;0.25;9.370000000000001;0.555
30/12/2024 16:00:00;0.0;0.0;0.0;8.64;0.9
30/12/2024 16:30:00;0.0;0.0;0.0;7.785;1.035
30/12/2024 17:00:00;0.0;0.0;0.0;6.93;1.17
30/12/2024 17:30:00;0.0;0.0;0.0;6.05;1.205
30/12/2024 18:00:00;0.0;0.0;0.0;5.17;1.24
30/12/2024 18:30:00;0.0;0.0;0.0;4.275;1.45
30/12/2024 19:00:00;0.0;0.0;0.0;3.38;1.66
30/12/2024 19:30:00;0.0;0.0;0.0;3.0;1.66
30/12/2024 20:00:00;0.0;0.0;0.0;2.62;1.66
30/12/2024 20:30:00;0.0;0.0;0.0;2.33;1.66
30/12/2024 21:00:00;0.0;0.0;0.0;2.04;1.66
30/12/2024 21:30:00;0.0;0.0;0.0;1.88;1.66
30/12/2024 22:00:00;0.0;0.0;0.0;1.72;1.66
30/12/2024 22:30:00;0.0;0.0;0.0;1.555;1.625
30/12/2024 23:00:00;0.0;0.0;0.0;1.39;1.59
30/12/2024 23:30:00;0.0;0.0;0.0;1.22;1.59
31/12/2024 00:00:00;0.0;0.0;0.0;1.05;1.59
31/12/2024 00:30:00;0.0;0.0;0.0;0.9850000000000001;1.59
31/12/2024 01:00:00;0.0;0.0;0.0;0.92;1.59
31/12/2024 01:30:00;0.0;0.0;0.0;0.94;1.5550000000000002
31/12/2024 02:00:00;0.0;0.0;0.0;0.96;1.52
31/12/2024 02:30:00;0.0;0.0;0.0;0.735;1.52
31/12/2024 03:00:00;0.0;0.0;0.0;0.51;1.52
31/12/2024 03:30:00;0.0;0.0;0.0;0.47;1.52
31/12/2024 04:00:00;0.0;0.0;0.0;0.43;1.52
31/12/2024 04:30:00;0.0;0.0;0.0;0.655;1.415
31/12/2024 05:00:00;0.0;0.0;0.0;0.88;1.31
31/12/2024 05:30:00;0.0;0.0;0.0;0.9450000000000001;1.31
31/12/2024 06:00:00;0.0;0.0;0.0;1.01;1.31
31/12/2024 06:30:00;0.0;0.0;0.0;1.345;1.655
31/12/2024 07:00:00;0.0;0.0;0.0;1.68;2.0
31/12/2024 07:30:00;19.69;21.52;0.46;2.08;2.105
31/12/2024 08:00:00;39.38;43.04;0.92;2.48;2.21
31/12/2024 08:30:00;49.305;70.35;1.585;3.4800000000000004;2.245
31/12/2024 09:00:00;59.23;97.66;2.25;4.48;2.28
31/12/2024 09:30:00;29.615;82.53999999999999;1.88;5.785;2.245
31/12/2024 10:00:00;0.0;67.42;1.51;7.09;2.21
31/12/2024 10:30:00;0.0;79.105;1.77;8.075;2.5549999999999997
31/12/2024 11:00:00;0.0;90.79;2.03;9.06;2.9
31/12/2024 11:30:00;3.835;98.23500000000001;2.21;8.715;3.62
31/12/2024 12:00:00;7.67;105.68;2.39;8.37;4.34
31/12/2024 12:30:00;3.835;71.715;1.615;7.97;4.24
31/12/2024 13:00:00;0.0;37.75;0.84;7.57;4.14
31/12/2024 13:30:00;0.0;34.605000000000004;0.77;7.245;3.795
31/12/2024 14:00:00;0.0;31.46;0.7;6.92;3.45
31/12/2024 14:30:00;0.0;18.875;0.42;6.71;3.24
31/12/2024 15:00:00;0.0;6.29;0.14;6.5;3.03
31/12/2024 15:30:00;0.0;3.145;0.07;6.3100000000000005;2.8949999999999996
31/12/2024 16:00:00;0.0;0.0;0.0;6.12;2.76
31/12/2024 16:30:00;0.0;0.0;0.0;5.9350000000000005;2.7249999999999996
31/12/2024 17:00:00;0.0;0.0;0.0;5.75;2.69
31/12/2024 17:30:00;0.0;0.0;0.0;5.585;2.86
31/12/2024 18:00:00;0.0;0.0;0.0;5.42;3.03
31/12/2024 18:30:00;0.0;0.0;0.0;4.58;2.825
31/12/2024 19:00:00;0.0;0.0;0.0;3.74;2.62
31/12/2024 19:30:00;0.0;0.0;0.0;3.745;2.6550000000000002
31/12/2024 20:00:00;0.0;0.0;0.0;3.75;2.69
31/12/2024 20:30:00;0.0;0.0;0.0;3.925;2.86
31/12/2024 21:00:00;0.0;0.0;0.0;4.1;3.03
31/12/2024 21:30:00;0.0;0.0;0.0;4.125;3.0999999999999996
31/12/2024 22:00:00;0.0;0.0;0.0;4.15;3.17
31/12/2024 22:30:00;0.0;0.0;0.0;4.285;3.275
31/12/2024 23:00:00;0.0;0.0;0.0;4.42;3.38
31/12/2024 23:30:00;0.0;0.0;0.0;4.42;3.38
