datetime_formatee,elevation_deg,azimuth_deg,elevation_rad,azimuth_rad,Us_x,Us_y,Us_z,E_W_m2,dot_product,dot_product_suiveur,alpha_suiveur_deg,beta_suiveur_deg,P_t_W_panneau_fixe,P_t_W_panneau_suiveur
02/01/2024 08:00:00,4.52,131.96,0.0788888821901437,2.30313648093172,0.741299067910582,-0.666532171722049,0.0788070807376535,197.42000000000002,0.5270344396987678,0.9993838951497802,130,85,3745.697007071907,7102.741268896907
02/01/2024 09:00:00,11.26,144.13,0.196524073774561,2.51554305089943,0.574669350263147,-0.794750328797212,0.195261498367845,277.5,0.700044076443296,0.9996468608483929,145,80,6993.4403236685275,9986.472139875445
02/01/2024 10:00:00,16.19,157.4,0.282568805897882,2.74714824263908,0.369055078708134,-0.886597882541499,0.278823498924791,443.29,0.8240773617746078,0.9989706434913156,155,75,13150.989133238372,15942.013075917552
02/01/2024 11:00:00,18.89,171.61,0.329692695701729,2.99515952934747,0.138051907562971,-0.936016092487383,0.323752290220279,679.4300000000001,0.8907907661369976,0.9994613601434619,170,70,21788.278928512573,24446.305149201806
02/01/2024 12:00:00,19.09,186.21,0.333183354205717,3.24997760013864,-0.102224008407846,-0.939460806728084,0.327052969298325,277.56,0.8955604794944539,0.9946630910344556,180,70,8948.583600785303,9938.832751710846
02/01/2024 13:00:00,16.76,200.51,0.29251718263425,3.49955968317383,-0.335487468753355,-0.896824794910812,0.288363391474449,68.00999999999999,0.8380546035752039,0.9413657303974926,180,70,2051.859369209386,2304.802199676005
02/01/2024 14:00:00,12.15,213.95,0.212057504117311,3.73413193464187,-0.545959473615283,-0.810943827578363,0.210471759821306,58.99,0.7222498882599466,0.8377856866256475,180,75,1533.7987527043529,1779.1551955456898
02/01/2024 15:00:00,5.65,226.29,0.0986111027376796,3.94950556433797,-0.719334866231125,-0.687651568381514,0.0984513622388918,42.63,0.5558587129523069,0.6943004955547298,180,80,853.0652495936464,1065.529084517933
03/01/2024 08:00:00,4.54,131.82,0.0792379480405426,2.30069301997893,0.742904952607829,-0.664700465230341,0.0791550561450584,89.63,0.5259852833875998,0.9994668031691125,130,85,1697.1861942011003,3224.9595444497118
03/01/2024 09:00:00,11.3,143.99,0.197222205475359,2.51309958994664,0.576529288586244,-0.793233312436341,0.195946144242518,183.33,0.6994555016280459,0.9995925696593975,145,80,4616.322376084908,6597.191008643665
03/01/2024 10:00:00,16.25,157.27,0.283616003449079,2.74487931461148,0.370952731236259,-0.885488449441777,0.279829014030992,723.45,0.8240038806567018,0.9990343189793458,155,75,21460.521868599273,26019.04961036188
03/01/2024 11:00:00,18.97,171.48,0.331088959103324,2.99289060131988,0.140108194586421,-0.935252486824407,0.325073037483111,801.89,0.8911847247403368,0.9995419654803871,170,70,25726.756281193033,28854.817441166433
03/01/2024 12:00:00,19.19,186.1,0.334928683457712,3.24805773796145,-0.100359375797984,-0.939086317234237,0.328701816960108,739.13,0.896461586796662,0.9948751251341309,180,70,23853.659495364605,26472.313844654047
03/01/2024 13:00:00,16.88,200.43,0.294611577736643,3.49816341977224,-0.334023390229054,-0.896724423638859,0.290368184947053,652.5500000000001,0.8394012334275264,0.9419570920047379,180,70,19719.045895432766,22128.267613956905
03/01/2024 14:00:00,12.28,213.89,0.214326432144904,3.73308473709067,-0.544842273773037,-0.811116606809807,0.212689320059031,483.50999999999993,0.7239401135079339,0.8385265253707309,180,75,12601.162234159958,14595.694570152073
03/01/2024 15:00:00,5.79,226.25,0.101054563690472,3.94880743263717,-0.718678700463979,-0.687985185288584,0.100882656204316,226.36,0.557813800179624,0.6950512338378169,180,80,4545.602345111749,5663.944702495017
04/01/2024 08:00:00,4.56,131.68,0.0795870138909414,2.29824955902613,0.744506221236672,-0.662864809782087,0.0795030219076598,10.110000000000001,0.5249333279225735,0.999543659009087,130,85,191.05473403069988,363.79391013294736
04/01/2024 09:00:00,11.34,143.85,0.197920337176157,2.51065612899384,0.578384962980843,-0.791711566501783,0.19663069461542,35.84,0.6988635149692196,0.9995320379717465,145,80,901.7016615538861,1289.6362166726665
04/01/2024 10:00:00,16.32,157.13,0.284837733925475,2.74243585365869,0.372982132637903,-0.884263737874186,0.281001727065251,54.23,0.823967112141171,0.9990941329437837,155,75,1608.6145136909654,1950.51149386349
04/01/2024 11:00:00,19.06,171.36,0.332659755430119,2.99079620621748,0.141989790133499,-0.934451011788766,0.326558120500466,66.17,0.8916681085798801,0.9996152265695202,170,70,2124.060434810304,2381.2034235157853
04/01/2024 12:00:00,19.3,186.0,0.336848545634906,3.24631240870945,-0.098654063099544,-0.938630711218933,0.330514392713223,57.900000000000006,0.8974211093001331,0.9950669329424332,180,70,1870.5845602251975,2074.117515025208
04/01/2024 13:00:00,17.0,200.35,0.296705972839036,3.49676715637064,-0.332558786760123,-0.896617777888748,0.292371704722737,40.43,0.8407425259140655,0.9425421219011557,180,70,1223.6839316174041,1371.851207584694
04/01/2024 14:00:00,12.41,213.84,0.216595360172496,3.73221207246467,-0.54386409802189,-0.811188847494444,0.214905785365291,24.81,0.7255584730342395,0.8391699679477995,180,75,648.0398057752614,749.5130485722566
04/01/2024 15:00:00,5.93,226.21,0.103498024643264,3.94810930093637,-0.718018131559239,-0.688314110641504,0.103313347849997,11.95,0.5597651440728124,0.6957972472502776,180,80,240.81096498012388,299.3319757670694
05/01/2024 08:00:00,4.59,131.53,0.0801106126665397,2.29563156514814,0.746207778749829,-0.660885737424145,0.0800249523748087,55.22,0.5239029730104428,0.9996203744548148,130,85,1041.4771981069193,1987.1653347862155
05/01/2024 09:00:00,11.39,143.7,0.198793001802154,2.50803813511585,0.580353868435173,-0.790056054550887,0.197486247773906,301.71999999999997,0.6982978586824367,0.9994572505683497,145,80,7584.855477179931,10856.024699093367
05/01/2024 10:00:00,16.39,157.0,0.286059464401871,2.7401669256311,0.374853080540229,-0.883098516627021,0.282174020669259,79.04,0.8239721130526536,0.9991412341770305,155,75,2344.5632093645427,2842.9964333766898
05/01/2024 11:00:00,19.15,171.24,0.334230551756914,2.98870181111509,0.143868288218699,-0.933643454918184,0.328042397768122,90.97999999999999,0.8921466221616183,0.9996820784139799,170,70,2922.029988633505,3274.23871778774
05/01/2024 12:00:00,19.41,185.9,0.338768407812099,3.24456707945746,-0.0969502890916613,-0.938168554779401,0.33232575023337,191.79000000000002,0.8983751385334202,0.9952521687052109,180,70,6202.777241495688,6871.658883695007
05/01/2024 13:00:00,17.13,200.27,0.298974900866629,3.49537089296904,-0.33107587478836,-0.896456646696845,0.294540736955299,184.16,0.8421623263558672,0.9431325608242048,180,70,5583.3341047810745,6252.742526449881
05/01/2024 14:00:00,12.55,213.78,0.219038821125288,3.73116487491348,-0.54272073803232,-0.811319049459104,0.217291510405792,61.66,0.7273375020805591,0.839913204464958,180,75,1614.5146936183419,1864.4057347431349
05/01/2024 15:00:00,6.08,226.18,0.106116018521255,3.94758570216077,-0.717460021767269,-0.688500335132375,0.105916975449252,197.62,0.561737867404248,0.6964327577606219,180,80,3996.3829448313895,4954.645497191547
06/01/2024 08:00:00,4.63,131.38,0.0808087443673375,2.29301357127015,0.747893312045439,-0.658892815354966,0.0807208255118183,62.790000000000006,0.522985820914975,0.9996911529050289,130,85,1182.1780690290461,2259.7418696726436
06/01/2024 09:00:00,11.45,143.56,0.199840199353351,2.50559467416306,0.582159446455895,-0.788468820997398,0.198512712986195,157.94000000000003,0.6979013355856994,0.9993749648662005,145,80,3968.1553299265943,5682.286150234839
06/01/2024 10:00:00,16.47,156.86,0.287455727803466,2.73772346467831,0.376854579081857,-0.881816790808174,0.283513268955457,87.61000000000001,0.8240127875793881,0.9991828484260968,155,75,2598.9033715138876,3151.382736621973
06/01/2024 11:00:00,19.26,171.12,0.336150413934108,2.9866074160127,0.145725902034076,-0.932716123354072,0.329855414858853,425.99,0.8927728964034893,0.9997471166030221,170,70,13691.243741001206,15331.76187126197
06/01/2024 12:00:00,19.53,185.8,0.340862802914493,3.24282175020547,-0.0952421828967678,-0.937641820174739,0.334300379384261,194.41000000000003,0.8993989545855017,0.9954325630293003,180,70,6294.677427394827,6966.793604826947
06/01/2024 13:00:00,17.27,200.2,0.301418361819421,3.49414916249265,-0.329730904046322,-0.896182354073002,0.296874921751515,185.66,0.8436188900794652,0.9436731482881939,180,70,5638.546192757527,6307.284841602699
06/01/2024 14:00:00,12.7,213.73,0.22165681500328,3.73029221028748,-0.541694784034342,-0.811316465617233,0.219846204352837,131.64,0.7291421164422623,0.8405719121132671,180,75,3455.4336555045384,3983.5039143812564
06/01/2024 15:00:00,6.23,226.15,0.108734012399247,3.94706210338518,-0.716896998945228,-0.688681442450972,0.108519877105416,19.3,0.5637064590291857,0.6970631027813425,180,80,391.6632477334783,484.31944381247683
07/01/2024 08:00:00,4.68,131.23,0.0816814089933346,2.29039557739216,0.749562461551282,-0.656885902069086,0.0815906115681576,275.28,0.5221817505398949,0.9997556267548262,130,85,5174.862922390401,9907.658241590467
07/01/2024 09:00:00,11.52,143.41,0.201061929829747,2.50297668028507,0.584076651783917,-0.786746711797275,0.199709980514407,536.61,0.697530216480442,0.9992765875906293,145,80,13474.86082076052,19303.985148012274
07/01/2024 10:00:00,16.56,156.72,0.289026524130261,2.73528000372551,0.37883165923762,-0.880483159396216,0.285019262469976,647.3600000000001,0.8241346659909287,0.9992122119830427,155,75,19206.425425531957,23286.600631776335
07/01/2024 11:00:00,19.37,170.99,0.338070276111302,2.9843384879851,0.147742342965772,-0.931755900345827,0.331667216145523,729.8100000000001,0.8933750531788749,0.9998072174343201,170,70,23471.78571217709,26268.094992806684
07/01/2024 12:00:00,19.66,185.7,0.343131730942085,3.24107642095347,-0.0935299697134775,-0.937049454533702,0.336437905895705,766.1800000000001,0.9004915483149907,0.9956069985314172,180,70,24837.79012156727,27461.310124852847
07/01/2024 13:00:00,17.41,200.13,0.303861822772213,3.49292743201625,-0.328385135952694,-0.895900761095866,0.299207334056469,662.86,0.8450690383331538,0.9442062694363491,180,70,20165.848658982515,22531.55643930882
07/01/2024 14:00:00,12.85,213.69,0.224274808881271,3.72959407858668,-0.540807131805864,-0.811212769160447,0.222399391498615,455.17999999999995,0.7308741679189019,0.8411325624866012,180,75,11976.454935119727,13783.20191253544
07/01/2024 15:00:00,6.39,226.13,0.111526539202438,3.94671303753478,-0.716435296903532,-0.688718941445173,0.111295485287537,225.95000000000002,0.5656956261897674,0.6975820113843046,180,80,4601.481362552807,5674.271597002211
08/01/2024 08:00:00,4.73,131.08,0.0825540736193318,2.28777758351417,0.751225657105706,-0.654874266693254,0.0824603354896968,116.56,0.5213742972070499,0.9998125278030926,130,85,2187.7699709683343,4195.3733366662245
08/01/2024 09:00:00,11.59,143.26,0.202283660306143,2.50035868640708,0.585987956350176,-0.785018797529168,0.200906949950475,99.99,0.6971547817892711,0.9991701424421053,145,80,2509.506238719932,3596.6528115403
08/01/2024 10:00:00,16.65,156.59,0.290597320457056,2.73301107569792,0.380650087883313,-0.879209412642154,0.286524552727798,120.36,0.824298391972577,0.9992290537308883,155,75,3571.6519604814976,4329.61952065379
08/01/2024 11:00:00,19.48,170.87,0.339990138288495,2.98224409288271,0.14959216949636,-0.93081402175763,0.333477794950067,82.71000000000001,0.893989316992672,0.9998566889258255,170,70,2661.906830704701,2977.1332826779812
08/01/2024 12:00:00,19.8,185.6,0.345575191894877,3.23933109170148,-0.0918138737621717,-0.93639032137922,0.338737920245291,45.029999999999994,0.9016518265351701,0.9957742672075316,180,70,1461.6497429596332,1614.229749084785
08/01/2024 13:00:00,17.56,200.06,0.306479816650204,3.49170570153986,-0.327020537673469,-0.895562417915913,0.301704364496704,56.059999999999995,0.8465954607333601,0.9447423655559117,180,70,1708.5650950336378,1906.6412524703187
08/01/2024 14:00:00,13.01,213.65,0.227067335684462,3.72889594688588,-0.539894422127407,-0.811069971413963,0.225121110574435,73.55999999999999,0.732697740679022,0.8416990631875773,180,75,1940.3008489565586,2228.953791170814
08/01/2024 15:00:00,6.55,226.12,0.114319066005629,3.94653850460958,-0.716088269821564,-0.688625858840259,0.114070225565106,36.64,0.5675918445149228,0.6979721715060135,180,80,748.6763465889638,920.653213103292
09/01/2024 08:00:00,4.79,130.92,0.0836012711705284,2.28498505671098,0.752985816755567,-0.652716979173709,0.0835039212450469,279.75,0.5205867911373682,0.9998653109338016,130,85,5242.829573544434,10069.643546414316
09/01/2024 09:00:00,11.67,143.11,0.203679923707738,2.49774069252909,0.587872156968194,-0.783256876386793,0.202274547717617,504.32,0.6968759530566636,0.9990505829946037,145,80,12652.145303239318,18138.282840570188
09/01/2024 10:00:00,16.75,156.45,0.29234264970905,2.73056761474513,0.382596873908481,-0.877816918901113,0.288196268134089,269.95,0.8244958315055295,0.9992374130443609,155,75,8012.615389737036,9710.789027447707
09/01/2024 11:00:00,19.61,170.75,0.342259066316088,2.98014969778032,0.151419318550651,-0.929749482815033,0.335615984683142,657.5100000000001,0.8947485027472454,0.9999009976107304,170,70,21179.019169488292,23668.01657780513
09/01/2024 12:00:00,19.94,185.51,0.348018652847669,3.23776029537468,-0.0902631383615813,-0.935706723535678,0.341035912160647,459.70000000000005,0.9027933755308571,0.9959178548826212,180,70,14940.508130335262,16481.643764023476
09/01/2024 13:00:00,17.72,200.0,0.309272343453395,3.49065850398866,-0.325793098746343,-0.895109182219727,0.30436558398608,393.78999999999996,0.8481567410462747,0.9452266539879064,180,70,12023.84315003805,13399.948946660314
09/01/2024 14:00:00,13.17,213.62,0.229859862487653,3.72837234811029,-0.539119493819391,-0.810825885336702,0.227841074110612,71.6,0.7344484504196085,0.8421672725068603,180,75,1893.1143258015827,2170.7703616136832
09/01/2024 15:00:00,6.72,226.11,0.117286125734019,3.94636397168438,-0.715721006131938,-0.688513156507527,0.117017411941678,11.03,0.5695961274034872,0.6983729549184932,180,80,226.1752302693767,277.30993293903526
10/01/2024 08:00:00,4.86,130.76,0.0848230016469244,2.28219252990778,0.754727770162398,-0.650544610707208,0.0847213221420735,63.410000000000004,0.5199115270931797,0.9999096923748976,130,85,1186.833237587227,2282.5538493657214
10/01/2024 09:00:00,11.76,142.96,0.205250720034533,2.49512269865109,0.589728580954584,-0.78146056536629,0.203812623707885,86.05,0.6966933533156445,0.9989171942365153,145,80,2158.216669901203,3094.4456843058765
10/01/2024 10:00:00,16.86,156.31,0.294262511886244,2.72812415379234,0.384517623959253,-0.876371150807815,0.29003414091537,304.01000000000005,0.8247730913893373,0.9992315109420139,155,75,9026.61363047781,10935.949379093341
10/01/2024 11:00:00,19.74,170.64,0.344527994343681,2.97822983560312,0.153079788687851,-0.928703323496961,0.337752446654325,730.99,0.895519463146806,0.999934526191337,170,70,23566.167805164612,26313.917014821796
10/01/2024 12:00:00,20.09,185.42,0.350636646725661,3.23618949904789,-0.0887085857440137,-0.934955309884972,0.343495786485356,733.2600000000001,0.9040014396588352,0.9960530835889951,180,70,23863.251443192552,26293.1718266088
10/01/2024 13:00:00,17.88,199.94,0.312064870256586,3.48961130643746,-0.32456443472023,-0.894647375850071,0.307024429971492,524.9599999999999,0.8497102826571113,0.9457020768351202,180,70,16058.300759412376,17872.40744119313
10/01/2024 14:00:00,13.35,213.59,0.233001455141243,3.72784874933469,-0.538296210128013,-0.810507794117821,0.230898908260912,279.44,0.7363857412251227,0.8426514456982901,180,75,7407.922735006138,8476.938719493486
10/01/2024 15:00:00,6.89,226.1,0.120253185462409,3.94618943875918,-0.71534750385689,-0.688394284577782,0.119963568162838,256.15000000000003,0.5715953192982889,0.6987674835793912,180,80,5270.909077377242,6443.614473078999
11/01/2024 08:00:00,4.93,130.6,0.0860447321233204,2.27940000310459,0.756462334099444,-0.648366636021896,0.085938596581922,43.800000000000004,0.5192322094349249,0.9999448337776139,130,85,818.7253478369896,1576.7130139005417
11/01/2024 09:00:00,11.85,142.81,0.206821516361328,2.4925047047731,0.591578169876311,-0.779657979883215,0.205350196810764,83.15,0.6965059612645095,0.9987747956264272,145,80,2084.9209444491826,2989.7324732281472
11/01/2024 10:00:00,16.98,156.17,0.296356906988637,2.72568069283954,0.386411581792043,-0.87487140189248,0.292037873584332,51.470000000000006,0.8251294617191348,0.9992103432542196,155,75,1528.8988822086196,1851.456829222609
11/01/2024 11:00:00,19.88,170.52,0.346971455296473,2.97613544050073,0.154888133402004,-0.927563892534331,0.340051307007933,61.58,0.8963393035314734,0.9999614127326407,170,70,1987.076675212853,2216.7944566587366
11/01/2024 12:00:00,20.25,185.33,0.353429173528852,3.23461870272109,-0.087150408588053,-0.934134781004835,0.346117057077493,152.18,0.9052747563345559,0.9961785659988068,180,70,4959.529647083738,5457.544350253143
11/01/2024 13:00:00,18.05,199.88,0.315031929984976,3.48856410888627,-0.323316187247775,-0.894126157213051,0.30984682998376,272.54,0.8513374636122895,0.9461776091848146,180,70,8352.846443984161,9283.364841860259
11/01/2024 14:00:00,13.52,213.56,0.235968514869633,3.72732515055909,-0.537490663442927,-0.810215074947656,0.233784770759874,45.029999999999994,0.7382193704575037,0.8431156168682562,180,75,1196.71265706125,1366.7578641927926
11/01/2024 15:00:00,7.07,226.1,0.123394778115999,3.94618943875918,-0.715072415308526,-0.688129560952655,0.123081876033547,71.65,0.573613108069027,0.6990482701801137,180,80,1479.5776509532482,1803.1251081025855
12/01/2024 08:00:00,5.01,130.44,0.0874409955249159,2.2766074763014,0.758177899432375,-0.646173205878786,0.0873296101940437,181.49999999999997,0.5186648152645268,0.9999707223806222,130,85,3388.9559029384177,6533.808700034985
12/01/2024 09:00:00,11.95,142.65,0.208566845613322,2.48971217796991,0.593534734800399,-0.777716848346847,0.207058016949038,259.71000000000004,0.6963409851927891,0.9986106207278422,145,80,6510.481821519094,9336.569915132206
12/01/2024 10:00:00,17.1,156.03,0.29845130209103,2.72323723188675,0.388298803346302,-0.87336379960307,0.294040325232304,443.61999999999995,0.8254793730562398,0.9991792190957397,155,75,13183.169741107526,15957.211866309071
12/01/2024 11:00:00,20.02,170.4,0.349414916249265,2.97404104539834,0.156691441007387,-0.926415428060734,0.342348137085737,137.58999999999997,0.8971513206374896,0.9999784231830996,170,70,4443.805807434438,4953.133124847455
12/01/2024 12:00:00,20.41,185.25,0.356221700332043,3.2332224393195,-0.0857572511650087,-0.933289427365395,0.348735628579292,382.85,0.9065286107095512,0.9962797976222243,180,70,12494.32122996546,13731.325938708069
12/01/2024 13:00:00,18.23,199.83,0.318173522638566,3.48769144426027,-0.322203989627875,-0.89348785875019,0.312832279878341,271.32000000000005,0.8529971503061302,0.9465988888302415,180,70,8331.666725558134,9245.923578627162
12/01/2024 14:00:00,13.7,213.54,0.239110107523223,3.72697608470869,-0.536799360753604,-0.809786477327649,0.236838146065619,53.31,0.7400753685581962,0.8434918950389779,180,75,1420.323044322148,1618.795905283005
12/01/2024 15:00:00,7.25,226.11,0.126536370769589,3.94636397168438,-0.714910312273471,-0.687733280853924,0.12619896913583,14.700000000000001,0.5755370133941793,0.6991992880033486,180,80,304.5741874881997,370.0162632113721
12/01/2024 16:00:00,-0.67,237.6,-0.011693705988362,4.14690230273853,-0.844270198294504,-0.535790160179117,-0.0116934394852461,0.0,0.37059234520026796,-0.0116934394852461,0,0,0.0,0.0
13/01/2024 08:00:00,5.1,130.27,0.0890117918517108,2.27364041657301,0.759986189129113,-0.643831341515484,0.0888942968664415,88.67999999999999,0.5181152676491015,0.9999874596701388,130,85,1654.0726296644034,3192.439965247724
13/01/2024 09:00:00,12.06,142.5,0.210486707790516,2.48709418409192,0.595325662384905,-0.775843508323506,0.208935890402412,536.8399999999999,0.6963441908119076,0.9984371008596057,140,80,13457.714954236719,19296.035036116944
13/01/2024 10:00:00,17.23,155.89,0.300720230118623,2.72079377093396,0.390158141111968,-0.871801199744811,0.296208192066935,492.08,0.8259073614396607,0.9991313785693685,155,75,14630.849799020218,17699.492475590934
13/01/2024 11:00:00,20.18,170.29,0.352207443052456,2.97212118322114,0.15830788033362,-0.925166964665061,0.344970582103335,488.44,0.8981228723595783,0.9999837674399064,170,70,15792.448887911249,17583.554569260523
13/01/2024 12:00:00,20.58,185.16,0.359188760060433,3.2316516429927,-0.0841977076031446,-0.932388349766681,0.351514880558052,213.17999999999998,0.9078566805499324,0.9963836218120709,180,70,6967.327937746845,7646.726177924301
13/01/2024 13:00:00,18.41,199.78,0.321315115292156,3.48681877963427,-0.321089980194223,-0.892839479617013,0.315814642244616,31.24,0.8546475256774296,0.947009639747286,180,70,961.1707932778644,1065.0449212453877
13/01/2024 14:00:00,13.89,213.53,0.242426233102012,3.72680155178349,-0.536221242338197,-0.809221007976131,0.240058616832173,88.52999999999999,0.741952738062828,0.8437792127569518,180,75,2364.6627324252777,2689.1918533934254
13/01/2024 15:00:00,7.44,226.12,0.129852496348378,3.94653850460958,-0.714724756675355,-0.687314637234043,0.129487882209847,5.51,0.5775666003890313,0.6993581182825487,180,80,114.56611085316824,138.72467634252635
13/01/2024 16:00:00,-0.48,237.63,-0.0083775804095727,4.14742590151412,-0.844578729242692,-0.535365844912795,-0.0083774824147706,0.0,0.3726370447287475,-0.0083774824147706,0,0,0.0,0.0
14/01/2024 08:00:00,5.19,130.1,0.0905825881785057,2.27067335684462,0.761785377548842,-0.641482852874491,0.0904587642009986,50.300000000000004,0.517560880866726,0.9999929905902903,130,85,937.1992430734675,1810.787307360898
14/01/2024 09:00:00,12.18,142.34,0.212581102892909,2.48430165728873,0.597221232912764,-0.773829903166449,0.210983601077342,113.50999999999999,0.6963683070548714,0.9984735435208844,140,80,2845.6115952167443,4080.1223493020007
14/01/2024 10:00:00,17.37,155.75,0.303163691071415,2.71835030998117,0.391988748405679,-0.870182754045461,0.298541112219414,177.23999999999998,0.8264125711704527,0.9990656397856086,155,75,5273.041108113037,6374.678183841645
14/01/2024 11:00:00,20.34,170.17,0.354999969855647,2.97002678811875,0.16008010569952,-0.923880575292928,0.347590336971037,172.66,0.8990657041432953,0.9999785148128617,170,70,5588.37664118573,6215.626453233193
14/01/2024 12:00:00,20.76,185.08,0.362330352714023,3.2302553795911,-0.0827975738248033,-0.931400424272916,0.35445424448433,94.66,0.9092365558986304,0.9964605971870456,180,70,3098.4599657291164,3395.6985646701264
14/01/2024 13:00:00,18.6,199.74,0.324631240870945,3.48612064793347,-0.320111099342417,-0.892072779032007,0.31895930929807,205.35000000000002,0.8563290018927034,0.9473647163415373,180,70,6330.497779392,7003.488402026449
14/01/2024 14:00:00,14.08,213.52,0.245742358680802,3.72662701885829,-0.535637442574435,-0.808646461738294,0.243276447751229,93.71000000000001,0.7438218225855245,0.8440570796331993,180,75,2509.3275478016226,2847.477201567376
14/01/2024 15:00:00,7.63,226.13,0.133168621927167,3.94671303753478,-0.714531215812176,-0.686888522537378,0.132775371347218,26.65,0.5795898976595684,0.6995093437234049,180,80,556.0585478145899,671.1092643682347
14/01/2024 16:00:00,-0.29,237.67,-0.0050614548307835,4.14812403321492,-0.844971107644338,-0.534788003923108,-0.0050614332198121,0.0,0.3745732503189955,-0.0050614332198121,0,0,0.0,0.0
15/01/2024 08:00:00,5.3,129.93,0.0925024503556995,2.26770629711623,0.763550758223311,-0.639107122626077,0.0923705874465616,34.309999999999995,0.5172328490791701,0.9999855519533555,130,85,638.8653258686277,1235.1421543507065
15/01/2024 09:00:00,12.3,142.18,0.214675497995303,2.48150913048554,0.599107572753506,-0.771808376990648,0.213030386274977,46.86000000000001,0.6963861678804963,0.9984980065765716,140,80,1174.7756097676822,1684.4261971744136
15/01/2024 10:00:00,17.52,155.61,0.305781684949407,2.71590684902838,0.393789734015869,-0.868507542734522,0.301038691195921,54.23,0.8269940729234044,0.9990126014808458,155,70,1614.523988686904,1950.3523216190256
15/01/2024 11:00:00,20.5,170.06,0.357792496658838,2.96810692594156,0.161685350688091,-0.92261185635361,0.350207381259467,80.86999999999999,0.9000191141408982,0.9999614404493631,170,70,2620.2436473806792,2911.2077408090395
15/01/2024 12:00:00,20.95,185.0,0.365646478292812,3.22885911618951,-0.0813941211544188,-0.930339061932302,0.357553110578587,77.2,0.9106772886195245,0.9965231174532954,180,70,2530.9543205313826,2769.5370480261986
15/01/2024 13:00:00,18.79,199.7,0.327947366449734,3.48542251623268,-0.319129932365588,-0.891295335020608,0.322100468858457,660.1,0.8580004011861889,0.9477084977840039,180,70,20389.178333628122,22520.965657939956
15/01/2024 14:00:00,14.28,213.51,0.24923301718479,3.72645248593309,-0.535024211795848,-0.808026960251674,0.246660747381238,116.99,0.7457768301013269,0.8443346083464284,180,75,3140.943528727952,3556.033409896151
15/01/2024 15:00:00,7.83,226.16,0.136659280431156,3.94723663631038,-0.714552124469544,-0.686189095436057,0.136234308163202,102.08,0.5815411656915568,0.6994211805661178,180,80,2137.0939989765884,2570.288908038815
15/01/2024 16:00:00,-0.1,237.71,-0.0017453292519943,4.14882216491572,-0.845353794876842,-0.534204001591356,-0.0017453283658983,0.0,0.37650513853931306,-0.0017453283658983,0,0,0.0,0.0
16/01/2024 08:00:00,5.4,129.76,0.0942477796076938,2.26473923738784,0.765318565289758,-0.636734732040879,0.0941083133185143,109.74,0.5167840733566547,0.999966929906915,130,85,2041.6278315657341,3950.5093519674547
16/01/2024 09:00:00,12.43,142.02,0.216944426022895,2.47871660368235,0.600961534772308,-0.769749374511983,0.215246682117339,90.13,0.6964973910846021,0.9985031365993082,140,80,2259.9111549043864,3239.8231572610434
16/01/2024 10:00:00,17.67,155.47,0.308399678827398,2.71346338807558,0.395582161782859,-0.866822783808036,0.303534206886944,85.47,0.8275673645295014,0.9991431210303949,155,70,2546.3585752681133,3074.2834519608427
16/01/2024 11:00:00,20.68,169.95,0.360934089312427,2.96618706376436,0.163263538192331,-0.921211865904522,0.353148290684847,141.82999999999998,0.9011087083982934,0.99992923852535,170,70,4600.952932036677,5105.5187004018135
16/01/2024 12:00:00,21.14,184.93,0.368962603871601,3.22763738571311,-0.0801550993886281,-0.929251391089164,0.360648044776141,214.53000000000003,0.9120966381490592,0.9965595710259856,180,70,7044.1953041562365,7696.50929179937
16/01/2024 13:00:00,18.99,199.66,0.331438024953723,3.48472438453188,-0.318127401911558,-0.890453683325653,0.325403125376478,188.5,0.8597405943851116,0.9480471789526318,180,70,5834.199673497367,6433.448156372559
16/01/2024 14:00:00,14.49,213.51,0.252898208613978,3.72645248593309,-0.534521504169381,-0.80726773981575,0.250211026602094,128.39000000000001,0.7477504066948426,0.8445201375973121,180,75,3456.132289759831,3903.4058567802813
16/01/2024 15:00:00,8.03,226.18,0.140149938935145,3.94758570216077,-0.714444135735056,-0.685606182871758,0.139691585007133,102.44,0.583573648165285,0.6994474735771067,180,80,2152.1262426498647,2579.450370956597
16/01/2024 16:00:00,0.1,237.76,0.0017453292519943,4.14969482954172,-0.845819653866083,-0.533466087921955,0.0017453283658983,0.0,0.3784516218255972,0.0017453283658983,0,0,0.0,0.0
17/01/2024 08:00:00,5.52,129.59,0.096342174710087,2.26177217765945,0.767050851147913,-0.634334185559929,0.0961932054943776,343.33,0.5165608720570171,0.9999334287271433,130,85,6384.630391320084,12359.057187056043
17/01/2024 09:00:00,12.56,141.86,0.219213354050488,2.47592407687916,0.602805566636483,-0.767682085233087,0.217461869862855,188.72,0.6966019710932763,0.9985966032403133,140,75,4732.6580634500315,6784.385434686429
17/01/2024 10:00:00,17.83,155.33,0.311192205630589,2.71101992712279,0.397343683855265,-0.865079970689969,0.306193796820526,189.79999999999998,0.8282156236325867,0.9992680417632092,155,70,5659.031713156738,6827.7986757596545
17/01/2024 11:00:00,20.86,169.84,0.364075681966017,2.96426720158717,0.164835317986621,-0.919800131412077,0.35608571467917,65.25,0.9021875337910564,0.9998839307973777,170,70,2119.2385168751916,2348.72735344304
17/01/2024 12:00:00,21.33,184.86,0.37227872945039,3.22641565523672,-0.0789179879923233,-0.928151863415546,0.363739013042995,259.57000000000005,0.9135047992968666,0.9965835263943813,180,70,8536.263867125557,9312.594694062826
17/01/2024 13:00:00,19.2,199.63,0.335103216382911,3.48420078575628,-0.317258315594731,-0.889490803689905,0.328866646738583,66.17,0.8615088151071367,0.9483269621368929,180,70,2052.2173786430126,2259.0286230455354
17/01/2024 14:00:00,14.69,213.51,0.256388867117967,3.72645248593309,-0.534036059101063,-0.806534590372652,0.253589120650365,27.57,0.7496206649610231,0.8446862846915344,180,75,744.0135023871146,838.3680312820417
17/01/2024 15:00:00,8.24,226.22,0.143815130364333,3.94828383386157,-0.714548141515643,-0.684748392996452,0.143319893055069,22.05,0.5855327003525522,0.6992327645379882,180,80,464.795857539856,555.0509684902551
17/01/2024 16:00:00,0.3,237.81,0.0052359877559829,4.15056749416772,-0.846274557012809,-0.532721276875187,0.0052359638314195,0.0,0.3803932128920452,0.0052359638314195,0,0,0.0,0.0
18/01/2024 08:00:00,5.64,129.41,0.0984365698124802,2.25863058500586,0.768882537999225,-0.631792007875209,0.0982776757197798,129.08,0.5162372240087337,0.999885054240625,130,85,2398.892431501705,4646.345860849676
18/01/2024 09:00:00,12.71,141.7,0.221831347928479,2.47313155007597,0.604592064750703,-0.76554633488309,0.220016463901112,217.36,0.6968981383055021,0.9987866593609002,140,75,5453.200056315022,7815.46565803267
18/01/2024 10:00:00,17.99,155.19,0.31398473243378,2.70857646617,0.39909593784845,-0.863326990666724,0.308850998993373,242.56,0.8288550052462693,0.9993798065374426,155,70,7237.694522611263,8726.744371453995
18/01/2024 11:00:00,21.05,169.73,0.367391807544806,2.96234733940998,0.166389461189228,-0.91831501550011,0.359182515599231,102.93,0.9033271671894163,0.9998223469392993,170,70,3347.260751477039,3704.8217101366354
18/01/2024 12:00:00,21.54,184.79,0.375943920879579,3.22519392476032,-0.0776721305653458,-0.926912838388708,0.367150691356598,93.74,0.9150410971691054,0.9965860864254922,180,70,3087.9342881507496,3363.1192706949228
18/01/2024 13:00:00,19.41,199.6,0.338768407812099,3.48367718698068,-0.316386069261535,-0.888515307076396,0.33232575023337,88.23,0.8632649903746901,0.9485933782406424,180,70,2741.9713236273205,3012.998175438188
18/01/2024 14:00:00,14.91,213.52,0.260228591472355,3.72662701885829,-0.533635170080175,-0.805623651084621,0.25730145368145,159.14000000000001,0.7516015494735102,0.845040880120852,180,70,4305.95534099572,4841.2730038475665
18/01/2024 15:00:00,8.45,226.26,0.147480321793521,3.94898196556237,-0.714641692606767,-0.683881600291263,0.146946275799002,87.36999999999999,0.587484025182243,0.6990088551166704,180,80,1847.8252540862122,2198.6065321755655
18/01/2024 16:00:00,0.51,237.88,0.008901179185171,4.15178922464411,-0.846902825096583,-0.531673185279299,0.0089010616440955,0.0,0.3822437157343433,0.0089010616440955,0,0,0.0,0.0
19/01/2024 08:00:00,5.77,129.24,0.100705497840073,2.25566352527747,0.770579029139395,-0.629365235954638,0.100535365033161,27.57,0.5161176645506091,0.9998225040814057,130,85,512.2571044197706,992.3438317508768
19/01/2024 09:00:00,12.86,141.54,0.224449341806471,2.47033902327277,0.60636717972444,-0.763401361525288,0.222569549971161,114.4,0.6971867175718203,0.9989624330758035,140,75,2871.293777647785,4114.12688437939
19/01/2024 10:00:00,18.17,155.05,0.31712632508737,2.70613300521721,0.400792978757338,-0.861465251496685,0.311837471517735,172.92,0.8296503118281378,0.9994896367548408,155,70,5164.6727491675765,6221.942927555295
19/01/2024 11:00:00,21.24,169.62,0.370707933123596,2.96042747723278,0.167936661184805,-0.91681723179115,0.362275366704546,79.04,0.9044550501618287,0.9997465562115327,170,70,2573.572577932474,2844.718840906544
19/01/2024 12:00:00,21.75,184.72,0.379609112308767,3.22397219428393,-0.0764283904049578,-0.925659703479767,0.370557437509836,559.8100000000001,0.9165639302839874,0.9965737006063158,180,70,18471.65953724205,20084.109240111182
19/01/2024 13:00:00,19.63,199.58,0.342608132166487,3.48332812113028,-0.315645940925527,-0.887416893103452,0.335944783873564,223.49,0.8650473376341946,0.9487989891400181,180,70,6959.859461563182,7633.695098984496
19/01/2024 14:00:00,15.13,213.54,0.264068315826742,3.72697608470869,-0.533366548358509,-0.804607922247315,0.261009993197558,58.82,0.7535056541649428,0.8453548024445443,180,70,1595.5632928073496,1790.0557012723714
19/01/2024 15:00:00,8.66,226.3,0.151145513222709,3.94968009726317,-0.714724775245001,-0.683005830585,0.150570684523508,88.19000000000001,0.5894276064710765,0.69877576229022,180,80,1871.3383421286328,2218.501241149482
19/01/2024 16:00:00,0.71,237.94,0.0123918376891597,4.15283642219531,-0.847427632450204,-0.530766293182178,0.0123915205480335,0.0,0.38407057334309214,0.0123915205480335,0,0,0.0,0.0
20/01/2024 08:00:00,5.91,129.06,0.103148958792865,2.25252193262388,0.772359379161774,-0.626784622250962,0.102966143613121,104.03,0.5160117151185696,0.9997405235304203,130,85,1932.5051540562524,3744.1082398633066
20/01/2024 09:00:00,13.01,141.38,0.227067335684462,2.46754649646958,0.608130861895105,-0.761247226848447,0.225121110574435,151.94,0.6974677401394205,0.9991239346674122,140,75,3815.036943724208,5465.048062801198
20/01/2024 10:00:00,18.35,154.91,0.320267917740959,2.70368954426442,0.402479330330386,-0.859591886175458,0.314820866332146,160.82,0.8304352212100853,0.9995842678437502,155,70,4807.821321900213,5787.1131103667485
20/01/2024 11:00:00,21.44,169.52,0.374198591627584,2.95868214798079,0.169305502834021,-0.915273665081306,0.365526694946829,181.44,0.9056626199220656,0.9996534957231572,170,70,5915.643327311745,6529.576689504347
20/01/2024 12:00:00,21.96,184.66,0.383274303737955,3.22292499673273,-0.0753481525923357,-0.924379342231789,0.373959205737801,334.26,0.9180639915451927,0.9965340278465398,180,70,11047.39451330026,11991.652709327438
20/01/2024 13:00:00,19.85,199.56,0.346447856520875,3.48297905527988,-0.314901968882627,-0.886304985610085,0.339558864523594,353.26000000000005,0.866816641240974,0.9489902262554184,180,70,11023.619280652316,12068.65034377161
20/01/2024 14:00:00,15.35,213.56,0.26790804018113,3.72732515055909,-0.533089414801749,-0.803580619244121,0.264714684521965,476.61,0.7553988536027421,0.8456565324508827,180,70,12961.103314161703,14509.740957530947
20/01/2024 15:00:00,8.88,226.35,0.154985237577097,3.95055276188917,-0.714896934113179,-0.681977757507892,0.154365513830271,312.13,0.5913839985629556,0.6986926638178871,180,75,6645.192748972393,7850.985881669176
20/01/2024 16:00:00,0.93,238.02,0.0162315620435473,4.1542326855969,-0.84812128439308,-0.529553440636484,0.0162308493152907,0.0,0.38592777248998467,0.0162308493152907,0,0,0.0,0.0
21/01/2024 08:00:00,6.05,128.88,0.105592419745657,2.24938033997029,0.774126498841773,-0.624195307712483,0.10539630743388,219.05999999999997,0.5158991785668391,0.9996428214296739,130,85,4068.463466046663,7883.343232645836
21/01/2024 09:00:00,13.18,141.22,0.230034395412853,2.46475396966639,0.60983324880865,-0.759021993470392,0.228011013057965,458.09000000000003,0.6979377321711471,0.999282339343176,140,75,11509.85864629011,16479.40488586976
21/01/2024 10:00:00,18.53,154.77,0.323409510394549,2.70124608331162,0.404154929321986,-0.857706954400091,0.317801153991705,397.96999999999997,0.8312097547836101,0.9996637154576486,155,70,11908.6756600044,14322.102078264494
21/01/2024 11:00:00,21.65,169.41,0.377863783056772,2.95676228580359,0.170815026144837,-0.913623886329459,0.368935795459582,238.54999999999998,0.9069066482694914,0.9995390620031617,170,70,7788.332914008738,8583.841556670752
21/01/2024 12:00:00,22.18,184.6,0.387114028092342,3.22187779918153,-0.0742643979871132,-0.923019653371908,0.377517574002607,247.90000000000003,0.9196186926620704,0.9964733718822794,180,70,8207.045060793382,8892.926960026216
21/01/2024 13:00:00,20.08,199.55,0.350462113800461,3.48280452235469,-0.314288614513629,-0.885068299769322,0.343331867921615,116.83,0.8686100885849537,0.9491185648595826,180,70,3653.269799377685,3991.8787895716214
21/01/2024 14:00:00,15.58,213.58,0.271922297460717,3.72767421640949,-0.532777845975531,-0.802502721626698,0.26858359707811,29.41,0.7573723991923054,0.845966886040795,180,70,801.8756013688452,895.6759002645521
21/01/2024 15:00:00,9.1,226.41,0.158824961931484,3.95159995944036,-0.715176129977772,-0.680815047477906,0.158158067254484,57.6,0.5932435786604722,0.6985511572271933,180,75,1230.149884710355,1448.515679626308
21/01/2024 16:00:00,1.14,238.1,0.0198967534727354,4.1556289489985,-0.848803647378001,-0.528333738878018,0.0198954407082776,0.0,0.3876565705298072,0.0198954407082776,0,0,0.0,0.0
22/01/2024 08:00:00,6.2,128.7,0.108210413623648,2.2462387473167,0.775865641768707,-0.621585589512752,0.107999355706023,16.54,0.5158944622158116,0.9995257720052897,130,85,307.1841985817828,595.1576256828297
22/01/2024 09:00:00,13.35,141.05,0.233001455141243,2.461786909938,0.611654640884736,-0.756679783295473,0.230898908260912,70.77,0.6983235897548576,0.9994275569769593,140,75,1779.1329760902458,2546.2615754613385
22/01/2024 10:00:00,18.73,154.64,0.326900168898538,2.69897715528403,0.405622356393864,-0.855780097501722,0.321108904755742,65.25,0.8321861942001229,0.999736784910275,155,70,1954.8053701760887,2348.381707754236
22/01/2024 11:00:00,21.86,169.31,0.38152897448596,2.9550169565516,0.172157351922783,-0.911989482058404,0.372339939831573,95.58,0.908158043495801,0.9994098783728307,170,70,3124.862848703832,3438.849462295506
22/01/2024 12:00:00,22.41,184.54,0.391128285371929,3.22083060163034,-0.0731772275351154,-0.921578785647983,0.381231734269149,73.52,0.9212261532345756,0.9963897167412756,180,70,2438.2276842890155,2637.164591093469
22/01/2024 13:00:00,20.31,199.54,0.354476371080048,3.48262998942949,-0.313670639403036,-0.883817163778645,0.347099338787563,56.059999999999995,0.870389406038994,0.9492314325270905,180,70,1756.5850836916559,1915.700907868873
22/01/2024 14:00:00,15.81,213.61,0.275936554740303,3.72819781518509,-0.532596864545744,-0.801319267340681,0.272448181613747,38.59,0.7592682445730561,0.84617656853796,180,70,1054.8058160906726,1175.5423360756756
22/01/2024 15:00:00,9.33,226.47,0.162839219211071,3.95264715699156,-0.715422616800625,-0.679622996863394,0.162120515372252,32.160000000000004,0.5952025455216068,0.6984252817905015,180,75,689.1016991030956,808.6088542457711
22/01/2024 16:00:00,1.36,238.18,0.0237364778271229,4.15702521240009,-0.849469338579122,-0.527103906493339,0.023734248954022,0.0,0.3895013950531185,0.023734248954022,0,0,0.0,0.0
23/01/2024 08:00:00,6.35,128.52,0.11082840750164,2.24309715466311,0.777590698793135,-0.618966862702142,0.110601663762674,72.52,0.5158828524035486,0.9993921401119843,130,85,1346.8256804269922,2609.1330480331594
23/01/2024 09:00:00,13.53,140.89,0.236143047794833,2.45899438313481,0.613304689390713,-0.754402191781492,0.233954463532206,220.99,0.6988736932031709,0.9995575976192179,140,75,5559.987508594875,7952.120405923355
23/01/2024 10:00:00,18.93,154.5,0.330390827402527,2.69653369433124,0.407227173802853,-0.853769524611138,0.32441274290911,295.09000000000003,0.8331006708373103,0.999791781382509,155,70,8850.22837046575,10621.028043653927
23/01/2024 11:00:00,22.08,169.21,0.385368698840348,2.95327162729961,0.173479879933218,-0.910276498784817,0.375900820720587,145.79,0.9094647044306079,0.9992583529581064,170,70,4773.270933321779,5244.547509999444
23/01/2024 12:00:00,22.65,184.49,0.395317075576716,3.21995793700434,-0.0722473225504588,-0.920042214134515,0.385100829127578,282.76,0.9228754963090735,0.996592066073351,180,65,9394.28191210873,10144.669413704427
23/01/2024 13:00:00,20.55,199.53,0.358665161284835,3.48245545650429,-0.31302758226617,-0.882493869038995,0.351024648492355,63.410000000000004,0.8722293084655947,0.949330477212947,180,70,1991.090176192921,2167.0936401626273
23/01/2024 14:00:00,16.05,213.65,0.28012534494509,3.72889594688588,-0.532519110223067,-0.799990223651703,0.276476109833981,82.11,0.7611766441267467,0.8463053085779152,180,70,2250.007712972898,2501.644639943974
23/01/2024 15:00:00,9.56,226.54,0.166853476490658,3.95386888746795,-0.715774247602468,-0.67829532171995,0.166080351041148,74.58,0.5970637640783255,0.6981677269671134,180,75,1603.0445588986147,1874.4965667794634
23/01/2024 16:00:00,1.58,238.27,0.0275762021815104,4.15859600872689,-0.850212483300206,-0.525717109341175,0.0275727072746975,0.0,0.3912349812905446,0.0275727072746975,0,0,0.0,0.0
24/01/2024 08:00:00,6.51,128.34,0.113620934304831,2.23995556200952,0.779286110084738,-0.61632694243872,0.11337662304521,56.99,0.5159783394096888,0.9992373611841572,130,85,1058.601800266494,2050.075339699864
24/01/2024 09:00:00,13.71,140.72,0.239284640448423,2.45602732340642,0.615071976267525,-0.752006522259731,0.237007709767395,29.41,0.6993386701563863,0.9996724613123504,140,75,740.4318104147756,1058.413215139064
24/01/2024 10:00:00,19.13,154.36,0.333881485906515,2.69409023337845,0.408819603033598,-0.851745833859253,0.327712628195584,62.5,0.8340030766468314,0.9998293343255024,155,70,1876.5069224553706,2249.61600223238
24/01/2024 11:00:00,22.31,169.11,0.389382956119935,2.95152629804761,0.174781857985578,-0.908483216466472,0.37961763330731,81.79,0.9108248457271957,0.9990824959995996,170,70,2681.869108752984,2941.7384645210614
24/01/2024 12:00:00,22.89,184.44,0.399505865781502,3.21908527237834,-0.0713189016528871,-0.918488578568271,0.388963167030841,79.95,0.924507995387321,0.9968162885923793,180,65,2660.9189123237875,2869.036641826586
24/01/2024 13:00:00,20.8,199.53,0.363028484414821,3.48245545650429,-0.312512578277336,-0.88104195908465,0.355106962408137,63.410000000000004,0.8740892849439867,0.9493623617333797,180,70,1995.3360560987353,2167.16642487049
24/01/2024 14:00:00,16.29,213.69,0.284314135149876,3.72959407858668,-0.532430406752962,-0.798647649495754,0.280499187021609,56.059999999999995,0.7630720459974378,0.8464196749870347,180,70,1540.001480350189,1708.2103312718339
24/01/2024 15:00:00,9.79,226.61,0.170867733770245,3.95509061794435,-0.716112155351173,-0.676956886365577,0.17003751045143,34.919999999999995,0.5989154816163151,0.6978990859113938,180,75,752.908630249502,877.3428988809313
24/01/2024 16:00:00,1.81,238.37,0.0315904594610974,4.16034133797888,-0.851027637829382,-0.524170138838736,0.0315852054025661,0.0,0.3929783725936887,0.0315852054025661,0,0,0.0,0.0
25/01/2024 08:00:00,6.68,128.15,0.116587994033221,2.23663943643073,0.781057660374818,-0.613528847746515,0.116324048041013,57.64999999999999,0.5160839318799997,0.9990544318746696,130,85,1071.0805922237512,2073.437567912689
25/01/2024 09:00:00,13.9,140.56,0.242600766027212,2.45323479660323,0.616666892563077,-0.749674883682347,0.240228042477264,74.44,0.6999670718038672,0.9997709270247844,140,75,1875.7997577028755,2679.2261210780985
25/01/2024 10:00:00,19.35,154.22,0.337721210260903,2.69164677242565,0.410349293334209,-0.849605003003914,0.331337888462571,64.33,0.8350527267500005,0.9998534940197188,155,70,1933.8819088257912,2315.5407097303864
25/01/2024 11:00:00,22.54,169.02,0.393397213399522,2.94995550172082,0.175917016539426,-0.906704249328596,0.383328328644433,59.74,0.9121907838362924,0.9989559878465487,170,65,1961.7939873496837,2148.3947057023015
25/01/2024 12:00:00,23.13,184.39,0.403694655986288,3.21821260775234,-0.0703920101827352,-0.91691790765588,0.392818680210599,53.31,0.9261236228485177,0.997022187591755,180,65,1777.3794120259613,1913.4451015385926
25/01/2024 13:00:00,21.05,199.53,0.367391807544806,3.48245545650429,-0.311991624499488,-0.879573275361398,0.359182515599231,54.23,0.875932620022366,0.9493761717629208,180,70,1710.0657354172647,1853.4481126093149
25/01/2024 14:00:00,16.53,213.74,0.288502925354663,3.73046674321268,-0.532469882306819,-0.797198661691577,0.284517342587971,46.86000000000001,0.7648887219440849,0.8464323619825529,180,70,1290.3366783707936,1427.8975373700875
25/01/2024 15:00:00,10.03,226.69,0.175056523975031,3.95648688134595,-0.716532105975066,-0.675461851315307,0.17416379797373,44.39,0.6007760580823014,0.6975229547414707,180,75,960.0641718578408,1114.6695825950599
25/01/2024 16:00:00,2.03,238.47,0.0354301838154849,4.16208666723088,-0.851831536912125,-0.52261674290674,0.0354227717080148,0.0,0.3945935249541425,0.0354227717080148,0,0,0.0,0.0
26/01/2024 08:00:00,6.86,127.97,0.119729586686811,2.23349784377714,0.782689306581809,-0.610844205761697,0.119443734242728,114.66,0.5163915545958835,0.99885239968693,130,85,2131.5404033987043,4123.022981331722
26/01/2024 09:00:00,14.1,140.4,0.2460914245312,2.45044226980004,0.618219689528405,-0.74729923157454,0.243615011786022,52.39,0.7006821810545901,0.9998538027311868,140,75,1321.514620756199,1885.7642661031275
26/01/2024 10:00:00,19.56,154.09,0.341386401690091,2.68937784439806,0.411742509965102,-0.847573720504534,0.334793807884406,75.36,0.8360600971785971,0.9998588347115038,155,70,2268.1976012416467,2712.5770242189215
26/01/2024 11:00:00,22.78,168.92,0.397586003604308,2.94821017246882,0.177189109931438,-0.904812136479047,0.387193771904878,90.97999999999999,0.9135861391513586,0.9991010107686993,170,65,2992.2504098396616,3272.335558550505
26/01/2024 12:00:00,23.38,184.35,0.408057979116274,3.21751447605155,-0.0696211954137081,-0.915249046291063,0.396827509646782,81.79,0.9277782301395405,0.9972038900692712,180,65,2731.7873319520686,2936.207022075565
26/01/2024 13:00:00,21.3,199.54,0.371755130674792,3.48262998942949,-0.311617981346494,-0.878033471606523,0.363251230472978,73.52,0.8777208302235384,0.9493208119812765,180,70,2323.0812757692433,2512.586379487084
26/01/2024 14:00:00,16.78,213.79,0.292866248484648,3.73133940783868,-0.532469865201798,-0.795694370719156,0.288697611797925,51.470000000000006,0.7667809243021522,0.8464485271305823,180,70,1420.783710257944,1568.4014048907989
26/01/2024 15:00:00,10.27,226.77,0.179245314179818,3.95788314474754,-0.716936690031396,-0.673955130222286,0.178287029628876,48.0,0.6026262104438262,0.6971347448044287,180,75,1041.3380916469318,1204.648839022053
26/01/2024 16:00:00,2.26,238.58,0.0394444410950718,4.16400652940807,-0.852705101746417,-0.52090205630152,0.0394342135268613,0.0,0.39621757614042336,0.0394342135268613,0,0,0.0,0.0
27/01/2024 08:00:00,7.04,127.78,0.122871179340401,2.23018171819835,0.784410182730856,-0.608012468758901,0.122562241583007,304.1,0.516594331846161,0.9986241676874721,130,85,5655.468107319032,10932.53793817537
27/01/2024 09:00:00,14.3,140.23,0.249582083035189,2.44747521007165,0.61988647541982,-0.744803494423586,0.246999012722743,56.98,0.7013102784009885,0.9999178282177793,140,75,1438.5837478783794,2051.1114426665663
27/01/2024 10:00:00,19.79,153.95,0.345400658969678,2.68693438344527,0.413218757358324,-0.845350878603214,0.338573700413982,158.8,0.8371610982364878,0.9998448131371108,155,70,4785.882566398353,5715.912827742235
27/01/2024 11:00:00,23.02,168.83,0.401774793809095,2.94663937614203,0.178294409844538,-0.902933611660868,0.391052421487514,167.16,0.9149862987999016,0.9992290406654452,170,65,5506.167949466096,6013.12055175489
27/01/2024 12:00:00,23.64,184.31,0.412595835171459,3.21681634435075,-0.0688461732920895,-0.913492356558392,0.400988676813237,68.93,0.9294784524381793,0.9973703737198439,180,65,2306.4821901562937,2474.9546349783186
27/01/2024 13:00:00,21.56,199.55,0.376292986729977,3.48280452235469,-0.311216417314845,-0.876416683943239,0.367475356588233,204.12999999999997,0.8795644969237756,0.9496050617804588,180,65,6463.63802725381,6978.34372540482
27/01/2024 14:00:00,17.04,213.84,0.297404104539834,3.73221207246467,-0.532429004674495,-0.794133078916959,0.293039260085057,62.5,0.7687469332267655,0.8464663239145988,180,70,1729.6805997602223,1904.5492288078472
27/01/2024 15:00:00,10.51,226.86,0.183434104384604,3.95945394107434,-0.717443220103098,-0.672311582328425,0.182407133070904,97.55,0.6043773996659203,0.6966135606855947,180,75,2122.4525521467785,2446.367502415671
27/01/2024 16:00:00,2.5,238.7,0.0436332312998582,4.16610092451046,-0.853645574659096,-0.51902464480101,0.043619387365336,0.0,0.3978494105389651,0.043619387365336,0,0,0.0,0.0
28/01/2024 08:00:00,7.23,127.6,0.12618730491919,2.22704012554476,0.785990101650163,-0.605293863700194,0.125852686403021,71.46000000000001,0.5169986836191331,0.9983757955098952,130,85,1330.0101335312374,2568.381636496936
28/01/2024 09:00:00,14.51,140.06,0.253247274464377,2.44450815034326,0.621508254669059,-0.742261881727743,0.250548973879778,92.27000000000001,0.7020232884356963,0.9999629181666443,140,75,2331.924797662621,3321.5968245325057
28/01/2024 10:00:00,20.02,153.82,0.349414916249265,2.68466545541768,0.414532754619324,-0.843184646670965,0.342348137085737,69.85,0.8382982707133289,0.9998127028717108,155,70,2107.9848315357367,2514.129022641204
28/01/2024 11:00:00,23.27,168.74,0.40613811693908,2.94506857981523,0.179377632057213,-0.900970402227178,0.395064550963693,71.67999999999999,0.9164351040560544,0.9993428750917535,170,65,2364.842457314567,2578.7843023167675
28/01/2024 12:00:00,23.9,184.27,0.417133691226645,3.21611821264995,-0.0680722334159535,-0.911716219938671,0.405141586779863,80.86999999999999,0.9311590849891193,0.997515742861811,180,65,2710.9020673105224,2904.087532508447
28/01/2024 13:00:00,21.82,199.57,0.380830842785163,3.48315358820508,-0.310960560206842,-0.874727757570038,0.371691915613374,60.66,0.8813518031123109,0.9498563695024271,180,65,1924.6608135645397,2074.25834546462
28/01/2024 14:00:00,17.29,213.91,0.30176742766982,3.73343380294107,-0.532680416304468,-0.792413301697176,0.297208232354151,42.27,0.7704787756545819,0.8462761344447692,180,70,1172.4529624890904,1287.7953193072942
28/01/2024 15:00:00,10.76,226.96,0.18779742751459,3.96119927032633,-0.718026986749475,-0.670508788472195,0.186695503108719,32.160000000000004,0.6061349674390747,0.6959821073786202,180,75,701.7588199022632,805.7802446386714
28/01/2024 16:00:00,2.73,238.82,0.0476474885794452,4.16819531961286,-0.854574052560056,-0.517140815508755,0.0476294617439819,0.0,0.3993528928580168,0.0476294617439819,0,0,0.0,0.0
29/01/2024 08:00:00,7.42,127.41,0.129503430497979,2.22372399996598,0.787657175366826,-0.602427243082024,0.12914174726147,72.92,0.5172973939776806,0.9982344022748394,125,85,1357.9677348786888,2620.485094099726
29/01/2024 09:00:00,14.72,139.9,0.256912465893565,2.44171562354007,0.622982922579749,-0.73981600405576,0.254095569258817,180.8,0.7028016133905277,0.9999866361178351,140,75,4574.395141236267,6508.7130171637655
29/01/2024 10:00:00,20.26,153.69,0.353603706454051,2.68239652739009,0.415805560322312,-0.840949074306188,0.346280797083253,494.71000000000004,0.8394982928867064,0.9997592958847996,155,70,14951.095217063372,17805.273165618095
29/01/2024 11:00:00,23.53,168.65,0.410675972994266,2.94349778348844,0.18043797525243,-0.898920571747938,0.399229185775745,790.3000000000001,0.9179304965406687,0.9994402477323213,170,65,26115.85697097926,28434.87460018273
29/01/2024 12:00:00,24.17,184.24,0.42184608020703,3.21559461387435,-0.0674529461099104,-0.909837661597445,0.409445392696006,268.76000000000005,0.9328739939953993,0.9976320577839048,180,65,9025.891726543328,9652.449306600083
29/01/2024 13:00:00,22.09,199.59,0.385543231765547,3.48350265405548,-0.310675150437064,-0.872959283787097,0.376062547657736,604.9899999999999,0.8831918068646822,0.9501006968590742,180,65,19235.599604462303,20692.85114133976
29/01/2024 14:00:00,17.55,213.97,0.306305283725005,3.73448100049227,-0.532750855576491,-0.790728388636091,0.301537959944496,560.38,0.7723489419432024,0.8461736881256128,180,70,15581.120403100744,17070.437208665913
29/01/2024 15:00:00,11.01,227.06,0.192160750644576,3.96294459957833,-0.718592955252605,-0.668693264896445,0.19098031873327,163.78,0.607881020591512,0.6953374381569533,180,75,3584.1151278892016,4099.765162368449
29/01/2024 16:00:00,2.97,238.94,0.0518362787842316,4.17028971471525,-0.855476862934643,-0.515242411859911,0.0518130678910622,0.0,0.40096877504090406,0.0518130678910622,0,0,0.0,0.0
30/01/2024 08:00:00,7.62,127.22,0.132994089001968,2.22040787438719,0.78928678284209,-0.599535639308821,0.132602381688062,354.03000000000003,0.5176997594113949,0.9984047718334363,125,80,6598.124849678982,12724.748689398895
30/01/2024 09:00:00,14.94,139.73,0.260752190247953,2.43874856381168,0.624539993117557,-0.737214451553255,0.25780738821406,363.49,0.7035866903281828,0.9999890892821606,140,75,9206.882138426081,13085.49722627421
30/01/2024 10:00:00,20.5,153.55,0.357792496658838,2.67995306643729,0.41720940343526,-0.838624530881717,0.350207381259467,411.6,0.840631106766001,0.9996800776278034,155,70,12456.135487615897,14812.859518257741
30/01/2024 11:00:00,23.79,168.57,0.415213829049451,2.94210152008684,0.181332044705306,-0.896882794785662,0.403385599619585,545.16,0.9194285990464943,0.9995187363301046,170,65,18044.485022022724,19616.314834717912
30/01/2024 12:00:00,24.44,184.21,0.426558469187414,3.21507101509876,-0.0668341574074654,-0.907938500062861,0.413740106234864,301.62,0.9345679050623066,0.9977258572667373,180,65,10147.837374896144,10833.62663047656
30/01/2024 13:00:00,22.36,199.62,0.390255620745932,3.48402625283108,-0.310533681628564,-0.871117547938255,0.380424828643258,435.93,0.8849741014231156,0.9502750969249298,180,65,13888.323361201636,14913.123228089447
30/01/2024 14:00:00,17.82,214.05,0.311017672705389,3.73587726389386,-0.533052855623409,-0.788797651700533,0.306027642188501,159.86,0.7741583895234907,0.8458949506391713,180,70,4455.250565372109,4868.091605130406
30/01/2024 15:00:00,11.26,227.17,0.196524073774561,3.96486446175552,-0.719257451248787,-0.66673957890487,0.195261498367845,409.96999999999997,0.6095268071296459,0.6945583732261649,180,75,8995.957384281872,10250.931465775107
30/01/2024 16:00:00,3.21,239.08,0.056025068989018,4.17273317566804,-0.8565395766318,-0.513034529026461,0.05599576492928,0.0,0.4023651795566789,0.05599576492928,0,0,0.0,0.0
31/01/2024 07:00:00,-0.79,115.59,-0.0137881010907552,2.01742608238025,0.901822195578114,-0.431887286080715,-0.0137876642149455,0.0,0.29564107783281696,-0.0137876642149455,0,0,0.0,0.0
31/01/2024 08:00:00,7.82,127.04,0.136484747505957,2.2172662817336,0.790792092665794,-0.596770610452126,0.136061400396481,83.41,0.5181904843416236,0.9986579073563835,125,80,1556.0016587616537,2998.730017893454
31/01/2024 09:00:00,15.17,139.57,0.26476644752754,2.43595603700849,0.625920044442093,-0.734673842407035,0.261683861268689,140.62,0.7045312887565611,0.9999693440176853,140,75,3566.5628336981144,5062.164809607609
31/01/2024 10:00:00,20.75,153.42,0.362155819788823,2.6776841384097,0.418423389796805,-0.836301218022222,0.354291037997716,549.37,0.8418758578598882,0.9995802313112814,155,70,16650.048241169523,19769.018100317233
31/01/2024 11:00:00,24.06,168.49,0.419926218029836,2.94070525668525,0.182202820705936,-0.894756102326324,0.407693082448801,852.67,0.9209706507053814,0.9995780430036809,170,65,28270.225610530473,30683.16755740615
31/01/2024 12:00:00,24.72,184.18,0.431445391092998,3.21454741632316,-0.0662105834217479,-0.905945998566121,0.418184177516301,377.64000000000004,0.9363014266816179,0.9977981833245724,180,65,12729.055347793663,13565.106214224896
31/01/2024 13:00:00,22.64,199.65,0.395142542651516,3.48454985160668,-0.310360875784236,-0.869193600223766,0.384939751276079,204.77999999999997,0.8868061973577523,0.9504394968844136,180,65,6537.606231417138,7006.7160061916475
31/01/2024 14:00:00,18.09,214.13,0.315730061685774,3.73727352729546,-0.533338642504141,-0.786850115355549,0.310510528608612,238.24,0.7759511527542948,0.8455981025629968,180,70,6655.053694758595,7252.390510365901
31/01/2024 15:00:00,11.52,227.28,0.201061929829747,3.96678432393271,-0.71987778163984,-0.664749504087246,0.199709980514407,29.41,0.6112651636228565,0.6937874604649032,180,75,647.1831046373356,734.5544116418209
31/01/2024 16:00:00,3.45,239.21,0.0602138591938044,4.17500210369564,-0.857492391432075,-0.510965233260369,0.0601774794692935,0.92,0.40385888519642454,0.5142656692030197,180,85,13.375806277705582,17.032478964004017
01/02/2024 07:00:00,-0.6,115.39,-0.010471975511966,2.01393542387626,0.90336060785658,-0.428753954979325,-0.0104717841162458,0.0,0.2957701594667135,-0.0104717841162458,0,0,0.0,0.0
01/02/2024 08:00:00,8.04,126.85,0.140324471860344,2.21395015615481,0.792342804792363,-0.593827271218003,0.139864404519344,111.13,0.5187983592139996,0.9989066808387324,125,80,2075.546219740264,3996.3059798978998
01/02/2024 09:00:00,15.4,139.4,0.268780704807127,2.43298897728009,0.627408432060057,-0.732009977968383,0.265556117486809,113.46000000000001,0.705385750778153,0.9999245699703742,140,75,2881.1904221984128,4084.251901518192
01/02/2024 10:00:00,21.01,153.29,0.366693675844009,2.67541521038211,0.419592862670966,-0.833904931258413,0.358530884608962,316.0,0.8431794515295341,0.9994539791005049,155,70,9592.00944059998,11369.788466247344
01/02/2024 11:00:00,24.33,168.4,0.42463860701022,2.93913446035845,0.183219725131328,-0.892576902298286,0.411991511813529,75.36,0.9224691721402445,0.9996096559692534,170,65,2502.621965249598,2711.901012258346
01/02/2024 12:00:00,25.0,184.16,0.436332312998582,3.21419835047276,-0.0657453092341035,-0.903919995993551,0.422618261740699,119.47,0.9380041975472763,0.9978359263838228,180,65,4034.2810133150315,4291.612492502712
01/02/2024 13:00:00,22.92,199.68,0.4000294645571,3.48507345038228,-0.310178717600318,-0.867249318614355,0.389445480793858,90.97999999999999,0.8886174145434155,0.9505815828982899,180,65,2910.4708455057576,3113.4208468351108
01/02/2024 14:00:00,18.36,214.21,0.320442450666159,3.73866979069705,-0.533608163635063,-0.784885864401604,0.314986519655305,23.89,0.777727221206455,0.8452831895355172,180,70,668.8765193263995,726.9773543281261
01/02/2024 15:00:00,11.78,227.4,0.205599785884932,3.9688787190351,-0.72059393416029,-0.662620089750269,0.204154350212632,152.31,0.6129020842569393,0.692880891683324,180,75,3360.640192314279,3799.1767900423347
01/02/2024 16:00:00,3.7,239.36,0.0645771823237902,4.17762009757363,-0.858593065552858,-0.508579914050969,0.064532308252958,0.92,0.4052515387719988,0.5122689751905383,180,85,13.421930964128602,16.96634845831063
02/02/2024 07:00:00,-0.4,115.18,-0.0069813170079773,2.01027023244707,0.904953568730726,-0.425453053163536,-0.0069812602979615,0.0,0.29590424247054004,-0.0069812602979615,0,0,0.0,0.0
02/02/2024 08:00:00,8.25,126.66,0.143989663289532,2.21063403057602,0.793891088245598,-0.590886459007411,0.143492621991179,30.32,0.5192844281356479,0.9991245711300639,125,80,566.8093389986224,1090.5644518798874
02/02/2024 09:00:00,15.64,139.24,0.272969495011913,2.43019645047691,0.628718370374143,-0.729406109777423,0.269592169347421,117.01,0.7063984575628686,0.9998557865817119,140,75,2975.6046066995254,4211.752521165341
02/02/2024 10:00:00,21.27,153.16,0.371231531899194,2.67314628235451,0.420744940110967,-0.831490498135661,0.362763348315577,64.33,0.8444649932837882,0.9993028391568926,155,70,1955.6795886460595,2314.2654591466644
02/02/2024 11:00:00,24.61,168.33,0.429525528915804,2.93791272988206,0.183900623727438,-0.890369991702686,0.416439477557085,66.17,0.9240538374323772,0.9996268528197106,170,65,2201.2071272244143,2381.231118638889
02/02/2024 12:00:00,25.29,184.14,0.441393767829366,3.21384928462236,-0.065274513149709,-0.901797839123297,0.427200064706947,84.55,0.9397434299810726,0.9978489526922325,180,65,2860.3910521763887,3037.252642204617
02/02/2024 13:00:00,23.21,199.73,0.405090919387884,3.48594611500827,-0.310265996699626,-0.865111767531833,0.394102322969473,68.00999999999999,0.8903988223591244,0.9506123702524707,180,65,2180.0168607111855,2327.441302831339
02/02/2024 14:00:00,18.63,214.3,0.325154839646544,3.74024058702385,-0.533998001564699,-0.782811795813921,0.319455515932175,49.63,0.7794206908159307,0.8448626893358047,180,70,1392.5753598670071,1509.4992697824955
02/02/2024 15:00:00,12.04,227.53,0.210137641940117,3.9711476470627,-0.721404724616366,-0.660351081788649,0.208594515943604,38.59,0.6144373246386738,0.6918705649247651,180,70,853.6009088810314,961.1742636160808
02/02/2024 16:00:00,3.95,239.51,0.068940505453776,4.18023809145162,-0.859670757279647,-0.506182694980175,0.0688859084344947,2.7600000000000002,0.4066349091219902,0.510454554923671,180,80,40.40324457036095,50.71876457721596
03/02/2024 07:00:00,-0.2,114.97,-0.0034906585039886,2.00660504101788,0.906523422311665,-0.422141090339527,-0.0034906514152237,0.0,0.29603056431009944,-0.0034906514152237,0,0,0.0,0.0
03/02/2024 08:00:00,8.48,126.47,0.148003920569119,2.20731790499723,0.795376548296143,-0.587903448576935,0.147464170468155,103.67,0.5199834300917889,0.9993275639353272,125,80,1940.6405591141672,3729.6103879143134
03/02/2024 09:00:00,15.89,139.07,0.277332818141899,2.42722939074851,0.630103139497674,-0.726641813642709,0.273791358996606,208.94,0.7074130804972316,0.9997569803068047,140,75,5321.048005407297,7520.012044750936
03/02/2024 10:00:00,21.53,153.04,0.375769387954379,2.67105188725212,0.42173481789363,-0.829131654346906,0.366988341962233,76.28,0.8457845605030203,0.9991320724451077,155,70,2322.592065906134,2743.696601500061
03/02/2024 11:00:00,24.89,168.25,0.434412450821389,2.93651646648046,0.184726993153223,-0.888109266787148,0.420877497910454,578.9100000000001,0.925593417801114,0.9996147092002594,170,65,19290.070277972747,20832.7302469124
03/02/2024 12:00:00,25.58,184.13,0.446455222660149,3.21367475169716,-0.0649605604547257,-0.899641036839275,0.431770923546459,55.14,0.9414504257416274,0.9978259544045415,180,65,1868.81675311416,1980.724432531191
03/02/2024 13:00:00,23.5,199.77,0.410152374218668,3.48664424670907,-0.310191195615229,-0.863006721986593,0.398749068925246,49.63,0.8921960759551568,0.9506683507813323,180,65,1594.0688849875596,1698.5401289739907
03/02/2024 14:00:00,18.91,214.39,0.330041761552128,3.74181138335064,-0.534338816782065,-0.780674412632766,0.324082536308931,51.470000000000006,0.7811811301596344,0.8444944974647361,180,65,1447.46613969539,1564.780744242359
03/02/2024 15:00:00,12.3,227.66,0.214675497995303,3.97341657509029,-0.722194045792233,-0.65806824474805,0.213030386274977,63.58,0.6159597490787005,0.6912425568097678,180,70,1409.8579504712561,1582.1712634307414
03/02/2024 16:00:00,4.2,239.66,0.0733038285837618,4.18285608532961,-0.860725391565432,-0.503773725789693,0.0732381971276317,6.43,0.4080090435203297,0.5088379503883603,180,80,94.44593339408591,117.78580875589765
04/02/2024 07:00:00,0.02,114.77,0.0003490658503988,2.00311438251389,0.907996923365154,-0.418976688268515,0.00034906584331,0.92,0.2965080842586343,0.9999918819570741,115,90,9.820347750645968,33.1197311304183
04/02/2024 08:00:00,8.71,126.28,0.152018177848706,2.20400177941844,0.796838111404504,-0.584907656763401,0.151433342672116,133.85,0.5206717139665338,0.999503646543522,125,80,2508.9087209191393,4816.208271234615
04/02/2024 09:00:00,16.14,138.91,0.281696141271885,2.42443686394532,0.631338662094642,-0.72397213115151,0.277985336052978,240.76,0.7084909195207914,0.9996341685802986,140,75,6140.745856217726,8664.189207386138
04/02/2024 10:00:00,21.81,152.91,0.380656309859963,2.66878295922453,0.422793200319592,-0.826566063366332,0.371529881240528,98.33000000000001,0.8471817669436128,0.998920699652238,155,70,2998.9217931683565,3536.0594062849646
04/02/2024 11:00:00,25.18,168.18,0.439473905652172,2.93529473600406,0.185373150878315,-0.885786470870998,0.425463421406996,73.52,0.9271936906598994,0.9995813098828921,170,65,2454.022084943369,2645.611844493248
04/02/2024 12:00:00,25.87,184.12,0.451516677490933,3.21350021877196,-0.0646457024642379,-0.897461104964099,0.436330721161739,108.44,0.9431332449447685,0.9977773189129192,180,65,3681.841286945185,3895.1630086650107
04/02/2024 13:00:00,23.79,199.82,0.415213829049451,3.48751691133507,-0.310255892087108,-0.860825963505272,0.403385599619585,419.98,0.8939325691400315,0.9506513949306138,180,65,13515.616813947496,14373.16462234653
04/02/2024 14:00:00,19.19,214.49,0.334928683457712,3.74355671260264,-0.534797315767211,-0.778425941612502,0.328701816960108,79.95,0.7828575457265553,0.8444088830294374,180,65,2253.220588110172,2430.377647135327
04/02/2024 15:00:00,12.57,227.79,0.219387886975687,3.97568550311788,-0.722933699795878,-0.65574620192876,0.217632222695651,34.919999999999995,0.6175718065939448,0.6906344710594923,180,70,776.3618695053799,868.2104062583088
04/02/2024 16:00:00,4.45,239.82,0.0776671517137477,4.1856486121328,-0.861844383936848,-0.501202744167677,0.077589091471066,2.7600000000000002,0.4092676318755647,0.5070615526281058,180,80,40.66483190315611,50.3816358691286
05/02/2024 07:00:00,0.23,114.56,0.0040142572795869,1.9994491910847,0.90951917810151,-0.415642575406566,0.0040142464984637,0.92,0.2967421845402418,0.9999624562963227,115,90,9.82810115197281,33.118756552534215
05/02/2024 08:00:00,8.94,126.09,0.156032435128293,2.20068565383965,0.798275685898775,-0.581899257693142,0.155400074642869,44.11,0.5213493576591073,0.9996528322531225,125,80,827.881925988356,1587.4087115046684
05/02/2024 09:00:00,16.39,138.74,0.286059464401871,2.42146980421693,0.63267801478765,-0.721177059856803,0.282174020669259,106.36,0.7094763529508281,0.9994816731785189,140,75,2716.556576394603,3826.975347333622
05/02/2024 10:00:00,22.08,152.78,0.385368698840348,2.66651403119694,0.423861989593833,-0.824038583295191,0.375900820720587,53.31,0.848485289592501,0.9986875683609213,155,70,1628.3790283743444,1916.641233695546
05/02/2024 11:00:00,25.48,168.1,0.444709893408155,2.93389847260247,0.186147839659899,-0.883334803869958,0.430196008886619,56.059999999999995,0.9288065449976528,0.9995150990322351,170,65,1874.480216852463,2017.1813922628955
05/02/2024 12:00:00,26.17,184.11,0.456752665246916,3.21332568584676,-0.0643244393410118,-0.895181335255998,0.441035988908788,69.85,0.9448483310558633,0.9976996779500993,180,65,2375.9156132730736,2508.81561017332
05/02/2024 13:00:00,24.09,199.88,0.420449816805434,3.48856410888627,-0.310434684795462,-0.858502551773247,0.408171134543791,72.60000000000001,0.8956735531453393,0.9505681232365546,180,65,2340.932398500659,2484.4048468910596
05/02/2024 14:00:00,19.48,214.6,0.339990138288495,3.74547657477983,-0.535339207411968,-0.776018358856778,0.333477794950067,58.82,0.7845322540572127,0.844245287546218,180,65,1661.262738611229,1787.7062812848674
05/02/2024 15:00:00,12.84,227.93,0.224100275956072,3.97812896407068,-0.723764482062882,-0.653283357742989,0.222229226251396,32.160000000000004,0.6190808851565863,0.6898924223669822,180,70,716.7470855988895,798.7298509195975
05/02/2024 16:00:00,4.7,239.99,0.0820304748437335,4.18861567186119,-0.86302630918099,-0.498469327506641,0.0819385086300409,8.27,0.4104103167860582,0.5051249310716741,180,80,122.18735951354525,150.3857944786588
06/02/2024 07:00:00,0.45,114.35,0.0078539816339744,1.99578399965552,0.911015716883586,-0.41229683461302,0.0078539008887113,0.0,0.2970914341937898,0.0078539008887113,0,0,0.0,0.0
06/02/2024 08:00:00,9.18,125.9,0.160221225333079,2.19736952826086,0.799666638451352,-0.578862107796892,0.159536602398486,53.76,0.5221267351985521,0.9997776521673127,125,80,1010.5031982338697,1934.9296768985303
06/02/2024 09:00:00,16.66,138.58,0.290771853382255,2.41867727741374,0.63380270408929,-0.718402369815559,0.286691763628628,42.27,0.7107088774892014,0.9992961439780103,140,75,1081.4999130528677,1520.648928214218
06/02/2024 10:00:00,22.37,152.66,0.390430153671131,2.66441963609454,0.424707664345706,-0.82144842754953,0.380586232964907,69.85,0.8499668596710279,0.9984200095531157,155,70,2137.326665328767,2510.6269560222645
06/02/2024 11:00:00,25.77,168.03,0.449771348238939,2.93267674212607,0.186772905883868,-0.880965346841394,0.434759633926976,102.01,0.9303580560778543,0.9994273097675465,170,65,3416.609710818069,3670.256875297947
06/02/2024 12:00:00,26.48,184.11,0.462163185928099,3.21332568584676,-0.064152473604634,-0.89278814661594,0.445885394908244,126.82,0.9465851390067619,0.9975801599837321,180,65,4321.653383838151,4554.472172008928
06/02/2024 13:00:00,24.39,199.94,0.425685804561417,3.48961130643746,-0.310600417022317,-0.856156184415216,0.412945479250157,69.85,0.8973903923929143,0.9504593174894779,180,65,2256.5778807112224,2390.024999759041
06/02/2024 14:00:00,19.77,214.71,0.345051593119279,3.74739643695702,-0.535860076702339,-0.773591715767087,0.338245229815732,70.77,0.7861874437953498,0.8440608070535616,180,65,2002.9854743062883,2150.4305993464995
06/02/2024 15:00:00,13.11,228.08,0.228812664936457,3.98074695794867,-0.72468501777901,-0.650679433519558,0.226821294858538,115.87,0.6204867155322864,0.6890161139523145,180,70,2588.2486462341367,2874.1066964515685
06/02/2024 16:00:00,4.95,240.16,0.0863937979737193,4.19158273158958,-0.864183145011471,-0.495723869664826,0.0862863657979234,8.27,0.41154338421568926,0.5031761803774454,180,80,122.52469634869499,149.80561242197302
07/02/2024 07:00:00,0.68,114.14,0.0118682389135614,1.99211880822633,0.912484618539638,-0.40893883704892,0.0118679602985372,8.27,0.2975553399737803,0.9998169358055188,115,90,88.58817581699387,297.665498128019
07/02/2024 08:00:00,9.43,125.71,0.164584548463065,2.19405340268207,0.80100896049591,-0.575795343712733,0.163842507805506,413.52000000000004,0.5230029404307956,0.9998759256721044,125,80,7785.798333369935,14884.87294022143
07/02/2024 09:00:00,16.92,138.42,0.295309709437441,2.41588475061055,0.634936439007929,-0.715649123535994,0.291036166828272,661.3,0.711833995337321,0.9990872345780053,140,75,16946.489560196533,23785.069976151655
07/02/2024 10:00:00,22.65,152.54,0.395317075576716,2.66232524099215,0.425564428540657,-0.818896982877648,0.385100829127578,792.74,0.8513550174026614,0.9983881843776812,155,65,24296.514353848288,28492.640974208265
07/02/2024 11:00:00,26.08,167.97,0.455181868920121,2.93162954457488,0.187202332840566,-0.878455778530491,0.43962567230024,939.2600000000001,0.9320243320386128,0.9993114816724814,170,65,31514.874267981148,33790.078881925016
07/02/2024 12:00:00,26.79,184.11,0.467573706609281,3.21332568584676,-0.063978629890387,-0.890368822796879,0.450721748209078,921.8399999999999,0.9482942369436513,0.9974314391923162,180,65,31470.32013782888,33100.99912458161
07/02/2024 13:00:00,24.69,200.0,0.4309217923174,3.49065850398866,-0.310753036420985,-0.853786950593616,0.417708502847611,845.56,0.8990830573761557,0.9503250031810371,180,65,27368.232119819357,28928.045148831276
07/02/2024 14:00:00,20.06,214.83,0.350113047950062,3.74949083205942,-0.536494421508116,-0.771052522251267,0.343003999423668,650.17,0.7877569211014445,0.8437706591371115,180,65,18438.333026130942,19749.397300242326
07/02/2024 15:00:00,13.38,228.23,0.233525053916841,3.98336495182666,-0.725580754851119,-0.648060764586357,0.231408326542989,425.65,0.6218785581815303,0.6881242273136595,180,70,9529.29389843886,10544.40278481813
07/02/2024 16:00:00,5.21,240.34,0.0909316540289046,4.19472432424317,-0.865387075390405,-0.492807679180021,0.0908063934337355,22.17,0.4126774683410853,0.501089187940712,180,80,329.3661410323871,399.9293026792411
08/02/2024 07:00:00,0.91,113.93,0.0158824961931484,1.98845361679714,0.913926415511161,-0.40556907494966,0.0158818284652042,9.19,0.29801079174184714,0.999699524627267,115,90,98.5938903398727,330.740590727685
08/02/2024 08:00:00,9.68,125.52,0.168947871593051,2.19073727710328,0.802324456680305,-0.572715135434877,0.168145293887351,405.06,0.5238674334865243,0.9999444227738171,125,80,7639.118733889855,14581.349563995445
08/02/2024 09:00:00,17.19,138.25,0.300022098417825,2.41291769088216,0.636136704255488,-0.712730961054356,0.295541318014081,650.1,0.7129561658117068,0.9988392090689191,140,75,16685.740922190864,23376.433313365356
08/02/2024 10:00:00,22.95,152.41,0.400553063332699,2.66005631296456,0.426481624671631,-0.81613100793537,0.389927687788188,801.3100000000001,0.8528122822551307,0.998621819441907,150,65,24601.21235617892,28807.403404931803
08/02/2024 11:00:00,26.39,167.9,0.460592389601304,2.93040781409848,0.187774076227274,-0.87588781017024,0.44447884121989,904.3199999999999,0.9336402128505351,0.9991604879675555,170,65,30395.14262225985,32528.18924923751
08/02/2024 12:00:00,27.1,184.11,0.472984227290463,3.21332568584676,-0.0638029132873132,-0.887923434621285,0.455544907233515,916.6999999999999,0.9499755748349759,0.9972535199294545,180,65,31350.333940244003,32910.56286189591
08/02/2024 13:00:00,25.0,200.07,0.436332312998582,3.49188023446506,-0.311015775285833,-0.851271397596925,0.422618261740699,842.3100000000001,0.9007760166010549,0.9501200916803955,180,65,27314.375275556446,28810.643559239303
08/02/2024 14:00:00,20.35,214.95,0.355174502780846,3.75158522716181,-0.537106699636925,-0.768494346956408,0.347753981862428,659.3800000000001,0.78930676279595,0.8434595942683434,180,65,18736.31135708617,20021.773941671774
08/02/2024 15:00:00,13.66,228.39,0.238411975822425,3.98615747862985,-0.72653343341,-0.645273360638236,0.236159819165145,437.74999999999994,0.623267378601792,0.6871300305801015,180,70,9822.07061938564,10828.482151911818
08/02/2024 16:00:00,5.47,240.52,0.0954695100840898,4.19786591689676,-0.866563363487289,-0.489878726834386,0.0953245511750099,29.980000000000004,0.4138012062530402,0.49898930282071136,180,80,446.6073658847813,538.5491747483375
09/02/2024 07:00:00,1.15,113.72,0.0200712863979348,1.98478842536795,0.915337825447332,-0.402186353401718,0.020069938783589,17.35,0.29858028760291877,0.9995490965425755,115,90,186.49324763678308,624.3183657004927
09/02/2024 08:00:00,9.93,125.33,0.173311194723037,2.18742115152449,0.80361302793305,-0.569621685979154,0.172444878725177,404.65999999999997,0.5247202999942384,0.9999831640017361,125,80,7643.999397444066,14567.51473721793
09/02/2024 09:00:00,17.47,138.09,0.304909020323409,2.41012516407897,0.637152195914168,-0.709868438991326,0.300206393279311,642.52,0.714230763404432,0.9985590224681935,140,75,16520.671803694164,23097.389152185493
09/02/2024 10:00:00,23.24,152.29,0.405614518163482,2.65796191786216,0.427266790134569,-0.813478308644285,0.394583491055234,797.63,0.8542286906599545,0.998863182324468,150,65,24528.903499119584,28682.036644228756
09/02/2024 11:00:00,26.7,167.84,0.466002910282486,2.92936061654728,0.188181875453761,-0.873326982998644,0.449318998615897,900.98,0.9352519427087795,0.9989845678259529,170,65,30335.15863230322,32402.344173113772
09/02/2024 12:00:00,27.42,184.12,0.478569280896845,3.21350021877196,-0.0637740949515064,-0.885360782565966,0.460509662772994,901.3199999999999,0.9516741184977372,0.9970291647723156,180,65,30879.464993437694,32351.123764533004
09/02/2024 13:00:00,25.31,200.15,0.441742833679765,3.49327649786665,-0.311411824351847,-0.848677232799224,0.427515649049373,834.56,0.9024046408571453,0.9498387052348454,180,65,27111.989414654607,28537.106034268527
09/02/2024 14:00:00,20.65,215.08,0.360410490536829,3.7538541551894,-0.5377951224004,-0.765773121148878,0.352658380374328,664.2099999999999,0.7908504990197114,0.8430660145026768,180,65,18910.46915833977,20159.023589741624
09/02/2024 15:00:00,13.93,228.55,0.24312436480281,3.98895000543304,-0.72749031885904,-0.64249815690929,0.240736275485307,438.65000000000003,0.6245410565236708,0.6860874323613788,180,70,9862.377639987895,10834.281079391478
09/02/2024 16:00:00,5.72,240.71,0.0998328332140756,4.20118204247555,-0.867812075021369,-0.486794283956681,0.0996670836044028,35.370000000000005,0.4146908099063786,0.4967057924038478,180,80,528.03410206999,632.4654195836675
10/02/2024 07:00:00,1.4,113.51,0.0244346095279206,1.98112323393876,0.916716734551902,-0.398790041579796,0.0244321781526531,18.77,0.2992633015216378,0.999363469203153,115,90,202.21819810420112,675.2898834099545
10/02/2024 08:00:00,10.19,125.14,0.177849050778222,2.1841050259457,0.804849339287115,-0.56649743560022,0.176912963084873,404.24,0.5256705341148241,0.9999916081364852,125,80,7649.894041580754,14552.51787623134
10/02/2024 09:00:00,17.75,137.93,0.309795942228993,2.40733263727578,0.63814140483426,-0.706988901337437,0.304864299028011,635.74,0.7154882595437186,0.9986450246332701,140,70,16375.122220403653,22855.629166572784
10/02/2024 10:00:00,23.55,152.17,0.411025038844665,2.65586752275977,0.427966644368556,-0.810681803044435,0.39954920287812,802.2600000000001,0.8557625510900555,0.9990839876104118,150,65,24715.586312550287,28854.90431641185
10/02/2024 11:00:00,27.02,167.78,0.471587963888868,2.92831341899609,0.188562201988667,-0.870663224401596,0.454301492024625,899.26,0.9368915358178919,0.9987726075613826,170,65,30330.32696998551,32333.625182723365
10/02/2024 12:00:00,27.74,184.13,0.484154334503227,3.21367475169716,-0.0637423899215809,-0.882770551212088,0.465460053753049,891.76,0.9533430033740897,0.9972317499389846,180,60,30605.513640799618,32014.489871721198
10/02/2024 13:00:00,25.63,200.22,0.447327887286147,3.49449822834305,-0.311618327845759,-0.846042369693287,0.432557887957647,833.3399999999999,0.9041069126118422,0.9495816505268553,180,65,27123.42436401429,28487.677415401784
10/02/2024 14:00:00,20.94,215.21,0.365471945367613,3.756123083217,-0.538495148426313,-0.763082750644356,0.357390110090313,568.1500000000001,0.7922939579609745,0.8426274261520112,180,65,16205.105239758996,17234.595798057548
10/02/2024 15:00:00,14.21,228.72,0.248011286708394,3.99191706516143,-0.728500635389558,-0.639553025004082,0.245476582274437,244.47,0.6258104368575077,0.6849411940502395,180,70,5507.707589947977,6028.112653540634
10/02/2024 16:00:00,5.98,240.9,0.104370689269261,4.20449816805434,-0.869017436035122,-0.483688899929281,0.104181303275318,30.71,0.41568700714348555,0.49443147215702665,180,80,459.56692761755187,546.6236583579224
11/02/2024 07:00:00,1.65,113.3,0.0287979326579064,1.97745804250957,0.918065564261038,-0.395381496816779,0.0287939523682635,18.35,0.2999373365315934,0.9991454108091178,115,90,198.1386045127706,660.0354583805032
11/02/2024 08:00:00,10.46,124.95,0.182561439758607,2.18078890036691,0.80603120247707,-0.563341501055178,0.181549039717282,349.79,0.526717152621921,0.9999674028947008,125,80,6632.654141362383,12592.029522907345
11/02/2024 09:00:00,18.04,137.77,0.314857397059777,2.40454011047259,0.639067903217327,-0.70405253111918,0.309680881718724,335.28000000000003,0.7168177705330638,0.9987382837909622,140,70,8652.047835755724,12054.850984419618
11/02/2024 10:00:00,23.85,152.05,0.416261026600648,2.65377312765738,0.428677168754044,-0.807924589144249,0.404343595528745,767.43,0.8572030539989799,0.9992680649942468,150,65,23682.360230295737,27607.258480267254
11/02/2024 11:00:00,27.34,167.72,0.47717301749525,2.92726622144489,0.188931246302653,-0.867972477465615,0.459269814523802,870.41,0.9385020249432925,0.9985287946871422,170,65,29407.735711112084,31288.660134610873
11/02/2024 12:00:00,28.07,184.14,0.489913921034808,3.21384928462236,-0.063701861524387,-0.880070923532883,0.470549936128256,868.04,0.9550331686783957,0.9974387449756368,180,60,29844.251702625406,31169.402214791462
11/02/2024 13:00:00,25.94,200.31,0.452738407967329,3.49606902466984,-0.312129987926398,-0.843344612527992,0.437429691672933,783.11,0.905644195669956,0.9491955654181106,180,65,25531.88493855957,26759.683412444756
11/02/2024 14:00:00,21.24,215.35,0.370707933123596,3.75856654416979,-0.539268028104596,-0.760227960905982,0.362275366704546,643.8399999999999,0.793729714857869,0.842104706640235,180,65,18397.257826107252,19518.50499563696
11/02/2024 15:00:00,14.49,228.9,0.252898208613978,3.99505865781502,-0.729593539404688,-0.636465010370301,0.250211026602094,427.89,0.6269746384587944,0.6836586848135093,180,70,9657.942409804808,10531.10572721469
11/02/2024 16:00:00,6.25,241.1,0.109083078249646,4.20798882655833,-0.870261061953173,-0.480409916225823,0.108866874851965,37.67,0.4166816149669522,0.4922171658803713,180,75,565.0702716889833,667.5055429936891
12/02/2024 07:00:00,1.9,113.09,0.0331612557878923,1.97379285108039,0.919384218221506,-0.391960959065129,0.0331551783885263,32.15,0.30060250358531215,0.9988949354430758,115,90,347.9173376496402,1156.120998281816
12/02/2024 08:00:00,10.73,124.76,0.187273828738992,2.17747277478813,0.807183052464122,-0.56017151256481,0.186181084768448,254.43999999999997,0.5277509827305396,0.9999103471597856,125,80,4834.1145616545045,9159.018794328089
12/02/2024 09:00:00,18.33,137.6,0.319918851890561,2.4015730507442,0.640088919252112,-0.700986811852988,0.314489530920899,501.84000000000003,0.7180502081099305,0.9987928089149991,140,70,12972.467391763952,18044.430596132515
12/02/2024 10:00:00,24.16,151.94,0.42167154728183,2.65185326548018,0.429192099909748,-0.805157739511204,0.409286154029511,792.7099999999999,0.8587415124932332,0.9994185631908445,150,65,24506.38743726639,28520.967212172516
12/02/2024 11:00:00,27.67,167.67,0.482932604026831,2.92639355681889,0.189120617984531,-0.865208704196895,0.464378391007893,887.48,0.9401600511974293,0.9985391374387328,170,60,30037.436720521004,31902.606492988554
12/02/2024 12:00:00,28.4,184.16,0.49567350756639,3.21419835047276,-0.0638113985862894,-0.877331019146557,0.475624209070275,871.2900000000001,0.9566838165139149,0.9976030546441476,180,60,30007.765529654724,31291.256357312377
12/02/2024 13:00:00,26.26,200.4,0.458323461573711,3.49763982099664,-0.312597855292449,-0.840550302213141,0.442445217304876,815.5400000000001,0.9072148320831472,0.9491605235277053,180,60,26635.31942965524,27866.821440880256
12/02/2024 14:00:00,21.55,215.49,0.376118453804778,3.76101000512258,-0.539978132569913,-0.757300967024792,0.367313029566913,655.46,0.7952221832072994,0.841580957615233,180,65,18764.507959382034,19858.4155612253
12/02/2024 15:00:00,14.77,229.08,0.257785130519562,3.99820025046861,-0.730656768110188,-0.633361303601448,0.254939495400477,437.47,0.6281235187076895,0.6823593860418689,180,70,9892.267046245906,10746.42338202251
12/02/2024 16:00:00,6.51,241.3,0.113620934304831,4.21147948506232,-0.871490397918559,-0.477127056120921,0.11337662304521,152.01,0.41754915585397656,0.4902133752419809,180,75,2284.979298529067,2682.624066139206
13/02/2024 07:00:00,2.16,112.88,0.0376991118430775,1.9701276596512,0.920666555418991,-0.388526117350219,0.0376901826699345,28.209999999999997,0.3013804359964906,0.9986055007958536,115,90,306.069915580596,1014.1438023882371
13/02/2024 08:00:00,11.01,124.57,0.192160750644576,2.17415664920934,0.808277349237196,-0.556968800352973,0.19098031873327,376.08000000000004,0.528879894088387,0.9998174104742923,125,80,7160.441420475381,13536.407942322188
13/02/2024 09:00:00,18.63,137.44,0.325154839646544,2.39878052394101,0.640921409146507,-0.697974154706436,0.319455515932175,553.74,0.7194314194889575,0.9989068170436043,135,70,14341.606352201352,19912.847791310116
13/02/2024 10:00:00,24.48,151.82,0.427256600888212,2.64975887037779,0.429791267788811,-0.802229608035607,0.414375580993284,486.29,0.8602697791890702,0.9995427150906762,150,65,15060.261273186708,17498.43456917202
13/02/2024 11:00:00,28.0,167.62,0.488692190558412,2.92552089219289,0.189299011590259,-0.862416567527737,0.469471562785891,893.02,0.9417871287266384,0.9987312253221012,170,60,30277.250701036653,32107.930518137142
13/02/2024 12:00:00,28.73,184.19,0.501433094097971,3.21472194924835,-0.0640695425592783,-0.874550874191815,0.480682704251543,884.24,0.9582948534090092,0.9977246260777719,180,60,30505.055082421764,31760.208841068325
13/02/2024 13:00:00,26.59,200.49,0.464083048105292,3.49921061732343,-0.313020583208949,-0.837657238662481,0.447603021665266,827.0500000000001,0.9088162456673372,0.9492339591782659,180,60,27058.913135250168,28262.302053781856
13/02/2024 14:00:00,21.85,215.64,0.381354441560761,3.76362799900057,-0.540830807767578,-0.754311348399487,0.372177950777872,666.07,0.7965482223823921,0.8409274475205303,180,65,19100.047481360638,20164.195618919985
13/02/2024 15:00:00,15.05,229.26,0.262672052425147,4.0013418431222,-0.731690208734237,-0.630242134998368,0.259661875744492,443.63000000000005,0.6292571606013825,0.6810434755246657,180,70,10049.664749673288,10876.72741369227
13/02/2024 16:00:00,6.77,241.51,0.118158790360016,4.21514467649151,-0.872772130425085,-0.473679387638873,0.117884036575442,163.82999999999998,0.4182985087638763,0.48804978768046475,180,75,2467.0744088682904,2878.459081764859
14/02/2024 07:00:00,2.42,112.67,0.0422369678982628,1.96646246822201,0.921917078953383,-0.385079210895649,0.0422244108312478,34.19,0.30214928854866013,0.9982821343987325,115,90,371.8974303172328,1228.7255823033358
14/02/2024 08:00:00,11.29,124.38,0.19704767255016,2.17084052363055,0.809339942286016,-0.553751758859337,0.195774991714107,427.27,0.5299954480112004,0.9996900120827046,125,80,8152.24158258284,15376.951852652777
14/02/2024 09:00:00,18.93,137.28,0.330390827402527,2.39598799713782,0.641724448955358,-0.694943237862726,0.32441274290911,654.4200000000001,0.7207935264468293,0.9991219466122049,135,70,16981.261184784027,23538.43383487053
14/02/2024 10:00:00,24.8,151.71,0.432841654494594,2.6478390082006,0.43022709221463,-0.799352612841235,0.419452082446177,809.5600000000001,0.8618250649797328,0.9996275208408445,150,65,25117.16758577973,29133.30440778891
14/02/2024 11:00:00,28.33,167.57,0.494451777089993,2.9246482275669,0.189466371930136,-0.859596177163208,0.474549160903305,905.4999999999999,0.9433832156352503,0.9988897704637767,170,60,30752.406063277886,32561.80873757819
14/02/2024 12:00:00,29.07,184.21,0.507367213554752,3.21507101509876,-0.0641642790568226,-0.871668343617945,0.48587780771246,878.9300000000001,0.9599300893794284,0.9978258331040737,180,60,30373.608724497397,31572.68614164589
14/02/2024 13:00:00,26.91,200.59,0.469668101711674,3.50095594657543,-0.313598037292671,-0.834756399007717,0.452590350451545,811.47,0.9102916162811037,0.9492154227380747,180,60,26592.27616309058,27729.354207213557
14/02/2024 14:00:00,22.16,215.79,0.386764962241944,3.76624599287856,-0.541618164971114,-0.751248435581499,0.377194315187377,663.56,0.7979295212494734,0.8402715129895764,180,65,19061.068072330818,20072.540345737074
14/02/2024 15:00:00,15.34,229.45,0.26773350725593,4.00465796870099,-0.732768117997889,-0.626949839619379,0.264546373717478,459.26,0.6303830178526206,0.6800116503387079,180,65,10422.349372043804,11242.87741924398
14/02/2024 16:00:00,7.04,241.72,0.122871179340401,4.21880986792069,-0.874003471228729,-0.470208920819545,0.122562241583007,185.16,0.4191525086266767,0.4859083827032483,180,75,2793.9700259033566,3238.9486610880044
15/02/2024 07:00:00,2.69,112.46,0.0469493568786475,1.96279727679282,0.92312813657251,-0.381617374397483,0.0469321108212263,28.999999999999996,0.30303024707215354,0.9982703242532341,110,85,316.3635779433282,1042.1942185203761
15/02/2024 08:00:00,11.57,124.18,0.201934594455744,2.16734986512656,0.810466795353451,-0.550379195405127,0.200564989204778,359.71000000000004,0.5309977252302664,0.9995257922990709,125,80,6876.18690273285,12943.419218924359
15/02/2024 09:00:00,19.23,137.12,0.33562681515851,2.39319547033462,0.642497921569748,-0.691894285588273,0.329361075946822,509.38000000000005,0.722136591464585,0.999302404090126,135,70,13242.309730568291,18324.887709435425
15/02/2024 10:00:00,25.13,151.59,0.438601241026175,2.6457446130982,0.430743732878338,-0.796311646656055,0.424673519289768,771.6899999999999,0.8633668905684735,0.9996815026626248,150,65,23985.05744818027,27771.99187642995
15/02/2024 11:00:00,28.67,167.52,0.500385896546774,2.9237755629409,0.189604552295912,-0.856665900750108,0.47976415897884,904.0799999999999,0.9449987578158818,0.9990189090381464,170,60,30756.761170782567,32514.948550195462
15/02/2024 12:00:00,29.41,184.24,0.513301333011532,3.21559461387435,-0.0644063662266058,-0.868743932164501,0.491055801632406,878.86,0.961523612823455,0.9978822154542459,180,60,30421.60712517678,31571.95549946827
15/02/2024 13:00:00,27.24,200.69,0.475427688243255,3.50270127582742,-0.314128274121422,-0.831755359179444,0.45771874538167,818.9,0.9117958834996149,0.9491806434740837,180,60,26880.107363922045,27982.225041873375
15/02/2024 14:00:00,22.46,215.95,0.392000949997927,3.76903851968176,-0.54254701184879,-0.748123946543221,0.382038349570491,677.03,0.7991454234233646,0.8394869416344781,180,65,19477.63533673154,20460.882387412465
15/02/2024 15:00:00,15.62,229.65,0.272620429161514,4.00814862720498,-0.733958084084027,-0.623543688237282,0.269256011385357,459.16999999999996,0.6313047218444807,0.6789150077019153,180,65,10435.542808655888,11222.546547113583
15/02/2024 16:00:00,7.3,241.94,0.127409035395586,4.22264959227508,-0.875302685798133,-0.466583104575766,0.12706460860135,201.24,0.4197723236234252,0.4835714114843924,180,75,3041.0993666152112,3503.3007904962888
16/02/2024 07:00:00,2.96,112.25,0.0516617458590322,1.95913208536363,0.924305674515827,-0.37814343526535,0.0516387686100566,45.96,0.30390191079359935,0.9985992137047318,110,85,502.8239455226577,1652.242315027301
16/02/2024 08:00:00,11.86,123.99,0.206996049286528,2.16403373954777,0.811435364128332,-0.547114033359784,0.205521007059399,449.49,0.5321933408390156,0.9993233795879504,125,80,8611.761051854248,16170.69117207556
16/02/2024 09:00:00,19.54,136.96,0.341037335839692,2.39040294353143,0.643201879973437,-0.688784868579059,0.334464865741028,659.05,0.7235468259850666,0.9994496647069755,135,70,17166.727283956494,23712.742854904758
16/02/2024 10:00:00,25.46,151.48,0.444360827557756,2.64382475092101,0.431096729545399,-0.793320898900726,0.429880868546863,819.47,0.8649342645215605,0.9996947906196552,150,65,25516.356542909398,29491.9160424872
16/02/2024 11:00:00,29.01,167.48,0.506320016003555,2.9230774312401,0.189582057449887,-0.853738980693444,0.484962262797413,886.3899999999999,0.9466047272552485,0.9991413635534508,165,60,30206.194710904063,31882.640876645153
16/02/2024 12:00:00,29.75,184.28,0.519235452468313,3.21629274557515,-0.0647942322946367,-0.865777620952228,0.496216503675208,749.2,0.9630752814602956,0.9978936656102879,180,60,25975.296031321926,26914.3896339082
16/02/2024 13:00:00,27.57,200.8,0.481187274774837,3.50462113800461,-0.314783160240199,-0.828672517976167,0.46283195652443,735.89,0.9132315718521407,0.9490674302475925,180,60,24193.367330769786,25142.732324816432
16/02/2024 14:00:00,22.77,216.11,0.397411470679109,3.77183104648495,-0.54340790819217,-0.74492511080384,0.387032846936919,588.0400000000001,0.8004151479365662,0.8386985776896944,180,65,16944.340449334264,17754.779218487325
16/02/2024 15:00:00,15.91,229.84,0.277681883992298,4.01146475278377,-0.734970834749318,-0.620219494644872,0.274127070042983,105.99,0.6323985206216756,0.6779608635062196,180,65,2413.0050912248903,2586.8545892288716
16/02/2024 16:00:00,7.57,242.16,0.132121424375971,4.22648931662947,-0.876548570399313,-0.462933978349148,0.131737372908187,141.81,0.42049614505142885,0.481256026614598,180,75,2146.7000998707526,2456.889016831781
17/02/2024 07:00:00,3.24,112.04,0.0565486677646163,1.95546689393445,0.925440465364798,-0.374653974121977,0.0565185344820245,75.11999999999999,0.3048850046951045,0.9988978856075696,110,85,824.5066158970649,2701.3395300062625
17/02/2024 08:00:00,12.15,123.8,0.212057504117311,2.16071761396898,0.812370365446091,-0.543834559091924,0.210471759821306,307.26000000000005,0.5333751131954075,0.9990848890528069,125,80,5899.854142095154,11051.23762837316
17/02/2024 09:00:00,19.86,136.8,0.346622389446074,2.38761041672824,0.64383402797263,-0.685613602911498,0.339723022368595,248.71999999999997,0.7250224807344838,0.9995609103851624,135,70,6491.793290698109,8949.98842671591
17/02/2024 10:00:00,25.79,151.37,0.450120414089338,2.64190488874382,0.431425483408796,-0.790305449678912,0.435073957475392,192.32,0.8664740883251598,0.9996716783560118,150,65,5999.05068000101,6921.246858531415
17/02/2024 11:00:00,29.36,167.43,0.512428668385535,2.92220476661411,0.189678737875804,-0.850665848213082,0.490295412054569,204.28,0.9482028004437149,0.9992588830832889,165,60,6973.159250687115,7348.629766905154
17/02/2024 12:00:00,30.1,184.32,0.525344104850293,3.21699087727595,-0.0651690928094685,-0.862693439094194,0.501510737159457,260.65999999999997,0.9646380239519647,0.9978698025134639,180,60,9051.931703639488,9363.77073803374
17/02/2024 13:00:00,27.91,200.92,0.487121394231617,3.50671553310701,-0.315531792584383,-0.825431406528392,0.468084053333422,453.34,0.9146535532379241,0.9488865938018188,180,60,14927.365505695698,15486.056943628195
17/02/2024 14:00:00,23.09,216.28,0.402996524285491,3.77479810621334,-0.544328160312578,-0.741555386106382,0.392176571492152,326.41999999999996,0.8016695552658227,0.8382940884273807,180,60,9420.515144275314,9850.894428400761
17/02/2024 15:00:00,16.2,230.05,0.282743338823081,4.01512994421295,-0.736166026728572,-0.616622691637014,0.278991106039229,244.15,0.633294589661108,0.6767566833695388,180,65,5566.279466367342,5948.285192808224
17/02/2024 16:00:00,7.83,242.38,0.136659280431156,4.23032904098386,-0.877780921385528,-0.459282992642735,0.136234308163202,77.63,0.421094321713787,0.4788933377179522,180,75,1176.8238790070864,1338.3536330536067
18/02/2024 07:00:00,3.52,111.83,0.0614355896702004,1.95180170250526,0.926539963264386,-0.37115240930569,0.0613969505807155,4.59,0.30585858557357776,0.9991592775997045,110,85,50.54007268017799,165.10107903057516
18/02/2024 08:00:00,12.45,123.61,0.217293491873294,2.15740148839019,0.813240367199882,-0.540520223768115,0.215587552642233,19.3,0.534648936007639,0.9988029300974726,125,80,371.4740807381076,693.968275831724
18/02/2024 09:00:00,20.17,136.64,0.352032910127256,2.38481788992505,0.644474675878288,-0.682466623260453,0.344806757890633,49.63,0.7263919739443658,0.9996342855653784,135,70,1297.8300120069196,1786.0265853339504
18/02/2024 10:00:00,26.13,151.26,0.456054533546118,2.63998502656662,0.43169293696792,-0.787198096317039,0.440409315667643,116.71,0.8680495256492364,0.9996087789766461,150,65,3647.1621649868052,4199.916261397117
18/02/2024 11:00:00,29.71,167.39,0.518537320767515,2.92150663491331,0.189615163613555,-0.847594569517725,0.495610265684506,295.03000000000003,0.9497892474940566,0.9993328854152203,165,60,10087.787580774177,10613.99452262589
18/02/2024 12:00:00,30.45,184.36,0.531452757232273,3.21768900897675,-0.0655372243941939,-0.859576967135841,0.506786256510824,189.89000000000001,0.966164701004468,0.9978086183030318,180,60,6604.740542654585,6821.059627064258
18/02/2024 13:00:00,28.24,201.03,0.492880980763199,3.5086353952842,-0.31614320301429,-0.822294042031064,0.473165915539233,94.66,0.9160285207535941,0.9487104875491069,180,60,3121.6053518832678,3232.9776510503443
18/02/2024 14:00:00,23.4,216.46,0.408407044966673,3.77793969886693,-0.545386188991034,-0.738124283452442,0.397147890634781,238.36,0.8027586527894701,0.837808325937391,180,60,6888.439889240332,7189.199732535715
18/02/2024 15:00:00,16.49,230.26,0.287804793653865,4.01879513564214,-0.737325823481316,-0.613009743719441,0.283847994765906,123.24,0.63417418864262,0.6755348504088207,180,65,2813.602572299393,2997.1049387177895
18/02/2024 16:00:00,8.1,242.62,0.141371669411541,4.23451783118864,-0.87911721884666,-0.455301832157289,0.140901231937583,74.25999999999999,0.4215792295856817,0.47625572074130995,180,75,1127.033049205178,1273.2029936009883
19/02/2024 07:00:00,3.8,111.62,0.0663225115757845,1.94813651107607,0.927604069085289,-0.36763903647761,0.0662739004000001,111.88,0.30682278011072844,0.9993833874676108,110,85,1235.7839749963787,4025.1964820355465
19/02/2024 08:00:00,12.75,123.42,0.222529479629277,2.1540853628114,0.814074986667767,-0.537191360929051,0.220697435021501,229.95,0.5359083070019429,0.9988708472455147,125,75,4436.356147023484,8268.852647667818
19/02/2024 09:00:00,20.49,136.48,0.357617963733638,2.38202536312186,0.645041796464404,-0.679257205949778,0.350043895789191,284.65000000000003,0.7278257889224095,0.9996697837471266,135,70,7458.3219894035,10244.016141970305
19/02/2024 10:00:00,26.47,151.15,0.461988653002899,2.63806516438943,0.431934799252257,-0.784064946467273,0.445729165431413,402.52,0.8695957559868487,0.9995074813753516,150,65,12601.068613193747,14483.583050515435
19/02/2024 11:00:00,30.06,167.36,0.524645973149495,2.92098303613771,0.189392901562798,-0.84452524030213,0.50090662536071,413.69,0.9513639958346622,0.9993637026471627,165,60,14168.511771726291,14883.36372533177
19/02/2024 12:00:00,30.8,184.41,0.537561409614253,3.21856167360274,-0.0660480424295156,-0.856416814773254,0.512042864870571,63.410000000000004,0.9676471192565191,0.9977001502570757,180,60,2208.9061379540117,2277.5099950008425
19/02/2024 13:00:00,28.58,201.16,0.498815100219979,3.51090432331179,-0.316988970494364,-0.818941661410155,0.478385354909302,280.95,0.9173487306559989,0.9484169604532795,180,60,9278.248531600902,9592.478821416558
19/02/2024 14:00:00,23.71,216.63,0.413817565647855,3.78090675859532,-0.546283778190395,-0.734767667180109,0.402107583804045,164.79,0.8038921993340534,0.8373812575594263,180,60,4769.042239017312,4967.714067595843
19/02/2024 15:00:00,16.78,230.47,0.292866248484648,4.02246032707133,-0.738450093640929,-0.609380954858189,0.288697611797925,52.39,0.635037444520833,0.6742955875265361,180,65,1197.7060218640718,1271.748449898548
19/02/2024 16:00:00,8.37,242.85,0.146084058391925,4.23853208846823,-0.880337229789909,-0.45146116646356,0.145565026779061,87.55,0.42216126978784735,0.4740208980193851,180,70,1330.5678901173371,1494.0190663774977
20/02/2024 07:00:00,4.09,111.41,0.0713839664065681,1.94447131964688,0.928621111137053,-0.364109613576303,0.0713233569870433,176.22,0.30789760623754453,0.999573006546377,110,85,1953.2777821624836,6341.211187689692
20/02/2024 08:00:00,13.06,123.23,0.227940000310459,2.15076923723261,0.814841136971595,-0.53382665553061,0.22597128875997,447.03,0.5372582787394679,0.998977874440889,125,75,8646.140460416555,16076.63085160718
20/02/2024 09:00:00,20.82,136.33,0.363377550265219,2.37940736924387,0.645415024199717,-0.676096625284007,0.355433256486863,645.68,0.7294017743967398,0.9996609607071675,135,70,16954.56495692953,23236.59920793854
20/02/2024 10:00:00,26.81,151.04,0.46792277245968,2.63614530221224,0.432150963963576,-0.78090619737876,0.451033319435268,791.6899999999999,0.8711127863508779,0.9993678130309938,150,65,24827.446145740552,28482.822140346263
20/02/2024 11:00:00,30.42,167.32,0.530929158456675,2.92028490443691,0.189287851860076,-0.841305635307921,0.506334807353133,884.97,0.9529256956068719,0.999360995327418,165,60,30359.183502283686,31838.562001256585
20/02/2024 12:00:00,31.16,184.46,0.543844594921433,3.21943433822874,-0.0665438808896423,-0.853134450296223,0.517429726275855,844.6500000000001,0.9691352233054731,0.9975509699381292,180,60,29468.882389138842,30332.93136329667
20/02/2024 13:00:00,28.92,201.28,0.50474921967676,3.51299871841419,-0.317667583315859,-0.81561633290606,0.483587948575162,814.83,0.9186761575819681,0.9481384383257347,180,60,26948.336165370543,27812.579173234506
20/02/2024 14:00:00,24.03,216.82,0.419402619254237,3.7842228841741,-0.547362890637664,-0.731142856107257,0.40721491858244,682.7099999999999,0.8049405018995127,0.8367957464756149,180,60,19783.473481865385,20566.397666749213
20/02/2024 15:00:00,17.07,230.69,0.297927703315432,4.02630005142572,-0.739644418227677,-0.605607547086184,0.293539832896486,480.22999999999996,0.6357932096718633,0.6729221297427415,180,65,10991.77103090588,11633.66619718884
20/02/2024 16:00:00,8.64,243.09,0.15079644737231,4.24272087867302,-0.88159910152774,-0.447454239625464,0.150225589120757,204.44,0.4226234598848672,0.4718496246376823,180,70,3110.441044999041,3472.7377413934
20/02/2024 17:00:00,-0.74,254.49,-0.012915436464758,4.44168841340037,-0.963503430770153,-0.267384254715735,-0.0129150774003242,0.0,0.17993688088268886,-0.0129150774003242,0,0,0.0,0.0
21/02/2024 07:00:00,4.39,111.2,0.0766199541625511,1.94080612821769,0.929588481622614,-0.360563609533269,0.0765450084257802,189.15,0.3090824678739237,0.9997254855031227,110,85,2104.666156740696,6807.530720984964
21/02/2024 08:00:00,13.37,123.04,0.233350520991642,2.14745311165382,0.81557002990664,-0.530447235568062,0.231238527491168,472.67999999999995,0.5385931681924314,0.9990455576779327,125,75,9164.959874683145,17000.238751315388
21/02/2024 09:00:00,21.15,136.17,0.369137136796801,2.37661484244068,0.645872101249344,-0.672803668477709,0.360810826487642,687.6099999999999,0.7308758185227083,0.9996158607296575,135,70,18092.070776678378,24744.451031867506
21/02/2024 10:00:00,27.16,150.94,0.47403142484166,2.63439997296024,0.43216689041727,-0.777727864628025,0.456476885951742,848.91,0.8727145485076048,0.9991809532804782,150,65,26670.819865449266,30535.729309775903
21/02/2024 11:00:00,30.78,167.29,0.537212343763855,2.91976130566131,0.189024632652983,-0.838086385812569,0.511743000114345,907.38,0.9544735122337942,0.9993131380481415,165,60,31178.526319105207,32643.243187276414
21/02/2024 12:00:00,31.51,184.51,0.549953247303413,3.22030700285474,-0.0670385584711974,-0.849909146760202,0.522647370539112,867.04,0.9705440209441357,0.9973665972726478,180,60,30294.017565098522,31131.242441973955
21/02/2024 13:00:00,29.26,201.42,0.510683339133541,3.51544217936698,-0.318605929586518,-0.812151903460839,0.488773513334394,843.6899999999999,0.9198931840338449,0.9477309367961706,180,60,27939.768495750523,28785.2801063602
21/02/2024 14:00:00,24.35,217.01,0.424987672860619,3.78753900975289,-0.548406835388845,-0.727496238395265,0.412309551210655,702.19,0.8059644030660332,0.8361849992132471,180,60,20373.845190801767,21137.7868055118
21/02/2024 15:00:00,17.36,230.92,0.302989158146216,4.0303143087053,-0.740906687337219,-0.601689220538274,0.29837453401226,376.94999999999993,0.6364411843429068,0.6714141528618024,180,65,8636.634159770112,9111.22433716523
21/02/2024 16:00:00,8.91,243.34,0.155508836352695,4.247084201803,-0.882900624046354,-0.443280725422837,0.154882815467571,208.63,0.4229654960221641,0.4695206693613659,180,70,3176.7584916637475,3526.4195009590235
21/02/2024 17:00:00,-0.49,254.74,-0.0085521133347722,4.44605173653036,-0.964706121804012,-0.263189972632775,-0.0085520090868268,0.0,0.18005623077087277,-0.0085520090868268,0,0,0.0,0.0
22/02/2024 07:00:00,4.68,110.99,0.0816814089933346,1.93714093678851,0.930530126467398,-0.357010722304669,0.0815906115681576,159.04999999999998,0.3101379774189407,0.9998361934054288,110,85,1775.7880311053705,5724.862076200804
22/02/2024 08:00:00,13.68,122.85,0.238761041672824,2.14413698607503,0.816261555585276,-0.527053410272885,0.236498997023725,429.66,0.5399130849907456,0.9990739414257102,125,75,8351.246019496455,15453.435948226943
22/02/2024 09:00:00,21.48,136.01,0.374896723328382,2.37382231563749,0.646294343604925,-0.669491183988874,0.366176427402768,470.0400000000001,0.7323275910703042,0.9995305452945995,135,70,12392.03739264069,16913.49615036985
22/02/2024 10:00:00,27.51,150.83,0.48014007722364,2.63248011078305,0.432292038911066,-0.774447431913832,0.461903418796813,469.28000000000003,0.874232070463254,0.9989752271091576,150,60,14769.346536971852,16876.76740480028
22/02/2024 11:00:00,31.14,167.26,0.543495529071034,2.91923770688572,0.188750614651405,-0.834834561160142,0.517130990138157,581.1300000000001,0.9559840092536364,0.9992255092666089,165,60,19999.835542712368,20904.477127203765
22/02/2024 12:00:00,31.88,184.57,0.556410965535792,3.22135420040593,-0.0676582112195725,-0.84645640247132,0.528141955509954,300.26,0.9719878203364523,0.9971237254911252,180,60,10506.566265632035,10778.269313374749
22/02/2024 13:00:00,29.61,201.55,0.516791991515521,3.51771110739457,-0.319345146152783,-0.808634761611093,0.494093614553788,312.96,0.9211680688303269,0.9473450532152741,180,60,10378.395317561008,10673.319882753078
22/02/2024 14:00:00,24.67,217.2,0.430572726467001,3.79085513533168,-0.549415447752108,-0.723828121479852,0.417391322773124,258.36,0.8069640078532225,0.8355492025616824,180,60,7505.539958482509,7771.409711058106
22/02/2024 15:00:00,17.65,231.15,0.308050612976999,4.03432856598489,-0.742130393263786,-0.59775519607463,0.303201591288568,101.39999999999999,0.6370726539005636,0.6698887184114451,180,65,2325.570015798617,2445.361777689139
22/02/2024 16:00:00,9.17,243.58,0.16004669240788,4.25127299200779,-0.884111146372136,-0.439261311706517,0.159364302459544,42.940000000000005,0.42329223116878345,0.46727641477556114,180,70,654.3420626299522,722.3345730166535
22/02/2024 17:00:00,-0.24,255.01,-0.0041887902047863,4.45076412551074,-0.965962509588622,-0.258648186168959,-0.0041887779554038,0.0,0.17992997308452066,-0.0041887779554038,0,0,0.0,0.0
23/02/2024 07:00:00,4.98,110.78,0.0869173967493176,1.93347574535932,0.931420197066113,-0.353441349662822,0.0868079998954363,100.44,0.3113033004856113,0.9999079769667794,110,85,1125.6229260278926,3615.5072594355597
23/02/2024 08:00:00,14.0,122.67,0.244346095279206,2.14099539342144,0.816788670145214,-0.523765276389985,0.241921895599668,306.3,0.541422591581434,0.9990728326864062,125,75,5970.158632850157,11016.576311466466
23/02/2024 09:00:00,21.82,135.85,0.380830842785163,2.3710297888343,0.646636455892376,-0.666112913685516,0.371691915613374,352.02000000000004,0.7338388323453925,0.9993995386251305,135,70,9299.734047440103,12665.110521125465
23/02/2024 10:00:00,27.87,150.73,0.48642326253082,2.63073478153105,0.432215522674288,-0.771144821083552,0.467467011537081,607.3199999999999,0.8758308261039465,0.9992469328541558,150,60,19148.74478314015,21847.05530139549
23/02/2024 11:00:00,31.5,167.23,0.549778714378214,2.91871410811012,0.18846577455803,-0.83155030015629,0.522498564715949,721.6899999999999,0.9574571344091073,0.9990981135197499,165,60,24875.540615941507,25957.408231658454
23/02/2024 12:00:00,32.24,184.63,0.562694150842972,3.22240139795713,-0.0682753646834912,-0.843060816735119,0.533466900438303,741.2700000000001,0.9733520833045647,0.9968455344470215,180,60,25974.60115648229,26601.540815503577
23/02/2024 13:00:00,29.95,201.69,0.522726110972302,3.52015456834736,-0.320230781354659,-0.805113417633015,0.49924405997495,758.6,0.9223200175079724,0.9468707025853762,180,60,25188.190750135727,25858.66013932559
23/02/2024 14:00:00,24.99,217.4,0.436157780073383,3.79434579383567,-0.55051424534351,-0.720042742419837,0.422460074755456,678.69,0.807871489549384,0.8348053441239218,180,60,19738.594844721774,20396.665404124724
23/02/2024 15:00:00,17.94,231.38,0.313112067807783,4.03834282326448,-0.743315399740659,-0.593805821238393,0.308020881064551,402.62,0.6376877766535135,0.6683460891113877,180,65,9242.850694904553,9687.22208632897
23/02/2024 16:00:00,9.44,243.84,0.164759081388265,4.25581084806297,-0.885411444898132,-0.434908907808451,0.164014679685271,73.62,0.4235029301293852,0.46477701563513024,180,70,1122.4182857805124,1231.8078200780985
23/02/2024 17:00:00,0.02,255.27,0.0003490658503988,4.45530198156592,-0.967134693920677,-0.254264354497433,0.00034906584331,0.0,0.18003887610404012,0.00034906584331,0,0,0.0,0.0
24/02/2024 07:00:00,5.29,110.57,0.0923279174305,1.92981055393013,0.93225598682569,-0.349855006005599,0.0921967992962919,59.519999999999996,0.31257782916472254,0.9999381044402595,110,85,669.7667661078342,2142.5873751462327
24/02/2024 08:00:00,14.32,122.48,0.249931148885588,2.13767926784266,0.817368488420545,-0.520320132134677,0.247337247968167,134.95,0.5428157390986201,0.9990529838462324,120,75,2637.1074236889162,4853.599206121766
24/02/2024 09:00:00,22.16,135.7,0.386764962241944,2.3684117949563,0.646826240986125,-0.662827475714522,0.377194315187377,142.71999999999997,0.7354064609285105,0.9992245232427945,135,70,3778.459563733812,5133.9356624596185
24/02/2024 10:00:00,28.22,150.63,0.4925319149128,2.62898945227906,0.432152166004151,-0.767886364166552,0.472858369012322,88.23,0.8773390145522753,0.9994713346611073,150,60,2786.674365142101,3174.600810857382
24/02/2024 11:00:00,31.87,167.21,0.556236432610593,2.91836504225972,0.188005135068617,-0.828176718967799,0.527993741769315,380.87,0.9589573292320978,0.9989203968633471,165,60,13148.570807446646,13696.517215920348
24/02/2024 12:00:00,32.6,184.69,0.568977336150151,3.22344859550833,-0.0688827506948655,-0.839631590568028,0.538770785006863,339.8,0.9746776669726518,0.9968121607377101,180,55,11923.036964543056,12193.803799872261
24/02/2024 13:00:00,30.3,201.84,0.528834763354282,3.52277256222535,-0.321196916318869,-0.801426489301932,0.504527623815019,720.72,0.9234490093034596,0.9463195109087603,180,60,23959.734119466822,24553.130324477825
24/02/2024 14:00:00,25.31,217.6,0.441742833679765,3.79783645233966,-0.551576077523135,-0.716236134610706,0.427515649049373,423.52,0.808754642220251,0.8340365122059286,180,60,12330.855578632343,12716.321171380374
24/02/2024 15:00:00,18.23,231.62,0.318173522638566,4.04253161346927,-0.744564509077564,-0.589711502760635,0.312832279878341,236.18,0.6381948290217772,0.6671212822337773,180,60,5426.238769861079,5672.185359767047
24/02/2024 16:00:00,9.71,244.09,0.169471470368649,4.26017417119296,-0.886595598970776,-0.430698933217205,0.168661414707728,147.29999999999998,0.4238117663920485,0.46241021055641734,180,70,2247.389034823754,2452.0688645385694
24/02/2024 17:00:00,0.27,255.54,0.0047123889803846,4.46001437054631,-0.968311451093475,-0.249701275999391,0.0047123715393734,0.0,0.1798976154010644,0.0047123715393734,0,0,0.0,0.0
25/02/2024 07:00:00,5.6,110.36,0.0977384381116825,1.92614536250094,0.93305067790019,-0.346257144539417,0.0975828997591495,38.83,0.3138423050856541,0.9999255991836029,110,85,438.7138814331341,1397.7759965867747
25/02/2024 08:00:00,14.64,122.29,0.25551620249197,2.13436314226387,0.817908902666643,-0.516860764557603,0.252744885209529,87.75,0.5441933737898181,0.9992339024382741,120,75,1719.1068678020356,3156.579897802508
25/02/2024 09:00:00,22.5,135.54,0.392699081698724,2.36561926815311,0.647095526551835,-0.659409410085932,0.38268343236509,104.77000000000001,0.7368709155230821,0.9990110338148054,135,65,2779.2707694967194,3767.989896459978
25/02/2024 10:00:00,28.58,150.52,0.498815100219979,2.62706959010186,0.43215493926415,-0.764453766213432,0.478385354909302,100.17,0.8788199704698141,0.9996615800015625,150,60,3169.1302719106056,3604.899616875234
25/02/2024 11:00:00,32.24,167.18,0.562694150842972,2.91784144348412,0.187678257683222,-0.824736283747563,0.533466900438303,101.08999999999999,0.9603946817669873,0.998705728482622,165,60,3495.1067416736905,3634.529835323097
25/02/2024 12:00:00,32.97,184.76,0.57543505438253,3.22467032598472,-0.0696183329363967,-0.836062096344259,0.544199833494645,290.5,0.9759925704027197,0.9970021765316308,180,55,10206.930301271643,10426.648762167795
25/02/2024 13:00:00,30.65,201.99,0.534943415736262,3.52539055610335,-0.322133885355729,-0.797710165804107,0.509792360945518,135.08999999999997,0.9245439030832052,0.9458507987386613,180,55,4496.278891230366,4599.899438457806
25/02/2024 14:00:00,25.63,217.81,0.447327887286147,3.80150164376885,-0.552725107402451,-0.712312171180985,0.432557887957647,112.12,0.8095453823943703,0.8331593796464061,180,60,3267.584217866045,3362.8978672543817
25/02/2024 15:00:00,18.53,231.86,0.323409510394549,4.04672040367405,-0.745729630762916,-0.585567881909301,0.317801153991705,182.29000000000002,0.6387783711995549,0.6660172383695533,180,60,4191.944734294808,4370.698165765892
25/02/2024 16:00:00,9.98,244.36,0.174183859349034,4.26488656017334,-0.887888969411598,-0.426167527427839,0.173304404338875,104.08,0.4238906680832427,0.45974007795346805,180,70,1588.2674664277406,1722.5909032822904
25/02/2024 17:00:00,0.52,255.81,0.0090757121103705,4.46472675952669,-0.969448221952417,-0.245128086241637,0.0090755875186753,0.0,0.1797491415184496,0.0090755875186753,0,0,0.0,0.0
26/02/2024 07:00:00,5.91,110.16,0.103148958792865,1.92265470399695,0.933744356983921,-0.342811098230681,0.102966143613121,236.37,0.31521211060638804,0.9998700121908576,110,85,2682.24071702515,8508.213892135907
26/02/2024 08:00:00,14.97,122.1,0.261275789023551,2.13104701668508,0.818371629413793,-0.513363555365029,0.258313252067312,515.75,0.5456579034197939,0.9993731579598314,120,75,10131.230292795313,18555.36142384019
26/02/2024 09:00:00,22.85,135.39,0.398807734080704,2.36300127427512,0.647165841833485,-0.656036596448292,0.388319916157409,711.41,0.7384715720398254,0.99927668764928,135,65,18912.818198334677,25592.235420980673
26/02/2024 10:00:00,28.95,150.42,0.505272818452358,2.62532426084987,0.431954489897739,-0.760995800524697,0.484046186061783,323.96,0.8803776315772704,0.9998117241895095,150,60,10267.45695092781,11660.364222063605
26/02/2024 11:00:00,32.62,167.16,0.56932640200055,2.91749237763372,0.187175739066605,-0.821202994835759,0.53906482353948,534.27,0.9618545986029625,0.9986471635621648,165,55,18500.042030241773,19207.69992274888
26/02/2024 12:00:00,33.34,184.83,0.58189277261491,3.22589205646112,-0.0703423506932672,-0.832457201339349,0.549606187771938,133.25,0.9772663944702531,0.9971501768389326,180,55,4687.946894273804,4783.32939829636
26/02/2024 13:00:00,31.0,202.15,0.541052068118242,3.52818308290654,-0.323180074770922,-0.793908320062214,0.515038074910054,219.04,0.9255648720945757,0.9457453269490137,180,55,7298.486265009451,7457.61803093683
26/02/2024 14:00:00,25.95,218.03,0.452912940892528,3.80534136812324,-0.55395910527524,-0.708270603126396,0.437586634199018,112.12,0.8102434227844834,0.8321736521606939,180,60,3270.401732253466,3358.9191556892524
26/02/2024 15:00:00,18.82,232.1,0.328470965225333,4.05090919387884,-0.746897053964057,-0.581443492607939,0.322596118519264,119.76,0.6392525394892946,0.6648428947232565,180,60,2756.0478286525654,2866.3770625940597
26/02/2024 16:00:00,10.25,244.62,0.178896248329419,4.26942441622853,-0.889065974713618,-0.42177931105108,0.177943545473842,147.14,0.4240680986813392,0.45746406589267924,180,65,2246.3056814390006,2423.205455596157
26/02/2024 17:00:00,0.78,256.09,0.0136135681655558,4.46961368143228,-0.970584593293289,-0.240375184809489,0.0136131476707494,0.0,0.17959687223903992,0.0136131476707494,0,0,0.0,0.0
27/02/2024 07:00:00,6.22,109.95,0.108559479474047,1.91898951256776,0.934457198627819,-0.339191402207783,0.108346373270942,167.09,0.31645699587814907,0.9997729351914626,110,85,1903.5647798860773,6013.874150681093
27/02/2024 08:00:00,15.3,121.91,0.267035375555133,2.12773089110629,0.818792965868483,-0.509852030050156,0.263873049965373,338.67,0.5471062508530846,0.999468657860826,120,75,6670.38506315091,12185.641812878133
27/02/2024 09:00:00,23.19,135.23,0.404741853537485,2.36020874747193,0.647361040472439,-0.652579363732888,0.393781484212273,517.4499999999999,0.7398888511501294,0.9994943506906286,135,65,13782.797496994837,18618.780663535166
27/02/2024 10:00:00,29.31,150.32,0.511556003759538,2.62357893159788,0.431767534947203,-0.757583409995635,0.489534649095446,208.32000000000002,0.8818456365235088,0.9999157089412809,150,60,6613.418988020785,7498.887857519316
27/02/2024 11:00:00,33.0,167.14,0.575958653158129,2.91714331178332,0.186662530881671,-0.817634038615535,0.544639035015027,280.22999999999996,0.9632725281920114,0.9989116922141805,165,55,9717.762980708903,10077.300846330472
27/02/2024 12:00:00,33.71,184.91,0.588350490847289,3.22728831986272,-0.0711993433507607,-0.828804664896092,0.554989622383065,130.49,0.9784903243022973,0.9972460053841777,180,55,4596.595287055445,4684.702724732929
27/02/2024 13:00:00,31.35,202.31,0.547160720500222,3.53097560970973,-0.324195409655842,-0.790077283308562,0.520264569962094,189.99,0.9265516101202289,0.9456049197670688,180,55,6337.279454642723,6467.597233435635
27/02/2024 14:00:00,26.27,218.24,0.45849799449891,3.80900655955242,-0.555029957209177,-0.704304944177668,0.442601730913099,185.47,0.8109854873447977,0.8312468391253909,180,60,5414.885220162227,5550.168645093105
27/02/2024 15:00:00,19.11,232.35,0.333532420056116,4.05527251700882,-0.74812458269231,-0.577174236081767,0.327382818692256,79.04,0.639618427400843,0.6635389602028151,180,60,1819.9958580634545,1888.0602989194983
27/02/2024 16:00:00,10.52,244.89,0.183608637309804,4.27413680520891,-0.890274500436791,-0.417224543098536,0.182578735093222,36.76,0.42412496538731326,0.45529496000892455,180,65,561.2700141949548,602.5191382774103
27/02/2024 17:00:00,1.03,256.37,0.0179768912955416,4.47450060333786,-0.971680717724201,-0.23561292195778,0.0179759230499931,0.0,0.17931439193826065,0.0179759230499931,0,0,0.0,0.0
28/02/2024 07:00:00,6.54,109.74,0.114144533080429,1.91532432113858,0.935109969829198,-0.335554550574779,0.113896830134094,71.78999999999999,0.3178101191129008,0.9996286162833846,110,85,821.3611842401452,2583.4801810674303
28/02/2024 08:00:00,15.63,121.72,0.272794962086714,2.1244147655275,0.819172808908298,-0.50632654133902,0.269424094469953,33.08,0.5485385350903007,0.999520438496301,120,75,653.2435706683373,1190.3088997964749
28/02/2024 09:00:00,23.55,135.08,0.411025038844665,2.35759075359394,0.647307387757887,-0.649117539613219,0.39954920287812,70.77,0.7415193648204329,0.9996789781622184,135,65,1889.1837161403132,2546.9021262434467
28/02/2024 10:00:00,29.68,150.23,0.518013721991917,2.62200813527108,0.431378358659418,-0.754144424598873,0.495155428655226,133.25,0.8833883979713321,0.9999783413977132,150,60,4237.61414506848,4796.89610368483
28/02/2024 11:00:00,33.37,167.13,0.582416371390508,2.91696877885812,0.186017939001115,-0.814155655396519,0.550043539327245,164.5,0.964634501478401,0.9991226908883739,165,55,5712.565517755091,5916.80457544095
28/02/2024 12:00:00,34.09,184.99,0.594982742004867,3.22868458326431,-0.0720347486456493,-0.825019365102569,0.560494462232512,102.01,0.9797062227363631,0.9973027157435956,180,55,3597.8339441281105,3662.454601188151
28/02/2024 13:00:00,31.7,202.47,0.553269372882202,3.53376813651292,-0.325179697805128,-0.786217341486914,0.525471651072268,132.32999999999998,0.9275041814463485,0.9454296995599938,180,55,4418.51861990863,4503.913637139863
28/02/2024 14:00:00,26.59,218.47,0.464083048105292,3.81302081683201,-0.556306231797811,-0.700124925609025,0.447603021665266,111.2,0.8115662144749674,0.8302433101370343,180,55,3248.8618697861893,3323.630019140576
28/02/2024 15:00:00,19.41,232.61,0.338768407812099,4.05981037306401,-0.749363774561884,-0.57272465383131,0.33232575023337,115.33,0.6399672780297601,0.6621569747082481,180,60,2657.0673423062003,2749.196300151681
28/02/2024 16:00:00,10.79,245.16,0.188321026290188,4.2788491941893,-0.891440045444743,-0.412658587518425,0.187209870265359,65.57,0.42417105431882984,0.45311400120774126,180,65,1001.264257140684,1069.5846621308972
28/02/2024 17:00:00,1.28,256.65,0.0223402144255274,4.47938752524345,-0.972734956686621,-0.230841291545615,0.0223383561935737,0.0,0.17902504577480158,0.0223383561935737,0,0,0.0,0.0
01/03/2024 07:00:00,7.18,109.32,0.125314640293193,1.9079939382802,0.936285509364422,-0.32824947317475,0.124986912573692,82.93,0.3204865218432053,0.9992066468364817,110,85,956.8061012324528,2983.11145999738
01/03/2024 08:00:00,16.3,121.34,0.284488668075076,2.11778251436992,0.819765792676312,-0.499209618959162,0.280666708920788,138.19,0.5514558399307761,0.9994890722575178,120,75,2743.404570721222,4972.29821622959
01/03/2024 09:00:00,24.26,134.77,0.423416876533824,2.35218023291276,0.647245065569397,-0.642069397798428,0.410877978853615,149.43,0.7445462302632454,0.9999099395367514,135,65,4005.2715547765238,5378.995521539164
01/03/2024 10:00:00,30.43,150.03,0.531103691381875,2.61851747676709,0.430733250597411,-0.746954819117165,0.506485305835649,137.85,0.8863160121654482,0.9999717358917016,150,60,4398.431841972253,4962.459736536158
01/03/2024 11:00:00,34.14,167.1,0.595855406630864,2.91644518008252,0.184777140662273,-0.806779362579865,0.561216953061738,177.45,0.9673194714283903,0.9994320146184087,165,55,6179.430247378842,6384.571595785318
01/03/2024 12:00:00,34.84,185.16,0.608072711394824,3.2316516429927,-0.0738160905156564,-0.817424426167517,0.571286698852415,119.47,0.9819670536107932,0.997271478609399,180,55,4223.361740215732,4289.184847780736
01/03/2024 13:00:00,32.41,202.81,0.565661210571362,3.5397022559697,-0.327289814501562,-0.778211467421954,0.535974149839805,124.05999999999999,0.9292695617036185,0.9448956572692266,180,55,4150.266545698233,4220.055188669529
01/03/2024 14:00:00,27.24,218.92,0.475427688243255,3.82087479846599,-0.558561593452165,-0.691738748695205,0.45771874538167,151.25,0.8127891887474541,0.8291758969346763,180,55,4425.6371327298875,4514.862758809312
01/03/2024 15:00:00,20.0,233.13,0.349065850398866,4.06888608517438,-0.75175308941779,-0.563816915416962,0.342020143325669,89.4,0.6405235268869913,0.6592898434973057,180,60,2061.460918933093,2121.858432311729
01/03/2024 16:00:00,11.33,245.71,0.197745804250958,4.28844850507527,-0.893712192525593,-0.403338760672281,0.196459565993732,96.19,0.4241214641298817,0.4485764598936031,180,65,1468.6647708475198,1553.3485083779647
01/03/2024 17:00:00,1.79,257.23,0.0312413936106985,4.48951043490501,-0.974789320399509,-0.220930019826172,0.0312363117968641,0.0,0.17830852307758446,0.0312363117968641,0,0,0.0,0.0
02/03/2024 07:00:00,7.51,109.12,0.131074226824774,1.90450327977621,0.936729904066583,-0.324738045359703,0.130699230002975,90.02999999999999,0.32204278581407464,0.998940662055017,110,80,1043.7664322462808,3237.646600973274
02/03/2024 08:00:00,16.64,121.16,0.290422787531857,2.11464092171633,0.819890385805454,-0.495761266179853,0.286357333098931,107.47,0.5530413652421522,0.999400711853358,120,75,2139.6727988126677,3866.601402103694
02/03/2024 09:00:00,24.61,134.61,0.429525528915804,2.34938770610957,0.647236622923306,-0.638484859240073,0.416439477557085,142.73999999999998,0.7459441521879919,0.9999577455160094,135,65,3833.1384581993025,5138.422869418386
02/03/2024 10:00:00,30.81,149.94,0.537735942539453,2.6169466804403,0.430213931545615,-0.743353573688462,0.512192773854392,179.52,0.8878053364415539,0.9998996640837835,150,60,5737.6373039275595,6462.071557067549
02/03/2024 11:00:00,34.52,167.09,0.602487657788443,2.91627064715732,0.184082286971521,-0.803101339627148,0.566693876720417,124.98,0.9685914863162572,0.9995159322429312,165,55,4357.9643025530095,4497.102043621975
02/03/2024 12:00:00,35.22,185.25,0.614704962552403,3.2332224393195,-0.0747516650250772,-0.813516497999998,0.576717518424572,105.68,0.9830439004500235,0.9971852813987045,180,55,3739.970858384106,3793.771459375744
02/03/2024 13:00:00,32.76,202.99,0.571769862953342,3.54284384862329,-0.328448115819321,-0.774150906291131,0.541121252126876,193.55,0.9300378623232397,0.9445216969053052,180,55,6480.31781709587,6581.238279696786
02/03/2024 14:00:00,27.57,219.16,0.481187274774837,3.82506358867077,-0.559780156263146,-0.687337440180423,0.46283195652443,631.01,0.8132925799232418,0.8285033734928209,180,55,18475.047030865135,18820.580893477378
02/03/2024 15:00:00,20.29,233.4,0.35412730522965,4.07359847415476,-0.753002226984617,-0.559228806679697,0.346771953790685,412.31,0.6406392814887759,0.6576923300080169,180,60,9509.111357422938,9762.232485081795
02/03/2024 16:00:00,11.6,246.0,0.202458193231342,4.29350995990605,-0.894886519690598,-0.398429148662176,0.201077921145965,129.62,0.42391551443061337,0.4460786415240542,180,65,1978.1254432978596,2081.5456865165243
02/03/2024 17:00:00,2.04,257.52,0.0356047167406843,4.4945718897358,-0.975752693641624,-0.215961849850047,0.0355971945588585,0.0,0.17787910617034483,0.0355971945588585,0,0,0.0,0.0
03/03/2024 07:00:00,7.84,108.91,0.136833813356355,1.90083808834702,0.937186138575625,-0.321053288779477,0.136407211779988,104.51,0.32347342207059016,0.9991129348893486,110,80,1217.0234642615055,3759.0225417102897
03/03/2024 08:00:00,16.99,120.97,0.296531439913837,2.11132479613754,0.820014685023652,-0.492130343446089,0.292204793604068,220.40999999999997,0.5546086941310462,0.9992645232992354,120,75,4400.6868818432595,7928.92416889384
03/03/2024 09:00:00,24.98,134.46,0.435983247148183,2.34676971223158,0.646973012058188,-0.634891367182738,0.422301874901342,330.84999999999997,0.7475485105022444,0.9999634526671725,135,65,8903.75128918803,11910.164699337623
03/03/2024 10:00:00,31.18,149.84,0.544193660771832,2.6152013511883,0.429839895558641,-0.739726279562741,0.51772839936631,643.5199999999999,0.8891547305054848,0.9997850439121272,150,60,20598.798678296018,23161.74017249995
03/03/2024 11:00:00,34.91,167.08,0.60929444187122,2.91609611423213,0.183355721600044,-0.799290917256161,0.572289008236513,579.7400000000001,0.9698534662552093,0.9995561681164833,165,55,20241.462546964623,20861.376944538602
03/03/2024 12:00:00,35.6,185.34,0.621337213709981,3.23479323564629,-0.0756718011383203,-0.809571878296015,0.582122970157289,538.85,0.9840768646837158,0.9970544778459637,180,55,19089.713467253532,19341.460993942714
03/03/2024 13:00:00,33.12,203.17,0.578053048260522,3.54598544127688,-0.329534283036204,-0.769974268505543,0.546394346734269,342.26,0.9308131743772162,0.9441249183384364,180,55,11468.884214244457,11632.903003818477
03/03/2024 14:00:00,27.89,219.4,0.486772328381218,3.82925237887556,-0.561004841300032,-0.682978471572146,0.467775560933768,654.4,0.8137059798626964,0.8277682504461965,180,55,19169.610955997345,19500.895551311674
03/03/2024 15:00:00,20.58,233.67,0.359188760060433,4.07831086313515,-0.754205489826552,-0.554627233249279,0.351514880558052,194.36,0.640739233391876,0.6560787139035789,180,60,4483.226786473621,4590.556518034786
03/03/2024 16:00:00,11.87,246.28,0.207170582211727,4.29839688181163,-0.895945453937887,-0.393665622624113,0.205691811047505,139.66,0.42380970570376736,0.44377033531285226,180,60,2130.8134859491734,2231.170741072546
03/03/2024 17:00:00,2.3,257.81,0.0401425727958696,4.49963334456658,-0.97666532181301,-0.210984095125706,0.0401317925325597,0.0,0.17756574702683886,0.0401317925325597,0,0,0.0,0.0
04/03/2024 07:00:00,8.17,108.7,0.142593399887937,1.89717289691784,0.937596828048195,-0.317359017386819,0.142110668555306,230.51999999999998,0.32489413067932993,0.9992390690155389,110,80,2696.2054201511687,8292.405246820632
04/03/2024 08:00:00,17.33,120.78,0.302465559370617,2.10800867055875,0.820137954030287,-0.488512407952396,0.297874744877049,478.09000000000003,0.5560596884036826,0.999087802541679,120,75,9570.476751441,17195.539950617447
04/03/2024 09:00:00,25.34,134.31,0.442266432455363,2.34415171835358,0.646721447465681,-0.631329428270599,0.427988927879463,629.18,0.7490511930690952,0.9999229970522688,135,65,16966.36906758768,22648.735846272473
04/03/2024 10:00:00,31.57,149.75,0.55100044485461,2.61363055486151,0.429216020758278,-0.735988866094289,0.523539870983741,869.92,0.8906213110872031,0.9996175739065561,150,60,27891.694473875268,31305.143516140488
04/03/2024 11:00:00,35.3,167.08,0.616101225953998,2.91609611423213,0.182480496145726,-0.795475602685753,0.577857624383505,933.4799999999999,0.971093237689477,0.9995458067509155,165,55,32633.860158661424,33590.016708690404
04/03/2024 12:00:00,35.98,185.44,0.62796946486756,3.23653856489828,-0.0767169466641325,-0.805577402211541,0.587502816283154,920.0799999999999,0.985056469234436,0.996868147564494,180,55,32627.907223675913,33019.144027601025
04/03/2024 13:00:00,33.48,203.36,0.584336233567701,3.54930156685567,-0.330718004458623,-0.765710411934896,0.55164587062843,892.12,0.9315115606392294,0.9436443218726611,180,55,29916.723365188893,30306.383007445384
04/03/2024 14:00:00,28.22,219.64,0.4925319149128,3.83344116908034,-0.56213262927023,-0.678536564943072,0.472858369012322,733.96,0.8141591656236961,0.8270450324948031,180,55,21512.16940324205,21852.646993795886
04/03/2024 15:00:00,20.88,233.94,0.364424747816416,4.08302325211554,-0.755312473477338,-0.549976035952147,0.356411878713251,524.49,0.6409130408454365,0.6549434494256849,180,55,12101.489308548827,12366.406432413989
04/03/2024 16:00:00,12.14,246.57,0.211882971192112,4.30345833664242,-0.897027145556995,-0.388736071765885,0.210301133239691,244.20000000000002,0.42358326984247874,0.44180588013647243,180,60,3723.8052418391994,3884.0038534557566
04/03/2024 17:00:00,2.55,258.11,0.0445058959258554,4.50486933232256,-0.977575980992875,-0.205829381020309,0.0444912046882888,0.0,0.1770033836251378,0.0444912046882888,0,0,0.0,0.0
05/03/2024 07:00:00,8.5,108.49,0.148352986419518,1.89350770548865,0.937961896122035,-0.313655638247862,0.147809411129611,246.08999999999997,0.3263050656953962,0.9993190980222514,110,80,2890.8148902112816,8853.20772596265
05/03/2024 08:00:00,17.68,120.59,0.308574211752598,2.10469254497996,0.82017170856769,-0.48485500334348,0.303700500819394,486.75,0.5575929443355451,0.9991328579555644,120,70,9770.701163591757,17507.805069955353
05/03/2024 09:00:00,25.7,134.15,0.448549617762543,2.34135919155039,0.646539636292741,-0.627635481037476,0.433659084587544,727.9300000000001,0.750448584189883,0.9998355043142034,135,65,19665.8653640163,26201.169311595775
05/03/2024 10:00:00,31.95,149.65,0.557632696012188,2.61188522560951,0.428735993515424,-0.732226080382487,0.52917900097419,866.29,0.891948086850475,0.9994071917245191,150,60,27816.685493677127,31167.952420285208
05/03/2024 11:00:00,35.69,167.07,0.622908010036776,2.91592158130693,0.181734977567888,-0.791591725355331,0.583399467155541,839.59,0.9722655962962152,0.9994933386359559,165,55,29386.96099179622,30209.926038673042
05/03/2024 12:00:00,36.36,185.54,0.634601716025138,3.23828389415028,-0.0777449441175589,-0.801546327078276,0.592856820161059,371.24,0.9859919211207977,0.9966370145928959,180,55,13177.427068687857,13319.6949107088
05/03/2024 13:00:00,33.84,203.55,0.590619418874881,3.55261769243446,-0.331863929437522,-0.761417021151476,0.556875616488188,288.26000000000005,0.9321736636633065,0.9431270410287528,180,55,9673.501690353052,9787.16883049014
05/03/2024 14:00:00,28.54,219.89,0.498116968519182,3.83780449221033,-0.563385462620071,-0.674040481162445,0.477772174014632,267.65000000000003,0.8144545391321936,0.8261804990367569,180,55,7847.595266354339,7960.579580418769
05/03/2024 15:00:00,21.17,234.22,0.3694862026472,4.08791017402112,-0.75651793350859,-0.545216606479591,0.361136356932907,208.66,0.6408883265775001,0.6537546024244398,180,55,4814.199296051802,4910.84767230781
05/03/2024 16:00:00,12.41,246.86,0.216595360172496,4.3085197914732,-0.898061948270962,-0.383797134544139,0.214905785365291,183.31,0.4233468945841443,0.4398309610975439,180,60,2793.733892863902,2902.5148852364678
05/03/2024 17:00:00,2.8,258.41,0.0488692190558412,4.51010532007855,-0.97844080920494,-0.200667094645083,0.0488497697956133,0.0,0.1764350668664208,0.0488497697956133,0,0,0.0,0.0
06/03/2024 07:00:00,8.83,108.29,0.154112572951099,1.89001704698466,0.938227160675453,-0.310107315407269,0.153503250459965,41.35,0.32782217495445376,0.9993581424536203,110,80,487.99608963719993,1487.6445308564594
06/03/2024 08:00:00,18.03,120.4,0.314682864134578,2.10137641940117,0.820159577549637,-0.481184766137008,0.30951492402027,42.27,0.5591091127923133,0.9993871882079923,120,70,850.8075191183191,1520.787472039866
06/03/2024 09:00:00,26.07,134.0,0.455007335994922,2.3387411976724,0.646152589569806,-0.623982302560084,0.439468903432369,115.79,0.7519735592182756,0.9997016357508596,135,65,3134.556663187829,4167.1962865293135
06/03/2024 10:00:00,32.33,149.56,0.564264947169767,2.61031442928272,0.428098087276688,-0.728509774546487,0.534794854182675,140.6,0.8932912696787443,0.9991516674477725,150,60,4521.4830906059315,5057.306079953645
06/03/2024 11:00:00,36.08,167.07,0.629714794119554,2.91592158130693,0.180842204917503,-0.78770303286407,0.588914279787239,518.94,0.9734154368745422,0.9993903370685083,165,55,18185.191445220302,18670.450374659944
06/03/2024 12:00:00,36.74,185.64,0.641233967182717,3.24002922340227,-0.0787556240500041,-0.797478878084254,0.598184746286608,294.14,0.986883213048031,0.9963611283146356,180,55,10450.14581829412,10550.507842168809
06/03/2024 13:00:00,34.19,203.74,0.596728071256861,3.55593381801325,-0.333011320229315,-0.757184259169669,0.56193901649984,223.92,0.9327610134469213,0.94256401233287,180,55,7519.098460717246,7598.121611096745
06/03/2024 14:00:00,28.86,220.14,0.503702022125563,3.84216781534032,-0.564592129859625,-0.669525473227768,0.482671075992446,104.77000000000001,0.814725993213353,0.8252919157955528,180,55,3072.918323122668,3112.770024644403
06/03/2024 15:00:00,21.46,234.5,0.374547657477983,4.0927970959267,-0.757675500621178,-0.540444682308479,0.365851583463751,69.85,0.6408482352915893,0.6525502138146309,180,55,1611.4769724642304,1640.9027676582707
06/03/2024 16:00:00,12.67,247.15,0.221133216227682,4.31358124630399,-0.899085063716726,-0.378864140356773,0.219335385547371,62.38,0.42299094126939796,0.437773662905604,180,60,949.9022969898617,983.0995593138568
06/03/2024 17:00:00,3.06,258.71,0.0534070751110265,4.51534130783453,-0.979250615029558,-0.195495852034593,0.0533816897587605,0.0,0.17598299748711854,0.0533816897587605,0,0,0.0,0.0
07/03/2024 06:00:00,-0.68,96.8,-0.0118682389135614,1.68947871593051,0.992895576801948,-0.118395629503285,-0.0118679602985372,0.0,0.0753264372786746,-0.0118679602985372,0,0,0.0,0.0
07/03/2024 07:00:00,9.17,108.08,0.16004669240788,1.88635185555547,0.938474995075747,-0.306378365292264,0.159364302459544,71.82000000000001,0.32932979865521667,0.999349253290496,110,80,851.488781019036,2583.8374813676437
07/03/2024 08:00:00,18.38,120.22,0.320791516516558,2.09823482674758,0.820018125188209,-0.477645224968632,0.315317797511462,233.58,0.5607095304258551,0.9995937338689538,120,70,4714.939156207365,8405.463756855968
07/03/2024 09:00:00,26.44,133.85,0.461465054227301,2.33612320379441,0.645723846207286,-0.620309515153932,0.44526039555384,287.92,0.7534717096898096,0.9995207339148189,135,65,7809.82468754004,10360.152349515169
07/03/2024 10:00:00,32.72,149.47,0.571071731252545,2.60874363295592,0.427382769593628,-0.724684021082495,0.540534030235087,376.3,0.8946442637662915,0.9991788579396318,150,55,12119.566912389198,13535.676152736605
07/03/2024 11:00:00,36.48,167.07,0.636696111127531,2.91592158130693,0.179917837209803,-0.783676720271999,0.594542151539713,674.6,0.9745479102173347,0.9992365944682012,165,55,23667.480728374107,24267.06023861695
07/03/2024 12:00:00,37.13,185.75,0.648040751265495,3.24194908557947,-0.0798767335561546,-0.793256541251523,0.603625519008325,692.36,0.987744777327574,0.9960230914951457,180,55,24619.499065098687,24825.835714592846
07/03/2024 13:00:00,34.55,203.94,0.603011256564041,3.55942447651724,-0.334213027886656,-0.752775299575276,0.567125206934225,691.47,0.933310598644427,0.9419270806955279,180,55,23232.826067207832,23447.315465587322
07/03/2024 14:00:00,29.19,220.4,0.509461608657145,3.8467056713955,-0.565813347575507,-0.664828434349181,0.487707298065362,221.43,0.8149658319501275,0.8243329851053092,180,55,6496.483830073803,6571.15390410727
07/03/2024 15:00:00,21.75,234.78,0.379609112308767,4.09768401783229,-0.75878505301397,-0.535660740421333,0.370557437509836,84.55,0.6407930188496469,0.6513306050317571,180,55,1950.445790774555,1982.520095595662
07/03/2024 16:00:00,12.94,247.45,0.225845605208066,4.31881723405997,-0.900091886578763,-0.373750844925981,0.223930573241348,35.84,0.4226245837753108,0.43564301301247166,180,60,545.2871429702572,562.0840411092115
07/03/2024 17:00:00,3.31,259.01,0.0577703982410123,4.52057729559051,-0.980022820374181,-0.190319635795907,0.057738269599535,0.0,0.17540342703204803,0.057738269599535,0,0,0.0,0.0
08/03/2024 06:00:00,-0.35,96.58,-0.0061086523819801,1.68563899157612,0.993394290856999,-0.114588252988457,-0.0061086143906783,0.0,0.07670668807315534,-0.0061086143906783,0,0,0.0,0.0
08/03/2024 07:00:00,9.51,107.87,0.165980811864661,1.88268666412628,0.938675024070898,-0.302641100681682,0.165219742657103,115.02,0.33082757497651194,0.9992923492113238,110,80,1369.8643562567427,4137.789816226313
08/03/2024 08:00:00,18.73,120.03,0.326900168898538,2.09491870116879,0.819914621402028,-0.473950508911782,0.321108904755742,242.14,0.5621919028505067,0.9997542293501911,120,70,4900.64930482398,8714.897607414789
08/03/2024 09:00:00,26.81,133.69,0.46792277245968,2.33333067699122,0.645360929602661,-0.616504838019615,0.451033319435268,283.95,0.7548634703117401,0.9992896479253326,135,65,7716.365366220668,10214.938639022334
08/03/2024 10:00:00,33.11,149.38,0.577878515335323,2.60717283662913,0.426636639562054,-0.720828775148908,0.546248162194184,425.96,0.8959586946803826,0.9994158159682784,150,55,13739.132361098007,15325.601794914523
08/03/2024 11:00:00,36.87,167.07,0.643502895210309,2.91592158130693,0.179008135484221,-0.779714288999006,0.600001429132662,329.33,0.9756063404005696,0.9990398050593521,165,55,11566.671699028304,11844.49604400707
08/03/2024 12:00:00,37.51,185.86,0.654673002423073,3.24386894775666,-0.0809890023530455,-0.789101837729754,0.608899886015249,594.48,0.988536498970574,0.9958803801179996,180,50,21155.946404688966,21313.11486141174
08/03/2024 13:00:00,34.91,204.14,0.60929444187122,3.56291513502122,-0.335374732623677,-0.748337544006222,0.572289008236513,400.83,0.9338239905058483,0.9412537188980736,180,55,13474.968124120529,13582.178213252933
08/03/2024 14:00:00,29.51,220.66,0.515046662263527,3.85124352745069,-0.567040754867024,-0.660177400531529,0.492575458328233,522.69,0.8151193635319167,0.8233153432606855,180,55,15337.970644481915,15492.193083681399
08/03/2024 15:00:00,22.05,235.07,0.38484510006475,4.10274547266307,-0.759885408439084,-0.530695124269068,0.375415571225283,83.63,0.6407170172897143,0.6500495214332976,180,55,1928.9939096137969,1957.0910931888004
08/03/2024 16:00:00,13.21,247.75,0.230557994188451,4.32405322181595,-0.901049807560864,-0.368629208897509,0.228520788205641,24.81,0.4222488123371645,0.4335026535850238,180,60,377.1357492270618,387.1872300759999
08/03/2024 17:00:00,3.56,259.32,0.0621337213709981,4.5259878162717,-0.980781294587022,-0.18496599248493,0.0620937501868842,0.0,0.17469761940144315,0.0620937501868842,0,0,0.0,0.0
09/03/2024 06:00:00,-0.02,96.36,-0.0003490658503988,1.68179926722174,0.993845436425767,-0.110775117461972,-0.00034906584331,0.0,0.07808300991921172,-0.00034906584331,0,0,0.0,0.0
09/03/2024 07:00:00,9.85,107.67,0.171914931321441,1.87919600562229,0.938775002455124,-0.299059805342345,0.171069364861103,194.85999999999999,0.33243152428446276,0.9991943805618171,110,80,2331.993845594535,7009.308611865924
09/03/2024 08:00:00,19.08,119.84,0.333008821280518,2.09160257559,0.81976499533998,-0.470244158372597,0.326888029654943,280.24,0.5636575756563437,0.9998676260082895,120,70,5686.5383640696145,10087.30452645227
09/03/2024 09:00:00,27.18,133.54,0.474380490692059,2.33071268311323,0.644847888084291,-0.612793962982271,0.4567874343343,271.41999999999996,0.7563082590735304,0.9990145180798174,135,65,7389.978756398554,9761.490737900065
09/03/2024 10:00:00,33.5,149.29,0.5846852994181,2.60560204030233,0.425859637675232,-0.716944302748656,0.551936985312058,137.85,0.8972345633084519,0.9996048796254622,150,55,4452.616243874522,4960.639175629318
09/03/2024 11:00:00,37.27,167.08,0.650484212218287,2.91609611423213,0.177931120231754,-0.775643798063081,0.605571808276567,483.37,0.976666921523454,0.9987857672414812,165,55,16995.29363484451,17380.190747214532
09/03/2024 12:00:00,37.9,185.97,0.661479786505851,3.24578880993386,-0.0820708353810927,-0.78480447942099,0.614285200098943,566.3299999999999,0.9893057998766581,0.9960500258327488,180,50,20169.847931189317,20307.34840067498
09/03/2024 13:00:00,35.27,204.35,0.6155776271784,3.56658032645041,-0.336626028023427,-0.743812652671171,0.577430216548673,902.4800000000001,0.9342597924197225,0.9409585379564394,180,50,30353.427988666244,30571.06540805739
09/03/2024 14:00:00,29.84,220.92,0.520806248795108,3.85578138350587,-0.568162983465715,-0.655442836337425,0.497579654440662,761.4,0.8153100220897886,0.8223073042952365,180,55,22347.97382948994,22539.772133654147
09/03/2024 15:00:00,22.34,235.36,0.389906554895533,4.10780692749385,-0.760988663759021,-0.525755394120805,0.380101985239666,499.04999999999995,0.6405378957336638,0.6486911480337474,180,55,11507.775727171856,11654.255427344699
09/03/2024 16:00:00,13.47,248.05,0.235095850243636,4.32928920957194,-0.901996468560781,-0.363514920395214,0.232936200179235,262.03000000000003,0.4217546320045079,0.431380705767249,180,55,3978.445184069084,4069.2487079589223
09/03/2024 17:00:00,3.81,259.62,0.066497044500984,4.53122380402768,-0.981460479862291,-0.179777594004097,0.0664480485987361,2.7600000000000002,0.17410782158647847,0.19166224957374553,180,70,17.299353152832502,19.043561117647357
10/03/2024 06:00:00,0.32,96.15,0.0055850536063818,1.67813407579255,0.994229326021481,-0.10713008344725,0.0055850245708283,1.84,0.07970161722175743,0.9997829852633925,95,90,5.279435124769213,66.22562494384712
10/03/2024 07:00:00,10.19,107.46,0.177849050778222,1.87553081419311,0.93887988863688,-0.295307226809183,0.176912963084873,181.42000000000002,0.33391009848728626,0.9991012481121473,105,80,2180.8069224322853,6525.250143570208
10/03/2024 08:00:00,19.44,119.65,0.339292006587698,2.08828645001122,0.81951870546145,-0.466497847993216,0.332819544522987,254.79,0.5652027485685565,0.9999357033321697,120,70,5184.28829908017,9171.850242672128
10/03/2024 09:00:00,27.56,133.39,0.481012741849637,2.32809468923524,0.644234223516246,-0.609009064827053,0.462677235455667,400.31,0.757796650234634,0.9987902627300266,135,60,10920.728773995348,14393.72628264445
10/03/2024 10:00:00,33.89,149.2,0.591492083500878,2.60403124397554,0.425051706618594,-0.713030871350188,0.557600236013413,336.67999999999995,0.8984718724033743,0.9997460639997824,150,55,10889.910360027648,12117.40217378808
10/03/2024 11:00:00,37.67,167.08,0.657465529226264,2.91609611423213,0.176981521408949,-0.771504272405074,0.611112672704871,161.75,0.9776578176706706,0.9987737307040738,165,50,5692.901472296315,5815.859433889822
10/03/2024 12:00:00,38.29,186.09,0.668286570588629,3.24788320503625,-0.0832688119041347,-0.780455015403096,0.619642053040484,178.29,0.9900181314158611,0.9961614617890306,180,50,6354.37197540482,6393.802572805185
10/03/2024 13:00:00,35.63,204.56,0.62186081248558,3.5702455178796,-0.337835282655929,-0.739259370420258,0.582548628904602,162.67000000000002,0.9346593997492321,0.9407605734338328,180,50,5473.477604059473,5509.206809297338
10/03/2024 14:00:00,30.16,221.19,0.52639130240149,3.86049377248626,-0.569406326321922,-0.650656706621999,0.502416446458898,69.85,0.8153458457476562,0.8213790211723977,180,50,2050.2686637170564,2065.439686640111
10/03/2024 15:00:00,22.63,235.66,0.394968009726317,4.11304291524984,-0.762132744933603,-0.520671739776004,0.384778661698645,148.7,0.6402501189108062,0.6472092936020531,180,55,3427.3869365533274,3464.6407905105107
10/03/2024 16:00:00,13.74,248.36,0.239808239224021,4.33469973025312,-0.902919708288688,-0.358220574908289,0.237516357534057,50.55,0.4212496247332549,0.42967090217196807,180,55,766.5900670895772,781.9151077725475
10/03/2024 17:00:00,4.06,259.93,0.0708603676309698,4.53663432470886,-0.9821239811916,-0.174412420329288,0.0708010819355254,0.92,0.1733921302899523,0.18810946054804278,180,70,5.74274735520322,6.230185333351178
11/03/2024 06:00:00,0.65,95.93,0.0113446401379631,1.67429435143816,0.994584853326301,-0.103306699662949,0.0113443967953723,2.7600000000000002,0.08107056777615204,0.999803929825951,95,90,8.055171614238468,99.34051846750651
11/03/2024 07:00:00,10.53,107.26,0.183783170235003,1.87204015568912,0.938885893155423,-0.291711494375339,0.182750331553874,69.42,0.3354951745286979,0.99920410285395,105,80,838.4427005681596,2497.1309575243636
11/03/2024 08:00:00,19.8,119.46,0.345575191894877,2.08497032443243,0.819224189567507,-0.462740044317926,0.338737920245291,80.86999999999999,0.5667305037142423,0.9999546405013398,120,70,1649.9338500733477,2911.18794398436
11/03/2024 09:00:00,27.93,133.24,0.487470460082016,2.32547669535725,0.643636332328794,-0.605260892704301,0.468392488698454,256.68,0.7591875866337547,0.9989864799764622,135,60,7015.257710537478,9231.1145884929
11/03/2024 10:00:00,34.28,149.11,0.598298867583656,2.60246044764874,0.42421279127682,-0.709088749868832,0.563237651907776,532.54,0.8996706265789192,0.9998393867866092,150,55,17247.981437220154,19168.36081341627
11/03/2024 11:00:00,38.06,167.09,0.664272313309042,2.91627064715732,0.175913412288547,-0.767462743925879,0.616486340532182,736.8199999999999,0.9785997824372089,0.9990255900098304,165,50,25957.86810103383,26499.673268317554
11/03/2024 12:00:00,38.67,186.21,0.674918821746207,3.24997760013864,-0.0844567956391115,-0.776176268183771,0.624833938241744,521.95,0.9906638174750464,0.9962210307364407,180,50,18614.77126311962,18719.19241174387
11/03/2024 13:00:00,35.99,204.77,0.628143997792759,3.57391070930879,-0.339002258476497,-0.73467812489182,0.587644043238144,726.0400000000001,0.9350229719979956,0.9405264049540292,180,50,24439.10682921929,24582.952477901643
11/03/2024 14:00:00,30.48,221.46,0.531976356007872,3.86520616146664,-0.57059936213533,-0.64585324867836,0.507237566730189,302.1,0.8153583348993105,0.8207983152821118,180,50,8867.511107030941,8926.674157682135
11/03/2024 15:00:00,22.92,235.95,0.4000294645571,4.11810437008062,-0.763134906218478,-0.515710512206369,0.389445480793858,255.1,0.6400419406821036,0.6458220713619309,180,55,5877.889166448167,5930.971574559429
11/03/2024 16:00:00,14.01,248.66,0.244520628204406,4.3399357180091,-0.903730389613602,-0.3530767822708,0.242091240465542,193.56000000000003,0.42084734482225666,0.42808139896613473,180,55,2932.531634296656,2982.939681019862
11/03/2024 17:00:00,4.31,260.24,0.0752236907609556,4.54204484539004,-0.982739449694218,-0.169042111849636,0.0751527673217723,1.84,0.1726718549931323,0.18496511419697598,180,65,11.437783674745086,12.25208916440769
12/03/2024 06:00:00,0.99,95.72,0.0172787595947439,1.67062916000897,0.994872309413506,-0.0996522058949195,0.0172778998293646,1.84,0.0826820706825013,0.9997717819372395,95,90,5.476860362008887,66.22488283552275
12/03/2024 07:00:00,10.88,107.05,0.189891822616983,1.86837496425993,0.938863938750739,-0.287935646698224,0.188752663223395,158.37,0.3370695364579315,0.999263098160029,105,80,1921.7412895983339,5697.118686801737
12/03/2024 08:00:00,20.15,119.28,0.351683844276857,2.08182873177884,0.818853717291105,-0.459143501017257,0.344479077959977,249.01,0.568246975109424,0.9999269200062442,120,70,5093.970453791917,8963.704884627175
12/03/2024 09:00:00,28.31,133.08,0.494102711239595,2.32268416855405,0.643040864193295,-0.601326111036868,0.474241874113639,200.29,0.7605414159270754,0.9991369725779229,135,60,5483.8382470572205,7204.217192554758
12/03/2024 10:00:00,34.67,149.02,0.605105651666434,2.60088965132195,0.42334283874078,-0.705118208648091,0.568848971801659,206.58999999999997,0.9008308323051244,0.9998848682846344,150,55,6699.695099252963,7436.383737801213
12/03/2024 11:00:00,38.46,167.1,0.671253630317019,2.91644518008252,0.174814343098752,-0.763279504107109,0.621968121415364,877.39,0.9795179896295038,0.9992359465037781,165,50,30939.09440115709,31561.906575706198
12/03/2024 12:00:00,39.06,186.33,0.681725605828985,3.25207199524103,-0.0856113129514687,-0.771752555862089,0.630133871185369,734.0899999999999,0.9912833990186378,0.9962390017227909,180,50,26196.884293881303,26327.847195888608
12/03/2024 13:00:00,36.34,204.99,0.634252650174739,3.57775043366318,-0.340297835322341,-0.730103724444057,0.592575678565907,838.3100000000001,0.93527557520412,0.9401922049945979,180,50,28225.831228177172,28374.21098528477
12/03/2024 14:00:00,30.8,221.73,0.537561409614253,3.86991855044703,-0.571741919310636,-0.641032980616542,0.512042864870571,752.8700000000001,0.8153477495663493,0.8201945618244996,180,50,22098.63096777663,22229.9956713892
12/03/2024 15:00:00,23.21,236.25,0.405090919387884,4.1233403578366,-0.764175924157967,-0.510606028134591,0.394102322969473,327.42,0.6397254100617835,0.644471000629016,180,50,7540.52017544745,7596.457020934287
12/03/2024 16:00:00,14.27,248.97,0.249058484259591,4.34534623869028,-0.904592758882047,-0.347784171596491,0.246491603437336,194.93,0.4202164304213102,0.4262698906246614,180,55,2948.860396152936,2991.340432060749
12/03/2024 17:00:00,4.56,260.56,0.0795870138909414,4.54762989899642,-0.983335388948192,-0.163495511711048,0.0795030219076598,8.27,0.17182591094017544,0.1817766843310124,180,65,51.15601020510903,54.118554459029006
13/03/2024 06:00:00,1.33,95.51,0.0232128790515246,1.66696396857978,0.995111292993721,-0.095993612170769,0.0232107944450872,5.51,0.08429024426539056,0.9996909886593405,95,90,16.71981285248287,198.29870451046676
13/03/2024 07:00:00,11.22,106.84,0.195825942073764,1.86470977283074,0.938824377919822,-0.284163109731564,0.19457675732509,185.56000000000003,0.3385202064201064,0.9992752385594951,105,80,2261.369142119338,6675.318477615598
13/03/2024 08:00:00,20.51,119.09,0.357967029584037,2.07851260620005,0.818464209776209,-0.455364250395127,0.350370856061817,478.88,0.5697407576157699,0.9998493795237299,120,70,9822.148344253437,17237.083351187655
13/03/2024 09:00:00,28.68,132.93,0.500560429471974,2.32006617467606,0.642357165870562,-0.597542190685378,0.47991728642096,699.64,0.7618789027156032,0.9992388322022894,135,60,19189.474397854006,25167.86843623235
13/03/2024 10:00:00,35.06,148.93,0.611912435749212,2.59931885499515,0.422441798314304,-0.701119519440832,0.574433935710655,760.86,0.9019524979035473,0.9998825313922376,150,55,24705.344791976146,27387.742422063522
13/03/2024 11:00:00,38.86,167.11,0.678234947324996,2.91661971300772,0.173708225811645,-0.759058701494744,0.627419588449775,986.9499999999999,0.9803882007876976,0.9993976259341766,165,50,34833.38885162705,35508.797528966476
13/03/2024 12:00:00,39.45,186.46,0.688532389911763,3.25434092326863,-0.0868775477140075,-0.767276530962699,0.635404608684141,894.6899999999999,0.9918453456867551,0.9961981324794719,180,50,31946.18804396938,32086.38625733011
13/03/2024 13:00:00,36.7,205.21,0.640535835481919,3.58159015801756,-0.341506078703389,-0.725408699914139,0.597625146975521,746.87,0.935526204875003,0.9398413432723505,180,50,25153.792438859768,25269.814945793532
13/03/2024 14:00:00,31.13,222.01,0.543320996145835,3.87480547235261,-0.57288448125585,-0.636029400273871,0.516981598437967,576.6,0.8153018959718141,0.8195361536519622,180,50,16923.71063582453,17011.60366304597
13/03/2024 15:00:00,23.49,236.56,0.409977841293468,4.12875087851779,-0.765311086154849,-0.505396622429536,0.398589005675397,472.65000000000003,0.6392143677281785,0.6433643483886691,180,50,10876.48815264205,10947.101733572561
13/03/2024 16:00:00,14.53,249.28,0.253596340314776,4.35075675937146,-0.905405676717792,-0.342485516011691,0.25088689062883,173.92999999999998,0.4195776525044939,0.4244505192344258,180,55,2627.1770796038386,2657.688437175972
13/03/2024 17:00:00,4.81,260.87,0.0839503370209272,4.55304041967761,-0.983853717241422,-0.158116238678154,0.0838517628706112,11.590000000000002,0.17109721472528883,0.17885856088143048,180,60,71.38860187197952,74.62694594216806
14/03/2024 06:00:00,1.67,95.29,0.0291469985083053,1.6631242442254,0.995317870104142,-0.092157639287576,0.0291428717235446,17.259999999999998,0.08577241389735693,0.9995624526156944,95,90,53.2955470992617,621.0881255572878
14/03/2024 07:00:00,11.57,106.64,0.201934594455744,1.86121911432675,0.93865421839679,-0.280538666481465,0.200564989204778,34.919999999999995,0.3401916573893804,0.9992293961803096,105,80,427.66173633733786,1256.1512585261908
14/03/2024 08:00:00,20.87,118.9,0.364250214891217,2.07519648062126,0.818026292014486,-0.451574774051359,0.35624880212219,195.11,0.5712175287146841,0.9997229075402065,120,70,4012.209072990793,7022.01371364611
14/03/2024 09:00:00,29.06,132.77,0.507192680629552,2.31727364787287,0.64167262033181,-0.593571584622686,0.485725253867887,368.78000000000003,0.7631781134098862,0.9992921294010435,135,60,10132.013687878723,13266.682253298608
14/03/2024 10:00:00,35.46,148.84,0.618893752757189,2.59774805866836,0.421457236854104,-0.697006321585949,0.580134454391849,267.7,0.9030749032237504,0.9998310326048925,150,55,8703.113457347927,9635.57162741987
14/03/2024 11:00:00,39.26,167.12,0.685216264332974,2.91679424593292,0.172595127380562,-0.754800539227611,0.632840475938601,400.76,0.9812103716766134,0.9995106211000082,165,50,14156.275267912306,14420.299554433415
14/03/2024 12:00:00,39.84,186.59,0.695339173994541,3.25660985129622,-0.0881198082909359,-0.762763214784614,0.640645906533561,770.1,0.9923601064631357,0.9961097730174948,180,50,27511.79464754139,27615.74890322782
14/03/2024 13:00:00,37.06,205.44,0.646819020789099,3.58560441529715,-0.342795494011019,-0.720626806860563,0.602651022167631,283.28,0.9356987262996488,0.9394087709723886,180,50,9542.33046670192,9580.165799078095
14/03/2024 14:00:00,31.45,222.29,0.548906049752217,3.87969239425819,-0.57403401756138,-0.631076382301777,0.52175429694756,704.22,0.8151743908570999,0.8188097532245069,180,50,20666.235943057927,20758.399358967443
14/03/2024 15:00:00,23.78,236.86,0.415039296124252,4.13398686627377,-0.766247726480795,-0.500273228160067,0.403225890598952,397.66999999999996,0.6388703536705721,0.6424201328550383,180,50,9146.14464759035,9196.96371236867
14/03/2024 16:00:00,14.8,249.6,0.258308729295161,4.35634181297785,-0.90618614915848,-0.337007607964472,0.255445757935791,290.68,0.4189277925648708,0.42257813852284315,180,55,4383.861506739238,4422.060479009521
14/03/2024 17:00:00,5.06,261.19,0.0883136601509131,4.55862547328399,-0.984350527428119,-0.152561436419742,0.0881989074168674,4.59,0.17024327176767123,0.17622153328577464,180,60,28.130998226889997,29.118846160141402
15/03/2024 06:00:00,2.01,95.08,0.035081117965086,1.65945905279621,0.995459172173265,-0.0884921266403057,0.0350739227745228,19.669999999999998,0.08737439146565734,0.9993837465104602,95,90,61.87155408466127,707.683618578987
15/03/2024 07:00:00,11.91,106.43,0.207868713912525,1.85755392289757,0.938518024284196,-0.27675493167737,0.206374964290597,308.71999999999997,0.34162442563290074,0.9991443081259147,105,80,3796.7865365300077,11104.409908966763
15/03/2024 08:00:00,21.23,118.71,0.370533400198396,2.07188035504247,0.817539910082023,-0.447775501165842,0.362112684089851,575.67,0.5726774277971673,0.999547582454906,120,70,11868.235734959831,20714.744044505365
15/03/2024 09:00:00,29.44,132.62,0.513824931787131,2.31465565399488,0.64083971705647,-0.58969530482936,0.491511855915187,801.33,0.7645289152299227,0.9993016565187971,135,60,22055.038403082985,28827.734271055477
15/03/2024 10:00:00,35.85,148.75,0.625700536839967,2.59617726234156,0.420493240618431,-0.692951414298227,0.585665238866281,961.26,0.9041185059906716,0.9997319530050242,150,55,31287.346382469346,34596.084137241945
15/03/2024 11:00:00,39.67,167.13,0.692372114266151,2.91696877885812,0.171450300941853,-0.750396617018792,0.638364873308127,1007.66,0.9820026672609002,0.9995760066021441,165,50,35622.893076916276,36260.37931725779
15/03/2024 12:00:00,40.22,186.72,0.701971425152119,3.25887877932381,-0.0893510642077822,-0.758324839923836,0.645724263505272,1026.69,0.9928126421536145,0.995974085557898,180,50,36695.18921661701,36812.03882045178
15/03/2024 13:00:00,37.42,205.67,0.653102206096278,3.58961867257674,-0.344038400064653,-0.715817911468065,0.60765310572929,902.08,0.9358353309641075,0.938940220715476,180,50,30391.14007281968,30491.9709949086
15/03/2024 14:00:00,31.77,222.58,0.554491103358599,3.88475384908898,-0.575240138232898,-0.626007383785722,0.526510720509613,641.11,0.814953366987496,0.8179840452112134,180,50,18809.091111936727,18879.039044112997
15/03/2024 15:00:00,24.07,237.17,0.420100750955035,4.13939738695495,-0.767218452944567,-0.495007301059042,0.407852445572645,566.34,0.638418249303634,0.641360090874052,180,50,13016.224487182324,13076.203459161983
15/03/2024 16:00:00,15.06,249.91,0.262846585350346,4.36175233365903,-0.90689827305731,-0.331698170212476,0.259830418164165,245.48000000000002,0.41827387610682876,0.42111131349959763,180,50,3696.4033598413557,3721.4785885637243
15/03/2024 17:00:00,5.31,261.5,0.0926769832808989,4.56403599396517,-0.984771562420941,-0.147175096103955,0.0925443727830623,21.759999999999998,0.16950726203244743,0.1737295584219722,180,60,132.785208785738,136.09278688543614
16/03/2024 06:00:00,2.35,94.87,0.0410152374218668,1.65579386136702,0.995551912999325,-0.0848238288006533,0.0410037387439451,21.220000000000002,0.08897352627099395,0.9991564212068434,95,90,67.9686561889377,763.2755732883319
16/03/2024 07:00:00,12.26,106.23,0.213977366294505,1.85406326439358,0.938250408554541,-0.273119755681042,0.212348227927536,279.76,0.3432777032585853,0.9990004255634952,105,80,3457.273329490386,10061.292926003163
16/03/2024 08:00:00,21.59,118.52,0.376816585505576,2.06856422946368,0.817005014283759,-0.443966861541101,0.367962270468781,548.4599999999999,0.5741205950870951,0.9993234865909318,120,70,11335.758536932854,19731.202540403847
16/03/2024 09:00:00,29.82,132.47,0.520457182944709,2.31203766011689,0.639962675780107,-0.585801604613118,0.497276838029946,708.79,0.7658521113498757,0.9992969975424736,130,60,19541.81944813242,25498.501879972675
16/03/2024 10:00:00,36.25,148.66,0.632681853847945,2.59460646601477,0.419444346654478,-0.688781053609734,0.591309648363582,653.96,0.9051608158991796,0.9995813705763799,150,55,21309.80281795539,23532.70439167666
16/03/2024 11:00:00,40.07,167.15,0.699353431274128,2.91731784470852,0.170193037725739,-0.746093151760298,0.643723029575664,1001.81,0.9827484464254511,0.9995865742213377,165,50,35442.97996008532,36050.24973314442
16/03/2024 12:00:00,40.61,186.85,0.708778209234897,3.2611477073514,-0.0905450814285233,-0.753738696979417,0.650906725195609,972.6899999999999,0.9932343031826018,0.9957921184022003,180,50,34779.926677056654,34869.4932833509
16/03/2024 13:00:00,37.78,205.9,0.659385391403458,3.59363292985633,-0.345234552988806,-0.710982500474025,0.612631200186803,709.62,0.9359362234086924,0.9384359384304339,180,50,23909.726262789947,23973.584782644164
16/03/2024 14:00:00,32.09,222.86,0.56007615696498,3.88964077099456,-0.576283280408453,-0.621023552222887,0.531250720758231,657.0799999999999,0.8147809522117475,0.8172130221667855,180,50,19273.54565085462,19331.07597379265
16/03/2024 15:00:00,24.35,237.48,0.424987672860619,4.14480790763613,-0.768195645096638,-0.489771666019002,0.412309551210655,345.21999999999997,0.6378677458841054,0.6402143340246071,180,50,7927.36931642799,7956.532526111095
16/03/2024 16:00:00,15.32,250.23,0.267384441405531,4.36733738726541,-0.907617742457967,-0.326225770346903,0.264209727938003,199.04,0.4175009446905151,0.41973417805365265,180,50,2991.577969123204,3007.580068792765
16/03/2024 17:00:00,5.56,261.82,0.0970403064108847,4.56962104757155,-0.985169106646486,-0.141614024702013,0.0968880762377992,11.03,0.1686464529017796,0.17157613532803098,180,55,66.96613351823864,68.12945181605454
17/03/2024 06:00:00,2.69,94.66,0.0469493568786475,1.65212866993783,0.995596071743625,-0.0811531817153682,0.0469321108212263,19.22,0.09056997892288873,0.9991698550683357,95,85,62.66717981632517,691.3456061188828
17/03/2024 07:00:00,12.61,106.02,0.220086018676485,1.85039807296439,0.937980837210807,-0.269316050750747,0.218313567680379,278.74,0.34480620990005795,0.9989807570568281,105,75,3460.0061861115173,10024.412263992728
17/03/2024 08:00:00,21.95,118.33,0.383099770812755,2.06524810388489,0.816421559158889,-0.440149285561993,0.373797330327324,505.76,0.5755471716191781,0.9990507061838453,120,70,10479.194550652159,18190.075865743496
17/03/2024 09:00:00,30.2,132.31,0.527089434102287,2.3092451333137,0.639142988220611,-0.581779317181819,0.503019946630235,703.27,0.7670689156676779,0.9993856713323233,130,60,19420.43602757788,25302.16659880379
17/03/2024 10:00:00,36.64,148.58,0.639488637930722,2.59321020261318,0.418297714656708,-0.684744072367758,0.596785201953093,928.92,0.9061780401613491,0.9993885254664326,150,55,30303.608582400488,33420.67160674602
17/03/2024 11:00:00,40.47,167.16,0.706334748282105,2.91749237763372,0.16905997529825,-0.741723039076019,0.649049811690897,878.6,0.9834249138674326,0.9995522845914462,165,50,31105.336655661347,31615.438940713608
17/03/2024 12:00:00,41.0,186.99,0.715584993317675,3.2635911683042,-0.0918452197657604,-0.749100130881187,0.656059028990507,983.5600000000001,0.9935975705916669,0.9955506076593125,180,50,35181.46175512104,35250.61520409816
17/03/2024 13:00:00,38.13,206.13,0.665494043785438,3.59764718713591,-0.346431179893819,-0.706217825011805,0.617447828753954,824.6099999999999,0.9359729598014928,0.9378820544327617,180,50,27785.255845748718,27841.929152608784
17/03/2024 14:00:00,32.4,223.15,0.565486677646163,3.89470222582535,-0.577444902744217,-0.615992719175526,0.535826794978997,272.90999999999997,0.8144593891616576,0.8163006242767097,180,50,8001.868028259886,8019.957721368845
17/03/2024 15:00:00,24.64,237.79,0.430049127691403,4.15021842831732,-0.769058727065336,-0.484489603372963,0.416915457314973,216.39,0.6373896310083109,0.6391286586616378,180,50,4965.2907211399815,4978.837816120505
17/03/2024 16:00:00,15.58,250.55,0.271922297460717,4.37292244087179,-0.908285681445915,-0.320749079906573,0.26858359707811,100.73,0.4167211322706904,0.41835025866480613,180,50,1511.1475075305593,1517.0551759910134
17/03/2024 17:00:00,5.8,262.14,0.101229096615671,4.57520610117794,-0.985533979911162,-0.136052928083661,0.101056297182946,10.110000000000001,0.1676615410679064,0.16941154498026043,180,55,61.02209448707522,61.65902591101559
18/03/2024 06:00:00,3.03,94.44,0.0528834763354282,1.64828894558345,0.99560513957768,-0.0773068568205084,0.0528588302466262,13.780000000000001,0.09204104000297705,0.9993614480012274,95,85,45.65971912467686,495.7632271244489
18/03/2024 07:00:00,12.96,105.82,0.226194671058465,1.8469074144604,0.937614612371753,-0.265671723091022,0.224270760949381,285.18,0.34644165285635087,0.9992698177886853,105,75,3556.736300216669,10258.983598931181
18/03/2024 08:00:00,22.32,118.14,0.389557489045134,2.0619319783061,0.815731066861988,-0.436291949456835,0.379779095521801,240.93,0.5770493698343856,0.9987223142058391,120,70,5005.026168271146,8662.39801781806
18/03/2024 09:00:00,30.58,132.16,0.533721685259866,2.30662713943571,0.638176816118496,-0.577852073139075,0.508740929096266,765.16,0.7683372802704591,0.99941901000733,130,60,21164.4343213828,27529.75618909951
18/03/2024 10:00:00,37.04,148.49,0.6464699549387,2.59163940628638,0.417185059365935,-0.680517510989552,0.602372429215039,951.5400000000001,0.9071401762346709,0.9991391604109472,150,55,31074.4858785962,34225.95156110758
18/03/2024 11:00:00,40.87,167.18,0.713316065290082,2.91784144348412,0.167791521562358,-0.737345698142951,0.654344960033981,1015.56,0.9840739017108782,0.9994654690652742,165,50,35977.89929837397,36540.617463501476
18/03/2024 12:00:00,41.39,187.13,0.722391777400453,3.26603462925699,-0.0931188934683765,-0.744425040766998,0.661180936172754,986.82,0.9939135179704406,0.9952615793309705,180,50,35309.29456092925,35357.18514175398
18/03/2024 13:00:00,38.49,206.37,0.671777229092618,3.6018359773407,-0.34765628521293,-0.701270766056634,0.622378036265973,569.21,0.9359610440317673,0.9372614637122804,180,50,19179.3018914396,19205.949519348018
18/03/2024 14:00:00,32.72,223.45,0.571071731252545,3.89993821358133,-0.578595167868239,-0.610778678309368,0.540534030235087,404.37,0.8141010234780353,0.8153321897434884,180,50,11851.129111097272,11869.05159239668
18/03/2024 15:00:00,24.92,238.1,0.434936049596987,4.1556289489985,-0.769929867944722,-0.479239135059867,0.421352405800291,376.14000000000004,0.6368143856214593,0.6379585820977982,180,50,8623.129068275606,8638.62267852957
18/03/2024 16:00:00,15.84,250.86,0.276460153515902,4.37833296155298,-0.908847013469941,-0.3154272451836,0.272951935517325,85.09,0.41604690858260895,0.4170814105717199,180,50,1274.4515322465911,1277.6204601197153
18/03/2024 17:00:00,6.05,262.46,0.105592419745657,4.58079115478432,-0.985831952152303,-0.13048747255918,0.10539630743388,22.619999999999997,0.16679502040500832,0.16770664377581124,180,50,135.82452101620638,136.5668741595186
19/03/2024 06:00:00,3.37,94.23,0.0588175957922089,1.64462375415426,0.9955514474223,-0.0736328291119231,0.0587836883186004,19.94,0.09363261741622991,0.9995055549958807,95,85,67.21323808606648,717.4850675982431
19/03/2024 07:00:00,13.31,105.61,0.232303323440445,1.84324222303121,0.937245085702724,-0.261859870553861,0.230219585438792,265.09999999999997,0.3479527202149923,0.999511750652335,105,75,3320.7215806438,9538.940343525623
19/03/2024 08:00:00,22.68,117.95,0.395840674352314,2.05861585272731,0.815049375338698,-0.432457513126344,0.385583992277397,217.85,0.5784426957630371,0.9986451337019261,120,65,4536.494685791195,7831.974325570725
19/03/2024 09:00:00,30.95,132.0,0.540179403492245,2.30383461263252,0.63733321202722,-0.573857401674642,0.514289859311162,242.51999999999998,0.76943630717263,0.9994101010350089,130,60,6717.732955758223,8725.569757308373
19/03/2024 10:00:00,37.43,148.4,0.653276739021478,2.59006860995959,0.416095368953732,-0.676353369188368,0.607791710969145,389.03999999999996,0.90802769420672,0.9988471524856004,150,55,12717.327389550564,13989.293863307927
19/03/2024 11:00:00,41.27,167.2,0.72029738229806,2.91819050933452,0.16651797913223,-0.732931622537858,0.659608216526857,374.58,0.9846743632750836,0.999329963402561,165,50,13278.21562784091,13475.844636887925
19/03/2024 12:00:00,41.78,187.27,0.729198561483231,3.26847809020978,-0.0943658734167539,-0.739713745222385,0.666272209433476,306.57,0.994182202790201,0.9949251249286488,180,50,10972.31176473811,10980.511039777532
19/03/2024 13:00:00,38.84,206.61,0.677885881474598,3.60602476754549,-0.348881247540933,-0.696396143284259,0.627147739159675,215.39,0.9358868544740764,0.9365931919471591,180,50,7256.904105066166,7262.381074085948
19/03/2024 14:00:00,33.04,223.74,0.576656784858926,3.90499966841211,-0.579582874727937,-0.605651747941551,0.54522440475225,81.79,0.8137923318756711,0.814419647849386,180,50,2396.1626936680013,2398.009787913646
19/03/2024 15:00:00,25.2,238.42,0.439822971502571,4.16121400260488,-0.770831022293718,-0.473847580920242,0.425779291565073,537.57,0.6361322620720117,0.6366739593284629,180,50,12310.762324393847,12321.245531383265
19/03/2024 16:00:00,16.1,251.18,0.280998009571087,4.38391801515936,-0.909412740089315,-0.309943625885461,0.277314653302378,171.76,0.4152543115216636,0.41568501541699165,180,50,2567.6668996905937,2570.3300969288093
19/03/2024 17:00:00,6.3,262.78,0.109955742875643,4.5863762083907,-0.986079731016221,-0.124920554947337,0.109734311091045,40.78,0.16592604701416072,0.1662305524755583,180,50,243.59271110054905,244.03974947831762
20/03/2024 06:00:00,3.71,94.02,0.0647517152489896,1.64095856272507,0.995449136021132,-0.0699577694507933,0.0647064764011497,21.71,0.09522200142528137,0.9996011420527363,95,85,74.42170743394291,781.2482685827366
20/03/2024 07:00:00,13.66,105.41,0.238411975822425,1.83975156452722,0.936780169347729,-0.258208160461141,0.236159819165145,190.56,0.3495709507952398,0.9997024958853675,105,75,2398.1126538074723,6858.119074172962
20/03/2024 08:00:00,23.04,117.76,0.402123859659493,2.05529972714852,0.814319013414826,-0.428615442206073,0.391373666837202,190.1,0.5798198595036151,0.9987776559708456,120,65,3968.05519049894,6835.234766402078
20/03/2024 09:00:00,31.33,131.84,0.546811654649823,2.30104208582932,0.636378047553714,-0.569787581343806,0.519966434241768,527.29,0.7705724542458301,0.9993491705574462,130,60,14627.345378374213,18970.085669156488
20/03/2024 10:00:00,37.83,148.31,0.660258056029455,2.58849781363279,0.414918076696948,-0.672071957582114,0.613320693815113,275.57,0.9089098602903352,0.9990196970835394,150,50,9016.858447207476,9910.794885311196
20/03/2024 11:00:00,41.67,167.22,0.727278699306037,2.91853957518492,0.165239435495313,-0.72848102333669,0.664839324645827,447.68,0.9852262664236378,0.9991457762429005,165,50,15878.37941829123,16102.71291990318
20/03/2024 12:00:00,42.16,187.42,0.735830812640809,3.27109608408777,-0.0957293375747079,-0.735066048609266,0.671203246498009,613.6899999999999,0.9943825547447803,0.9945343922928531,180,50,21968.73468076767,21972.089203423235
20/03/2024 13:00:00,39.2,206.86,0.684169066781777,3.61038809067547,-0.350129224740033,-0.691338185373791,0.632029302664851,900.69,0.935762124793931,0.9358563799333405,180,50,30341.937174503248,30344.993382317778
20/03/2024 14:00:00,33.35,224.04,0.582067305540109,3.9102356561681,-0.580686894084855,-0.600479377097638,0.549751988371591,414.6,0.8133363984567539,0.813367656558988,180,50,12139.533748806125,12140.000294736832
20/03/2024 15:00:00,25.48,238.74,0.444709893408155,4.16679905621126,-0.77167755207803,-0.468449730021144,0.430196008886619,389.56,0.6354384958660748,0.6354384958660748,180,45,8911.491136185172,8911.491136185172
20/03/2024 16:00:00,16.36,251.51,0.285535865626272,4.38967760169094,-0.909979962588574,-0.304298444466182,0.281671660595737,303.2,0.4143434348618765,0.4143434348618765,180,45,4522.641460204354,4522.641460204354
20/03/2024 17:00:00,6.54,263.1,0.114144533080429,4.59196126199708,-0.98629705573054,-0.119355058303671,0.113896830134094,20.77,0.16493399203891163,0.16493399203891163,180,45,123.324444527335,123.324444527335
21/03/2024 06:00:00,4.06,93.81,0.0708603676309698,1.63729337129588,0.995285886987439,-0.0662812941966633,0.0708010819355254,17.459999999999997,0.09693187774423564,0.9996511063369073,95,85,60.927501074916755,628.3406993991264
21/03/2024 07:00:00,14.0,105.2,0.244346095279206,1.83608637309804,0.936351380372328,-0.254401039511045,0.241921895599668,0.0,0.35095331307519606,0.241921895599668,0,0,0.0,0.0
21/03/2024 08:00:00,23.4,117.57,0.408407044966673,2.05198360156973,0.813539952691293,-0.424766169014662,0.397147890634781,0.0,0.5811810051306858,0.397147890634781,0,0,0.0,0.0
21/03/2024 09:00:00,31.71,131.69,0.553443905807402,2.29842409195133,0.63527833753342,-0.565813489402004,0.525620137619843,772.37,0.7717601188821772,0.9992341999322742,130,60,21459.03706875698,27784.026684060864
21/03/2024 10:00:00,38.23,148.22,0.667239373037432,2.586927017306,0.413708092243912,-0.667763198297751,0.61881978427573,825.12,0.9097515515369221,0.9992325023543663,150,50,27023.551207349225,29681.52200433485
21/03/2024 11:00:00,42.08,167.24,0.734434549239214,2.91888864103532,0.163930146656252,-0.723880046794904,0.670167579691428,857.87,0.9857405299854968,0.9989066676413791,165,50,30442.94022451169,30849.554266902356
21/03/2024 12:00:00,42.55,187.57,0.742637596723587,3.27371407796576,-0.0970492749129389,-0.730267005832494,0.676233346139715,729.78,0.9945459366208149,0.9945459366208149,180,45,26128.790410576978,26128.790410576978
21/03/2024 13:00:00,39.55,207.11,0.690277719163757,3.61475141380546,-0.351376447015246,-0.686354364725605,0.636751347470152,687.8799999999999,0.9355770213202762,0.9355770213202762,180,45,23168.329971328494,23168.329971328494
21/03/2024 14:00:00,33.67,224.34,0.587652359146491,3.91547164392408,-0.581667984186157,-0.59522542267357,0.554408741251329,323.95,0.812914113195023,0.812914113195023,180,45,9480.366970902996,9480.366970902996
21/03/2024 15:00:00,25.77,239.06,0.449771348238939,4.17238410981764,-0.772404325470619,-0.463007147571136,0.434759633926976,262.73999999999995,0.6348169791213364,0.6348169791213364,180,45,6004.505271396236,6004.505271396236
21/03/2024 16:00:00,16.61,251.83,0.289899188756258,4.39526265529732,-0.910488870070108,-0.298825335119789,0.285855621895048,111.2,0.41343186953583144,0.41343186953583144,180,45,1655.0504601258406,1655.0504601258406
21/03/2024 17:00:00,6.78,263.42,0.118333323285215,4.59754631560346,-0.986465669676247,-0.113789034990097,0.118057350750454,6.43,0.1639401515507356,0.1639401515507356,180,45,37.948866280964275,37.948866280964275
22/03/2024 06:00:00,4.4,93.6,0.0767944870877505,1.63362817986669,0.995085296375437,-0.0626054603104599,0.0767190281268186,78.64,0.09851729055934644,0.9996486715039359,95,85,278.90639026513213,2830.0453749745025
22/03/2024 07:00:00,14.35,104.99,0.250454747661186,1.83242118166885,0.935832510769798,-0.250580513286829,0.247844544316,0.0,0.35243973814425605,0.247844544316,0,0,0.0,0.0
22/03/2024 08:00:00,23.76,117.38,0.414690230273853,2.04866747599094,0.812712169024565,-0.420910126250128,0.402906435713663,579.5,0.5825262774183844,0.9990502898961722,115,65,12152.663199502334,20842.187147813944
22/03/2024 09:00:00,32.09,131.53,0.56007615696498,2.29563156514814,0.634232237031457,-0.561713575769657,0.531250720758231,777.61,0.7728424656696542,0.999073193278767,130,60,21634.92107025767,27968.01500971807
22/03/2024 10:00:00,38.62,148.13,0.67404615712021,2.5853562209792,0.412522909494896,-0.663519916540274,0.624152360803237,796.1200000000001,0.9105217992555215,0.99939121284055,150,50,26095.84613363901,28642.871965198276
22/03/2024 11:00:00,42.48,167.26,0.741415866247191,2.91923770688572,0.162641704439903,-0.719356152578301,0.675332808121024,1002.07,0.9861940217565109,0.9986272953453289,165,45,35576.47596173569,36025.000338480975
22/03/2024 12:00:00,42.94,187.71,0.749444380806365,3.27615753891856,-0.0982135464277202,-0.7254494507135,0.681232114449672,1055.34,0.9946740736969852,0.9946740736969852,180,45,37789.89612967355,37789.89612967355
22/03/2024 13:00:00,39.9,207.36,0.696386371545737,3.61911473693544,-0.352573653544938,-0.681347333586744,0.641449631569158,944.71,0.9353587041947236,0.9353587041947236,180,45,31811.1379718327,31811.1379718327
22/03/2024 14:00:00,33.98,224.64,0.593062879827673,3.92070763168006,-0.582660343689496,-0.590028662989604,0.558903480703367,761.3100000000001,0.8124177099284966,0.8124177099284966,180,45,22266.062162843897,22266.062162843897
22/03/2024 15:00:00,26.04,239.38,0.454483737219323,4.17796916342403,-0.773206500103049,-0.45763742273379,0.438998516525931,523.7900000000001,0.6340173529061179,0.6340173529061179,180,45,11955.31017403304,11955.31017403304
22/03/2024 16:00:00,16.87,252.15,0.294437044811443,4.4008477089037,-0.910899500593546,-0.293334931923244,0.290201167351228,282.03,0.4126223328641254,0.4126223328641254,180,45,4189.387555356094,4189.387555356094
22/03/2024 17:00:00,7.03,263.74,0.122696646415201,4.60313136920985,-0.98656435336656,-0.108220625608913,0.12238902262554,39.35,0.16306564607362595,0.16331830793499275,180,40,230.99879422789854,231.35671502071074
23/03/2024 06:00:00,4.74,93.39,0.0827286065445312,1.6299629884375,0.994836088257553,-0.0589299114704222,0.0826342727595425,7.3500000000000005,0.10010099464214983,0.9995977777621909,95,85,26.486723182312847,264.49357199587575
23/03/2024 07:00:00,14.7,104.79,0.256563400043166,1.82893052316486,0.935220196553637,-0.246921221279727,0.253757944584806,104.27,0.3540336333816355,0.9999800166752308,105,75,1328.9431302973128,3753.644988194147
23/03/2024 08:00:00,24.12,117.19,0.420973415581032,2.04535135041215,0.811835642529718,-0.417047746949298,0.408649074736349,193.74,0.5838558218181006,0.9992778834847864,115,65,4072.184169085397,6969.603497268331
23/03/2024 09:00:00,32.47,131.37,0.566708408122559,2.29283903834495,0.633140246205296,-0.557599305239109,0.536857935986756,240.04,0.7738981369895304,0.998862066328916,130,60,6687.594316906808,8631.606614457349
23/03/2024 10:00:00,39.02,148.04,0.681027474128187,2.58378542465241,0.411248102490177,-0.65915808451188,0.629591627819858,463.23,0.9112836608419843,0.9995055266663969,150,50,15196.821487625964,16668.0340242363
23/03/2024 11:00:00,42.88,167.28,0.748397183255169,2.91958677273611,0.161348525909699,-0.714796384451237,0.680465121782305,391.69000000000005,0.986598872586294,0.9989053414930875,165,45,13911.87284651972,14085.40439553939
23/03/2024 12:00:00,43.32,187.87,0.756076631963944,3.27895006572175,-0.0996181525972041,-0.720680894591128,0.686072351756323,475.5400000000001,0.9947247599484725,0.9947247599484725,180,45,17029.13084445228,17029.13084445228
23/03/2024 13:00:00,40.26,207.61,0.702669556852917,3.62347806006543,-0.353668353524522,-0.67621768263654,0.646257178996815,168.18,0.9351309426096864,0.9351309426096864,180,45,5661.7315894114945,5661.7315894114945
23/03/2024 14:00:00,34.29,224.95,0.598473400508856,3.92611815236124,-0.583699202614537,-0.584718839967508,0.56338185900347,156.92,0.8118297897273935,0.8118297897273935,180,45,4586.123901744813,4586.123901744813
23/03/2024 15:00:00,26.32,239.7,0.459370659124907,4.18355421703041,-0.773888814380723,-0.452224110191594,0.443384096622577,117.38,0.6332906363246241,0.6332906363246241,180,45,2676.0835761042376,2676.0835761042376
23/03/2024 16:00:00,17.12,252.48,0.298800367941429,4.40660729543528,-0.911357684479592,-0.287699762258633,0.294373942013084,49.63,0.41158826344090405,0.41158826344090405,180,45,735.3765185245944,735.3765185245944
23/03/2024 17:00:00,7.27,264.07,0.126885436619988,4.60889095574143,-0.986652714909585,-0.102482795057564,0.126545236491677,23.31,0.16194727419027477,0.16281394608667304,180,40,135.89967460951098,136.62695099809255
24/03/2024 06:00:00,5.09,93.18,0.0888372589265114,1.62629779700832,0.994522826101288,-0.0552542259462971,0.0887204535526216,7.3500000000000005,0.1018054721928453,0.9994982027449977,95,85,26.937727942226868,264.4672244463264
24/03/2024 07:00:00,15.05,104.58,0.262672052425147,1.82526533173567,0.934601269083321,-0.243097054923951,0.259661875744492,38.59,0.3555042491777534,0.9999745577200332,105,75,493.88072312770225,1389.2046545669791
24/03/2024 08:00:00,24.48,116.99,0.427256600888212,2.04186069190817,0.810982458652444,-0.413037927598078,0.414375580993284,88.23,0.5850697027703058,0.9994613597377979,115,65,1858.345195515267,3174.569127707973
24/03/2024 09:00:00,32.85,131.21,0.573340659280137,2.29004651154176,0.632002325520045,-0.55347108311077,0.542441536663119,100.17,0.7749272450300314,0.9991425839665866,130,55,2794.4806368476966,3603.028054893587
24/03/2024 10:00:00,39.41,147.95,0.687834258210965,2.58221462832561,0.409999327756082,-0.654863735416426,0.634865370985067,53.31,0.9119761970301621,0.9995681838685511,150,50,1750.2282382924059,1918.3312757531685
24/03/2024 11:00:00,43.28,167.3,0.755378500263146,2.91993583858651,0.160050698904248,-0.710200960818889,0.685564270533544,135.08999999999997,0.9869550600337156,0.9991347326150417,165,45,4799.799326158366,4859.0319970427745
24/03/2024 12:00:00,43.71,188.02,0.762883416046721,3.28156805959974,-0.100850655664728,-0.71577670029318,0.691008582124276,110.28,0.9947474128708155,0.9947474128708155,180,45,3949.226808890167,3949.226808890167
24/03/2024 13:00:00,40.61,207.86,0.708778209234897,3.62784138319541,-0.354764052918049,-0.671165331235373,0.650906725195609,316.02000000000004,0.9348461163195912,0.9348461163195912,180,45,10635.482508455421,10635.482508455421
24/03/2024 14:00:00,34.6,225.26,0.603883921190038,3.93152867304243,-0.584680544024392,-0.579398086503062,0.567843745053101,98.33000000000001,0.8112224787542377,0.8112224787542377,180,45,2871.6302280925515,2871.6302280925515
24/03/2024 15:00:00,26.6,240.03,0.464257581030492,4.18931380356199,-0.774594266877854,-0.44667160305727,0.44775908783877,88.23,0.6324580068339586,0.6324580068339586,180,45,2008.863717946566,2008.863717946566
24/03/2024 16:00:00,17.37,252.8,0.303163691071415,4.41219234904167,-0.91171458812913,-0.282222809332143,0.298541112219414,32.160000000000004,0.410662107197598,0.410662107197598,180,45,475.4481612290911,475.4481612290911
24/03/2024 17:00:00,7.51,264.39,0.131074226824774,4.61447600934781,-0.986673503826516,-0.0969180484911621,0.130699230002975,20.220000000000002,0.16094972113843117,0.16265245031559267,180,35,117.15852101108683,118.39797163372623
25/03/2024 06:00:00,5.43,92.97,0.0947713783832921,1.62263260557913,0.994175381578739,-0.0515805595021556,0.0946295754202304,6.43,0.10338617788181928,0.9993494486176164,95,85,23.931832456083526,231.32941036600585
25/03/2024 07:00:00,15.4,104.38,0.268780704807127,1.82177467323168,0.93389020966983,-0.239434802708741,0.265556117486809,101.76,0.3570825041079082,0.9999211092209933,105,75,1308.1217622487466,3663.0709946758184
25/03/2024 08:00:00,24.84,116.8,0.433539786195392,2.03854456632938,0.810007727811589,-0.409164345551062,0.420085728411806,37.68,0.5863683505985902,0.9995902664389879,115,65,795.3969402199756,1355.9242046191582
25/03/2024 09:00:00,33.22,131.05,0.579798377512516,2.28725398473857,0.63089055861839,-0.549392118285132,0.547855275973821,107.52,0.775871073119775,0.9994023945580356,130,55,3003.179680146175,3868.4068366636793
25/03/2024 10:00:00,39.8,147.86,0.694641042293743,2.58064383199882,0.408719038501639,-0.650544633512241,0.640109699484955,901.21,0.9126304310301178,0.9995834415681302,150,50,29608.98014695149,32430.045361522127
25/03/2024 11:00:00,43.68,167.33,0.762359817271123,2.92045943736211,0.158625163703986,-0.705597797941795,0.690630005849423,953.26,0.9872821481419706,0.9993118386460197,165,45,33880.916899361335,34293.74411907737
25/03/2024 12:00:00,44.09,188.18,0.7695156672043,3.28436058640293,-0.102194751486137,-0.710940263419592,0.695787449310181,637.77,0.9947067049542642,0.9947067049542642,180,45,22838.18742787252,22838.18742787252
25/03/2024 13:00:00,40.95,208.12,0.714712328691678,3.6323792392506,-0.355979252228248,-0.666130158416363,0.655400170911794,570.12,0.9344630574116313,0.9344630574116313,180,45,19179.21881849469,19179.21881849469
25/03/2024 14:00:00,34.91,225.57,0.60929444187122,3.93693919372361,-0.585604253010075,-0.574067025623472,0.572289008236513,355.65999999999997,0.8105961251965108,0.8105961251965108,180,45,10378.678243946077,10378.678243946077
25/03/2024 15:00:00,26.87,240.35,0.468969970010876,4.19489885716837,-0.775234499452602,-0.441289775663026,0.451967703219765,110.28,0.6316284206636207,0.6316284206636207,180,45,2507.615360308227,2507.615360308227
25/03/2024 16:00:00,17.63,253.13,0.3077015471266,4.41795193557325,-0.912019108200532,-0.2765710617906,0.302868938745998,307.54,0.40972595367016507,0.40978751923656176,180,40,4536.256312502012,4536.937931976439
25/03/2024 17:00:00,7.75,264.71,0.135263017029561,4.62006106295419,-0.986645606041125,-0.0913546642709192,0.134850930273723,72.85,0.15995150984485113,0.16286229798455248,180,35,419.48882971910655,427.1226626942873
26/03/2024 06:00:00,5.77,92.76,0.100705497840073,1.61896741414994,0.993779360081848,-0.0479084945804151,0.100535365033161,16.54,0.10496565975826364,0.999152335138181,95,85,62.500752446460496,594.9352664346784
26/03/2024 07:00:00,15.74,104.17,0.274714824263907,1.81810948180249,0.9332171654801,-0.235620396949181,0.271272465603861,101.66,0.3584273804463166,0.9998190487642795,105,75,1311.7581898622116,3659.0977619055593
26/03/2024 08:00:00,25.2,116.61,0.439822971502571,2.03522844075059,0.808984219186178,-0.40528573621838,0.425779291565073,578.68,0.5876517167526663,0.9996701729946509,115,65,12242.242636215584,20825.608885507605
26/03/2024 09:00:00,33.6,130.89,0.586430628670095,2.28446145793538,0.629661580844635,-0.545237642532398,0.553391549243344,528.39,0.7768481515141232,0.9996191775304557,130,55,14777.236612027713,19014.79597975143
26/03/2024 10:00:00,40.2,147.77,0.701622359301721,2.57907303567202,0.407347139435536,-0.646105781859084,0.645457687723951,404.68,0.9132732876749893,0.9995507982162948,150,50,13305.003626027328,14561.935812798125
26/03/2024 11:00:00,44.08,167.35,0.7693411342791,2.92080850321251,0.157319117953052,-0.700931497663905,0.695662080833151,79.95,0.9875407899168551,0.9994438876681375,165,45,2842.3399015386926,2876.5993974864336
26/03/2024 12:00:00,44.48,188.33,0.776322451287078,3.28697858028092,-0.103367095619773,-0.705967745221324,0.700660250228492,429.33,0.994636194189405,0.994636194189405,180,45,15372.97766104814,15372.97766104814
26/03/2024 13:00:00,41.3,208.38,0.720820981073658,3.63691709530578,-0.357088707919296,-0.66097311062199,0.660001667960937,598.81,0.9340702237123858,0.9340702237123858,180,45,20135.90126380369,20135.90126380369
26/03/2024 14:00:00,35.22,225.88,0.614704962552403,3.94234971440479,-0.586470221410994,-0.568726281562883,0.576717518424572,659.61,0.8099510784392168,0.8099510784392168,180,45,19233.065910574504,19233.065910574504
26/03/2024 15:00:00,27.15,240.68,0.473856891916461,4.20065844369995,-0.775828205235972,-0.435730652626584,0.456321590900476,89.14,0.6307761905706576,0.6307761905706576,180,45,2024.1860265888631,2024.1860265888631
26/03/2024 16:00:00,17.88,253.45,0.312064870256586,4.42353698917963,-0.9122740811882,-0.271094079966542,0.307024429971492,313.74999999999994,0.4087915187066462,0.4094502741432982,180,40,4617.3002037915685,4624.7408464485525
26/03/2024 17:00:00,7.99,265.03,0.139451807234347,4.62564611656057,-0.98656903900323,-0.0857931102171114,0.139000264458446,63.36,0.15895291959889488,0.16327431526232508,180,30,362.56525148829525,372.422182140753
27/03/2024 06:00:00,6.11,92.56,0.106639617296854,1.61547675564595,0.993327047375456,-0.0444118361191208,0.106437614426884,43.34,0.10666666941934483,0.9989142789998927,95,85,166.4256042948386,1558.5460146667929
27/03/2024 07:00:00,16.09,103.96,0.280823476645888,1.8144442903733,0.93244890598078,-0.231794304235144,0.27714696148324,74.44,0.359875820215134,0.9996661611285149,105,75,964.4096180453247,2678.9453652386396
27/03/2024 08:00:00,25.56,116.41,0.446106156809751,2.0317377822466,0.807981975677171,-0.401261520241059,0.431456045680959,213.18,0.588820237676615,0.9997046721985247,115,65,4518.889137644428,7672.213512694134
27/03/2024 09:00:00,33.98,130.73,0.593062879827673,2.28166893113219,0.628386577937186,-0.541070427879822,0.558903480703367,317.31,0.7777990098874445,0.9997864099765525,130,55,8884.92253778586,11420.720126987755
27/03/2024 10:00:00,40.59,147.68,0.708429143384498,2.57750223934523,0.406003126606783,-0.64173737077873,0.650641689512376,626.18,0.9138499973953391,0.9994701587129713,150,50,20600.445289284482,22530.53606338398
27/03/2024 11:00:00,44.48,167.37,0.776322451287078,2.92115756906291,0.156008693764855,-0.696230207057645,0.700660250228492,974.95,0.9877507149218048,0.9995272616704334,165,45,34668.27214246849,35081.60773556121
27/03/2024 12:00:00,44.86,188.49,0.782954702444656,3.28977110708411,-0.104649750668908,-0.701064819336948,0.705376884206583,360.4,0.9945044659191906,0.9945044659191906,180,45,12903.098742621947,12903.098742621947
27/03/2024 13:00:00,41.65,208.65,0.726929633455638,3.64162948428617,-0.358259745234086,-0.655732661604159,0.664578536706034,175.53,0.9336010016016739,0.9336010016016739,180,45,5899.499417201106,5899.499417201106
27/03/2024 14:00:00,35.52,226.19,0.619940950308386,3.94776023508597,-0.587351532004342,-0.563446685314938,0.58098710025246,207.39000000000001,0.8092368903936984,0.8092368903936984,180,45,6041.794993154968,6041.794993154968
27/03/2024 15:00:00,27.42,241.0,0.478569280896845,4.20624349730634,-0.776360285902248,-0.430343533664075,0.460509662772994,359.53,0.6299283362423629,0.6299283362423629,180,45,8153.212850251801,8153.212850251801
27/03/2024 16:00:00,18.13,253.78,0.316428193386572,4.42929657571121,-0.912525312401786,-0.265458563089018,0.311174075894406,142.13000000000002,0.4077408492786734,0.409006646920406,180,40,2086.279448687203,2092.7561301647033
27/03/2024 17:00:00,8.23,265.35,0.143640597439133,4.63123117016695,-0.986443824723023,-0.080233853954604,0.143147159753186,51.459999999999994,0.15795422958110336,0.16408600380315042,180,30,292.6196875527688,303.9791672055643
28/03/2024 06:00:00,6.45,92.35,0.112573736753634,1.61181156421676,0.992834582188748,-0.0407441959756759,0.112336115761536,113.78999999999999,0.10824412649553328,0.9988472844651477,90,85,443.4155695413623,4091.7179699744092
28/03/2024 07:00:00,16.43,103.76,0.286757596102668,1.81095363186932,0.931638492623708,-0.228142833899703,0.282843713739653,357.04,0.36132205293089154,0.9994715955679139,105,75,4644.231328024039,12846.648185336448
28/03/2024 08:00:00,25.92,116.22,0.45238934211693,2.02842165666781,0.806860229039664,-0.397374354153897,0.437115766650933,622.68,0.5900736232542766,0.999686306907865,115,65,13227.373574207026,22409.448105074018
28/03/2024 09:00:00,34.35,130.57,0.599520598060052,2.278876404329,0.627140341886358,-0.536954939278104,0.564246741030474,841.76,0.7786671756002161,0.9999021839109189,130,55,23596.231742396565,30300.395843838785
28/03/2024 10:00:00,40.98,147.58,0.715235927467276,2.57575691009323,0.404738774790091,-0.637274451426611,0.655795545685031,980.0899999999999,0.9143385635065115,0.9993379558134495,150,50,32260.826977455486,35259.88093607533
28/03/2024 11:00:00,44.87,167.4,0.783129235369856,2.92168116783851,0.154600151348578,-0.691641318490722,0.70550058806454,1090.9599999999998,0.9879285164051275,0.9995578470454274,165,45,38800.457793264155,39257.19463725645
28/03/2024 12:00:00,45.24,188.65,0.789586953602235,3.2925636338873,-0.10590114481272,-0.696129446525551,0.710062491057925,1045.55,0.9943278547151262,0.9943278547151262,180,45,37426.3015859064,37426.3015859064
28/03/2024 13:00:00,41.99,208.91,0.732863752912419,3.64616734034135,-0.359318800135722,-0.650636461574957,0.669000892927837,995.29,0.9331245220760016,0.9331245220760016,180,45,33434.26220077285,33434.26220077285
28/03/2024 14:00:00,35.83,226.51,0.625351470989568,3.95334528869236,-0.588200052861904,-0.557985931294644,0.585382266805634,812.33,0.8084834062697503,0.8084834062697503,180,45,23643.191714943827,23643.191714943827
28/03/2024 15:00:00,27.69,241.33,0.48328166987723,4.21200308383792,-0.776913314670757,-0.424819045137643,0.464687508305999,564.5,0.6289761158498733,0.6290397020979579,180,40,12782.052626301125,12783.3448260347
28/03/2024 16:00:00,18.38,254.11,0.320791516516558,4.43505616224279,-0.912724531088237,-0.259824203880775,0.315317797511462,117.15,0.4066868093296534,0.4085592255514019,180,40,1715.1609496668805,1723.0576778404825
28/03/2024 17:00:00,8.47,265.67,0.14782938764392,4.63681622377333,-0.986269989768943,-0.0746773628683033,0.147291543396775,61.85,0.1569557188325979,0.1650514900319256,180,25,349.47760355266246,367.50364770508554
29/03/2024 06:00:00,6.79,92.14,0.118507856210415,1.60814637278758,0.992293618166219,-0.0370794561481925,0.118230661329233,23.89,0.109820837255167,0.9988221224711584,90,85,94.45031287293382,859.0269782100951
29/03/2024 07:00:00,16.78,103.55,0.292866248484648,1.80728844044013,0.930771330733958,-0.224317673904472,0.288697611797925,79.95,0.3627565873725191,0.9992213328169419,105,75,1044.0860097755844,2875.9588401137225
29/03/2024 08:00:00,26.27,116.02,0.45849799449891,2.02493099816382,0.805827803074735,-0.39337674001455,0.442601730913099,161.43999999999997,0.5911260457189018,0.9996255722481708,115,65,3435.529997550942,5809.663885814808
29/03/2024 09:00:00,34.72,130.4,0.605978316292431,2.27590934460061,0.625942813539682,-0.532719090251341,0.569566471151357,201.98,0.7794335952718683,0.9999716512198795,130,55,5667.479912628431,7271.073868082085
29/03/2024 10:00:00,41.37,147.49,0.722042711550054,2.57418611376644,0.40333083599908,-0.6328588224095,0.660919017452777,774.32,0.9148390839154993,0.9991713514605469,145,50,25501.61518046818,27852.420991065504
29/03/2024 11:00:00,45.27,167.42,0.790110552377833,2.92203023368891,0.153282212613269,-0.686871344634356,0.710431079849813,572.8,0.9880420197211597,0.9995450789609096,165,45,20374.21688026609,20611.419164237122
29/03/2024 12:00:00,45.62,188.82,0.796219204759813,3.29553069361569,-0.107241681424971,-0.691143273937536,0.714716864678628,193.91,0.9940932374153494,0.9940932374153494,180,45,6939.526308019575,6939.526308019575
29/03/2024 13:00:00,42.34,209.18,0.738972405294399,3.65087972932174,-0.360381614712835,-0.645355847131813,0.673528709373068,558.8900000000001,0.9325922135068136,0.9325922135068136,180,45,18763.792639445634,18763.792639445634
29/03/2024 14:00:00,36.13,226.82,0.630587458745551,3.95875580937354,-0.588967268464583,-0.552690321660956,0.589619339082154,432.03,0.8077349073263576,0.8077349073263576,180,45,12562.765632439423,12562.765632439423
29/03/2024 15:00:00,27.96,241.66,0.487994058857614,4.2177626703695,-0.777411217075454,-0.41929316233315,0.468855034723877,125.56,0.6280156128376299,0.628680243552617,180,40,2838.731052524141,2841.7352896967973
29/03/2024 16:00:00,18.62,254.43,0.324980306721344,4.44064121584917,-0.912881073252911,-0.254365805813052,0.31929012344526,66.17,0.4056359976464227,0.40809361311257597,180,40,966.2736227134965,972.1279576677294
29/03/2024 17:00:00,8.71,265.99,0.152018177848706,4.64240127737972,-0.986047565265105,-0.0691241040586306,0.151433342672116,31.41,0.15595766622450158,0.1664583263823698,180,25,176.3506906600174,188.22441714012845
30/03/2024 06:00:00,7.12,91.93,0.124267442741996,1.60448118135839,0.991725825760881,-0.0334187809201781,0.123947858395002,68.95,0.11127501779230149,0.9987547772440458,90,85,276.20684916405077,2479.1091080751708
30/03/2024 07:00:00,17.12,103.34,0.298800367941429,1.80362324901094,0.929903910258473,-0.220505555371469,0.294373942013084,172.73999999999998,0.36407478409453875,0.9989281312281562,105,75,2264.050015361662,6211.97443398066
30/03/2024 08:00:00,26.63,115.82,0.46478117980609,2.02144033965983,0.804676800218717,-0.389342548834661,0.448227204503136,35.84,0.5922512523019003,0.9995123886350537,115,65,764.146255770004,1289.610864312492
30/03/2024 09:00:00,35.09,130.24,0.61243603452481,2.27311681779742,0.624607280430158,-0.528581980119712,0.574862449222739,433.5799999999999,0.7802530386505673,0.9999928860312375,130,55,12178.876049932065,15608.76895891526
30/03/2024 10:00:00,41.76,147.39,0.728849495632832,2.57244078451444,0.40200097033184,-0.628349753154245,0.666011867434252,420.3,0.9152518792257354,0.9990311773027019,145,50,13848.493134188757,15116.140937531722
30/03/2024 11:00:00,45.66,167.44,0.796917336460611,2.92237929953931,0.151987311231577,-0.682188905751767,0.71520497348229,102.93,0.9881066879949771,0.9994855828879077,165,45,3661.4095702316285,3703.5738376794848
30/03/2024 12:00:00,46.0,188.98,0.802851455917392,3.29832322041888,-0.108429007787873,-0.686143863864487,0.719339800338651,282.3999999999999,0.9938270298049554,0.9938270298049554,180,45,10103.643115809096,10103.643115809096
30/03/2024 13:00:00,42.68,209.45,0.74490652475118,3.65559211830212,-0.361447300735661,-0.640158763606297,0.677903094969304,959.01,0.9320104782221516,0.9320104782221516,180,45,32177.065273913722,32177.065273913722
30/03/2024 14:00:00,36.43,227.14,0.635823446501534,3.96434086297992,-0.589773764392924,-0.547284814604284,0.59384024664665,274.79999999999995,0.8068972689924498,0.8068972689924498,180,45,7982.473302688507,7982.473302688507
30/03/2024 15:00:00,28.23,241.99,0.492706447837999,4.22352225690108,-0.777853985824097,-0.413766459710933,0.473012149480165,407.92,0.6270471679702007,0.6283122822430961,180,40,9208.262907302553,9226.841262213737
30/03/2024 16:00:00,18.87,254.76,0.32934362985133,4.44640080238075,-0.912978093315247,-0.248735216672333,0.323422004683392,299.28999999999996,0.40457625112548556,0.4076395448397848,180,40,4359.082543176476,4392.0878175035705
30/03/2024 17:00:00,8.95,266.31,0.156206968053492,4.6479863309861,-0.985776586888299,-0.0635745442970279,0.155572484907457,37.15,0.15496035042737757,0.16793409081719798,180,20,207.24397266157476,224.59505305892057
31/03/2024 06:00:00,7.46,91.72,0.130201562198777,1.6008159899292,0.991089001603434,-0.0297610985387256,0.129834001380518,10.110000000000001,0.11285077739704187,0.998633387558602,90,85,41.07316894142736,363.46260773582884
31/03/2024 07:00:00,17.46,103.14,0.30473448739821,1.80013259050695,0.928950463632279,-0.216857305111219,0.300039906241276,355.13,0.3655015233237654,0.9985929503014042,105,75,4672.8200152068775,12766.691319859356
31/03/2024 08:00:00,26.98,115.63,0.47088983218807,2.01812421408104,0.803479804591792,-0.385480425341823,0.453679452137103,577.9999999999999,0.593375639865021,0.999354124140156,115,65,12346.960314311355,20794.560615108363
31/03/2024 09:00:00,35.46,130.07,0.618893752757189,2.27014975806902,0.623318957379301,-0.524325750082001,0.580134454391849,388.37,0.7809713001341403,0.9999672736981633,130,55,10919.009657991459,13980.862443101603
31/03/2024 10:00:00,42.15,147.3,0.73565627971561,2.57086998818765,0.400529041822453,-0.623888100165893,0.671073859666863,457.46,0.9156763831763635,0.9988385019117003,145,50,15079.87145692293,16449.431799042948
31/03/2024 11:00:00,46.06,167.47,0.803898653468588,2.9229028983149,0.150543159855581,-0.677377655432619,0.720066850328014,529.6700000000001,0.988142486355227,0.9993730058495894,165,45,18842.019506919834,19056.164400300677
31/03/2024 12:00:00,46.37,189.15,0.809309174149771,3.30129028014727,-0.109723366034239,-0.681218676355646,0.723810678237326,1057.89,0.9935057843988487,0.9935057843988487,180,45,37836.71403327713,37836.71403327713
31/03/2024 13:00:00,43.02,209.72,0.750840644207961,3.66030450728251,-0.362459218227518,-0.634943562829878,0.682253609109396,193.91,0.9313990524380034,0.9313990524380034,180,45,6501.873249297117,6501.873249297117
31/03/2024 14:00:00,36.73,227.46,0.641059434257517,3.9699259165863,-0.590522070396635,-0.541872691062181,0.598044873780808,90.06,0.8060434400941334,0.8064380041378503,180,40,2613.3217997355955,2614.6010394955724
31/03/2024 15:00:00,28.49,242.32,0.497244303893185,4.22928184343266,-0.778315356797515,-0.408278191818453,0.477005370471455,521.3,0.6259900101681772,0.6278434763936933,180,40,11747.829322824147,11782.612952785163
31/03/2024 16:00:00,19.12,255.08,0.333706952981316,4.45198585598714,-0.912980728743509,-0.24326667371737,0.327547728432757,252.16,0.4036267345592997,0.4078434231416901,180,35,3664.0266259130285,3702.3047128587086
31/03/2024 17:00:00,9.18,266.63,0.160221225333079,4.65357138459248,-0.98548490611402,-0.058030787661283,0.159536602398486,9.19,0.15384337687632124,0.16976306633232618,180,20,50.897542805762114,56.164412865386794
01/04/2024 06:00:00,7.8,91.52,0.136135681655558,1.59732533142521,0.990399222654741,-0.0262804711471253,0.135715572434304,39.51,0.11454850094182023,0.9989195948818942,90,80,162.92920579960742,1420.823274976211
01/04/2024 07:00:00,17.8,102.93,0.310668606854991,1.79646739907776,0.927987358952034,-0.21304891961412,0.305695304963106,264.13000000000005,0.3668075588999139,0.9986790681645812,105,70,3487.855699160434,9496.119681875192
01/04/2024 08:00:00,27.33,115.43,0.47699848457005,2.01463355557705,0.802302633104117,-0.381476227876047,0.45911477048736,409.35,0.5943875951471352,0.9991505709572301,115,65,8759.252234645273,14724.082303968318
01/04/2024 09:00:00,35.83,129.9,0.625351470989568,2.26718269834063,0.621984842806928,-0.520060051367088,0.585382266805634,469.63000000000005,0.7816657593905088,0.9998940648315697,130,55,13215.372860972328,16904.888988006605
01/04/2024 10:00:00,42.53,147.2,0.742288530873188,2.56912465893565,0.39919750897657,-0.619433281377137,0.675976152500408,282.57,0.9159927951078387,0.9986868415192858,145,45,9317.955028090391,10159.161869091766
01/04/2024 11:00:00,46.45,167.49,0.810705437551366,2.9232519641653,0.149241548267921,-0.672629534165901,0.724773392198111,334.56,0.9881130852819187,0.9992197949331086,165,45,11900.992097229073,12034.76308534155
01/04/2024 12:00:00,46.75,189.32,0.815941425307349,3.30425733987567,-0.110964212853561,-0.676138058164426,0.7283709698824,300.78999999999996,0.9931378579696375,0.9931378579696375,180,45,10754.13370675274,10754.13370675274
01/04/2024 13:00:00,43.36,209.99,0.756774763664741,3.66501689626289,-0.363417185985576,-0.629710820252078,0.686580098595773,435.92,0.9307582347315869,0.9307582347315869,180,45,14606.500668630963,14606.500668630963
01/04/2024 14:00:00,37.03,227.78,0.6462954220135,3.97551097019268,-0.591212118912889,-0.536454580963254,0.60223310521265,200.31,0.8051737845486011,0.8061636815132014,180,40,5806.23698818549,5813.375293580737
01/04/2024 15:00:00,28.76,242.65,0.501956692873569,4.23504142996424,-0.778648723174385,-0.402751479366733,0.481141779278007,275.72,0.6250069170327706,0.6274596470881548,180,40,6203.768657913919,6228.114260225259
01/04/2024 16:00:00,19.36,255.41,0.337895743186102,4.45774544251872,-0.913030890475858,-0.237656574714869,0.33150255735312,296.21,0.40245628185952476,0.40786520874318766,180,35,4291.616708985954,4349.295125345506
01/04/2024 17:00:00,9.42,266.95,0.164410015537866,4.65915643819886,-0.985117674366927,-0.0524899078069791,0.163670330934813,68.65,0.15284837063722417,0.17175240801232547,180,20,377.74946319283583,424.46890116166117
01/04/2024 18:00:00,-0.63,278.06,-0.0109955742875643,4.85306251809543,-0.990061930489859,0.140201554959945,-0.0109953527232182,0.0,-0.10691235871720119,-0.0109953527232182,0,0,0.0,0.0
02/04/2024 06:00:00,8.13,91.31,0.141895268187139,1.59366013999602,0.989691007496678,-0.0226320541249437,0.141419587774455,33.08,0.11600202845185208,0.9992126309726345,90,80,138.1444956427416,1189.942337972691
02/04/2024 07:00:00,18.14,102.72,0.316602726311771,1.79280220764858,0.926976134984636,-0.209243130193035,0.311339939031225,159.07999999999998,0.36810781841938023,0.9987661782851074,105,70,2108.10930314958,5719.814051097415
02/04/2024 08:00:00,27.68,115.23,0.48310713695203,2.01114289707307,0.801077340083232,-0.377470829753539,0.464532956732188,383.25,0.5953865872088075,0.999174146485193,115,60,8214.548743719917,13785.605699056208
02/04/2024 09:00:00,36.2,129.73,0.631809189221947,2.26421563861224,0.620604925637968,-0.51578529607688,0.590605667619925,477.71999999999997,0.7823365530735301,0.9997733439463763,130,55,13454.561452834323,17194.021987322263
02/04/2024 10:00:00,42.92,147.1,0.749095314955966,2.56737932968366,0.397769494713096,-0.614858024520965,0.680976533191757,569.37,0.9162934030545364,0.9989933541731733,145,45,18781.55909629781,20476.686458360866
02/04/2024 11:00:00,46.84,167.52,0.817512221634144,2.9237755629409,0.147819802201533,-0.667875230147675,0.729446353772702,989.39,0.9880555674884259,0.9990313594302767,170,45,35192.602725025456,35583.53892144197
02/04/2024 12:00:00,47.12,189.48,0.822399143539728,3.30704986667886,-0.11207486278975,-0.671172114358803,0.732780470562496,1050.36,0.9927443932622327,0.9927635265774655,180,40,37538.60403264908,37539.32751993264
02/04/2024 13:00:00,43.69,210.27,0.762534350196323,3.66990381816848,-0.364490789158374,-0.624501649760583,0.690756218983959,923.9399999999999,0.9300277579982317,0.9305718857974431,180,40,30934.434482095898,30952.53317389282
02/04/2024 14:00:00,37.32,228.1,0.651356876844284,3.98109602379907,-0.591922616338207,-0.531101788641992,0.606266035968212,742.42,0.804240501485267,0.8058123771266508,180,40,21495.03239205691,21537.04410094925
02/04/2024 15:00:00,29.02,242.98,0.506494548928754,4.24080101649582,-0.779002408427195,-0.397264132041091,0.485114890575694,539.0699999999999,0.6239361904690867,0.626976028048672,180,40,12108.430159062138,12167.422827847113
02/04/2024 16:00:00,19.6,255.73,0.342084533390889,4.4633304961251,-0.912990201265205,-0.232209252067634,0.335451569750255,247.07999999999998,0.40139681652135767,0.4079755944095679,180,35,3570.3765153394934,3628.893955201777
02/04/2024 17:00:00,9.65,267.27,0.168424272817453,4.66474149180524,-0.984731260690103,-0.0469555109789555,0.167629126968989,7.3500000000000005,0.15173425263145163,0.17407028349151,180,15,40.148883246282104,46.05899701185355
02/04/2024 18:00:00,-0.4,278.37,-0.0069813170079773,4.85847303877661,-0.989324576517472,0.145561479462039,-0.0069812602979615,0.0,-0.10786400570507122,-0.0069812602979615,0,0,0.0,0.0
03/04/2024 06:00:00,8.46,91.1,0.14765485471872,1.58999494856683,0.988936530164514,-0.018988551434639,0.147118911838637,48.86,0.11745571368622895,0.9994592930841258,90,80,206.59990214552928,1758.008918163254
03/04/2024 07:00:00,18.47,102.51,0.322362312843353,1.78913701621939,0.925970829158847,-0.205452352558328,0.316808071827608,107.47999999999999,0.36929388762865956,0.9988019441766937,105,70,1428.9014535238198,3864.644386563997
03/04/2024 08:00:00,28.03,115.03,0.489215789334011,2.00765223856908,0.799803949463538,-0.373464667503401,0.469933808689159,174.95999999999998,0.5963727817581602,0.9994088585696078,115,60,3756.289748270677,6294.8366602321885
03/04/2024 09:00:00,36.56,129.56,0.638092374529127,2.26124857888385,0.619259359314526,-0.51156811704297,0.595664257385378,232.09,0.7829315203075673,0.9996099629658879,130,55,6541.580755734599,8351.981146971106
03/04/2024 10:00:00,43.3,147.0,0.755727566113545,2.56563400043166,0.396373452440648,-0.61036159199958,0.685818352927376,132.32999999999998,0.9165376286958563,0.9992463717524223,145,45,4366.2752785916155,4760.289805463928
03/04/2024 11:00:00,47.23,167.54,0.824319005716922,2.9241246287913,0.146511972011757,-0.663063114282431,0.734085518543521,276.71,0.9879332725967445,0.998800173292965,170,45,9841.356570968825,9949.607854268268
03/04/2024 12:00:00,47.49,189.65,0.828856861772107,3.31001692640725,-0.113270165343399,-0.666157541198297,0.737159412846176,299.23999999999995,0.9922949343588975,0.9928946854851772,180,40,10689.636101672031,10696.097004645037
03/04/2024 13:00:00,44.03,210.54,0.768468469653103,3.67461620714886,-0.365340288745888,-0.61923576486238,0.695034920658218,158.98999999999998,0.9293297140463073,0.9304647158721727,180,40,5319.148724504005,5325.645066354602
03/04/2024 14:00:00,37.62,228.42,0.656592864600267,3.98668107740545,-0.592496910473475,-0.525673638221547,0.610421687981602,143.36999999999998,0.8033407092325894,0.8055066434252676,180,40,4146.298469376347,4157.477548843701
03/04/2024 15:00:00,29.28,243.31,0.51103240498394,4.2465606030274,-0.779302690883185,-0.391778016011338,0.489078012337956,124.98,0.6228592708948355,0.6264855480428289,180,40,2802.418260351715,2818.733896598139
03/04/2024 16:00:00,19.84,256.06,0.346273323595675,4.46909008265668,-0.912940709781594,-0.226606488263523,0.339394696335038,103.23,0.4002232757892613,0.4079920013159045,180,35,1487.341755350116,1516.2125146502697
03/04/2024 17:00:00,9.89,267.58,0.172613063022239,4.67015201248643,-0.984260723778863,-0.0415969273077986,0.171757163649318,44.98,0.15086412450966852,0.1766707572240376,180,15,244.29125953601604,286.0794237577396
03/04/2024 18:00:00,-0.16,278.68,-0.0027925268031909,4.8638835594578,-0.988542772129386,0.150915173143965,-0.0027925231737424,0.0,-0.1086877543868135,-0.0027925231737424,0,0,0.0,0.0
04/04/2024 06:00:00,8.79,90.9,0.153414441250301,1.58650429006285,0.9881331488852,-0.0155228359296147,0.152813355564627,143.68,0.11903166252469562,0.9996569467474776,90,80,615.6888937757376,5170.705563912394
04/04/2024 07:00:00,18.81,102.3,0.328296432300133,1.7854718247902,0.924864501170962,-0.201653072376224,0.322430911785791,391.16,0.3705833391122241,0.9990677326418275,100,70,5218.465641376953,14068.63203480638
04/04/2024 08:00:00,28.37,114.83,0.495149908790791,2.00416158006509,0.798557766890395,-0.369493008401596,0.475163560978073,661.1300000000001,0.5972623879821295,0.9995920041115299,115,60,14215.250972398511,23790.969420417212
04/04/2024 09:00:00,36.93,129.39,0.644550092761506,2.25828151915546,0.617788713609108,-0.507276821236387,0.600838856910495,885.54,0.7835561103567901,0.9993956087746152,130,55,24979.330006752665,31860.172346193816
04/04/2024 10:00:00,43.68,146.9,0.762359817271123,2.56388867117967,0.394945451910552,-0.605845099869262,0.690630005849423,1029.92,0.9167463388932284,0.9994534774634088,145,45,33990.3140167049,37056.85651832811
04/04/2024 11:00:00,47.62,167.56,0.8311257897997,2.9244736946417,0.145200741967167,-0.658219443856177,0.73869067156818,1123.0900000000001,0.9877646153246457,0.9987445654311832,170,40,39936.54822569843,40380.481223643874
04/04/2024 12:00:00,47.86,189.83,0.835314580004486,3.31315851906084,-0.11454728294531,-0.661094076639358,0.741507614122877,1114.1399999999999,0.9917891668416933,0.9929708686301841,180,40,39779.711364420145,39827.1082887228
04/04/2024 13:00:00,44.36,210.82,0.774228056184685,3.67950312905444,-0.36630500656771,-0.61399496761799,0.699164374023171,1014.3100000000001,0.9285438752529271,0.9302593411419406,180,40,33905.92817188068,33968.56868329255
04/04/2024 14:00:00,37.91,228.75,0.66165431943105,3.99244066393703,-0.593184210395382,-0.520208590735694,0.6144229118957,832.33,0.8023056296585407,0.8050588939600822,180,40,24040.189610412956,24122.68809155263
04/04/2024 15:00:00,29.54,243.64,0.515570261039125,4.25232018955898,-0.779549591648724,-0.386293677298758,0.493031062955784,584.9499999999999,0.6217764866990861,0.6259884955302133,180,40,13093.493612206694,13182.190936574336
04/04/2024 16:00:00,20.08,256.38,0.350462113800461,4.47467513626306,-0.912802383212694,-0.221167442610076,0.343331867921615,340.55,0.3991612904520893,0.4080974350467109,180,35,4893.637588684525,5003.192934185667
04/04/2024 17:00:00,10.12,267.9,0.176627320301826,4.67573706609281,-0.983780748152683,-0.0360736024222385,0.175710371840794,93.48,0.14975388434802744,0.17930505179597495,180,10,503.9637519187298,603.4117047079586
04/04/2024 18:00:00,0.07,278.99,0.001221730476396,4.86929408013898,-0.987714891371826,0.156261961902847,0.001221730172465,0.0,-0.10962999921328692,0.001221730172465,0,0,0.0,0.0
05/04/2024 06:00:00,9.12,90.69,0.159174027781883,1.58283909863366,0.987286942388758,-0.0118902461997431,0.158502730052093,143.68,0.12048602897423175,0.9998115455409454,90,80,623.2115751486343,5171.50522307963
05/04/2024 07:00:00,19.14,102.09,0.334056018831715,1.78180663336101,0.923766163634943,-0.19786967460747,0.327877517975713,382.57000000000005,0.37175940506535854,0.9992968025288121,100,70,5120.063841450753,13762.835198764118
05/04/2024 08:00:00,28.72,114.63,0.501258561172771,2.0006709215611,0.797189242329964,-0.365486754111186,0.480529649951641,646.7400000000001,0.5982239363078832,0.9997346317606366,115,60,13928.232548439375,23276.46152681547
05/04/2024 09:00:00,37.29,129.22,0.650833278068686,2.25531445942707,0.616354184331939,-0.503044567109385,0.605849554723152,859.8799999999999,0.7841065531656887,0.9991409955823874,130,55,24272.551545700044,30929.088934129795
05/04/2024 10:00:00,44.06,146.8,0.768992068428702,2.56214334192768,0.393485482081981,-0.601308844612128,0.695411280309673,999.34,0.9169195936332726,0.9996146889010347,145,45,32987.31936125308,35962.37795542896
05/04/2024 11:00:00,48.0,167.59,0.837758040957278,2.9249972934173,0.143800038471503,-0.653496225927715,0.743144825477394,1091.33,0.987574358332062,0.9990103983968699,170,40,38799.70288122705,39249.00065096842
05/04/2024 12:00:00,48.23,190.0,0.841772298236865,3.31612557878923,-0.115674352803196,-0.65602185404881,0.745824893063998,1076.14,0.9912553410677697,0.993017734337648,180,40,38402.26281852011,38470.5397666842
05/04/2024 13:00:00,44.69,211.1,0.779987642716266,3.68439005096003,-0.367215025294404,-0.6087393040449,0.703270634186415,970.29,0.9277311243075061,0.9300266434965314,180,40,32406.056373755888,32486.239869056983
05/04/2024 14:00:00,38.2,229.07,0.666715774261834,3.99802571754341,-0.593723168935227,-0.514843524986774,0.618408395357554,805.53,0.8013301176681514,0.8046633536306187,180,40,23237.836188668134,23334.4969650026
05/04/2024 15:00:00,29.8,243.97,0.52010811709431,4.25807977609057,-0.779743137446918,-0.380811661671513,0.496973961027555,572.31,0.6206881662385672,0.6255218319565861,180,35,12788.137599119795,12887.726387294653
05/04/2024 16:00:00,20.32,256.7,0.354650904005248,4.48026018986944,-0.912615785312321,-0.215733229972107,0.347263015428619,333.72,0.39809846290541884,0.40860520814202494,180,30,4782.72308546867,4908.9502822016375
05/04/2024 17:00:00,10.35,268.21,0.180641577581413,4.68114758677399,-0.983248596287534,-0.0307280541773693,0.179660748593193,92.81,0.14876734912478362,0.1822671687377045,180,10,497.05551620176203,608.9837734996687
05/04/2024 18:00:00,0.31,279.3,0.0054105206811824,4.87470460082016,-0.986841271966155,0.161601455735492,0.0054104942835304,0.0,-0.11044368800272877,0.0054104942835304,0,0,0.0,0.0
06/04/2024 05:00:00,-0.6,79.43,-0.010471975511966,1.3863150248591,0.982977630865881,0.183426603726728,-0.0104717841162458,0.0,-0.13710686490490592,-0.0104717841162458,0,0,0.0,0.0
06/04/2024 06:00:00,9.44,90.48,0.164759081388265,1.57917390720447,0.986423281656931,-0.0082640336947703,0.164014679685271,142.83,0.1218194464851209,0.9999181457654633,90,80,626.3809754929134,5141.459115348521
06/04/2024 07:00:00,19.47,101.89,0.339815605363296,1.77831597485702,0.922587984316341,-0.194251615670569,0.333313247568237,357.35999999999996,0.37304469231191334,0.9994752448056834,100,70,4799.205044805072,12858.209045415324
06/04/2024 08:00:00,29.06,114.43,0.507192680629552,1.99718026305711,0.795849913471788,-0.36151610335077,0.485725253867887,512.83,0.5990901089910066,0.9998279629925457,115,60,11060.329701378885,18458.703873412822
06/04/2024 09:00:00,37.65,129.05,0.657116463375865,2.25234739969868,0.614875613484644,-0.498805525464871,0.61083633463277,795.18,0.7846352839634962,0.9990756234388962,130,50,22461.346263675347,28600.018352861094
06/04/2024 10:00:00,44.44,146.69,0.77562431958628,2.56022347975048,0.392097681356686,-0.596684698686937,0.700161965996147,850.87,0.9170090707565655,0.9997326324060476,145,45,28089.198289246997,30623.130177672014
06/04/2024 11:00:00,48.39,167.61,0.844564825040056,2.9253463592677,0.142483238326274,-0.648590665536308,0.747682202125493,656.8199999999999,0.9873140131104463,0.9992339220476769,170,40,23345.553243283317,23627.405688456784
06/04/2024 12:00:00,48.6,190.17,0.848230016469244,3.31909263851762,-0.116767434282458,-0.650921461859217,0.75011106963046,741.8000000000001,0.9906796036793057,0.9930226671746006,180,40,26455.900680335126,26518.471722364277
06/04/2024 13:00:00,45.02,211.38,0.785747229247847,3.68927697286561,-0.368070194023669,-0.603469358335065,0.707353564932025,601.7800000000001,0.9268917779769326,0.9297668940998429,180,40,20080.257629434505,20142.54437513053
06/04/2024 14:00:00,38.49,229.39,0.671777229092618,4.00361077114979,-0.59420549240945,-0.509475625289528,0.622378036265973,443.01000000000005,0.8003413993967181,0.8042538555742609,180,40,12764.132760482646,12826.53002008632
06/04/2024 15:00:00,30.06,244.3,0.524645973149495,4.26383936262215,-0.779883360614698,-0.375332514586826,0.50090662536071,138.32,0.6195946377979709,0.6256005723255142,180,35,3085.2838908077515,3115.1905619063446
06/04/2024 16:00:00,20.56,257.03,0.358839694210034,4.48601977640103,-0.912417661246204,-0.210145071366663,0.35118806988038,139.01000000000002,0.3969224706805301,0.40921032570576515,180,30,1986.342935374818,2047.8357855489032
06/04/2024 17:00:00,10.58,268.52,0.184655834861,4.68655810745517,-0.982671573290817,-0.0253889115739644,0.183608230249193,52.82,0.14778329623176112,0.18522754689402163,180,10,281.0128934506184,352.21388496992
06/04/2024 18:00:00,0.54,279.6,0.0094247779607693,4.87994058857615,-0.985952246135935,0.166761340033924,0.009424638433144,0.0,-0.11125384863143595,0.009424638433144,0,0,0.0,0.0
07/04/2024 05:00:00,-0.27,79.23,-0.0047123889803846,1.38282436635511,0.982374320998694,0.18686488968458,-0.0047123715393734,0.0,-0.135465580532604,-0.0047123715393734,0,0,0.0,0.0
07/04/2024 06:00:00,9.77,90.28,0.170518667919846,1.57568324870048,0.985485117089498,-0.0048160271451888,0.169693517488547,11.95,0.12339688239229116,0.9999803538616588,90,80,53.08533880516365,430.19154823128565
07/04/2024 07:00:00,19.8,101.68,0.345575191894877,1.77465078342783,0.921398456201961,-0.19047704926457,0.338737920245291,43.19,0.37421149364585476,0.9996138647821087,100,70,581.8389987803208,1554.2396215178137
07/04/2024 08:00:00,29.4,114.22,0.513126800086333,1.99351507162792,0.794526932099834,-0.357407972567192,0.490903753615141,46.86000000000001,0.5998469741435934,0.9998752556117095,115,60,1011.9178515012766,1686.7495612067298
07/04/2024 09:00:00,38.0,128.87,0.663225115757845,2.24920580704509,0.613522984360542,-0.494520470214498,0.615661475325658,159.91,0.7850171820423187,0.9992734309216715,130,50,4519.155512893939,5752.577316192642
07/04/2024 10:00:00,44.81,146.59,0.782082037818659,2.55847815049849,0.390640685666669,-0.592212762417177,0.704758042687057,101.08999999999999,0.91709685129018,0.9998013508517851,145,45,3337.535545089275,3638.51706807385
07/04/2024 11:00:00,48.77,167.63,0.851197076197635,2.9256954251181,0.141191410887855,-0.64378243667418,0.752069916777258,107.52,0.9870166646607134,0.9994071984047286,170,40,3820.465144235516,3868.425431009151
07/04/2024 12:00:00,48.96,190.34,0.854513201776424,3.32205969824601,-0.117849955396818,-0.645922783829963,0.754251380736104,113.94999999999999,0.990072646606875,0.9929812411878463,180,40,4061.4760109107224,4073.4076476007826
07/04/2024 13:00:00,45.35,211.66,0.791506815779428,3.6941638947712,-0.368870368080366,-0.598185716257612,0.71141303081798,134.17000000000002,0.9260261546905574,0.9294803657224047,180,40,4472.8174502939555,4489.501704083102
07/04/2024 14:00:00,38.77,229.72,0.676664150998202,4.00937035768137,-0.594802516261126,-0.504072371468315,0.626195665085396,102.01,0.7992201932055336,0.8037051843090037,180,40,2935.0242687202735,2951.494770649013
07/04/2024 15:00:00,30.31,244.63,0.529009296279481,4.26959894915373,-0.780049899217026,-0.369894526984994,0.504678307080911,102.93,0.6184163816095385,0.6255710515674444,180,35,2291.529533726513,2318.0410201621344
07/04/2024 16:00:00,20.8,257.35,0.363028484414821,4.49160483000741,-0.912133740803492,-0.204721967890832,0.355106962408137,215.8,0.39585883291881196,0.40989263445158824,180,30,3075.3481011796666,3184.373898527499
07/04/2024 17:00:00,10.81,268.83,0.188670092140587,4.69196862813636,-0.982049743130634,-0.0200565895619644,0.187552753198129,81.77,0.14680197410334422,0.18858710530874373,180,5,432.14390720749645,555.1476336394551
07/04/2024 18:00:00,0.78,279.9,0.0136135681655558,4.88517657633213,-0.985018042784098,0.17191316878087,0.0136131476707494,0.0,-0.11193501838893999,0.0136131476707494,0,0,0.0,0.0
08/04/2024 05:00:00,0.05,79.03,0.0008726646259971,1.37933370785112,0.98172658242623,0.190294917994042,0.0008726645152351,0.0,-0.13394175994250135,0.0008726645152351,0,0,0.0,0.0
08/04/2024 06:00:00,10.09,90.07,0.176103721526228,1.57201805727129,0.984533037477183,-0.001202834615365,0.175194895202002,79.53,0.12473203093977274,0.9999980426925651,90,80,357.1177831430445,2863.0743960722293
08/04/2024 07:00:00,20.12,101.47,0.351160245501259,1.77098559199865,0.920221942165742,-0.186719552241979,0.343987479375725,162.04999999999998,0.37526654088026207,0.999707421154094,100,70,2189.2299461872726,5832.093153528753
08/04/2024 08:00:00,29.73,114.02,0.518886386617914,1.99002441312393,0.79317393430144,-0.353475593039045,0.49591341489263,345.19,0.6006087273738017,0.9998788941705822,115,60,7463.668557677854,12425.335037234758
08/04/2024 09:00:00,38.36,128.69,0.669508301065025,2.2460642143915,0.612042042067979,-0.490162777631714,0.620600507706546,353.11,0.7854282513557317,0.999433382408114,130,50,9984.332514104008,12704.75717983665
08/04/2024 10:00:00,45.18,146.48,0.788539756051038,2.55655828832129,0.38925551951942,-0.58765514423077,0.709324729572274,437.8,0.9171032638286051,0.999828790815078,145,45,14454.28112054988,15758.101606278284
08/04/2024 11:00:00,49.15,167.65,0.857829327355213,2.92604449096849,0.13989675707319,-0.638945065604171,0.756424550434798,374.3,0.986675317762824,0.9995363701078082,170,40,13295.252571790503,13468.552679928694
08/04/2024 12:00:00,49.33,190.52,0.860970920008803,3.3252012908996,-0.118986809282684,-0.640747061604634,0.758475670184452,451.03000000000003,0.9893998820384285,0.9928903445282586,180,40,16064.96503664853,16121.6399553329
08/04/2024 13:00:00,45.67,211.94,0.79709186938581,3.69905081667678,-0.369681463168212,-0.592994920544895,0.715326946226523,450.91,0.9251232639687124,0.9291420197034082,180,40,15017.303914420756,15082.539411760696
08/04/2024 14:00:00,39.06,230.04,0.681725605828985,4.01495541128775,-0.595171481856425,-0.49870052292911,0.630133871185369,444.64000000000004,0.7982064549149558,0.8032690675256315,180,40,12776.922652081894,12857.960094645487
08/04/2024 15:00:00,30.56,244.96,0.533372619409467,4.27535853568531,-0.780164842335341,-0.364460146391958,0.508440380453623,243.60999999999999,0.6172338818338203,0.6255357290071378,180,35,5413.116454327331,5485.923321963438
08/04/2024 16:00:00,21.03,257.67,0.367042741694407,4.49718988361379,-0.911862927324425,-0.19931847598881,0.358856721966898,155.07000000000002,0.3946894675646246,0.41043827553654777,180,30,2203.3618464688684,2291.2798819482887
08/04/2024 17:00:00,11.04,269.14,0.192684349420174,4.69737914881754,-0.981383173672307,-0.0147315024677719,0.191494253877013,53.49,0.145823630766722,0.19204949546668265,180,5,280.80381634963055,369.8181904504628
08/04/2024 18:00:00,1.01,280.2,0.0176278254451427,4.89041256408811,-0.984042697344172,0.177057227355581,0.0176269125135718,0.0,-0.11273425675149104,0.0176269125135718,0,0,0.0,0.0
09/04/2024 05:00:00,0.37,78.83,0.006457718232379,1.37584304934713,0.981036265741994,0.193716658431643,0.006457673349044,1.72,-0.1324120981900162,0.9997706652092424,80,90,0.0,61.90579958975629
09/04/2024 06:00:00,10.41,89.86,0.18168877513261,1.5683528658421,0.983537013186546,0.0024032390701965,0.180690808106168,128.95000000000002,0.12606834906660028,0.9999715055093817,90,80,585.2344900369719,4642.067722875653
09/04/2024 07:00:00,20.45,101.26,0.35691983203284,1.76732040056946,0.918941769465413,-0.182955620071089,0.349389847328425,383.32,0.37642508993211865,0.9997562637139229,100,70,5194.48555702007,13796.156556245554
09/04/2024 08:00:00,30.06,113.81,0.524645973149495,1.98635922169475,0.791837838652237,-0.34940719790568,0.50090662536071,637.63,0.6012626705683239,0.9998377921177193,115,60,13801.792198841295,22950.95656996877
09/04/2024 09:00:00,38.71,128.51,0.675616953447005,2.24292262173791,0.610601000224019,-0.485867989247,0.625378857613931,842.0100000000001,0.7857701809875333,0.9995444380068685,130,50,23818.548603359268,30298.550840861884
09/04/2024 10:00:00,45.55,146.37,0.794997474283417,2.5546384261441,0.387838022784854,-0.583080566373542,0.713861836211914,754.67,0.9170767676765492,0.9998123782377724,145,45,24915.25167344861,27163.022669449187
09/04/2024 11:00:00,49.53,167.67,0.864461578512791,2.92639355681889,0.138599353943657,-0.634078762570069,0.76074591155261,590.83,0.9862899856384626,0.9996214321150432,170,40,20978.269639731825,21261.827906515115
09/04/2024 12:00:00,49.69,190.69,0.867254105315982,3.32816835062799,-0.120001033624258,-0.635695654464682,0.762555431967952,930.0399999999998,0.9887128250179729,0.9927686414507146,180,40,33103.52912806975,33239.32370261361
09/04/2024 13:00:00,45.99,212.22,0.802676922992192,3.70393773858237,-0.370439062481179,-0.587792123374267,0.719218548625685,961.0100000000001,0.9241961092543525,0.928778866539123,180,40,31973.821306362912,32132.368027179455
09/04/2024 14:00:00,39.34,230.36,0.686612527734569,4.02054046489414,-0.595568964259915,-0.493398241286027,0.633920960614356,792.68,0.7971350522255674,0.8027619053950594,180,40,22747.428475133856,22907.999058068006
09/04/2024 15:00:00,30.81,245.28,0.537735942539453,4.28094358929169,-0.780165561703599,-0.359166060121291,0.512192773854392,567.39,0.6161437403510084,0.62557294659549,180,35,12585.376686159312,12777.978030077344
09/04/2024 16:00:00,21.26,257.98,0.371056998973995,4.50260040429497,-0.911511680979195,-0.194080366477437,0.362600698822364,333.07,0.3936329562316405,0.41106159984887586,180,30,4719.863834354611,4928.842334219943
09/04/2024 17:00:00,11.26,269.45,0.196524073774561,4.70278966949872,-0.98070602959949,-0.0094143912362262,0.195261498367845,97.24,0.14472770948442787,0.19533898767620755,180,5,506.63960892956754,683.8114738188392
09/04/2024 18:00:00,1.24,280.5,0.0216420827247297,4.89564855184409,-0.983024648210294,0.182192849443453,0.0216403933120977,0.0,-0.1135277304666371,0.0216403933120977,0,0,0.0,0.0
10/04/2024 05:00:00,0.69,78.64,0.0120427718387609,1.37252692376834,0.980337833892588,0.196958650726917,0.0120424807503097,6.029999999999999,-0.1307554777415032,0.9996458101630813,80,90,0.0,217.00311247020167
10/04/2024 06:00:00,10.73,89.66,0.187273828738992,1.56486220733812,0.982498148053582,0.0058303298127481,0.186181084768448,161.61,0.12752724182128883,0.9999017996093971,90,80,741.9483918265856,5817.388674055489
10/04/2024 07:00:00,20.77,101.05,0.362504885639222,1.76365520914027,0.917676647044148,-0.179209493594781,0.35461744017365,389.19,0.3774726448476796,0.9997621629046364,100,70,5288.7088313376635,14007.507702510795
10/04/2024 08:00:00,30.4,113.61,0.530580092606276,1.98286856319076,0.790315100805895,-0.345444454301316,0.506033764121164,571.2700000000001,0.602086022279176,0.9997558297085153,115,60,12382.332550107298,20560.69846215301
10/04/2024 09:00:00,39.05,128.33,0.681551072903786,2.23978102908432,0.60920246575891,-0.481637258122313,0.629998339126132,716.8399999999999,0.7860450690227333,0.9996098613666469,130,50,20284.867702017218,25796.171988794416
10/04/2024 10:00:00,45.92,146.26,0.801455192515796,2.55271856396691,0.386388184802493,-0.578489326914632,0.718369173399646,752.62,0.9170174398116423,0.999752147657095,145,45,24845.963959837376,27087.604609308582
10/04/2024 11:00:00,49.9,167.69,0.87091929674517,2.92674262266929,0.137327743793239,-0.629314183219831,0.764921400918432,852.24,0.985873436115753,0.9996620222134835,170,40,30247.227979030413,30670.27062520389
10/04/2024 12:00:00,50.04,190.87,0.873362757697962,3.33130994328158,-0.121116817601278,-0.630729091612636,0.76649300680935,788.61,0.9879852206178841,0.992592553713308,180,40,28048.860893932902,28179.662896218666
10/04/2024 13:00:00,46.31,212.51,0.808261976598574,3.70899919341315,-0.371244719292507,-0.582513100678812,0.723087716625711,457.89,0.923199191438727,0.9283495308051442,180,40,15218.052399643633,15302.950799773229
10/04/2024 14:00:00,39.62,230.69,0.691499449640153,4.02630005142572,-0.595996749845103,-0.487991419728292,0.637692910769471,441.93,0.795979023570407,0.802267830983051,180,35,12663.612355912917,12763.66401166823
10/04/2024 15:00:00,31.06,245.61,0.542099265669439,4.28670317582327,-0.780178404491665,-0.353740446999904,0.515935415843057,227.48999999999998,0.6149537000505194,0.6255267355923622,180,35,5036.2494200817355,5122.838774876633
10/04/2024 16:00:00,21.5,258.3,0.375245789178781,4.50818545790135,-0.911086105971226,-0.188676862163259,0.366501226724297,103.48,0.39257019141857863,0.41190120325684115,180,25,1462.4338826878027,1534.4473144686453
10/04/2024 17:00:00,11.49,269.75,0.200538331054149,4.7080256572547,-0.979950157456315,-0.0042758663237835,0.199196902256346,51.800000000000004,0.1438769744498106,0.199196902256346,0,0,268.3017819540068,371.4623833276341
10/04/2024 18:00:00,1.47,280.79,0.0256563400043166,4.90071000667488,-0.981996652749513,0.187148258404152,0.0256535253921351,0.0,-0.11419402083870822,0.0256535253921351,0,0,0.0,0.0
11/04/2024 05:00:00,1.01,78.44,0.0176278254451427,1.36903626526435,0.979563175191411,0.20036286523246,0.0176269125135718,1.72,-0.12921383133411007,0.9994740559134988,80,90,0.0,61.88743354216385
11/04/2024 06:00:00,11.04,89.45,0.192684349420174,1.56119701590893,0.981448514042228,0.0094215187941479,0.191494253877013,22.05,0.1287448656462758,0.9997907340305289,90,80,102.19767435001374,793.6338846734338
11/04/2024 07:00:00,21.08,100.84,0.367915406320405,1.75999001771108,0.916429457899865,-0.175481427141564,0.359671123975389,69.85,0.3784099978640781,0.9997281244119188,100,70,951.5497806290107,2513.916341646211
11/04/2024 08:00:00,30.72,113.4,0.536165146212658,1.97920337176157,0.788969795694606,-0.341417718163113,0.51084303186586,144.29,0.6026393556846199,0.9996307750352796,115,60,3130.373974742417,5192.522083074257
11/04/2024 09:00:00,39.4,128.15,0.687659725285766,2.23663943643073,0.607674789861071,-0.477334814755104,0.634730513202267,261.21999999999997,0.786348934521099,0.9996366274204224,130,50,7394.762472321652,9400.502873331456
11/04/2024 10:00:00,46.29,146.14,0.807912910748175,2.55062416886451,0.385006152680291,-0.573814537082952,0.722846553170587,424.51,0.9168778498190194,0.9996498399578014,145,45,14012.05737696019,15277.008728177507
11/04/2024 11:00:00,50.27,167.71,0.877377014977549,2.92709168851969,0.136053759284827,-0.624522548320436,0.769064991547409,493.79,0.9854151996176314,0.9996607846747678,170,40,17517.17417109085,17770.409959123932
11/04/2024 12:00:00,50.4,191.04,0.879645943005142,3.33427700300997,-0.122063031320234,-0.6256276521159,0.770513242775789,420.01,0.9872206942697681,0.9923930910353583,180,40,14927.132296808832,15005.340797967392
11/04/2024 13:00:00,46.63,212.79,0.813847030204956,3.71388611531873,-0.371894060689074,-0.577287872872197,0.72693432953664,749.99,0.9222243634973425,0.9279374955585092,180,40,24899.725813657387,25053.978322581348
11/04/2024 14:00:00,39.89,231.01,0.696211838620538,4.0318851050321,-0.596370561514875,-0.482759042027028,0.641315726221944,466.18,0.7948408911895449,0.8022342991114924,180,35,13339.401359570713,13463.481080152638
11/04/2024 15:00:00,31.31,245.94,0.546462588799425,4.29246276235485,-0.780139805034523,-0.348319982144402,0.519668235165109,336.71000000000004,0.6137603544495778,0.6254754312557976,180,35,7439.732962081825,7581.737968493027
11/04/2024 16:00:00,21.73,258.61,0.379260046458368,4.51359597858253,-0.910644005362235,-0.183452646955904,0.370233199244339,146.7,0.39151501649520354,0.4130756702628703,180,25,2067.669105114469,2181.5352297922705
11/04/2024 17:00:00,11.71,270.06,0.204378055408536,4.71343617793589,-0.979186865748154,0.0010254024628016,0.202958198888578,61.69,0.14278804969662906,0.202958198888578,0,0,317.1094122882617,450.7376864197096
11/04/2024 18:00:00,1.7,281.09,0.0296705972839036,4.90594599443086,-0.98089432964939,0.192266034503127,0.0296662440851108,0.0,-0.11497541442409073,0.0296662440851108,0,0,0.0,0.0
12/04/2024 05:00:00,1.33,78.25,0.0232128790515246,1.36572013968556,0.978781710996963,0.203586888671853,0.0232107944450872,1.72,-0.12754515939168967,0.999264309711111,80,90,0.0,61.874446057312
12/04/2024 06:00:00,11.35,89.25,0.198094870101356,1.55770635740494,0.98035929295408,0.012833606145551,0.196801817247394,101.00999999999999,0.13008516959287159,0.9996397093652948,90,80,473.03650730073446,3635.049853547583
12/04/2024 07:00:00,21.4,100.62,0.373500459926786,1.75615029335669,0.915107833538225,-0.171588418165138,0.36487678433762,163.28,0.3793381825603147,0.9996502667335293,100,70,2229.7801841441346,5876.024239881024
12/04/2024 08:00:00,31.05,113.19,0.541924732744239,1.97553818033238,0.787498239681618,-0.337359496129335,0.515785898285047,90.06,0.6032648937284812,0.9994619034091416,115,60,1955.8813078507326,3240.4154047569828
12/04/2024 09:00:00,39.74,127.97,0.693593844742547,2.23349784377714,0.606191363199411,-0.47309766299259,0.639304804028086,94.66,0.7865873278389648,0.9996200244340752,130,50,2680.5008323165102,3406.4651344654635
12/04/2024 10:00:00,46.65,146.03,0.814196096055355,2.54870430668732,0.38356172392276,-0.569296399480637,0.727173991201407,159.91,0.916743004858846,0.999506937975258,145,45,5277.46946065121,5753.921560258446
12/04/2024 11:00:00,50.64,167.72,0.883834733209928,2.92726622144489,0.134885628918463,-0.619680522931169,0.773176510643607,357.9599999999999,0.9848986536641029,0.9996148959393238,170,40,12691.95559436168,12881.597333415852
12/04/2024 12:00:00,50.75,191.21,0.885754595387122,3.33724406273836,-0.123001431963799,-0.620634095523487,0.774392644082186,493.96000000000004,0.9864328675117314,0.9921550885428806,180,40,17541.301652499416,17643.05739131909
12/04/2024 13:00:00,46.95,213.07,0.819432083811338,3.71877303722432,-0.372489561893694,-0.572052341090935,0.730758267372066,204.94,0.92122621584596,0.9275014669290544,180,40,6796.659624316958,6842.957422767855
12/04/2024 14:00:00,40.17,231.33,0.701098760526122,4.03747015863848,-0.596603396513209,-0.47745678456773,0.645057676598881,264.88,0.7937375874708741,0.8022582754742683,180,35,7568.827638094265,7650.078192274471
12/04/2024 15:00:00,31.56,246.26,0.55082591192941,4.29804781596124,-0.779989964935868,-0.343041320317128,0.523391160753049,78.11999999999999,0.6126602828050071,0.6254973573223044,180,35,1722.9967665381773,1759.0987279446629
12/04/2024 16:00:00,21.95,258.93,0.383099770812755,4.51918103218892,-0.910252530799503,-0.178089544929692,0.373797330327324,45.95,0.39024295194209013,0.41403932516154324,180,25,645.5398911026056,684.9038516822249
12/04/2024 17:00:00,11.94,270.36,0.208392312688123,4.71867216569187,-0.978345476894794,0.0061472068199835,0.206887263232446,10.110000000000001,0.14194465514502225,0.206887263232446,0,0,51.6621766865823,75.29868832608105
12/04/2024 18:00:00,1.93,281.38,0.0336848545634906,4.91100744926164,-0.979783981938927,0.197203216003828,0.0336784847291133,0.0,-0.11562944637605874,0.0336784847291133,0,0,0.0,0.0
13/04/2024 05:00:00,1.64,78.05,0.028623399732707,1.36222948118157,0.977927920945,0.206973201525658,0.0286194913722948,6.029999999999999,-0.12611511789922303,0.9990115177045665,80,90,0.0,216.8654202633073
13/04/2024 06:00:00,11.66,89.04,0.203505390782539,1.55404116597575,0.979226676335797,0.0164086359642128,0.202103619507773,98.09,0.13130618209597586,0.9994449480392843,90,80,463.67364246459385,3529.2799783142427
13/04/2024 07:00:00,21.71,100.41,0.378910980607969,1.75248510192751,0.913775517612919,-0.167874052114393,0.369908915867049,345.39000000000004,0.3802699834663057,0.9995323147707796,100,70,4728.292185219384,12428.224783152466
13/04/2024 08:00:00,31.37,112.99,0.547509786350621,1.97204752182839,0.786006872478603,-0.333478232975869,0.52056264228976,565.09,0.6038980943108208,0.9992591876816013,115,60,12285.243868107662,20328.16947721186
13/04/2024 09:00:00,40.08,127.78,0.699527964199327,2.23018171819835,0.604747764177069,-0.46875243229713,0.643856582585254,417.28000000000003,0.7867333792326181,0.999559104172975,130,50,11818.371761502729,15015.456827614766
13/04/2024 10:00:00,47.01,145.91,0.820479281362534,2.54660991158493,0.382184753760668,-0.564696796057414,0.731472721648175,350.73,0.9165302555369188,0.9993239092264855,145,45,11572.367634880688,12617.74348858819
13/04/2024 11:00:00,51.01,167.74,0.890292451442308,2.92761528729529,0.133606265407792,-0.614835594130406,0.777255786748541,513.1899999999999,0.9843572554508484,0.9995300539947141,170,40,18185.84279729355,18466.1578227437
13/04/2024 12:00:00,51.1,191.39,0.891863247769102,3.34038565539195,-0.124014067995796,-0.615595738054967,0.778243148526021,647.87,0.9855929285829237,0.991866152321349,180,40,22987.299263076675,23133.611667759564
13/04/2024 13:00:00,47.26,213.35,0.82484260449252,3.7236599591299,-0.373101595766916,-0.566914154760096,0.734440971330458,511.79,0.9201970343905053,0.9270198193223089,180,40,16954.115048305805,17079.821039914725
13/04/2024 14:00:00,40.44,231.65,0.705811149506507,4.04305521224486,-0.596870165662575,-0.472225973838773,0.648651397110924,577.17,0.79257998987708,0.8022018092011697,180,35,16468.322139264754,16668.245455799006
13/04/2024 15:00:00,31.8,246.58,0.555014702134197,4.30363286956762,-0.779875081531017,-0.337805338618935,0.526955795496677,362.12,0.6114784620397187,0.625414099436442,180,35,7971.428904257625,8153.0983327652775
13/04/2024 16:00:00,22.18,259.24,0.387114028092342,4.5245915528701,-0.909721286063182,-0.172880487628699,0.377517574002607,205.38,0.3891902017314277,0.41520956823227273,180,25,2877.5478107376225,3069.9266804475906
13/04/2024 17:00:00,12.16,270.66,0.212232037042511,4.72390815344785,-0.977498332251871,0.0112604705182389,0.210642379991584,85.1,0.14098430023452457,0.21082223681274798,0,5,431.91950219848945,645.8750046995347
13/04/2024 18:00:00,2.16,281.66,0.0376991118430775,4.91589437116723,-0.978668279199729,0.201960019356677,0.0376901826699345,0.0,-0.1161563154656024,0.0376901826699345,0,0,0.0,0.0
14/04/2024 05:00:00,1.95,77.86,0.0340339204138894,1.35891335560279,0.977070509724915,0.210179348280695,0.0340273505021674,6.029999999999999,-0.12455827214875442,0.9987238740288521,80,90,0.0,216.8029785741832
14/04/2024 06:00:00,11.96,88.84,0.208741378538522,1.55055050747176,0.978092021219982,0.0198049803925626,0.207228764358283,158.28,0.13252862859780348,0.999217502947805,90,80,755.1587280405721,5693.6212691968285
14/04/2024 07:00:00,22.02,100.2,0.384321501289151,1.74881991049832,0.912401526103363,-0.164166946091732,0.374930218807671,394.31,0.38119926101881035,0.9993732765976524,100,70,5411.184502043776,14186.263561027932
14/04/2024 08:00:00,31.69,112.78,0.553094839957003,1.9683823303992,0.784530997322161,-0.329464267974426,0.525323148517911,642.76,0.6044259786746613,0.9990119439185785,115,60,13986.03031390531,23116.4970146318
14/04/2024 09:00:00,40.42,127.59,0.705462083656108,2.22686559261957,0.603260695719342,-0.464405568262547,0.648385688588942,784.58,0.7868622437647891,0.9994572971010904,130,50,22224.829651667216,28229.551421744647
14/04/2024 10:00:00,47.36,145.79,0.826587933744514,2.54451551648253,0.380847266532253,-0.560189398079728,0.735624359203787,872.77,0.9162786949299926,0.9991062915493814,145,45,28789.22003666579,31391.639930719928
14/04/2024 11:00:00,51.37,167.75,0.896575636749487,2.92778982022049,0.132460126160735,-0.610074351059886,0.781193702711652,916.3000000000001,0.9837750752700649,0.9994047691712185,170,40,32451.59165291858,32967.165239697155
14/04/2024 12:00:00,51.45,191.56,0.897971900151083,3.34335271512034,-0.124885010342575,-0.610556038530665,0.782064612423728,957.9399999999999,0.9847315059102755,0.9915541070940028,180,40,33959.29315578081,34194.57628858664
14/04/2024 13:00:00,47.57,213.64,0.830253125173703,3.72872141396069,-0.373759395987526,-0.561701960487973,0.738102175511634,924.82,0.9191003187796436,0.926796914752595,180,35,30600.084845296442,30856.331617253818
14/04/2024 14:00:00,40.71,231.97,0.710523538486892,4.04864026585125,-0.597083877863454,-0.466996723138717,0.652230713301084,735.9599999999999,0.7914133099966187,0.8021344383941715,180,35,20968.147426504012,21252.19900610068
14/04/2024 15:00:00,32.04,246.9,0.559203492338983,4.309217923174,-0.779712388416381,-0.33257551725208,0.530511184306734,585.42,0.6102944594241673,0.62572392122744,180,30,12862.028967699456,13187.206726738845
14/04/2024 16:00:00,22.41,259.55,0.391128285371929,4.53000207355128,-0.909145689645817,-0.167679694013818,0.381231734269149,341.05,0.38813899320967915,0.4163777902469487,180,25,4765.492930829799,5112.203233093987
14/04/2024 17:00:00,12.38,270.95,0.216071761396898,4.72896960827864,-0.976612916366105,0.0161943394241528,0.214394391152165,101.06,0.14014860060840184,0.21498998544721434,0,5,509.88303278946324,782.1679654546373
14/04/2024 18:00:00,2.38,281.95,0.041538836197465,4.92095582599801,-0.977484746010733,0.206879405926804,0.0415268915247301,0.0,-0.1169218842199528,0.0415268915247301,0,0,0.0,0.0
15/04/2024 05:00:00,2.25,77.66,0.0392699081698724,1.3554226970988,0.976143461196135,0.213547676247236,0.0392598157590686,11.2,-0.123240128029678,0.9983958134634654,80,90,0.0,402.5531919884692
15/04/2024 06:00:00,12.27,88.63,0.214151899219704,1.54688531604257,0.976877658131992,0.0233625847706586,0.21251877723013,58.82,0.13375362639152,0.9989401898588115,90,80,283.2259789565714,2115.2758308298303
15/04/2024 07:00:00,22.32,99.99,0.389557489045134,1.74515471906913,0.911051228164639,-0.160478965177201,0.379779095521801,161.9,0.3820201383109578,0.9991803123620221,100,70,2226.5661741315866,5823.62253257081
15/04/2024 08:00:00,32.0,112.57,0.558505360638185,1.96471713897002,0.783097200966107,-0.325490932644193,0.529919264233205,285.56,0.6048663509081279,0.9987304023267671,115,60,6218.1228659517,10267.108332783539
15/04/2024 09:00:00,40.75,127.41,0.711221670187689,2.22372399996598,0.601740383181108,-0.460231699053704,0.652759752462722,305.52000000000004,0.7870038027699233,0.9994010306616417,125,50,8656.034465601611,10992.132103958813
15/04/2024 10:00:00,47.71,145.67,0.832696586126495,2.54242112138014,0.379478331011027,-0.555669221895689,0.739748546555466,225.64,0.9159986885413566,0.9991718124860784,145,40,7440.69398696898,8116.312599696914
15/04/2024 11:00:00,51.74,167.76,0.903033354981866,2.92796435314569,0.131281375434851,-0.605154720885717,0.785208866642287,280.13,0.9831355210559074,0.9992347571104707,170,40,9914.60712648209,10076.962770336822
15/04/2024 12:00:00,51.8,191.74,0.904080552533063,3.34649430777393,-0.125828095683831,-0.605471909988635,0.785856893175402,407.59999999999997,0.9838180315774538,0.9911911478576991,180,40,14436.152268154925,14544.342427204732
15/04/2024 13:00:00,47.88,213.92,0.835663645854885,3.73360833586627,-0.374265894206827,-0.556546658428525,0.741741772738739,282.09999999999997,0.9180285536144166,0.9268213384779951,180,35,9323.130779086569,9412.426785047126
15/04/2024 14:00:00,40.98,232.29,0.715235927467276,4.05422531945763,-0.597244555509109,-0.461769578008771,0.655795545685031,332.59,0.7902378773814701,0.8020564108531052,180,35,9461.707762978913,9603.213900682833
15/04/2024 15:00:00,32.28,247.22,0.56339228254377,4.31480297678038,-0.779501954765889,-0.327352318503889,0.534057264800588,552.06,0.6091085577336739,0.6261833176448866,180,30,12105.52093376827,12444.867444205296
15/04/2024 16:00:00,22.63,259.85,0.394968009726317,4.53523806130727,-0.908563571717817,-0.162657977513439,0.384778661698645,304.14,0.387096159856838,0.41747012909801007,180,25,4238.331338118913,4570.897142299275
15/04/2024 17:00:00,12.6,271.24,0.219911485751285,4.73403106310942,-0.975688221037399,0.0211192225682236,0.218143241396543,69.98,0.1393170197701306,0.21915380203297055,0,5,350.97858156649465,552.1097903856221
15/04/2024 18:00:00,2.61,282.23,0.045553093477052,4.9258427479036,-0.976291290977746,0.211616789890595,0.0455373406931845,0.0,-0.11743590474321575,0.0455373406931845,0,0,0.0,0.0
16/04/2024 05:00:00,2.56,77.47,0.0446804288510548,1.35210657152001,0.975208311386938,0.216734253833412,0.044665564108286,15.51,-0.12167093733452049,0.9981687347006266,75,85,0.0,557.3374947074419
16/04/2024 06:00:00,12.56,88.43,0.219213354050488,1.54339465753859,0.975702398384653,0.0267425679804225,0.217461869862855,101.29,0.13485891166423242,0.9987394188760345,90,75,491.75492984892367,3641.843366566327
16/04/2024 07:00:00,22.62,99.78,0.394793476801117,1.74148952763994,0.909661186076358,-0.1567987843638,0.384617560400183,90.06,0.3828391688278462,0.9991312194642674,100,65,1241.2258396068898,3239.3432744982692
16/04/2024 08:00:00,32.31,112.35,0.563915881319368,1.96087741461563,0.781677998674492,-0.321386680302412,0.534499867270737,83.63,0.6052031817153163,0.9985718111070789,110,60,1822.0731151266684,3006.3801802638604
16/04/2024 09:00:00,41.08,127.22,0.716981256719271,2.22040787438719,0.600259407344607,-0.455952025748647,0.657112162503484,98.33000000000001,0.7870552354089818,0.9993889589601377,125,50,2786.081086719547,3537.7169880438128
16/04/2024 10:00:00,48.06,145.55,0.838805238508475,2.54032672627775,0.378077939337174,-0.551136548097589,0.743845129807025,110.28,0.9156903259586862,0.9994070323416181,145,40,3635.3638492820605,3967.725870958811
16/04/2024 11:00:00,52.09,167.77,0.909142007363846,2.92813888607089,0.130157224508178,-0.600478652052443,0.788976859823917,118.55,0.9824934146047997,0.9990356753814127,170,40,4193.0853948503645,4263.684455392793
16/04/2024 12:00:00,52.14,191.91,0.910014671989843,3.34946136750232,-0.126659366557478,-0.600522298647302,0.789512744476376,98.33000000000001,0.9829032050796878,0.9911764186374938,180,35,3479.3593975974854,3508.645580806492
16/04/2024 13:00:00,48.18,214.2,0.840899633610868,3.73849525777185,-0.374793064954924,-0.551491247760383,0.745243290547046,104.77000000000001,0.9169297854359899,0.9267899495134602,180,35,3458.402410324632,3495.5921883789083
16/04/2024 14:00:00,41.25,232.61,0.719948316447661,4.05981037306401,-0.597352226608573,-0.456545083727562,0.659345815100069,113.03999999999999,0.7890540216253694,0.8019679744906579,180,35,3211.007997763143,3263.5605541112627
16/04/2024 15:00:00,32.52,247.54,0.567581072748556,4.32038803038676,-0.779243854261853,-0.322136203954201,0.537593974758933,338.3,0.6079210393587794,0.6266381410397868,180,30,7403.748754142704,7631.700592095356
16/04/2024 16:00:00,22.85,260.16,0.398807734080704,4.54064858198845,-0.907967923715359,-0.157486165168637,0.388319916157409,81.79,0.38594318131850336,0.41876480050010706,180,20,1136.386540801454,1233.0278291845352
16/04/2024 17:00:00,12.82,271.53,0.223751210105673,4.7390925179402,-0.974724328911956,0.0260347763009457,0.221888875453675,42.27,0.13848976163407728,0.22331360155826874,0,5,210.74264007380808,339.8207737632487
16/04/2024 18:00:00,2.83,282.51,0.0493928178314395,4.93072966980918,-0.975067594099272,0.216345833802415,0.0493727367460685,0.0,-0.11806780920426224,0.0493727367460685,0,0,0.0,0.0
17/04/2024 05:00:00,2.86,77.28,0.0499164166070378,1.34879044594122,0.974242747038733,0.219912459732984,0.049895690160708,6.890000000000001,-0.12022001067998694,0.9985149057968665,75,85,0.0,247.6716372338548
17/04/2024 06:00:00,12.86,88.22,0.224449341806471,1.5397294661094,0.974446382056355,0.0302827330820107,0.222569549971161,87.88000000000001,0.13596731215509422,0.9988481651546116,90,75,430.15706611882854,3160.035963136342
17/04/2024 07:00:00,22.92,99.57,0.4000294645571,1.73782433621075,0.908231477707429,-0.153126746163496,0.389445480793858,277.79,0.38365650096503157,0.9993176158212408,100,65,3836.7338185107405,9993.61585796337
17/04/2024 08:00:00,32.62,112.14,0.56932640200055,1.95721222318644,0.780160555133049,-0.31742498993753,0.53906482353948,264.02000000000004,0.6056297551267951,0.9986561986871445,110,55,5756.341246148752,9491.947544785677
17/04/2024 09:00:00,41.4,127.02,0.722566310325652,2.2169172158832,0.598907722055128,-0.451637196480638,0.661311865323652,350.93,0.7869738287170196,0.9993444126517648,125,50,9942.218125619893,12625.197650347816
17/04/2024 10:00:00,48.41,145.42,0.844913890890455,2.53805779825015,0.376741478366746,-0.546525912249682,0.747913956092338,142.45000000000002,0.9153072087428642,0.9996035094006311,145,40,4693.878427875157,5126.1667169083175
17/04/2024 11:00:00,52.45,167.78,0.915425192671026,2.92831341899609,0.129000569897089,-0.59564457219795,0.792821793707355,410.09999999999997,0.9817939827810832,0.9987918811363368,170,40,14494.8136441868,14745.76381634442
17/04/2024 12:00:00,52.48,192.08,0.915948791446624,3.35242842723071,-0.127457859236478,-0.595551991682083,0.793140794135795,447.74,0.9819540858366593,0.9912974919761077,180,35,15827.76440613021,15978.367406065769
17/04/2024 13:00:00,48.48,214.48,0.846135621366851,3.74338217967744,-0.375269466659555,-0.546428983929502,0.748724377134086,522.07,0.915811724284612,0.9267378934595953,180,35,17212.241768301625,17417.593873384234
17/04/2024 14:00:00,41.51,232.93,0.724486172502846,4.06539542667039,-0.597499228395688,-0.451393517982985,0.662750755555587,242.51,0.787818971039284,0.8018023217040753,180,35,6877.9432320025235,7000.022917312391
17/04/2024 15:00:00,32.76,247.85,0.571769862953342,4.32579855106795,-0.778882838917089,-0.317063579960073,0.541121252126876,275.35,0.6068283142801202,0.6271565408495553,180,30,6015.24634813312,6216.751926825302
17/04/2024 16:00:00,23.08,260.46,0.402821991360291,4.54588456974443,-0.907235493522476,-0.152470337180802,0.39201601443436,208.01,0.38500999149060383,0.42052248256936114,180,20,2883.093419878578,3149.0237375731012
17/04/2024 17:00:00,13.04,271.82,0.227590934460061,4.74415397277099,-0.973721325684681,0.030940657723421,0.225631238099938,40.43,0.13766702961737967,0.22757618143205072,0,10,200.37160826750377,331.2325805507212
17/04/2024 18:00:00,3.06,282.78,0.0534070751110265,4.93544205878956,-0.973836133367542,0.220892690115029,0.0533816897587605,0.0,-0.1184481642752597,0.0533816897587605,0,0,0.0,0.0
18/04/2024 05:00:00,3.15,77.08,0.0549778714378214,1.34529978743723,0.973210554474776,0.223252535005741,0.0549501799124458,7.75,-0.11900773657613523,0.9988233916217519,75,85,0.0,278.6717262624688
18/04/2024 06:00:00,13.15,88.02,0.229510796637254,1.53623880760541,0.973196410222304,0.0336446477487995,0.227501175399776,83.39,0.13707726527928302,0.9989171836622052,90,75,411.5114334590188,2998.7893420412865
18/04/2024 07:00:00,23.21,99.36,0.405090919387884,1.73415914478157,0.906830065840537,-0.149474381476264,0.394102322969473,110.28,0.3843667738086165,0.9994600633207023,100,65,1525.966841362112,3967.9364081882536
18/04/2024 08:00:00,32.93,111.93,0.574736922681733,1.95354703175725,0.778601735786495,-0.313469546654197,0.543613999406443,144.29,0.6060495874628913,0.9989574131146869,110,55,3148.088219100741,5189.024344979453
18/04/2024 09:00:00,41.72,126.83,0.728151363932034,2.21360109030441,0.597436451033638,-0.447427643018401,0.665490940012957,433.17,0.786952276969997,0.999257822582197,125,50,12271.82824134337,15582.54639628549
18/04/2024 10:00:00,48.75,145.29,0.850848010347236,2.53578887022256,0.375446676004005,-0.5420117133121,0.751839807478977,237.57,0.9148911841998979,0.9997565983209514,145,40,7824.625150693311,8550.438302271905
18/04/2024 11:00:00,52.8,167.78,0.921533845053006,2.92831341899609,0.127973055740966,-0.590900149514862,0.796529918024196,292.46999999999997,0.9810612091789777,0.9990026397877161,170,35,10329.51498654872,10518.418874113679
18/04/2024 12:00:00,52.81,192.25,0.921708377978205,3.3553954869591,-0.128252933737857,-0.590697197635941,0.796635428343906,565.9399999999999,0.98099230759169,0.9913755332635198,180,35,19986.580316103875,20198.126494625627
18/04/2024 13:00:00,48.78,214.76,0.851371609122834,3.74826910158302,-0.375695033169004,-0.541360381359774,0.752184937064111,882.1700000000001,0.914674666429641,0.9266653872014357,180,35,29048.347817432514,29429.15056658966
18/04/2024 14:00:00,41.77,233.25,0.729024028558032,4.07098048027677,-0.597595039167431,-0.446245381238171,0.666142048579787,792.24,0.7865766949309527,0.8016274563896935,180,35,22433.670748515528,22862.928097806147
18/04/2024 15:00:00,32.99,248.17,0.575784120232929,4.33138360467433,-0.778618780560909,-0.311898296666755,0.544492651092941,567.46,0.6055598465076554,0.6274936163538012,180,30,12370.715657972429,12818.79099130061
18/04/2024 16:00:00,23.3,260.76,0.406661715714679,4.55112055750041,-0.90652899435305,-0.147475210796455,0.395545502562965,334.83,0.3839736287412022,0.42213068267705856,180,20,4628.372044011002,5088.3125933073425
18/04/2024 17:00:00,13.25,272.11,0.231256125889249,4.74921542760177,-0.972719290799492,0.0358379980962318,0.229200390922414,106.58999999999999,0.13672785919385042,0.23194152503446377,0,10,524.6576104130105,890.0152975232457
18/04/2024 18:00:00,3.28,283.06,0.057246799465414,4.94032898069515,-0.972538184268451,0.225601113763847,0.0572155364244381,0.0,-0.11906658359070796,0.0572155364244381,0,0,0.0,0.0
19/04/2024 05:00:00,3.45,76.89,0.0602138591938044,1.34198366185844,0.972171322831924,0.226410225095841,0.0601774794692935,16.37,-0.11754430168779002,0.9990931403281162,75,85,0.0,588.7855694581655
19/04/2024 06:00:00,13.44,87.82,0.234572251468038,1.53274814910142,0.971909926587542,0.0369972565087564,0.232426972641784,95.88,0.13818967752302594,0.9989494260328355,90,75,476.9865461126781,3448.0537548490174
19/04/2024 07:00:00,23.5,99.14,0.410152374218668,1.73031942042718,0.905416301071642,-0.145672584191379,0.398749068925246,183.23,0.3849642427435559,0.9995637010199797,100,65,2539.3319351244627,6593.402049764071
19/04/2024 08:00:00,33.23,111.72,0.579972910437716,1.94988184032807,0.777090478149045,-0.30955611603565,0.548001277183741,316.57000000000005,0.60638464800209,0.999214147833529,110,55,6910.674768648781,11387.564020067772
19/04/2024 09:00:00,42.04,126.63,0.733736417538416,2.21011043180042,0.596002545217206,-0.443114928371688,0.669649256214599,368.36999999999995,0.7868431007824828,0.9991360086555459,125,50,10434.578149268753,13249.862334303962
19/04/2024 10:00:00,49.09,145.16,0.856782129804016,2.53351994219497,0.374120077268809,-0.537487166185124,0.755739183826448,410.69,0.9144491217023103,0.9998722345054231,145,40,13519.983952509185,14782.95100760516
19/04/2024 11:00:00,53.15,167.79,0.927642497434986,2.92848795192128,0.126838464645875,-0.586155823502491,0.800208319414635,184.72,0.9803074866505757,0.9992229120087308,170,35,6518.9663616273965,6644.7524270251
19/04/2024 12:00:00,53.15,192.42,0.927642497434986,3.35836254668749,-0.128985981186838,-0.585687000194536,0.800208319414635,170.94,0.9799759785103423,0.9914285430942731,180,35,6030.615375596085,6101.092625635261
19/04/2024 13:00:00,49.08,215.04,0.856607596878817,3.75315602348861,-0.376069703542273,-0.536285955118587,0.755624875464124,352.51,0.9135189089933798,0.9265726484540882,180,35,11592.883821933228,11758.540475035823
19/04/2024 14:00:00,42.03,233.56,0.733561884613217,4.07639100095796,-0.597562705346428,-0.441205491584443,0.669519624338816,134.17000000000002,0.7854012615035504,0.8015034425302551,180,35,3793.5823412135296,3871.357807834236
19/04/2024 15:00:00,33.22,248.48,0.579798377512516,4.33679412535551,-0.778255261353657,-0.306876758264617,0.547855275973821,220.29999999999998,0.6043868175073718,0.6278949657229719,180,30,4793.270972287463,4979.709394155745
19/04/2024 16:00:00,23.51,261.05,0.410326907143867,4.5561820123312,-0.905825629197537,-0.142658485366172,0.398909120028504,147.01000000000002,0.3829461262455356,0.4236440320665463,180,20,2026.688760696823,2242.076729547707
19/04/2024 17:00:00,13.47,272.39,0.235095850243636,4.75410234950735,-0.971646070914767,0.040554155421552,0.232936200179235,27.57,0.1360346484266915,0.23643953107948829,0,10,135.01710925645983,234.6709633870137
19/04/2024 18:00:00,3.5,283.33,0.0610865238198015,4.94504136967553,-0.971243335770665,0.230129221399048,0.0610485395348569,0.0,-0.11955809671381491,0.0610485395348569,0,0,0.0,0.0
20/04/2024 05:00:00,3.74,76.7,0.0652753140245879,1.33866753627965,0.97110631615353,0.229559805563103,0.0652289689980715,5.17,-0.11619944889319192,0.9993206732103376,75,85,0.0,185.99356369790803
20/04/2024 06:00:00,13.72,87.61,0.239459173373622,1.52908295767223,0.970621332978126,0.0405113853401483,0.237177266249503,35.84,0.1390637780190308,0.998934206641416,90,75,179.42564895127433,1288.8648707770208
20/04/2024 07:00:00,23.79,98.93,0.415213829049451,1.72665422899799,0.903938753797731,-0.142037978731577,0.403385599619585,149.8,0.38567271087113897,0.9996324056254605,100,65,2079.8557951858784,5390.817637056984
20/04/2024 08:00:00,33.52,111.5,0.585034365268499,1.94604211597368,0.775682714839795,-0.305549547128833,0.552228032743839,147.96,0.6065403434777519,0.999432381439089,110,55,3230.773531954854,5323.536545678194
20/04/2024 09:00:00,42.36,126.44,0.739321471144798,2.20679430622163,0.594450613186423,-0.438907704023362,0.673786684219291,460.54999999999995,0.786793747314597,0.9989730566533361,125,50,13044.882971726554,16562.77348470098
20/04/2024 10:00:00,49.42,145.02,0.862541716335598,2.53107648124218,0.372930687433238,-0.532996103285077,0.759498424128383,754.93,0.9139316449805597,0.9999487383130257,145,40,24838.35900282626,27176.086836527487
20/04/2024 11:00:00,53.5,167.79,0.933751149816966,2.92848795192128,0.125802273988,-0.581367298270276,0.803856860617217,670.49,0.9795013962127779,0.9994035584460867,170,35,23642.852081281395,24123.2433084906
20/04/2024 12:00:00,53.48,192.59,0.933402083966567,3.36132960641588,-0.12971640792624,-0.580793982478911,0.80364917932578,954.42,0.9789491478794417,0.9914406108602689,180,35,33635.83124588748,34065.026921421275
20/04/2024 13:00:00,49.37,215.32,0.8616690517096,3.75804294539419,-0.376470007588915,-0.531314306472054,0.758930458687831,933.7199999999999,0.9123408228349992,0.9264288031958874,180,35,30667.351431509833,31140.9036763223
20/04/2024 14:00:00,42.29,233.87,0.738099740668402,4.08180152163914,-0.597481046053267,-0.436170049107019,0.672883413281287,404.19,0.7842192239531908,0.8013706859673855,180,35,11411.048452667046,11660.61663220167
20/04/2024 15:00:00,33.45,248.78,0.583812634792103,4.34203011311149,-0.777794992349906,-0.301999185722728,0.55120907258337,558.78,0.6033093452126053,0.6283606525150229,180,30,12136.219053044384,12640.153154844402
20/04/2024 16:00:00,23.73,261.35,0.414166631498254,4.56141800008718,-0.905039209089969,-0.13768227852075,0.402427161348656,340.41,0.38191504751452476,0.4252479465562237,180,20,4680.277247679098,5211.311525539349
20/04/2024 17:00:00,13.68,272.67,0.238761041672824,4.75898927141294,-0.970576932337821,0.045261935668703,0.236498997023725,111.82,0.13522502289832383,0.2407656984951236,0,10,544.3510341776605,969.2071346060899
20/04/2024 18:00:00,3.72,283.59,0.0649262481741891,4.94957922573072,-0.969954048117486,0.234477390720583,0.0648806425782695,2.58,-0.11992301067861694,0.2432801133356295,0,75,0.0,22.595856926613266
21/04/2024 05:00:00,4.02,76.51,0.070162235930172,1.33535141070086,0.970018169109736,0.232701707629597,0.0701046850307777,26.71,-0.11497345728036734,0.9995086398480063,75,85,0.0,961.087527732249
21/04/2024 06:00:00,14.01,87.41,0.244520628204406,1.52559229916824,0.969262346969558,0.0438444299417897,0.242091240465542,192.35,0.14018166406994997,0.9990217846368964,85,75,970.7019510187755,6917.826249896652
21/04/2024 07:00:00,24.07,98.72,0.420100750955035,1.7229890375688,0.902493957572769,-0.13842340548135,0.407852445572645,429.51,0.38627535867873236,0.99966178258991,100,65,5972.728655019684,15457.130360646921
21/04/2024 08:00:00,33.81,111.29,0.590095820099283,1.94237692454449,0.774183134704866,-0.30168574176644,0.556440641176919,600.75,0.6067869844943333,0.9996118220430195,110,55,13122.982113658947,21618.60487532438
21/04/2024 09:00:00,42.67,126.24,0.74473199182598,2.20330364771764,0.593030056829332,-0.434668498949892,0.677774776542803,338.92999999999995,0.7866161837862594,0.9990514913251578,125,45,9597.881634144367,12189.906790374083
21/04/2024 10:00:00,49.75,144.89,0.868301302867179,2.52880755321458,0.371616938775231,-0.528561300025823,0.763232469782529,133.25,0.9134361345260198,0.9999897153121439,145,40,4381.753137321317,4796.950664352355
21/04/2024 11:00:00,53.84,167.79,0.939685269273747,2.92848795192128,0.124791193318197,-0.576694813276939,0.807372435998218,634.96,0.9786833375806752,0.9995433334082384,170,35,22371.29179308812,22848.121259312225
21/04/2024 12:00:00,53.81,192.76,0.939161670498149,3.36429666614427,-0.130414583144333,-0.575882572393571,0.807063379987379,118.55,0.9778904609430581,0.9914202912176227,180,35,4173.4409092127835,4231.18351885857
21/04/2024 13:00:00,49.66,215.6,0.866730506540384,3.76292986729977,-0.376821043001938,-0.526338063520537,0.7622165994259,229.26000000000002,0.9111457400989718,0.9262663964007498,180,35,7520.01380550325,7644.810025398093
21/04/2024 14:00:00,42.54,234.18,0.742463063798388,4.08721204232032,-0.597445803942921,-0.431208610040725,0.676104759617726,224.92,0.7829887925840169,0.8011636938654245,180,35,6339.954212207895,6487.118568871606
21/04/2024 15:00:00,33.68,249.09,0.58782689207169,4.34744063379268,-0.777344326654295,-0.296994399705485,0.554553986877707,143.36999999999998,0.6021356386614387,0.6287550402587789,180,30,3107.8147145360563,3245.20596438844
21/04/2024 16:00:00,23.95,261.64,0.418006355852642,4.56647945491796,-0.90418902288009,-0.132874077165364,0.405939269498038,82.71000000000001,0.38099857121950953,0.4269037469508922,180,20,1134.446105720363,1271.1315207710988
21/04/2024 17:00:00,13.89,272.94,0.242426233102012,4.76370166039332,-0.969480675763962,0.0497903585533974,0.240058616832173,28.490000000000002,0.13453997567347564,0.24505759206189143,0,10,137.98958064974357,251.34086872235835
21/04/2024 18:00:00,3.94,283.85,0.0687659725285766,4.9541170817859,-0.968631017998979,0.238815077026051,0.0687117890561988,1.72,-0.12028118842561063,0.24846157023748702,0,75,0.0,15.384740429105197
22/04/2024 05:00:00,4.3,76.32,0.0750491578357562,1.33203528512207,0.968896719323759,0.235833283925659,0.0749787268263277,30.15,-0.11374134810969577,0.9996617526600515,75,85,0.0,1085.0328663372197
22/04/2024 06:00:00,14.28,87.21,0.24923301718479,1.52210164066425,0.967953164445929,0.0471714653200702,0.246660747381238,187.83999999999997,0.14106022411948774,0.9992247886685879,85,75,953.8830899497646,6756.997834926271
22/04/2024 07:00:00,24.35,98.51,0.424987672860619,1.71932384613961,0.901013269391004,-0.134818108434298,0.412309551210655,404.23,0.38687767830967174,0.9996564680271898,100,65,5629.95230051227,14547.280826542714
22/04/2024 08:00:00,34.1,111.07,0.595157274930066,1.9385372001901,0.772697794641272,-0.297694534601547,0.560638994563242,443.69,0.6069334589922036,0.999758353882003,110,55,9694.45103112903,15968.980225220612
22/04/2024 09:00:00,42.97,126.04,0.749967979581963,2.19981298921365,0.59166598427651,-0.430501921038538,0.68161533069044,464.99,0.7863856501721072,0.9992871844525109,125,45,13163.81268504701,16727.707724348627
22/04/2024 10:00:00,50.08,144.75,0.87406088939876,2.52636409226179,0.370364101331386,-0.524053082150452,0.766941196920342,176.45000000000002,0.9128708092039968,0.9999950986361101,145,40,5798.7379542256285,6352.168865556299
22/04/2024 11:00:00,54.18,167.78,0.945619388730528,2.92831341899609,0.123875549592626,-0.571980409092368,0.810859580832374,368.87,0.9778155341717222,0.9996456464174066,170,35,12984.725379237234,13274.614425383596
22/04/2024 12:00:00,54.13,192.93,0.944746724104531,3.36726372587266,-0.131112030608344,-0.571090936445242,0.810348553241044,835.3,0.9768252309560566,0.9913629781326718,180,35,29373.916155033385,29811.077842831946
22/04/2024 13:00:00,49.95,215.87,0.871791961371168,3.76764225628016,-0.3770317668332,-0.521423529061483,0.765483213493088,696.36,0.9099804844150277,0.9261233888304413,180,35,22812.26436458095,23216.95018965478
22/04/2024 14:00:00,42.79,234.49,0.746826386928374,4.0926225630015,-0.597363015715817,-0.426252223115855,0.679313233894126,86.39,0.781752831697362,0.8014286292372008,180,30,2431.2825766920637,2492.475094072864
22/04/2024 15:00:00,33.91,249.39,0.591841149351277,4.35267662154866,-0.776798806594807,-0.292134217568205,0.55788996495608,119.47,0.6010578636354735,0.629213990952478,180,30,2585.101786867081,2706.1990379673316
22/04/2024 16:00:00,24.16,261.92,0.42167154728183,4.57136637682355,-0.90334841941081,-0.12824381960829,0.409286154029511,27.57,0.38009108945031517,0.4285320094509478,180,15,377.2480081012268,425.32659002025474
22/04/2024 17:00:00,14.11,273.22,0.2462659574564,4.76858858229891,-0.968298332317202,0.0544753444464644,0.243784282674591,33.08,0.13386163396033351,0.24957679131000696,0,15,159.41314265068195,297.2160092352611
22/04/2024 18:00:00,4.16,284.11,0.0726056968829641,4.95865493784109,-0.967274334091357,0.243141999848663,0.0725419224842709,1.72,-0.12063247157531135,0.2536323682166764,0,75,0.0,15.704916239976603
23/04/2024 05:00:00,4.58,76.13,0.0799360797413403,1.32871915954328,0.967742050594559,0.23895427350476,0.0798509779830591,27.57,-0.11250301917252187,0.9997800148560357,75,85,0.0,992.3016603449125
23/04/2024 06:00:00,14.56,87.0,0.254119939090374,1.51843644923507,0.966558459618804,0.0506551824158587,0.251393708421155,167.61,0.14194357298373722,0.999400994292485,85,75,856.4818416409512,6030.345623521083
23/04/2024 07:00:00,24.63,98.29,0.429874594766203,1.71548412178523,0.899519662749969,-0.131065394252079,0.416756810089205,336.96999999999997,0.3873687955742845,0.9996122614997752,100,65,4699.139869607999,12126.216375272852
23/04/2024 08:00:00,34.39,110.85,0.60021872976085,1.93469747583571,0.771173433099474,-0.293711646524032,0.564822985348253,451.89000000000004,0.607075660080389,0.9998689415739063,110,55,9875.931121214173,16265.90793628197
23/04/2024 09:00:00,43.27,125.83,0.755203967337946,2.19614779778447,0.590338223713577,-0.426235415243298,0.685437198009469,473.78,0.7860712432904018,0.9994901681867283,125,45,13407.294011260554,17047.38426780629
23/04/2024 10:00:00,50.4,144.61,0.879645943005142,2.523920631309,0.36915702626908,-0.519646449678344,0.770513242775789,926.1,0.9122806673478681,0.9999661389141563,145,40,30415.07253711098,33338.4710849424
23/04/2024 11:00:00,54.51,167.78,0.951378975262109,2.92831341899609,0.122884974647265,-0.56740654875958,0.814216857741649,865.75,0.976955279783077,0.9997135026177393,170,35,30448.76520499916,31158.07073608708
23/04/2024 12:00:00,54.45,193.09,0.950331777710912,3.37005625267585,-0.13167922144479,-0.566305459571616,0.813608449500787,773.24,0.9757464825587332,0.9912884920465955,180,35,27161.503566253734,27594.140889243943
23/04/2024 13:00:00,50.24,216.15,0.876853416201951,3.77252917818574,-0.377285010368973,-0.51643961322479,0.768730217204393,204.94,0.9087523020728407,0.9259245218736869,180,35,6704.629084325087,6831.322974460562
23/04/2024 14:00:00,43.04,234.8,0.751189710058359,4.09803308368269,-0.597232737702193,-0.421301351801271,0.682508775025762,310.19,0.780511625821778,0.8017206133787437,180,30,8715.848443691664,8952.685814302291
23/04/2024 15:00:00,34.13,249.69,0.595680873705665,4.35791260930464,-0.776303066894282,-0.287317264256427,0.561072489069581,275.67,0.5999021476660025,0.6299298887239412,180,25,5953.500901695129,6251.499807283039
23/04/2024 16:00:00,24.37,262.21,0.425336738711018,4.57642783165433,-0.902493608918907,-0.123465779831755,0.412627540369113,189.68,0.37907522206284483,0.43052289311955416,180,15,2588.5075723516948,2939.8169652090132
23/04/2024 17:00:00,14.32,273.48,0.249931148885588,4.77312643835409,-0.967142793634084,0.0588141351138763,0.247337247968167,45.029999999999994,0.1333059715096657,0.25413165390442,0,15,216.09964429488883,411.9677415113771
23/04/2024 18:00:00,4.37,284.37,0.0762708883121522,4.96319279389628,-0.965896984927306,0.247461183794834,0.0761969620339215,2.58,-0.12110209258177798,0.25875037338482865,0,75,0.0,24.032734679982884
24/04/2024 05:00:00,4.86,75.94,0.0848230016469244,1.32540303396449,0.966554248877486,0.242064416119715,0.0847213221420735,31.88,-0.11125836872446243,0.9998634319045494,75,85,0.0,1147.5232635282134
24/04/2024 06:00:00,14.82,86.8,0.25865779514556,1.51494579073108,0.965226795780916,0.0539645558686339,0.25578322739462,188.08,0.14270735120608527,0.9995342944814334,85,75,966.2543501342586,6767.726763818448
24/04/2024 07:00:00,24.9,98.08,0.434586983746588,1.71181893035604,0.898039589907817,-0.127490151855645,0.421035813367491,353.36,0.3878664296661759,0.9995369568036512,100,65,4934.033337126238,12715.069646020975
24/04/2024 08:00:00,34.67,110.64,0.605105651666434,1.93103228440653,0.769652473411977,-0.289906739230087,0.568848971801659,610.35,0.607231986653223,0.9999413845386842,110,55,13342.465549936609,21971.312065914695
24/04/2024 09:00:00,43.57,125.63,0.760439955093929,2.19265713928048,0.588897291027999,-0.422075616092944,0.689240273721469,451.84999999999997,0.7858190017281336,0.9996575898482294,125,45,12782.603373510856,16261.030151025207
24/04/2024 10:00:00,50.72,144.46,0.885230996611524,2.52130263743101,0.368009007334405,-0.515168462982483,0.774061254209905,212.29,0.9116230755339525,0.9999029701236819,145,40,6967.024657383699,7641.698454992031
24/04/2024 11:00:00,54.85,167.77,0.95731309471889,2.92813888607089,0.121958322384298,-0.56265312439341,0.817647619217191,348.07,0.9760200158838901,0.999746491589408,170,35,12230.038329433402,12527.34340779091
24/04/2024 12:00:00,54.77,193.26,0.955916831317294,3.37302331240424,-0.132314557729762,-0.561480565061929,0.816842967081504,532.3100000000001,0.9746219162476157,0.9911706079364925,180,35,18676.835720559662,18993.960947184278
24/04/2024 13:00:00,50.52,216.42,0.881740338107535,3.77724156716613,-0.377479584666743,-0.511626852521754,0.771846569558035,783.4,0.9075527602253226,0.9257168021418397,180,35,25595.165964978638,26107.43554072502
24/04/2024 14:00:00,43.29,235.1,0.755553033188345,4.10326907143867,-0.596982353754345,-0.416460658407259,0.685691322174136,675.0799999999999,0.7793391393672884,0.8020564333609712,180,30,18940.185583346483,19492.28125319968
24/04/2024 15:00:00,34.35,249.99,0.599520598060052,4.36314859706062,-0.775766768552679,-0.282509355678398,0.564246741030474,452.09,0.5987469779938954,0.6307748280282601,180,25,9744.750766125366,10266.01171211866
24/04/2024 16:00:00,24.58,262.49,0.429001930140206,4.58131475355992,-0.901580748977658,-0.118855443930873,0.415963383629953,327.0,0.3781740196744988,0.4325518275421838,180,15,4451.8645596082,5092.000113826588
24/04/2024 17:00:00,14.52,273.75,0.253421807389577,4.77783882733448,-0.965987491127988,0.0633141652047327,0.250717936072957,102.01,0.13251447720085133,0.25856184134651294,0,15,486.6408654933184,949.5321636872803
24/04/2024 18:00:00,4.59,284.62,0.0801106126665397,4.96755611702626,-0.964517826922039,0.251597632236469,0.0800249523748087,3.45,-0.1213202053965287,0.26379458410067863,0,70,0.0,32.763287345304285
25/04/2024 05:00:00,5.13,75.75,0.0895353906273091,1.3220869083857,0.965348542801954,0.245167297443429,0.0894158105394685,37.05,-0.1101329325696781,0.9999124214323382,75,85,0.0,1333.6831877064526
25/04/2024 06:00:00,15.09,86.6,0.263370184125944,1.51145513222709,0.963818604819503,0.0572613761121672,0.260335997913326,64.33,0.143595442162493,0.9996351522362602,85,75,332.5498125952743,2315.0350563609104
25/04/2024 07:00:00,25.16,97.87,0.439124839801773,1.70815373892685,0.89659898366539,-0.123934927432689,0.425147499407493,201.51,0.38825990744905914,0.9994293166665776,100,65,2816.5771422021567,7250.220057653354
25/04/2024 08:00:00,34.94,110.42,0.609818040646819,1.92719256005214,0.768239223253611,-0.286010901090417,0.572718307994547,230.9,0.6072132469469387,0.9999814103604314,110,55,5047.399393921733,8312.24547548005
25/04/2024 09:00:00,43.86,125.43,0.765501409924713,2.18916648077649,0.587516909653422,-0.417989693171982,0.692898619765753,696.9799999999999,0.7855166592191559,0.9997877078983501,125,45,19709.618441132418,25085.95331943571
25/04/2024 10:00:00,51.04,144.31,0.890816050217906,2.51868464355302,0.366828567847093,-0.510684033537121,0.777585120550482,900.22,0.9109438548488014,0.9998059596850114,145,40,29521.79557243157,32401.63155699508
25/04/2024 11:00:00,55.17,167.76,0.962898148325272,2.92796435314569,0.121086470521811,-0.558160280001231,0.820850271660745,178.29,0.975107712407985,0.9997452745898026,170,35,6258.6703456279065,6416.805060238172
25/04/2024 12:00:00,55.08,193.42,0.961327351998477,3.37581583920743,-0.132854313590999,-0.556801822709845,0.819952109325452,1044.5,0.9735120413674018,0.9910338517966948,180,35,36605.99977949704,37264.85489525932
25/04/2024 13:00:00,50.8,216.69,0.886627260013119,3.78195395614651,-0.377628155335829,-0.506811617590478,0.77494448870418,313.97,0.9063384345882177,0.925492563651372,180,35,10244.27081907586,10460.768407546368
25/04/2024 14:00:00,43.53,235.4,0.759741823393132,4.10850505919465,-0.596785267612179,-0.411694579789712,0.688734286450757,68.00999999999999,0.7781207135320598,0.80230867841856,180,30,1905.1196301833536,1964.3404758928652
25/04/2024 15:00:00,34.57,250.28,0.60336032241444,4.36821005189141,-0.77514151989896,-0.277846147117997,0.567412674039288,564.38,0.5976882442980633,0.6316733806714535,180,25,12143.638487409875,12834.137613000777
25/04/2024 16:00:00,24.79,262.77,0.432667121569394,4.5862016754655,-0.900632298635324,-0.114255446037914,0.419293638999602,206.54999999999998,0.37727617612590536,0.43457804014973633,180,15,2805.350190437007,3231.435390945409
25/04/2024 17:00:00,14.73,274.01,0.257086998818765,4.78237668338966,-0.964767071824076,0.0676322946420721,0.254264369988103,84.99,0.13196880606409706,0.2631050475939812,0,15,403.7770377859539,805.0067278204485
25/04/2024 18:00:00,4.8,284.87,0.0837758040957278,4.97191944015625,-0.963120892616769,0.255726738414917,0.0836778433323155,2.58,-0.12165694040856044,0.26892403699584716,0,70,0.0,24.977664556174282
26/04/2024 05:00:00,5.39,75.57,0.0940732466824944,1.31894531573211,0.964170678922959,0.248095146175217,0.0939345535441454,18.950000000000003,-0.10900800044116754,0.9999277555173127,75,85,0.0,682.1507148139108
26/04/2024 06:00:00,15.35,86.4,0.26790804018113,1.5079644737231,0.962423899916412,0.0605505794202009,0.264714684521965,59.74,0.14436582319234048,0.9997032894826554,85,75,310.47891399037513,2150.001882492978
26/04/2024 07:00:00,25.42,97.66,0.443662695856959,1.70448854749766,0.895125933702542,-0.120389494972522,0.429250430766719,133.41,0.3886541187010878,0.9992905604041822,100,65,1866.6124551328364,4799.35273188679
26/04/2024 08:00:00,35.21,110.2,0.614530429627204,1.92335283569775,0.766790355569602,-0.282123918203561,0.576574926078921,202.20000000000002,0.6071917757891943,0.9999892056893454,110,55,4419.870374324703,7279.121426053884
26/04/2024 09:00:00,44.15,125.22,0.770562864755497,2.1855012893473,0.586172356647855,-0.413805619034415,0.696539214945896,366.87,0.7851323615629293,0.9998862188357576,125,45,10369.494341517307,13205.817255753876
26/04/2024 10:00:00,51.35,144.16,0.896226570899088,2.51606664967502,0.365695519493316,-0.506303945121994,0.780975737252073,481.38000000000005,0.9102441926903677,0.9996792864427835,145,40,15774.240581182412,17324.122136681777
26/04/2024 11:00:00,55.5,167.74,0.968657734856853,2.92761528729529,0.120275360698092,-0.553488810037108,0.824126188622016,637.87,0.9741209074161632,0.9997092234163029,170,35,22369.05011568773,22956.642804260056
26/04/2024 12:00:00,55.39,193.57,0.966737872679659,3.37843383308542,-0.133268680566524,-0.552131457399146,0.823037248567981,698.69,0.972391117264885,0.9908822384227602,180,35,24458.398189984895,24923.502401889546
26/04/2024 13:00:00,51.07,216.96,0.891339648993504,3.7866663451269,-0.37781234034154,-0.502102846900715,0.777914241173052,848.8899999999999,0.9051087630116188,0.9252244025454524,180,35,27660.160001985587,28274.89475076512
26/04/2024 14:00:00,43.78,235.7,0.764105146523117,4.11374104695063,-0.596444445414513,-0.406866814729788,0.691891189859945,706.71,0.7769392359283999,0.8026287544382485,180,30,19766.54618722654,20420.127613765966
26/04/2024 15:00:00,34.79,250.57,0.607200046768827,4.37327150672219,-0.774477543546209,-0.273192485528917,0.570570241419199,498.09000000000003,0.596630345937466,0.6325683862044534,180,25,10698.32192428773,11342.735549444744
26/04/2024 16:00:00,24.99,263.04,0.436157780073383,4.59091406444588,-0.899702399997694,-0.10983203847696,0.422460074755456,225.02,0.3763873628387589,0.4364917201025755,180,15,3049.008637895191,3535.897206869335
26/04/2024 17:00:00,14.93,274.27,0.260577657322753,4.78691453944485,-0.963559273531889,0.0719430348429921,0.257638751216269,117.94999999999999,0.13130670028483782,0.2674801512324989,0,15,557.5545107494784,1135.774218163437
26/04/2024 18:00:00,5.02,285.11,0.0876155284501153,4.97610823036103,-0.961723977912872,0.259673125628796,0.0875034749802172,9.48,-0.12174232748812902,0.2739408710240197,0,70,0.0,93.49054046307745
27/04/2024 05:00:00,5.65,75.38,0.0986111027376796,1.31562919015333,0.962920287608879,0.251180908877526,0.0984513622388918,33.6,-0.10799609811572519,0.9999138470941226,75,85,0.0,1209.4957894450508
27/04/2024 06:00:00,15.61,86.2,0.272445896236315,1.50447381521911,0.960998176543276,0.0638294284591786,0.269087920098755,142.94,0.1451396713344668,0.9997392966852776,85,75,746.8655263397527,5144.498462454969
27/04/2024 07:00:00,25.68,97.44,0.448200551912144,1.70064882314328,0.893640904587104,-0.116698149392995,0.433344522957187,354.75,0.3889389035607841,0.9991890319377932,95,65,4967.138737374774,12760.643126877556
27/04/2024 08:00:00,35.48,109.98,0.619242818607588,1.91951311134336,0.765305950337347,-0.278246092795903,0.580418740412526,481.77,0.607167726328096,0.9999648676394467,110,55,10530.547038471126,17343.110674175627
27/04/2024 09:00:00,44.43,125.01,0.775449786661081,2.18183609791811,0.584890088750186,-0.409696600469101,0.70003734160819,605.53,0.7847003957557319,0.9999505076174651,125,45,17105.74670311086,21798.001111593727
27/04/2024 10:00:00,51.65,144.01,0.901462558655071,2.51344865579703,0.364611763438591,-0.502029275409461,0.784235212544076,993.2600000000001,0.9095263418313884,0.9995258337694449,145,40,32522.260834348013,35740.4050673942
27/04/2024 11:00:00,55.82,167.72,0.974242788463235,2.92726622144489,0.119487719575391,-0.548940707353562,0.827276727994233,989.1800000000001,0.973132680921585,0.9996424919820186,170,35,34653.721871304486,35597.748967875836
27/04/2024 12:00:00,55.7,193.73,0.972148393360842,3.38122635988861,-0.133751113170449,-0.547423280064756,0.826098294495764,890.5699999999999,0.9712264194777678,0.9906892008749981,180,35,31138.02404619536,31762.01093843689
27/04/2024 13:00:00,51.35,217.22,0.896226570899088,3.79120420118208,-0.377782878958997,-0.497349971538184,0.780975737252073,863.48,0.9039127772506905,0.9250198139686683,180,30,28098.381776415343,28754.499922763964
27/04/2024 14:00:00,44.01,235.99,0.768119403802704,4.11880250178142,-0.596188996623066,-0.402285969172203,0.694783908357673,767.07,0.7757455498368704,0.8028434993644857,180,30,21421.841000881253,22170.13787007058
27/04/2024 15:00:00,35.01,250.86,0.611039771123215,4.37833296155298,-0.773774930643496,-0.268548711881839,0.573719396616724,466.21999999999997,0.5955734910965006,0.6334599465359119,180,25,9996.057828684377,10631.94106586302
27/04/2024 16:00:00,25.2,263.31,0.439822971502571,4.59562645342627,-0.898666082619632,-0.105409993944733,0.425779291565073,314.81,0.37560754587762085,0.43855332799880553,180,15,4256.820414638418,4970.195034742943
27/04/2024 17:00:00,15.14,274.52,0.264242848751941,4.79127786257483,-0.962288365190371,0.0760717286666855,0.261178472154399,113.21,0.13089023356352095,0.27196784369746385,0,15,533.4510003021434,1108.4212650596357
27/04/2024 18:00:00,5.23,285.35,0.0912807198793034,4.98029702056582,-0.96031210003681,0.263612626199423,0.0911540116019889,11.2,-0.12194665585588303,0.2788913476984137,0,70,0.0,112.44899139200041
28/04/2024 05:00:00,5.91,75.2,0.103148958792865,1.31248759749974,0.961684588181063,0.254088028298188,0.102966143613121,40.489999999999995,-0.10685930944650224,0.9998678389080586,75,85,0.0,1457.4473567059424
28/04/2024 06:00:00,15.86,86.0,0.276809219366301,1.50098315671512,0.959589115957484,0.0671010076545984,0.273287729888612,20.220000000000002,0.14579602948229822,0.9997458397426405,85,75,106.12784578075453,727.734991665463
28/04/2024 07:00:00,25.93,97.23,0.45256387504213,1.69698363171409,0.892178329252034,-0.113182963911587,0.437272735821978,152.10999999999999,0.38923095802438995,0.9992510028587764,95,65,2131.413156903238,5471.858521614545
28/04/2024 08:00:00,35.74,109.76,0.623780674662773,1.91567338698898,0.763882044942899,-0.274412196611169,0.584108010358434,265.82,0.6070654601338846,0.9999107638856077,110,55,5809.325062060412,9568.666053218602
28/04/2024 09:00:00,44.71,124.8,0.780336708566665,2.17817090648892,0.583571608112117,-0.405592833507531,0.703518750007965,220.0,0.7842603217963572,0.9999841293147659,125,45,6211.341748627149,7919.874304172946
28/04/2024 10:00:00,51.95,143.86,0.906698546411054,2.51083066191904,0.363498116217636,-0.497750035929278,0.787473187631574,248.54,0.9087900567183127,0.9993424843057673,145,40,8131.3445050837,8941.556917776796
28/04/2024 11:00:00,56.13,167.7,0.979653309144417,2.92691715559449,0.118724058122695,-0.544517698137414,0.830304205961894,197.57999999999998,0.972145891312422,0.9995480035452248,170,35,6914.757067398299,7109.665003456757
28/04/2024 12:00:00,56.0,193.89,0.977384381116825,3.38401888669181,-0.134239074949554,-0.542841205186869,0.829037572555042,130.49,0.9700647867072176,0.9904687463264372,180,35,4557.015144627294,4652.865601492925
28/04/2024 13:00:00,51.62,217.49,0.900938959879473,3.79591659016247,-0.377878278264201,-0.492638565750347,0.783910231054248,99.25,0.9026563107360572,0.9252054572546812,180,30,3225.1909982599327,3305.759098770976
28/04/2024 14:00:00,44.25,236.28,0.772308194007491,4.1238639566122,-0.595791586834107,-0.397644136397903,0.69779045984168,114.87,0.7745892313473568,0.8031263329402715,180,30,3203.1743401753515,3321.184387134563
28/04/2024 15:00:00,35.22,251.14,0.614704962552403,4.38321988345856,-0.773082965573405,-0.264082623969152,0.576717518424572,79.04,0.5945354823092169,0.6342897173664079,180,25,1691.7150427819383,1804.833333383072
28/04/2024 16:00:00,25.4,263.58,0.44331363000656,4.60033884240665,-0.89767043082836,-0.101007172759421,0.428935133403146,139.12,0.3747257983251886,0.4404621031589442,180,15,1876.7467102680084,2205.9751604930034
28/04/2024 17:00:00,15.34,274.77,0.26773350725593,4.79564118570482,-0.961032894484237,0.0801934652710635,0.264546373717478,103.16,0.1303571916939224,0.27628777072975047,0,15,484.11532422522123,1026.066471425318
28/04/2024 18:00:00,5.44,285.59,0.0949459113084915,4.98448581077061,-0.95887121314871,0.267541261137245,0.0948033236960294,7.75,-0.12214416693286126,0.28383119520469063,0,70,0.0,79.18890346210868
29/04/2024 05:00:00,6.16,75.01,0.107512281922851,1.30917147192095,0.960393582966269,0.257157038473803,0.107305281140287,36.18000000000001,-0.10596119378325,0.9997950453150841,75,85,0.0,1302.213050621991
29/04/2024 06:00:00,16.1,85.8,0.280998009571087,1.49749249821114,0.958198959856838,0.0703657330883133,0.277314653302378,191.26,0.146334984842599,0.9997252503669323,85,75,1007.5690512358374,6883.468249866461
29/04/2024 07:00:00,26.18,97.02,0.456927198172116,1.6933184402849,0.890685022885215,-0.109677977962381,0.441192623644193,250.67000000000002,0.38952433795232155,0.9992825153360836,95,65,3515.1143686023042,9017.64533229466
29/04/2024 08:00:00,36.0,109.54,0.628318530717959,1.91183366263459,0.762424265816634,-0.270587760405827,0.587785252292473,490.19999999999993,0.6069613780664945,0.9998263371735089,110,55,10711.16883101504,17644.13533736834
29/04/2024 09:00:00,44.98,124.59,0.785049097547049,2.17450571505973,0.582318539833369,-0.401564669746204,0.706859911282254,781.5,0.7837745376790806,0.9999871331162931,125,45,22050.71284306325,28133.638003093787
29/04/2024 10:00:00,52.25,143.7,0.911934534167037,2.50803813511585,0.362440698069006,-0.493403220861022,0.790689573743843,868.3400000000001,0.9079907227378847,0.9991277463988858,145,40,28384.00791055974,31232.97314308831
29/04/2024 11:00:00,56.44,167.68,0.9850638298256,2.92656808974409,0.117953842450798,-0.540079350664883,0.83330737788435,1036.22,0.9711310689487709,0.9994242879521087,170,35,36226.99570557943,37282.44368382243
29/04/2024 12:00:00,56.3,194.04,0.982620368872807,3.3866368805698,-0.134604831310003,-0.538269335981629,0.831954122130483,934.6999999999999,0.9688942989719556,0.9902355274272254,180,35,32602.518044967124,33320.63330950419
29/04/2024 13:00:00,51.88,217.75,0.905476815934658,3.80045444621765,-0.377928173420893,-0.488100999584887,0.786719587870406,545.4900000000001,0.9014342821858558,0.9253696485430389,180,30,17702.04191722425,18172.076025014725
29/04/2024 14:00:00,44.48,236.57,0.776322451287078,4.12892541144299,-0.595454100887901,-0.393077126637418,0.700660250228492,767.68,0.7733891160190715,0.8033281394385445,180,30,21373.752837078748,22201.162059030547
29/04/2024 15:00:00,35.43,251.42,0.618370153981591,4.38810680536414,-0.772355474228511,-0.259626232143649,0.579707892832367,501.17999999999995,0.593498851451818,0.6351165644114181,180,25,10708.191157342397,11459.077911061722
29/04/2024 16:00:00,25.6,263.84,0.446804288510548,4.60487669846184,-0.896625453140956,-0.0967713927873562,0.432085748801982,280.79,0.37395847109675506,0.4424090634137497,180,15,3780.136767573283,4472.0654729740845
29/04/2024 17:00:00,15.54,275.02,0.271224165759919,4.8000045088348,-0.959748087439332,0.0843046673935786,0.267911051866479,111.06,0.12982931952993224,0.28060185765859386,0,15,519.0783921717939,1121.8911232162836
29/04/2024 18:00:00,5.64,285.82,0.0984365698124802,4.98850006805019,-0.957465284795861,0.271296381962418,0.0982776757197798,12.059999999999999,-0.12234270045629277,0.2885481529113921,0,70,0.0,125.27606606800997
30/04/2024 05:00:00,6.41,74.83,0.111875605052837,1.30602987926736,0.95911993691258,0.260047931270879,0.111642375729576,26.71,-0.10493857468901205,0.999692852779594,75,85,0.0,961.2646595187464
30/04/2024 06:00:00,16.35,85.61,0.285361332701073,1.49417637263235,0.95674477149486,0.0734495281802486,0.281504190070675,81.79,0.147116862280195,0.9996699015702841,85,75,433.1767739722973,2943.4680449796074
30/04/2024 07:00:00,26.42,96.81,0.461115988376902,1.68965324885571,0.889238193216172,-0.1061926462503,0.444947814477154,200.03,0.3897151571666609,0.9992879382503086,95,65,2806.370023969698,7195.952386375532
30/04/2024 08:00:00,36.25,109.32,0.632681853847945,1.9079939382802,0.761030097986084,-0.266807214504085,0.591309648363582,452.82,0.6067802527842541,0.9997155031356066,110,55,9891.440426367573,16296.882268675156
30/04/2024 09:00:00,45.25,124.38,0.789761486527434,2.17084052363055,0.581030855970326,-0.397542295436855,0.710185375623285,510.6,0.7832817479146064,0.9999613352801136,125,45,14397.97177746713,18380.88928058494
30/04/2024 10:00:00,52.54,143.54,0.916995988997821,2.50524560831266,0.361434216967334,-0.489164151567091,0.793778142573136,470.39000000000004,0.9071771960575807,0.9989651771296834,145,35,15362.174925126916,16916.516268121144
30/04/2024 11:00:00,56.75,167.65,0.990474350506782,2.92604449096849,0.117270566903832,-0.535605339476214,0.83628615584776,329.09999999999997,0.9700737793957348,0.9992691041811168,170,35,11493.046108768905,11838.940638696198
30/04/2024 12:00:00,56.6,194.19,0.987856356628791,3.38925487444779,-0.134943847856329,-0.533684553955099,0.834847863263407,382.62,0.9676985524888231,0.9899762184556797,180,35,13329.389525517845,13636.249225398438
30/04/2024 13:00:00,52.14,218.0,0.910014671989843,3.80481776934764,-0.377852481993831,-0.48362912253139,0.789512744476376,304.89,0.9002472475736929,0.9255526545938089,180,30,9881.149799258756,10158.902958927829
30/04/2024 14:00:00,44.71,236.85,0.780336708566665,4.13381233334857,-0.595008261491088,-0.388621328730917,0.703518750007965,294.35,0.7722596556818734,0.80357577391103,180,30,8183.32666739854,8515.17104582562
30/04/2024 15:00:00,35.64,251.7,0.622035345410779,4.39299372726973,-0.771592545243678,-0.255179836640725,0.582690479668576,161.97,0.5924637824172243,0.63594057814813,180,25,3454.6089181722414,3708.1186359354942
30/04/2024 16:00:00,25.8,264.1,0.450294947014537,4.60941455451702,-0.895549618217235,-0.0925460504296088,0.435231099372328,187.83,0.37319480158025775,0.4446894140212687,180,10,2523.498464909513,3006.9364548821363
30/04/2024 17:00:00,15.74,275.26,0.274714824263907,4.80419329903959,-0.958449443177615,0.0882378279295362,0.271272465603861,73.99000000000001,0.12942503349153772,0.285091848705553,0,20,344.7416962093996,759.3820518860592
30/04/2024 18:00:00,5.85,286.05,0.102101761241668,4.99251432532978,-0.956015930934081,0.275036261447696,0.10192445579505,6.890000000000001,-0.12240853168043377,0.2933097623103575,0,70,0.0,72.75255344346108
01/05/2024 05:00:00,6.66,74.64,0.116238928182822,1.30271375368857,0.95777346126088,0.263095519527445,0.115977344808961,6.890000000000001,-0.1040282589792272,0.9995607961416626,75,85,0.0,247.93105987497802
01/05/2024 06:00:00,16.58,85.41,0.28937558998066,1.49068571412836,0.955348446429608,0.076697694121495,0.285353832322224,35.84,0.147542170257933,0.9995960982889625,85,75,190.36480975359552,1289.7188698563511
01/05/2024 07:00:00,26.66,96.6,0.465304778581688,1.68598805742652,0.887762195420198,-0.102717590606803,0.448695198283472,35.84,0.3899077222572997,0.9992645387721543,95,65,503.0745395652585,1289.2910785053846
01/05/2024 08:00:00,36.49,109.1,0.636870644052731,1.90415421392581,0.759701755369035,-0.263070319510724,0.594682478203059,361.32,0.606522819845149,0.9995806328334609,110,55,7889.357709592173,13002.0650731939
01/05/2024 09:00:00,45.52,124.16,0.794473875507819,2.16700079927616,0.579777285731589,-0.393424815180695,0.713495069183906,548.03,0.7827105564644385,0.9999055723336446,125,45,15442.159185331424,19727.21702901626
01/05/2024 10:00:00,52.83,143.37,0.922057443828604,2.50227854858427,0.36048224053486,-0.484859162055044,0.796846376179404,870.87,0.9063026775699319,0.9991426528638001,145,35,28413.785261351757,31324.441035581913
01/05/2024 11:00:00,57.05,167.62,0.995710338262765,2.92552089219289,0.11661059930019,-0.531259576798535,0.839145535762833,621.8100000000001,0.9690227480648572,0.9990908795149145,170,35,21691.729259071522,22364.809192482087
01/05/2024 12:00:00,56.89,194.33,0.992917811459574,3.39169833540058,-0.135199891163371,-0.529252344472782,0.837623391089024,336.72,0.9665271016551031,0.9900293077235537,180,30,11716.16420409503,12001.056065880302
01/05/2024 13:00:00,52.4,218.26,0.914552528045029,3.80935562540282,-0.377820802148241,-0.479091392634187,0.792289643355191,441.40999999999997,0.8990021520200673,0.9256886546180016,180,30,14285.827437234402,14709.896245257554
01/05/2024 14:00:00,44.94,237.13,0.784350965846252,4.13869925525415,-0.594523530363244,-0.384173097223159,0.70636591311755,292.02,0.7711275293603819,0.8038173737387695,180,30,8106.647800457473,8450.306981251037
01/05/2024 15:00:00,35.85,251.97,0.625700536839967,4.39770611625011,-0.770750495036667,-0.250878262080309,0.585665238866281,266.85,0.5915255822768688,0.6368187016100979,180,25,5682.549658700968,6117.662538887566
01/05/2024 16:00:00,26.0,264.35,0.453785605518526,4.61377787764701,-0.894427582490478,-0.088487498230358,0.438371146789077,207.53,0.37254532061999845,0.4470769968687431,180,10,2783.315893977658,3340.1480097661292
01/05/2024 17:00:00,15.94,275.5,0.278205482767896,4.80838208924438,-0.957123030967936,0.0921604656598459,0.274630573971857,33.08,0.12902585095126679,0.2895890594774934,0,20,153.65430538084456,344.86581915055734
01/05/2024 18:00:00,6.05,286.27,0.105592419745657,4.99635404968417,-0.954605470304429,0.278603687061321,0.10539630743388,6.890000000000001,-0.12247611268611625,0.29784948902980163,0,70,0.0,73.878587258952
02/05/2024 05:00:00,6.89,74.46,0.120253185462409,1.29957216103498,0.956485944636349,0.265976277187931,0.119963568162838,44.809999999999995,-0.10324657669106137,0.9994120630192218,75,85,0.0,1612.2115635800876
02/05/2024 06:00:00,16.82,85.21,0.293564380185446,1.48719505562437,0.953875413110967,0.0799315022532445,0.289365946873371,147.89000000000001,0.14809251600493,0.9994893246756144,85,75,788.4504789108877,5321.321144145959
02/05/2024 07:00:00,26.9,96.39,0.469493568786475,1.68232286599733,0.886257111729916,-0.0992530388356385,0.452434709311783,0.0,0.390102147812578,0.452434709311783,0,0,0.0,0.0
02/05/2024 08:00:00,36.73,108.88,0.641059434257517,1.90031448957143,0.758342623050651,-0.259343006478209,0.598044873780808,605.23,0.6062647842383105,0.9994187618216509,110,55,13209.466873123896,21775.615819823437
02/05/2024 09:00:00,45.77,123.95,0.798837198637805,2.16333560784697,0.578627355050747,-0.389554831592059,0.716545474600363,826.9100000000001,0.7821310271811783,0.9998268755582683,125,45,23283.070836709976,29763.606300043957
02/05/2024 10:00:00,53.11,143.21,0.926944365734188,2.49948602178108,0.359498374924018,-0.480726295352483,0.79978943940494,971.8700000000001,0.9054613594630483,0.9992879750731212,145,35,31679.666331168704,34962.40815603532
02/05/2024 11:00:00,57.35,167.59,1.00094632601875,2.9249972934173,0.115942908668795,-0.526900090177333,0.841981910079153,1009.35,0.9679457450255666,0.9988852884066723,170,35,35171.857358696005,36296.09517071789
02/05/2024 12:00:00,57.18,194.47,0.997979266290358,3.39414179635337,-0.135431589860304,-0.524808544549192,0.840377460452188,986.52,0.9653322817174477,0.9901925017940432,180,30,34283.50569215627,35166.409447314945
02/05/2024 13:00:00,52.66,218.51,0.919090384100214,3.81371894853281,-0.377665109967807,-0.474620059356959,0.795050227324665,929.13,0.8977924695836441,0.9258437238262323,180,30,30029.973021513044,30968.250448272018
02/05/2024 14:00:00,45.17,237.41,0.788365223125839,4.14358617715974,-0.593999979379537,-0.379732777334602,0.709201693677377,772.46,0.7699929487203563,0.8040530717988592,180,30,21412.395114066952,22359.558090302886
02/05/2024 15:00:00,36.05,252.24,0.629191195343956,4.4024185052305,-0.769972541342142,-0.246618317403691,0.588491028903667,584.4200000000001,0.5905114818061977,0.6375794067111676,180,25,12423.841927098412,13414.109647325064
02/05/2024 16:00:00,26.19,264.6,0.457101731097315,4.618141200777,-0.893353006988685,-0.0844467222281301,0.441349244940103,338.74,0.37179389390519685,0.4493081776279577,180,10,4533.892690372069,5479.151475228998
02/05/2024 17:00:00,16.13,275.73,0.281521608346685,4.81239634652396,-0.95583394658906,0.0959103972905065,0.277817678054436,121.13999999999999,0.1286278717753797,0.2938665098193496,0,20,560.9512939273018,1281.563603982576
02/05/2024 18:00:00,6.26,286.49,0.109257611174845,5.00019377403855,-0.953151861689659,0.282155500636873,0.109040368753469,18.090000000000003,-0.12241088368075853,0.30243344441196846,0,70,0.0,196.95675633885037
03/05/2024 05:00:00,7.13,74.28,0.124441975667196,1.29643056838139,0.955153547147911,0.268841343390474,0.124121043561393,43.08,-0.10233270538449342,0.9992310230823638,75,85,0.0,1549.6874090779763
03/05/2024 06:00:00,17.05,85.02,0.297578637465033,1.48387893004558,0.952440221334905,0.082992723143443,0.293206126622131,215.15999999999997,0.1486433230960842,0.999359934665758,85,75,1151.355506304725,7740.80220753664
03/05/2024 07:00:00,27.12,96.18,0.473333293140862,1.67865767456815,0.884881278971685,-0.0958163539539093,0.4558556223635,454.27000000000004,0.39009099544462467,0.9991444751823515,95,65,6379.438914022668,16339.728986679127
03/05/2024 08:00:00,36.97,108.66,0.645248224462304,1.89647476521704,0.756952779371286,-0.255625522000598,0.601396776100444,676.28,0.6060062786153256,0.9992299856512108,110,55,14753.877339671006,24327.33316906323
03/05/2024 09:00:00,46.03,123.73,0.80337505469299,2.15949588349258,0.577408684849133,-0.385520676695436,0.71970342398872,861.17,0.7815114563245704,0.9997178234377078,125,45,24228.51195034909,30993.371928354627
03/05/2024 10:00:00,53.38,143.04,0.931656754714573,2.49651896205269,0.358653044890815,-0.476640637853428,0.802609304541895,1003.47,0.9045663091002332,0.9994001371961722,145,35,32677.385550941195,36103.250004200745
03/05/2024 11:00:00,57.64,167.55,1.00600778084953,2.9242991617165,0.115390480695416,-0.522650849476167,0.844701797385753,1076.41,0.9668643288694383,0.9989071928461458,170,30,37466.72756058068,38708.41289225472
03/05/2024 12:00:00,57.46,194.61,1.00286618819594,3.39658525730616,-0.135675998164778,-0.520495745056428,0.84301613442457,1052.79,0.9641484962094283,0.9903212607400489,180,30,36541.65223167567,37533.61152340258
03/05/2024 13:00:00,52.91,218.75,0.9234537072302,3.8179077387376,-0.377474900926784,-0.470323979004344,0.797689196331401,952.39,0.8966207149137919,0.9259810978495578,180,30,30741.573696362866,31748.224960113854
03/05/2024 14:00:00,45.39,237.68,0.792204947480226,4.14829856614012,-0.593477182259609,-0.375470718301468,0.711903486320565,759.6899999999999,0.7688896737755679,0.8042618633470509,180,30,21028.240665740203,21995.629018780357
03/05/2024 15:00:00,36.25,252.5,0.632681853847945,4.40695636128568,-0.769119888929344,-0.24250256948216,0.591309648363582,535.87,0.589594273474919,0.6385900767378996,180,20,11374.051799772174,12319.245519175376
03/05/2024 16:00:00,26.39,264.85,0.460592389601304,4.62250452390698,-0.892173148123527,-0.080409162880716,0.44447884121989,339.46,0.37115186706301084,0.4516891134851896,180,10,4535.683660555547,5519.893912692568
03/05/2024 17:00:00,16.32,275.96,0.284837733925475,4.81641060380355,-0.954519687226882,0.099650369204741,0.281001727065251,123.56,0.12823477492055485,0.2981376829091736,0,20,570.4087964106152,1326.1641156092696
03/05/2024 18:00:00,6.46,286.7,0.112748269678834,5.00385896546774,-0.951740939123201,0.285535965693585,0.112509542227848,21.54,-0.1223481573570779,0.3067965696895141,0,70,0.0,237.90233200003678
04/05/2024 05:00:00,7.36,74.1,0.128456232946783,1.2932889757278,0.953817366136427,0.271702024034394,0.128103248171869,42.209999999999994,-0.10153966818247843,0.9990299358472045,75,85,0.0,1518.0859293159776
04/05/2024 06:00:00,17.27,84.82,0.301418361819421,1.48038827154159,0.951016471091471,0.0862145727110913,0.296874921751515,220.17,0.1489593613336087,0.9992107193523608,85,75,1180.6697730535427,7919.864066873134
04/05/2024 07:00:00,27.35,95.97,0.477347550420449,1.67499248313896,0.883399395248403,-0.0923813870133338,0.459424844570086,416.48,0.3901859282536307,0.9990436337998648,95,65,5850.166874366596,14978.940933778838
04/05/2024 08:00:00,37.2,108.44,0.649262481741891,1.89263504086265,0.755632420602733,-0.251951493827062,0.604599114862375,683.62,0.6056727438337659,0.9990210844376395,110,55,14905.800041027005,24586.228574757326
04/05/2024 09:00:00,46.27,123.51,0.807563844897776,2.1556561591382,0.57636603264266,-0.381633036383454,0.722605301638803,865.22,0.780814416861701,0.9995890791538616,125,45,24320.744991254916,31135.120670358152
04/05/2024 10:00:00,53.66,142.87,0.936543676620157,2.4935519023243,0.357693801526056,-0.472441614570185,0.805514782714852,1001.15,0.9036516345809793,0.9994916885784711,145,35,32568.870022586907,36023.07974473211
04/05/2024 11:00:00,57.93,167.51,1.01106923568032,2.9236010300157,0.114829211169549,-0.51838925160239,0.847400044893374,1061.16,0.9657588732241589,0.9990967847051122,170,30,36893.688692779746,38167.25558607637
04/05/2024 12:00:00,57.74,194.75,1.00775311010153,3.39902871825896,-0.135896874392462,-0.516172485790409,0.845634675520883,1050.33,0.9629430784316171,0.9904273542173,180,30,36410.688128486894,37449.92026638204
04/05/2024 13:00:00,53.16,219.0,0.927817030360185,3.82227106186758,-0.377329473508841,-0.465963093912936,0.800312978485683,967.5,0.895392397647331,0.9260729173034583,180,30,31186.51721005654,32255.119709679453
04/05/2024 14:00:00,45.61,237.95,0.796044671834614,4.15301095512051,-0.592918682330782,-0.371216557006409,0.714594783039617,777.95,0.7677845616357971,0.804525712495986,180,25,21502.727990084462,22531.708009305086
04/05/2024 15:00:00,36.45,252.76,0.636172512351933,4.41149421734087,-0.768236394299237,-0.238396738841495,0.594121062902038,578.59,0.5886789830713699,0.6398276654494658,180,20,12261.7358213495,13327.124002286631
04/05/2024 16:00:00,26.58,265.09,0.463908515180093,4.62669331411177,-0.891028693840603,-0.0765447645207099,0.447446941856995,299.58,0.3705180888651854,0.4539410762713369,180,10,3995.99312624036,4895.700034657216
04/05/2024 17:00:00,16.52,276.18,0.288328392429463,4.82025032815794,-0.953149030069287,0.103208494750929,0.284350018620053,84.87,0.12808639988232237,0.30250099838473876,0,20,391.3449392884572,924.2373503848601
04/05/2024 18:00:00,6.66,286.91,0.116238928182822,5.00752415689693,-0.950306461924595,0.288906358385239,0.115977344808961,22.4,-0.12227927816368676,0.31114976116682946,0,70,0.0,250.91116740493126
05/05/2024 05:00:00,7.58,73.92,0.13229595730117,1.29014738307421,0.95247942301111,0.274558918400811,0.131910382711142,27.57,-0.10086774691249609,0.9989347318798724,75,80,0.0,991.4627000854109
05/05/2024 06:00:00,17.49,84.63,0.305258086173808,1.4770721459628,0.949583423664855,0.0892604428840618,0.300539339915881,40.43,0.1493967408128138,0.9990366099825041,85,75,217.44396831823423,1454.0778050973352
05/05/2024 07:00:00,27.57,95.77,0.481187274774837,1.67150182463497,0.881954847182718,-0.0891191761108517,0.46283195652443,313.03,0.39028838877000327,0.9990314432648135,95,60,4398.191076120268,11258.165256666643
05/05/2024 08:00:00,37.43,108.23,0.653276739021478,1.88896984943346,0.754239503603846,-0.248419015537507,0.607791710969145,352.7,0.6054324108375141,0.9987904008222668,110,55,7687.296406886083,12681.841477320484
05/05/2024 09:00:00,46.52,123.3,0.811927168027762,2.15199096770901,0.575120157265691,-0.377783331451674,0.725614607890415,579.41,0.7802201652560541,0.9994339716425416,125,45,16274.42517423637,20846.95335033858
05/05/2024 10:00:00,53.92,142.7,0.941081532675343,2.49058484259591,0.356875222301902,-0.468465692067509,0.808195502995827,830.99,0.9027357883070066,0.9995502292382153,145,35,27005.91885810862,29902.184819807924
05/05/2024 11:00:00,58.22,167.46,1.0161306905111,2.9227283653897,0.114348825352635,-0.514095466196263,0.850076583477583,1012.0,0.9646153070295282,0.9992747873355965,165,30,35142.864865699776,36405.57905221045
05/05/2024 12:00:00,58.02,194.88,1.01264003200711,3.40129764628655,-0.136004829118286,-0.511862704436981,0.848233021205238,951.5799999999999,0.9617329106644512,0.990522696911051,180,30,32945.96891268282,33932.21716535824
05/05/2024 13:00:00,53.41,219.24,0.932180353490171,3.82645985207237,-0.37706542543166,-0.461669461311181,0.802921523834481,369.71,0.8942008610238742,0.9261851675415637,180,30,11901.420011848915,12327.117058504493
05/05/2024 14:00:00,45.82,238.21,0.799709863263802,4.15754881117569,-0.592366892847522,-0.367139916887316,0.717153920498346,64.33,0.7667115252141852,0.8051222161420559,180,25,1775.6118870130272,1864.5664379190646
05/05/2024 15:00:00,36.65,253.01,0.639663170855922,4.41585754047085,-0.767281236204711,-0.234434989907709,0.596925238262836,83.63,0.5878604549481878,0.6411077304052435,180,20,1769.85971450341,1930.1702217764584
05/05/2024 16:00:00,26.77,265.32,0.467224640758882,4.63070757139135,-0.889845042965168,-0.072845874644912,0.45041012206381,260.5,0.36999786356926306,0.45621693362625765,180,10,3469.839964552549,4278.402403547044
05/05/2024 17:00:00,16.71,276.4,0.291644518008252,4.82409005251233,-0.951803411821208,0.106761858518901,0.287527687033959,119.86,0.12782074314980202,0.30670235192980067,0,20,551.5413938616697,1323.4083804830127
05/05/2024 18:00:00,6.85,287.12,0.119555053761612,5.01118934832612,-0.948868411447841,0.292272642844439,0.119270448985392,24.119999999999997,-0.12233102443788187,0.3154393417950153,0,70,0.0,273.90228926744766
06/05/2024 05:00:00,7.8,73.75,0.136135681655558,1.28718032334582,0.951167319977783,0.277239991352459,0.135715572434304,24.979999999999997,-0.10007287632051304,0.9990307271475956,75,80,0.0,898.4083523092896
06/05/2024 06:00:00,17.7,84.44,0.308923277602996,1.47375602038401,0.948179478741059,0.0923015382245122,0.30403306092549,117.04,0.1497167954928149,0.9991516366836494,85,70,630.8227348012462,4209.865472068356
06/05/2024 07:00:00,27.78,95.56,0.484852466204025,1.66783663320578,0.880581252287184,-0.0857211170881828,0.466077834921903,164.9,0.3901807808179621,0.999212858661531,95,60,2316.2691872477503,5931.7272141583135
06/05/2024 08:00:00,37.65,108.01,0.657116463375865,1.88513012507908,0.752962835413964,-0.244797754846256,0.61083633463277,292.35,0.6050246668849966,0.9987932020280117,110,50,6367.642609097835,10511.898934064013
06/05/2024 09:00:00,46.75,123.08,0.815941425307349,2.14815124335462,0.57412119371544,-0.373979391356436,0.7283709698824,590.49,0.7794794156754212,0.9992615850576726,125,45,16569.892805838463,21241.94304098538
06/05/2024 10:00:00,54.18,142.52,0.945619388730528,2.48744324994232,0.356109903813381,-0.464427041179098,0.810859580832374,823.9499999999999,0.9017638183807973,0.9995831867505891,145,35,26748.298733574884,29649.83640203332
06/05/2024 11:00:00,58.49,167.41,1.02084307949148,2.92185570076371,0.113922967459398,-0.510080220569955,0.85254895816519,940.85,0.9635243325262771,0.9994216018314266,165,30,32635.14725726452,33851.00930699152
06/05/2024 12:00:00,58.29,195.01,1.01735242098749,3.40356657431414,-0.136129112155886,-0.507686314465097,0.850719384361552,945.61,0.9605378812427745,0.9905877555815107,180,30,32698.59213175128,33721.548751995564
06/05/2024 13:00:00,53.65,219.47,0.936369143694958,3.83047410935196,-0.376774380875101,-0.457551777263832,0.805411346480103,872.9700000000001,0.8930497891878811,0.9262825751799157,180,30,28065.80428082441,29110.208387573202
06/05/2024 14:00:00,46.04,238.47,0.803549587618189,4.16208666723088,-0.591675304097709,-0.363005367712511,0.719824588030159,604.37,0.765676404577571,0.8057953269373864,180,25,16659.066550843676,17531.946782681338
06/05/2024 15:00:00,36.85,253.26,0.643153829359911,4.42022086360084,-0.766296807946825,-0.230483310872828,0.599722140277984,461.96,0.5870439042867761,0.6423844047600522,180,20,9762.868872875486,10683.212386426332
06/05/2024 16:00:00,26.95,265.56,0.470366233412472,4.63489636159614,-0.888727222595453,-0.0690079886277184,0.453212777096287,273.31,0.3692658447198755,0.4583105681182806,180,10,3633.2657287340103,4509.391009406661
06/05/2024 17:00:00,16.89,276.62,0.294786110661842,4.82792977686671,-0.950484494628887,0.110311045199813,0.290535193697757,123.48,0.12743771753646746,0.31074237708603114,0,20,566.496337010508,1381.3368740129924
06/05/2024 18:00:00,7.05,287.32,0.1230457122656,5.01468000683011,-0.94743918030837,0.295457284998994,0.122735456807015,24.979999999999997,-0.1221327759734862,0.3196454835410264,0,65,0.0,287.45079043877416
07/05/2024 05:00:00,8.02,73.57,0.139975406009945,1.28403873069223,0.949784817031956,0.280077340386045,0.139518761239674,54.290000000000006,-0.09938992446834487,0.9990992396973958,75,80,0.0,1952.6795180341785
07/05/2024 06:00:00,17.91,84.25,0.312588469032184,1.47043989480522,0.946753085641834,0.0953330228402134,0.307522697672567,145.59,0.15004075797172584,0.999258169593598,85,70,786.3996223117283,5237.351888800749
07/05/2024 07:00:00,27.99,95.35,0.488517657633213,1.66417144177659,0.879182785445678,-0.0823332182479294,0.469317452210033,313.36,0.3900759299269308,0.9993704526130216,95,60,4400.430962468509,11273.858101109394
07/05/2024 08:00:00,37.86,107.79,0.660781654805053,1.88129040072469,0.751760402091631,-0.241219135927582,0.613734165831902,230.54999999999998,0.6045432772719599,0.9988527172579207,110,50,5017.588292701812,8290.277782697289
07/05/2024 09:00:00,46.99,122.86,0.820130215512135,2.14431151900023,0.572985063064161,-0.370113483308067,0.731234659311858,136.93,0.7787707400937579,0.9990605064615348,125,45,3838.9347878773783,4924.848785392007
07/05/2024 10:00:00,54.44,142.34,0.950157244785713,2.48430165728873,0.355315390990366,-0.460388310815108,0.813506961365528,369.29,0.9007799854804105,0.9996740868484602,140,35,11975.365470170189,13290.107167161643
07/05/2024 11:00:00,58.77,167.36,1.02573000139707,2.92098303613771,0.113454993617399,-0.505909170605535,0.855092904613584,438.58,0.9623737965964025,0.9995497013684558,165,30,15194.804389605008,15781.770288942384
07/05/2024 12:00:00,58.56,195.13,1.02206480996788,3.40566096941654,-0.136144220782189,-0.503524517740557,0.85318685595932,611.6,0.9593398124560992,0.9906437503060244,180,30,21122.360254733412,21811.597836737925
07/05/2024 13:00:00,53.89,219.7,0.940557933899744,3.83448836663154,-0.376449745114885,-0.453435909647776,0.807887037428397,870.51,0.8918900091437626,0.9263686526250294,180,30,27950.370186950524,29030.874328678117
07/05/2024 14:00:00,46.25,238.73,0.807214779047377,4.16662452328606,-0.591057460746274,-0.358944820847855,0.722363962059756,546.2399999999999,0.7646007729505441,0.8063807201369513,180,25,15035.598943794184,15857.186564433894
07/05/2024 15:00:00,37.04,253.5,0.6464699549387,4.42440965380562,-0.765344457008576,-0.226705356460366,0.602372429215039,139.68,0.5862465243822059,0.6435827252075252,180,20,2947.928922925435,3236.242862051537
07/05/2024 16:00:00,27.14,265.78,0.473682358991261,4.63873608595053,-0.887481921072567,-0.0654840666292114,0.45616628194886,85.47,0.3688624988878805,0.46060727996237255,180,10,1134.960400078097,1417.2517518618233
07/05/2024 17:00:00,17.08,276.83,0.298102236240631,4.8315949682959,-0.949111964204884,0.113678801275866,0.293706672623603,17.459999999999997,0.12729892863256415,0.31487443284544425,0,20,80.01501458128452,197.9174735093324
07/05/2024 18:00:00,7.24,287.51,0.12636183784439,5.0179961324089,-0.946060848753212,0.298473383583152,0.126025829688909,6.029999999999999,-0.12193883475765191,0.3237695688421438,0,65,0.0,70.28389800425258
08/05/2024 05:00:00,8.23,73.39,0.143640597439133,1.28089713803864,0.948403844914874,0.282911713446581,0.143147159753186,46.53,-0.09882846368611083,0.9991380978974373,75,80,0.0,1673.6362450260392
08/05/2024 06:00:00,18.11,84.06,0.316079127536173,1.46712376922643,0.945358287429251,0.0983603565802935,0.310842321189106,98.80000000000001,0.1502474380547314,0.9993357911033733,85,70,534.4000876730687,3554.4375417964784
08/05/2024 07:00:00,28.19,95.15,0.492008316137201,1.6606807832726,0.877827857425196,-0.079116260467368,0.472396941202998,337.34,0.3899787248150199,0.9994984471354884,95,60,4735.995229047557,12138.149021640684
08/05/2024 08:00:00,38.07,107.57,0.664446846234241,1.8774506763703,0.750531508575599,-0.237650168643318,0.616623752363659,534.5500000000001,0.6040628825348545,0.99889041439859,110,50,11624.465298924235,19222.44735660359
08/05/2024 09:00:00,47.21,122.64,0.823969939866523,2.14047179464585,0.572033410669698,-0.36639356820404,0.733848438205264,265.65,0.7779885836783118,0.9988487811833777,125,45,7440.216021149166,9552.390433969114
08/05/2024 10:00:00,54.69,142.16,0.954520567915699,2.48116006463514,0.354579069966575,-0.456462211715556,0.816036722468654,165.42000000000002,0.8997926254143092,0.9997498040129321,140,35,5358.373059457262,5953.630052873493
08/05/2024 11:00:00,59.04,167.31,1.03044239037745,2.92011037151171,0.113009987183122,-0.501873267582768,0.857526656193652,199.42000000000002,0.9612409044467825,0.9996506125120588,165,30,6900.863801931986,7176.611705297572
08/05/2024 12:00:00,58.82,195.25,1.02660266602306,3.40775536451893,-0.136178729644704,-0.499497796894797,0.855545033583621,154.4,0.9581599742295027,0.990672631612425,180,30,5325.836400757268,5506.554755554504
08/05/2024 13:00:00,54.12,219.93,0.944572191179331,3.83850262391113,-0.376182307202796,-0.449430581706944,0.810246273656435,128.66,0.890726046531191,0.9264091471616229,180,30,4125.62927328131,4290.904831457319
08/05/2024 14:00:00,46.46,238.98,0.810879970476566,4.17098784641605,-0.590345084250955,-0.354995638841102,0.724893632131315,259.64,0.7635970264351932,0.8070043833864471,180,25,7137.371949970808,7543.102251688456
08/05/2024 15:00:00,37.23,253.74,0.649786080517489,4.42859844401041,-0.764365508357662,-0.222936976669131,0.605016094055985,302.26,0.5854512308139547,0.6447780957540896,180,20,6370.505604929735,7016.062580014721
08/05/2024 16:00:00,27.32,266.01,0.476823951644851,4.64275034323012,-0.886303646120947,-0.0618209447219579,0.458959712465483,178.88,0.36824753420802614,0.4627221775488774,180,10,2371.396281088742,2979.782752317955
08/05/2024 17:00:00,17.26,277.04,0.301243828894221,4.83526015972509,-0.947768505204923,0.117043040002134,0.296708252882668,124.53,0.12704249037115017,0.3188456330769242,0,20,569.5416477330959,1429.4104807344972
08/05/2024 18:00:00,7.43,287.7,0.129677963423179,5.02131225798769,-0.94466254413543,0.301480274459323,0.129314816705236,24.119999999999997,-0.12173936266400105,0.3278847234337149,0,65,0.0,284.7088630519633
09/05/2024 05:00:00,8.43,73.22,0.147131255943122,1.27793007831025,0.947076081965591,0.285578438634394,0.146600990296271,27.57,-0.09827189615188976,0.9991545267108091,75,80,0.0,991.6808508510122
09/05/2024 06:00:00,18.31,83.87,0.319569786040162,1.46380764364764,0.943942319305065,0.101378252578761,0.314158157190057,162.92,0.15045811345087423,0.9993915267491359,85,70,882.4548903629915,5861.551231366891
09/05/2024 07:00:00,28.39,94.95,0.49549897464119,1.65719012476862,0.87645050400372,-0.0759088401869944,0.475470674188314,404.13,0.3898841936221262,0.999604936471632,95,60,5672.300370066355,14542.932347146103
09/05/2024 08:00:00,38.28,107.35,0.668112037663429,1.87361095201591,0.74927622813699,-0.234091051237969,0.619505055410453,461.40999999999997,0.6035835954055346,0.9990437132497471,105,50,10025.982243218437,16594.875350300368
09/05/2024 09:00:00,47.43,122.42,0.827809664220911,2.13663207029146,0.57105321971998,-0.362681070882405,0.736451397629903,503.61,0.7772040219073625,0.9986741506647385,120,45,14090.677829019605,18105.922404585683
09/05/2024 10:00:00,54.93,141.98,0.958709358120485,2.47801847198155,0.353902820796544,-0.452649182312253,0.818450677307007,525.75,0.8988033303020475,0.9998024871332797,140,35,17011.650632626854,18923.261673971585
09/05/2024 11:00:00,59.3,167.25,1.03498024643264,2.91906317396052,0.112675512451484,-0.497954114275093,0.859852271596873,615.41,0.9601141029884652,0.999728564616819,165,30,21271.097524324727,22148.746414230114
09/05/2024 12:00:00,59.08,195.37,1.03114052207825,3.40984975962132,-0.13619414735659,-0.495462876797167,0.857885593737117,438.62,0.9569618808232347,0.9906821561156232,180,30,15110.73432600074,15643.188263355647
09/05/2024 13:00:00,54.36,220.15,0.948760981384118,3.84234234826552,-0.375713521289678,-0.445384715741915,0.812694164433094,198.5,0.8895961074393268,0.9265061497773847,180,30,6357.053783761429,6620.812946309191
09/05/2024 14:00:00,46.66,239.22,0.814370628980554,4.17517663662083,-0.58964937531257,-0.351222662926452,0.727293788809135,119.47,0.7626262966434872,0.8075851355510244,180,25,3279.9946917599073,3473.3590611941117
09/05/2024 15:00:00,37.42,253.98,0.653102206096278,4.4327872342152,-0.763360036623953,-0.21917836933198,0.60765310572929,77.2,0.5846581429142997,0.6459705567442633,180,20,1624.881910787422,1795.2813713036567
09/05/2024 16:00:00,27.5,266.22,0.479965544298441,4.6464155346593,-0.885081177883842,-0.0584767195666238,0.461748613235034,104.77000000000001,0.3678548605690806,0.4650881022832325,180,5,1387.4455347056128,1754.1820971437137
09/05/2024 17:00:00,17.45,277.24,0.30455995447301,4.83875081822908,-0.946372890556611,0.120225995343814,0.299873410063503,26.65,0.12702990517092402,0.322908542765543,0,20,121.87249102098451,309.79845592926193
09/05/2024 18:00:00,7.62,287.89,0.132994089001968,5.02462838356648,-0.943244327961683,0.304477825364616,0.132602381688062,14.65,-0.12153429174313789,0.33199081215962223,0,65,0.0,175.09195433298476
10/05/2024 04:00:00,-0.69,62.19,-0.0120427718387609,1.08542026181527,0.884435423935509,0.466507191311554,-0.0120424807503097,0.0,-0.3383857182495422,-0.0120424807503097,0,0,0.0,0.0
10/05/2024 05:00:00,8.63,73.05,0.150621914447111,1.27496301858186,0.945729318401597,0.288236262703394,0.150053034552554,45.67,-0.09771029767170668,0.9991503022008886,75,80,0.0,1642.722994854525
10/05/2024 06:00:00,18.5,83.68,0.322885911618951,1.46049151806885,0.942560303919929,0.104392664962717,0.317304656405092,203.56,0.15055151294483562,0.999420844226102,85,70,1103.2655751018267,7323.915853823952
10/05/2024 07:00:00,28.58,94.74,0.498815100219979,1.65352493333943,0.875146691236759,-0.0725652880215738,0.478385354909302,412.40999999999997,0.38958093571551056,0.9996850702878424,95,60,5784.014653143613,14842.084314146725
10/05/2024 08:00:00,38.48,107.14,0.671602696167418,1.86994576058672,0.748058176712693,-0.230704536806822,0.622241416935606,560.5600000000001,0.6031238678768982,0.9992298913021738,105,50,12171.136153574667,20164.619083260477
10/05/2024 09:00:00,47.65,122.2,0.831649388575298,2.13279234593707,0.570044548020436,-0.358976210282653,0.739043499209134,416.34,0.7764171824581256,0.9988398219867013,120,40,11637.127070806177,14970.850973493956
10/05/2024 10:00:00,55.17,141.79,0.962898148325272,2.47470234640276,0.353278231037413,-0.448775359160413,0.820850271660745,595.5699999999999,0.897760893121889,0.99983574116548,140,35,19248.460384197722,21436.998205173295
10/05/2024 11:00:00,59.56,167.18,1.03951810248782,2.91784144348412,0.11241684546133,-0.494006351619545,0.862160180834205,950.76,0.9589545515162927,0.9997871757217551,165,30,32822.482658386696,34220.07558681177
10/05/2024 12:00:00,59.33,195.48,1.03550384520824,3.41176962179851,-0.136144737778467,-0.491588345990931,0.860119473364679,915.5,0.9558017652492327,0.9906794872189704,180,30,31501.31457908421,32650.814539762825
10/05/2024 13:00:00,54.58,220.36,0.952600705738505,3.84600753969471,-0.3753198249691,-0.441623589951069,0.814925538797192,882.0899999999999,0.8885144098319434,0.9265580137666238,180,30,28214.98832767172,29423.07210108244
10/05/2024 14:00:00,46.86,239.46,0.817861287484543,4.17936542682562,-0.588925251867805,-0.347457517436748,0.729685083641659,296.22999999999996,0.7616548375274578,0.808161165436782,180,25,8122.500450747317,8618.456953344165
10/05/2024 15:00:00,37.6,254.21,0.656243798749868,4.43680149149479,-0.762392990395579,-0.215591760426,0.610145163901267,304.99,0.5838841786679336,0.647085632926963,180,20,6410.838083469591,7104.7672987102
10/05/2024 16:00:00,27.68,266.44,0.48310713695203,4.65025525901369,-0.8838469940346,-0.0549874826269924,0.464532956732188,331.82,0.36735642563589094,0.46755774347566736,180,5,4388.2635295620485,5585.220375843454
10/05/2024 17:00:00,17.62,277.43,0.307527014201401,4.84206694380787,-0.9450825690382,0.123248020190179,0.302702598633306,129.72,0.12689354933210828,0.3266007037584862,0,20,592.5827238969991,1525.19915849583
10/05/2024 18:00:00,7.81,288.07,0.136310214580757,5.02776997622006,-0.941859911193371,0.307301523562854,0.135888488485093,29.29,-0.12120731948725241,0.3359387205673822,0,65,0.0,354.22722451507053
11/05/2024 04:00:00,-0.49,62.04,-0.0085521133347722,1.08280226793728,0.88324283006881,0.468837889117995,-0.0085520090868268,0.0,-0.33756563429058506,-0.0085520090868268,0,0,0.0,0.0
11/05/2024 05:00:00,8.82,72.88,0.1539380400259,1.27199595885347,0.944389201828365,0.290892946336954,0.153330783736961,15.51,-0.09727113800914142,0.9991218439454115,75,80,0.0,557.86967278536
11/05/2024 06:00:00,18.69,83.5,0.32620203719774,1.45734992541527,0.941177056861745,0.107233580493095,0.320447666322747,107.96,0.15076512593463762,0.9994336059788851,85,70,585.9577078525251,3884.3586756532954
11/05/2024 07:00:00,28.77,94.54,0.502131225798769,1.65003427483544,0.873808441016138,-0.0693840614672819,0.48129477498021,270.05,0.38938873950793934,0.9997451157464953,95,60,3785.559447748285,9719.322066264278
11/05/2024 08:00:00,38.67,106.92,0.674918821746207,1.86610603623234,0.746960278581834,-0.227228721429007,0.624833938241744,396.87,0.6024992846490336,0.9993948117046328,105,50,8608.10007955183,14278.673481163834
11/05/2024 09:00:00,47.85,121.98,0.835140047079287,2.12895262158268,0.569227007437083,-0.355416289908613,0.741390500931742,385.09000000000003,0.7755595194546704,0.999038492617425,120,40,10751.767752484766,13849.91039239359
11/05/2024 10:00:00,55.4,141.6,0.966912405604859,2.47138622082397,0.352714881784657,-0.445015427781518,0.823136368534442,193.91,0.8967187347489167,0.9998486444754849,140,35,6259.778274785848,6979.703423408687
11/05/2024 11:00:00,59.81,167.11,1.04388142561781,2.91661971300772,0.112180029915026,-0.490196865710163,0.86436258233232,540.25,0.9578181712311467,0.9998240247692975,165,30,18628.605612274572,19445.57745773807
11/05/2024 12:00:00,59.58,195.58,1.03986716833822,3.41351495105051,-0.135993223884756,-0.487730233012846,0.862336977557304,319.93,0.9546416796517596,0.9906708456937396,180,30,10995.066452555548,11410.031651860732
11/05/2024 13:00:00,54.81,220.58,0.956614963018092,3.84984726404909,-0.374881710905656,-0.43769111041025,0.81724549230711,300.41999999999996,0.8873741817406535,0.9266009126714022,180,30,9597.058260426977,10021.300062650735
11/05/2024 14:00:00,47.06,239.7,0.821351945988532,4.18355421703041,-0.58817277654629,-0.343700419969774,0.732067487491713,263.19,0.7606827823488798,0.8087325385972691,180,25,7207.34765351046,7662.6114060029495
11/05/2024 15:00:00,37.79,254.43,0.659559924328657,4.44064121584917,-0.76126191952147,-0.212118541250797,0.612769136252897,327.15,0.5832836704800839,0.6483634494628314,180,20,6869.56510071214,7636.035689703551
11/05/2024 16:00:00,27.86,266.64,0.48624872960562,4.65374591751768,-0.882572326695198,-0.0518161568018458,0.467312715476598,268.27,0.36707954589781266,0.4700505251410373,180,5,3545.151472008223,4539.616357665098
11/05/2024 17:00:00,17.8,277.62,0.310668606854991,4.84538306938666,-0.943721436733868,0.126254625152817,0.305695304963106,131.04000000000002,0.1268837215145793,0.33044124727302365,0,20,598.566343221737,1558.8367575356529
11/05/2024 18:00:00,7.99,288.25,0.139451807234347,5.03091156887366,-0.940479773731085,0.310123719962226,0.139000264458446,31.009999999999998,-0.12100255580679732,0.3398115924934647,0,65,0.0,379.35206939600425
12/05/2024 04:00:00,-0.29,61.88,-0.0050614548307835,1.08000974113409,0.881951100940339,0.471313735683446,-0.0050614332198121,0.0,-0.33684811232038064,-0.0050614332198121,0,0,0.0,0.0
12/05/2024 05:00:00,9.01,72.71,0.157254165604689,1.26902889912508,0.943031274493046,0.293540986688216,0.156606846791992,24.119999999999997,-0.09682705889656724,0.9990739473267604,75,80,0.0,867.5158899427724
12/05/2024 06:00:00,18.87,83.31,0.32934362985133,1.45403379983648,0.939811780187502,0.110236222301808,0.323422004683392,170.71,0.15074511237457777,0.9994187463588443,85,70,926.4131328047102,6141.987870873059
12/05/2024 07:00:00,28.95,94.34,0.505272818452358,1.64654361633145,0.872533305845369,-0.0662187280880043,0.484046186061783,220.19000000000003,0.3890960522443481,0.999781807554461,95,60,3084.302150772589,7925.110423395005
12/05/2024 08:00:00,38.86,106.71,0.678234947324996,1.86244084480315,0.745799457444934,-0.223892450306743,0.627419588449775,389.15999999999997,0.6019685155104789,0.999536423074143,105,50,8433.434429858085,14003.265398527205
12/05/2024 09:00:00,48.06,121.76,0.838805238508475,2.1251128972283,0.568273236218137,-0.351795326661023,0.743845129807025,540.94,0.7747347965108811,0.999224156066693,120,40,15087.061469685459,19458.731339377813
12/05/2024 10:00:00,55.63,141.42,0.970926662884446,2.46824462817038,0.352047776467822,-0.441318494596454,0.825409201191253,355.05,0.8957117436082978,0.9998401092413887,140,35,11448.808364452541,12779.756308301583
12/05/2024 11:00:00,60.06,167.04,1.04824474874779,2.91539798253133,0.111931927944955,-0.486379371271625,0.866548527612819,659.01,0.9566644917576581,0.9998412939210519,165,30,22696.252801675713,23720.59479984885
12/05/2024 12:00:00,59.83,195.69,1.04423049146821,3.4154348132277,-0.135910503403466,-0.483841162771614,0.864538064096908,182.88,0.9534480949298061,0.9906325074323487,180,30,6277.197153627466,6522.0074265322055
12/05/2024 13:00:00,55.03,220.78,0.96045468737248,3.85333792255308,-0.374354881497914,-0.434000487311764,0.819452255907465,516.49,0.886324934627197,0.9266667144602134,180,30,16480.006757481635,17230.107288656003
12/05/2024 14:00:00,47.26,239.92,0.82484260449252,4.1873939413848,-0.587273312372972,-0.340156605412347,0.734440971330458,661.25,0.7598552335614688,0.8093859647345382,180,25,18088.353834930764,19267.432890505683
12/05/2024 15:00:00,37.97,254.65,0.662701516982247,4.44448094020356,-0.760210627285813,-0.208683322761259,0.615248789485222,412.8999999999999,0.5826079838068423,0.6495186473872085,180,20,8660.118114498426,9654.704982222422
12/05/2024 16:00:00,28.03,266.85,0.489215789334011,4.65741110894687,-0.881367980918031,-0.0485046148667772,0.469933808689159,316.80999999999995,0.366591324924066,0.4723730244056039,180,5,4181.0327153709595,5387.489923029817
12/05/2024 17:00:00,17.98,277.81,0.313810199508581,4.84869919496545,-0.942341457126445,0.129252282510969,0.30868499420366,105.58,0.12687808720459248,0.3343879889489437,0,25,482.24838409419147,1270.9686194362612
12/05/2024 18:00:00,8.18,288.42,0.142767932813136,5.03387862860205,-0.939112988252608,0.312765441550887,0.14228342794133,32.74,-0.12054898789365508,0.34359333018459803,0,65,0.0,404.9728426887747
13/05/2024 04:00:00,-0.1,61.73,-0.0017453292519943,1.0773917472561,0.880724123388419,0.473626405841772,-0.0017453283658983,0.0,-0.33613857684265264,-0.0017453283658983,0,0,0.0,0.0
13/05/2024 05:00:00,9.19,72.54,0.160395758258279,1.26606183939669,0.94168219552846,0.296188640381713,0.159708897477666,33.6,-0.0965057517020481,0.9990041522468946,75,80,0.0,1208.3954225578439
13/05/2024 06:00:00,19.05,83.13,0.33248522250492,1.45089220718289,0.938447426286586,0.113066082786796,0.326393150999422,76.28,0.15084501654379315,0.999389508096129,85,70,414.2324830305795,2744.4035403926177
13/05/2024 07:00:00,29.12,94.15,0.508239878180749,1.64322749075266,0.871311829827986,-0.063220726432521,0.48664035483214,113.03999999999999,0.3888104992728092,0.9997988016094833,95,60,1582.2409981607404,4068.6212352216953
13/05/2024 08:00:00,39.04,106.49,0.681376539978586,1.85860112044876,0.744759937155787,-0.220466560858376,0.629862787876049,182.88,0.6012736487320526,0.9996584561046684,105,50,3958.5932956842403,6581.431384287183
13/05/2024 09:00:00,48.25,121.54,0.842121364087264,2.12127317287391,0.567514419272483,-0.348318499413773,0.7460573750617,220.56,0.773840602008565,0.9993789925809998,120,40,6144.418194444327,7935.229101731951
13/05/2024 10:00:00,55.85,141.22,0.974766387238833,2.46475396966639,0.351598458433403,-0.437613008707854,0.827570769564099,327.26,0.8946200290633155,0.9998169692314179,140,35,10539.840625605384,11779.203648624258
13/05/2024 11:00:00,60.3,166.97,1.05243353895258,2.91417625205493,0.111706707152837,-0.482701671534173,0.868631514438191,564.5699999999999,0.9555368594434805,0.9998398751335251,165,30,19420.828010496207,20321.26553894883
13/05/2024 12:00:00,60.07,195.78,1.04841928167299,3.4170056095545,-0.135684344480454,-0.480137955590815,0.866635622545013,448.57,0.9523127298227146,0.9905974427439308,180,30,15378.441163796704,15996.682616099222
13/05/2024 13:00:00,55.24,220.98,0.964119878801668,3.85682858105707,-0.373895376267064,-0.43042077990976,0.82154744222594,292.65,0.8852752197022193,0.9266913453366725,180,30,9326.728549650761,9763.06399965998
13/05/2024 14:00:00,47.45,240.15,0.828158730071309,4.19140819866438,-0.586518436072892,-0.336582326597706,0.736687492474715,190.23,0.7589163671089678,0.8099114488417005,180,25,5197.271778545002,5546.500376873641
13/05/2024 15:00:00,38.14,254.86,0.665668576710637,4.44814613163275,-0.75920491825498,-0.205417928190801,0.617585109013526,246.3,0.5819510285443041,0.6505972388887509,180,20,5160.043379896637,5768.715597778777
13/05/2024 16:00:00,28.2,267.04,0.492182849062401,4.66072723452566,-0.880127642364746,-0.0455094250364279,0.472550764869054,253.53,0.36632387334495675,0.4747189742828194,180,5,3343.4672979292877,4332.798055797235
13/05/2024 17:00:00,18.15,277.99,0.316777259236971,4.85184078761904,-0.941019609024226,0.132084202523051,0.311505792684088,90.72000000000001,0.12687022309414275,0.3381413216903116,0,25,414.3479990076228,1104.3425053348226
13/05/2024 18:00:00,8.36,288.58,0.145909525466726,5.03667115540524,-0.93780759353326,0.315242734866286,0.145392350642603,18.950000000000003,-0.12010235847170692,0.34715240791501617,0,65,0.0,236.82737267962403
14/05/2024 04:00:00,0.09,61.58,0.0015707963267949,1.07477375337811,0.879481410091908,0.47593064820799,0.0015707956808308,0.86,-0.33542306844460484,0.9996185673997471,60,90,0.0,30.94819084669617
14/05/2024 05:00:00,9.37,72.38,0.163537350911869,1.2632693125935,0.940368566863381,0.298663802420903,0.162809371900999,66.35,-0.09606358907486068,0.9991013754357096,70,80,0.0,2386.453545365736
14/05/2024 06:00:00,19.22,82.95,0.33545228223331,1.4477506145293,0.93712235436055,0.115894368583885,0.329196276236961,164.66,0.1508272253415169,0.9993394467906285,85,70,894.0675932904303,5923.8443991076165
14/05/2024 07:00:00,29.29,93.95,0.511206937909139,1.63973683224867,0.870082907812347,-0.0600791669105626,0.489230239494804,256.28,0.388420406238792,0.9997963941084745,95,60,3583.597741591593,9224.201515756313
14/05/2024 08:00:00,39.21,106.28,0.684343599706977,1.85493592901957,0.743765799964378,-0.217210545602312,0.632164546366288,415.27000000000004,0.6005988873019447,0.9997568339471994,105,50,8978.785197475629,14946.084735597127
14/05/2024 09:00:00,48.44,121.32,0.845437489666053,2.11743344851952,0.5667310561985,-0.344848898826382,0.748261416163071,569.7299999999999,0.7729457163140052,0.9995162028499095,120,40,15853.333066400812,20500.357184988436
14/05/2024 10:00:00,56.06,141.03,0.978431578668021,2.4614378440876,0.351137711746763,-0.434083491428858,0.829622703316501,814.15,0.8935752197318912,0.9997771261679196,140,35,26190.15354520989,29302.86770170602
14/05/2024 11:00:00,60.54,166.89,1.05662232915737,2.91277998865334,0.11155430050053,-0.478997323726358,0.870699260309106,935.1800000000001,0.9543796071157955,0.9998218101056364,165,30,32130.60195537179,33660.48097348521
14/05/2024 12:00:00,60.3,195.87,1.05243353895258,3.41857640588129,-0.13548595467992,-0.476574074210175,0.868631514438191,893.31,0.951203993823301,0.9905439951363103,180,30,30589.921430002545,31855.06282662782
14/05/2024 13:00:00,55.46,221.18,0.967959603156055,3.86031923956106,-0.373315767439204,-0.426735631922154,0.823730561670064,749.18,0.8842131251335874,0.926899693447412,180,25,23847.652407152917,24998.929644129556
14/05/2024 14:00:00,47.64,240.36,0.831474855650099,4.19507339009357,-0.585621616521227,-0.333220374668613,0.738925912503259,479.96,0.7581219100832102,0.8105193240638997,180,25,13099.25491068735,14004.606771997533
14/05/2024 15:00:00,38.32,255.07,0.668810169364227,4.45181132306194,-0.758074263829588,-0.202133053251906,0.620052932661633,571.14,0.5813732860360106,0.6517927411628701,180,20,11953.639389117856,13401.53662275942
14/05/2024 16:00:00,28.37,267.23,0.495149908790791,4.66404336010445,-0.878869397038123,-0.0425226206680873,0.475163560978073,102.93,0.3660594095685707,0.47706151076065423,180,5,1356.4258209681475,1767.7418868933892
14/05/2024 17:00:00,18.32,278.17,0.319744318965361,4.85498238027263,-0.939680996482482,0.134907905247518,0.314323848842904,134.17000000000002,0.12686623036928052,0.34188869626843976,0,25,612.7791166312693,1651.3634296201164
14/05/2024 18:00:00,8.53,288.74,0.148876585195116,5.03946368220843,-0.936510972520456,0.317720362449938,0.148327238339658,32.74,-0.11977902674475352,0.35063823822439033,0,65,0.0,413.27625310079543
14/05/2024 19:00:00,-0.65,299.6,-0.0113446401379631,5.22900643897501,-0.869438977732774,0.493910081553655,-0.0113443967953723,0.0,-0.3572688678654689,-0.0113443967953723,0,0,0.0,0.0
15/05/2024 04:00:00,0.27,61.43,0.0047123889803846,1.07215575950012,0.878223746258932,0.478226771585826,0.0047123715393734,0.86,-0.3348252432623262,0.999677460259887,60,90,0.0,30.950014169646103
15/05/2024 05:00:00,9.54,72.21,0.166504410640259,1.26030225286511,0.939014174665354,0.30130369623927,0.16573612282812,45.67,-0.09586075046802915,0.9992454032369702,70,80,0.0,1642.8793523699676
15/05/2024 06:00:00,19.38,82.77,0.338244809036501,1.44460902187571,0.935838006141211,0.118721690275723,0.331831864834765,75.36,0.15069164957054756,0.9992701277660199,85,70,408.8204176189127,2710.979885824101
15/05/2024 07:00:00,29.46,93.76,0.514173997637529,1.63642070666988,0.868825074092041,-0.0570980956931382,0.491815817249889,150.76000000000002,0.3881407501296568,0.9997790036718968,95,60,2106.5795816236946,5426.1605733687065
15/05/2024 08:00:00,39.38,106.07,0.687310659435367,1.85127073759038,0.742751269287656,-0.213962898261324,0.634460739635787,197.78,0.5999261076760072,0.9998382036167146,105,50,4271.521880741785,7118.927996807297
15/05/2024 09:00:00,48.63,121.1,0.848753615244842,2.11359372416513,0.565923200231203,-0.341386700196153,0.750457228874008,560.4699999999999,0.7720502462428748,0.9996358542805277,120,40,15577.596054422784,20169.572660949863
15/05/2024 10:00:00,56.27,140.84,0.982096770097209,2.45812171850881,0.35065270751725,-0.430556052551355,0.831663492238427,927.23,0.892523999467052,0.9997201235515224,140,35,29792.701008930046,33370.93764578441
15/05/2024 11:00:00,60.77,166.8,1.06063658643695,2.91120919232654,0.111507532641796,-0.475414791451791,0.872666514903023,530.98,0.9532374333143085,0.9997892201296514,165,30,18221.400444284336,19111.250883759923
15/05/2024 12:00:00,60.53,195.96,1.05644779623217,3.42014720220809,-0.135274510444457,-0.473004332858045,0.870613408994789,494.34999999999997,0.950081216586695,0.9904754954938813,180,30,16908.215379106776,17627.096203106405
15/05/2024 13:00:00,55.67,221.37,0.971624794585243,3.86363536513985,-0.372730908098018,-0.423226744911931,0.825803119720238,303.03,0.8831974871859222,0.9272951492184653,180,25,9634.872043510199,10115.936966436175
15/05/2024 14:00:00,47.82,240.58,0.834616448303688,4.19891311444796,-0.584871836325994,-0.329827374868687,0.741039025868334,170.02,0.7572168937059783,0.8110005114840272,180,25,4634.712585644056,4963.907050650515
15/05/2024 15:00:00,38.49,255.27,0.671777229092618,4.45530198156592,-0.756992613335317,-0.199016992564653,0.622378036265973,344.05,0.5808139949190553,0.6529118683395655,180,20,7193.845978268436,8086.835818880191
15/05/2024 16:00:00,28.54,267.42,0.498116968519182,4.66735948568324,-0.877593298164731,-0.0395443137970821,0.477772174014632,224.42,0.36579799655127093,0.4794006206895744,180,5,2955.325909897304,3873.135142625554
15/05/2024 17:00:00,18.49,278.34,0.322711378693751,4.85794944000102,-0.938349692982677,0.137559517698412,0.317139137871527,78.51,0.12698196718731408,0.34556083448264646,0,25,358.89675277953705,976.6793201483727
15/05/2024 18:00:00,8.71,288.9,0.152018177848706,5.04225620901162,-0.935174602709197,0.320181831425276,0.151433342672116,24.119999999999997,-0.11932320071234136,0.3541817831380569,0,65,0.0,307.54312593443757
15/05/2024 19:00:00,-0.47,299.74,-0.0082030474843733,5.2314498999278,-0.868256194089676,0.49604827683017,-0.0082029554875217,0.0,-0.356559465793513,-0.0082029554875217,0,0,0.0,0.0
16/05/2024 04:00:00,0.45,61.28,0.0078539816339744,1.06953776562212,0.876951432564865,0.480514829285488,0.0078539008887113,0.86,-0.33422174767128987,0.9997196331290731,60,90,0.0,30.951319841676103
16/05/2024 05:00:00,9.71,72.05,0.169471470368649,1.25750972606191,0.937697173432171,0.303771852096447,0.168661414707728,45.67,-0.09553750648664355,0.999365934413742,70,80,0.0,1643.0775200883215
16/05/2024 06:00:00,19.54,82.6,0.341037335839692,1.44164196214732,0.934559055209469,0.121378028946019,0.334464865741028,64.33,0.15067514727934211,0.9991909727479158,85,70,348.94556008128285,2314.0063899674433
16/05/2024 07:00:00,29.61,93.57,0.516791991515521,1.63310458109109,0.867721592298914,-0.0541362938832155,0.494093614553788,219.64000000000001,0.3876570859050853,0.9997423414721345,95,60,3065.220084534946,7905.002683713827
16/05/2024 08:00:00,39.55,105.86,0.690277719163757,1.8476055461612,0.741716402260471,-0.210723753081445,0.636751347470152,127.74000000000001,0.5992553904867856,0.9999026210126776,105,50,2755.7598089081516,4598.19218909374
16/05/2024 09:00:00,48.81,120.88,0.851895207898432,2.10975399981074,0.565203637310717,-0.337999493382319,0.752529860433479,142.45000000000002,0.7711207011661346,0.9997343955053888,120,40,3954.4611797201724,5126.837927030735
16/05/2024 10:00:00,56.47,140.64,0.985587428601198,2.45463106000483,0.350310260698958,-0.427082239447683,0.833596714243393,113.03999999999999,0.8914346370541214,0.9996511288201682,140,35,3627.6397694135235,4068.020289665945
16/05/2024 11:00:00,61.0,166.72,1.06465084371654,2.90981292892495,0.111365627402388,-0.471845382425928,0.874619707139396,92.82000000000001,0.9520945954625927,0.9997384781542104,165,30,3181.4431326301633,3340.6461195218576
16/05/2024 12:00:00,60.76,196.04,1.06046205351176,3.42154346560968,-0.13496806354907,-0.469452384807076,0.872581274278083,171.85999999999999,0.9489611009197113,0.9904037427949548,180,30,5871.184372946216,6127.588340522672
16/05/2024 13:00:00,55.87,221.55,0.975115453089232,3.86677695779344,-0.372144447927664,-0.419893853095457,0.827766671236083,176.45000000000002,0.8822292173735954,0.9276661903014751,180,25,5604.096434600553,5892.721174033031
16/05/2024 14:00:00,48.01,240.78,0.837932573882478,4.20240377295195,-0.583871685968533,-0.326582377146266,0.743261599480127,117.63,0.7564939306841046,0.8116434519588551,180,25,3203.5097183893645,3437.0502931411247
16/05/2024 15:00:00,38.66,255.47,0.674744288821008,4.45879264006991,-0.75589179708204,-0.195909223084251,0.624697660804497,133.25,0.5802566922860954,0.6541166422388744,180,15,2783.4913528964,3137.797532819881
16/05/2024 16:00:00,28.71,267.6,0.501084028247572,4.67050107833683,-0.8762930028524,-0.0367275586617676,0.480376581013969,36.76,0.36564784374434894,0.48174962074803035,180,5,483.8837304975216,637.5281781131134
16/05/2024 17:00:00,18.66,278.5,0.325678438422142,4.86074196680421,-0.937027133830454,0.140039643442265,0.319951634985738,19.3,0.12721698923716646,0.3491579689490395,0,25,88.39036412198327,242.59495682579268
16/05/2024 18:00:00,8.88,289.05,0.154985237577097,5.04487420288961,-0.933904347942103,0.322480940575955,0.154365513830271,6.890000000000001,-0.11887555827394349,0.3575046727425502,0,65,0.0,88.67545902706216
16/05/2024 19:00:00,-0.28,299.87,-0.0048869219055841,5.2337188279554,-0.867147282950312,0.498027818355858,-0.0048869024540245,0.0,-0.35561440944320727,-0.0048869024540245,0,0,0.0,0.0
17/05/2024 04:00:00,0.62,61.13,0.0108210413623648,1.06691977174413,0.875666182506478,0.482795657031733,0.0108208301820767,1.72,-0.3337366006147385,0.999746987801417,60,90,0.0,61.904333484663745
17/05/2024 05:00:00,9.87,71.89,0.17226399717184,1.25471719925872,0.936393915743505,0.306241610196509,0.171413274698304,59.46,-0.09533803032687553,0.9994696076369759,70,80,0.0,2139.424663323405
17/05/2024 06:00:00,19.7,82.42,0.343829862642883,1.43850036949373,0.933243641959512,0.124189739877424,0.337095258423082,221.28,0.15054693591567314,0.999197280516461,80,70,1199.2689352591256,7959.685472376569
17/05/2024 07:00:00,29.77,93.38,0.519584518318712,1.62978845551231,0.866515591956379,-0.051176979626041,0.496519531995311,466.84,0.3872799173996748,0.9996914812799107,95,60,6508.7192389991105,16801.054960345686
17/05/2024 08:00:00,39.71,105.66,0.693070245966948,1.84411488765721,0.740732412772086,-0.207652613259359,0.638902093340915,673.3599999999999,0.5986045736824419,0.999948093204875,105,50,14510.749526453124,24239.701729455643
17/05/2024 09:00:00,48.98,120.66,0.854862267626823,2.10591427545636,0.564574127324653,-0.334686704203876,0.75448052644502,868.01,0.7701575346380068,0.9998135528699481,120,40,24066.159899080907,31242.533832959172
17/05/2024 10:00:00,56.67,140.45,0.989078087105187,2.45131493442604,0.349869631252958,-0.423671971931527,0.835519779135462,917.51,0.8903830259936312,0.9995655361100362,140,35,29409.671886458997,33016.0095013075
17/05/2024 11:00:00,61.22,166.62,1.06849056807093,2.90806759967295,0.111411019538774,-0.468379681992409,0.876474790408726,963.5199999999999,0.9509557171438991,0.9996770967888244,165,30,32985.534692969624,34675.51954672685
17/05/2024 12:00:00,60.98,196.12,1.06430177786614,3.42293972901128,-0.134692154992319,-0.466041286198759,0.87445042337558,1023.73,0.9478707779643631,0.9903169240926895,180,30,34933.09505491647,36497.41720925072
17/05/2024 13:00:00,56.07,221.73,0.978606111593221,3.86991855044703,-0.371536193697573,-0.416563742501239,0.829720136676266,860.0,0.8812557822498897,0.9280292656908873,180,25,27283.679018456583,28731.78606578987
17/05/2024 14:00:00,48.19,240.98,0.841074166536067,4.20589443145593,-0.582963366763376,-0.323407939795334,0.745359656467431,720.5400000000001,0.7557328148298473,0.8122033621488398,180,25,19603.286006309936,21068.100380258104
17/05/2024 15:00:00,38.83,255.66,0.677711348549398,4.4621087656487,-0.754738206495178,-0.192941597519661,0.627011785856536,528.45,0.5797945976421619,0.6555838373770525,180,15,11030.128384464017,12471.958039028523
17/05/2024 16:00:00,28.87,267.77,0.503876555050763,4.67346813806522,-0.875054254375796,-0.0340750563883052,0.482823924874227,280.89000000000004,0.3655027748391546,0.48395647092024324,180,5,3695.9786792845252,4893.787192204337
17/05/2024 17:00:00,18.82,278.66,0.328470965225333,4.8635344936074,-0.93574547819758,0.14252068042599,0.322596118519264,125.81,0.12733256340089233,0.3526032165055406,0,25,576.7095528527855,1596.9963840682342
17/05/2024 18:00:00,9.05,289.2,0.157952297305487,5.0474921967676,-0.932620253494905,0.324772733746217,0.157296326041355,39.63,-0.11842370357687096,0.3608203575011728,0,65,0.0,514.7751876397732
17/05/2024 19:00:00,-0.1,300.0,-0.0017453292519943,5.23598775598299,-0.866024084752653,0.499999238456644,-0.0017453283658983,0.0,-0.3547869856237265,-0.0017453283658983,0,0,0.0,0.0
18/05/2024 04:00:00,0.79,60.99,0.0137881010907552,1.06447631079134,0.874451950205299,0.484916165019939,0.0137876642149455,1.72,-0.33313815772946265,0.9997556857766035,60,90,0.0,61.904872063287286
18/05/2024 05:00:00,10.03,71.73,0.175056523975031,1.25192467245553,0.935076884721257,0.308704051051093,0.17416379797373,64.62,-0.09513432529355755,0.9995578380462827,70,80,0.0,2325.2913898038287
18/05/2024 06:00:00,19.85,82.25,0.346447856520875,1.43553330976534,0.93199340799491,0.12683873610802,0.339558864523594,232.66,0.1504158452975257,0.999315148563941,80,70,1259.8470204092039,8370.023848735915
18/05/2024 07:00:00,29.91,93.19,0.522027979271504,1.62647232993352,0.865466604302906,-0.0482355721677776,0.498639034186097,459.07,0.3866987426115486,0.9996242245951493,95,60,6390.7845037446095,16520.309740256227
18/05/2024 08:00:00,39.86,105.45,0.69568823984494,1.84044969622802,0.739873785084011,-0.204490009356849,0.640913892983055,669.17,0.597790832186116,0.9999788786592594,105,50,14400.852882263394,24089.611184366997
18/05/2024 09:00:00,49.15,120.44,0.857829327355213,2.10207455110197,0.56392255695127,-0.331380822108122,0.756424550434798,857.6099999999999,0.7691945555362574,0.9998775616796147,120,40,23748.081939844185,30870.179844193954
18/05/2024 10:00:00,56.86,140.25,0.992394212683976,2.44782427592205,0.349572776024876,-0.420315577763477,0.837337261413593,898.6,0.8892948509606208,0.9994701341330734,140,35,28768.3327106357,32332.459051151272
18/05/2024 11:00:00,61.43,166.53,1.07215575950012,2.90649680334616,0.111397563876019,-0.465076882428624,0.878233497535228,750.84,0.9498638789107174,0.999603310848441,165,30,25675.048614287633,27019.517397027965
18/05/2024 12:00:00,61.2,196.19,1.06814150222053,3.42416145948767,-0.134324245032914,-0.462648462341376,0.876306680043864,430.19,0.9467842608852026,0.9902280775946763,180,30,14662.696362847391,15335.503801216337
18/05/2024 13:00:00,56.27,221.9,0.982096770097209,3.87288561017542,-0.370834035711061,-0.413301286758257,0.831663492238427,147.05,0.8803230375669666,0.9284117705947497,180,25,4660.254096272008,4914.826231174486
18/05/2024 14:00:00,48.36,241.17,0.844041226264458,4.20921055703472,-0.582092635467834,-0.320405146280881,0.747334400366288,98.33000000000001,0.7550058739752631,0.8127240525463326,180,25,2672.630193167555,2876.9456191277122
18/05/2024 15:00:00,38.99,255.84,0.680503875352589,4.46525035830229,-0.753639934893983,-0.190140491655742,0.629184743907468,138.76,0.5793504300640112,0.6569577741329597,180,15,2894.063964324559,3281.7405865928217
18/05/2024 16:00:00,29.03,267.94,0.506669081853954,4.67643519779361,-0.873800667270542,-0.0314299832987034,0.485267503576531,199.62,0.36536029679152526,0.4861602177581023,180,5,2625.5960080388736,3493.7028960794055
18/05/2024 17:00:00,18.98,278.82,0.331263492028524,4.86632702041059,-0.934449985901368,0.144994520636339,0.325238086383454,26.65,0.12745144760502825,0.3560431426034785,0,25,122.2769188322641,341.5877910137773
18/05/2024 18:00:00,9.22,289.34,0.160919357033877,5.04993565772039,-0.9313794284318,0.326894582714493,0.160225753504146,37.05,-0.11785265934705895,0.36398143528625726,0,65,0.0,485.4784383848099
18/05/2024 19:00:00,0.07,300.13,0.001221730476396,5.23825668401058,-0.864888066103362,0.501963285995472,0.001221730172465,0.0,-0.3540777497443504,0.001221730172465,0,0,0.0,0.0
19/05/2024 04:00:00,0.95,60.85,0.0165806278939461,1.06203284983855,0.873227436317348,0.487030751014256,0.0165798681876975,0.86,-0.33265900946185734,0.9997525186395095,60,90,0.0,30.952337977079218
19/05/2024 05:00:00,10.18,71.58,0.177674517853023,1.24930667857754,0.933829695680666,0.311005875497838,0.176741180461086,71.52,-0.094939476334431,0.9996265363257324,70,80,0.0,2573.7584356085895
19/05/2024 06:00:00,19.99,82.08,0.348891317473666,1.43256625003695,0.930788403106689,0.129488742622917,0.341856130815343,219.32,0.15016642029374044,0.999418145637357,80,70,1185.6419747576335,7890.9259572426645
19/05/2024 07:00:00,30.06,93.0,0.524645973149495,1.62315620435473,0.864315190760037,-0.0452968397483317,0.50090662536071,459.78999999999996,0.38622417408619325,0.9995428484328694,95,60,6392.952468111268,16544.873026114165
19/05/2024 08:00:00,40.01,105.25,0.698306233722931,1.83695903772403,0.738961719778455,-0.201464088292446,0.642921299873136,674.49,0.5970706339067182,0.9999943994449269,105,50,14497.854187094725,24281.504009337914
19/05/2024 09:00:00,49.31,120.23,0.860621854158404,2.09840935967278,0.563306057448543,-0.328246931341393,0.758248137291967,845.22,0.7682680307563924,0.9999241101563058,120,40,23376.79817841305,30425.610829907262
19/05/2024 10:00:00,57.05,140.05,0.995710338262765,2.44433361741806,0.349252913204509,-0.416961835696591,0.839145535762833,539.82,0.8882020402573683,0.9993598721367244,140,35,17260.89211338237,19421.080062366476
19/05/2024 11:00:00,61.64,166.43,1.07582095092931,2.90475147409416,0.111453094831933,-0.461749598027145,0.879980406812648,405.96999999999997,0.9487463849436768,0.9995164099278865,165,30,13865.852516241039,14607.852369783264
19/05/2024 12:00:00,61.41,196.25,1.07180669364972,3.42520865703887,-0.13390898845121,-0.459420926413704,0.878066509545346,342.16999999999996,0.9457464357184525,0.990138366685453,180,30,11649.818084752183,12196.64321743541
19/05/2024 13:00:00,56.46,222.06,0.985412895675998,3.87567813697861,-0.370137160363013,-0.410214263673847,0.83350029417927,362.51,0.8794389977183676,0.928771846167093,180,25,11476.995518263877,12120.806950345184
19/05/2024 14:00:00,48.53,241.36,0.847008285992848,4.21252668261351,-0.581203287180988,-0.317408892162571,0.749302565153853,192.99,0.7542789050378278,0.8132415439122606,180,25,5240.458291797014,5650.109480146578
19/05/2024 15:00:00,39.15,256.02,0.68329640215578,4.46839195095588,-0.75252564753625,-0.187346730631746,0.631352795449378,137.85,0.5789079866461755,0.6583288725495411,180,15,2872.88877453031,3267.022862914352
19/05/2024 16:00:00,29.18,268.11,0.509287075731945,4.679402257522,-0.872617345999898,-0.0287952315751513,0.487554922135577,56.98,0.36511469515557204,0.4882092982555188,180,5,748.9524718787218,1001.4539693255805
19/05/2024 17:00:00,19.14,278.97,0.334056018831715,4.86894501428858,-0.933166419953951,0.147298220886788,0.327877517975713,19.3,0.127688845513479,0.3594088658043098,0,25,88.71820986276522,249.71727996083447
19/05/2024 18:00:00,9.38,289.47,0.163711883837068,5.05220458574799,-0.930209854640845,0.328856553804833,0.162981573647658,10.34,-0.1172913232983225,0.3669242448820942,0,65,0.0,136.58388091491074
19/05/2024 19:00:00,0.25,300.25,0.0043633231299858,5.24035107911297,-0.863827282112982,0.503769181480352,0.0043633092847465,0.0,-0.35313327879389494,0.0043633092847465,0,0,0.0,0.0
20/05/2024 04:00:00,1.11,60.71,0.0193731546971371,1.05958938888576,0.87199100945571,0.489138433634036,0.0193719428673069,1.72,-0.3321750711953617,0.9997355828772995,60,90,0.0,61.90362729176238
20/05/2024 05:00:00,10.32,71.42,0.180117978805815,1.24651415177435,0.932545427279751,0.313473864905628,0.179145644883582,47.39,-0.09498439528230718,0.9996868622051736,70,80,0.0,1705.5057743965142
20/05/2024 06:00:00,20.13,81.91,0.351334778426458,1.42959919030855,0.929570329838156,0.13213192653436,0.34415135605559,188.07999999999998,0.14992037635776512,0.9995072376497172,80,70,1015.0928778732646,6767.543565257716
20/05/2024 07:00:00,30.19,92.82,0.526914901177088,1.62001461170114,0.863315860598844,-0.0425252698365859,0.502869094560208,218.32,0.38565205348590004,0.9994527354395921,95,60,3031.040027413501,7855.218763242183
20/05/2024 08:00:00,40.15,105.05,0.700749694675723,1.83346837922004,0.738141183347786,-0.198474893194157,0.64479090426083,378.13,0.5962789637231031,0.9999963501015714,105,50,8116.9547238942105,13612.63031510066
20/05/2024 09:00:00,49.46,120.01,0.863239848036395,2.0945696353184,0.562841382557898,-0.325087616069079,0.759952380059986,264.78999999999996,0.7672391391214872,0.999955580745518,120,40,7313.661059327229,9532.016576121805
20/05/2024 10:00:00,57.22,139.85,0.998677397991155,2.44084295891407,0.349099315382028,-0.413835250893839,0.840755644118689,183.8,0.8871297294782585,0.9992483914464689,140,35,5869.959994011741,6611.826756522996
20/05/2024 11:00:00,61.84,166.33,1.07931160943329,2.90300614484217,0.11153221163071,-0.458566867893777,0.881633139939087,434.40000000000003,0.9476645136848822,0.9994208166512499,165,30,14819.956730809665,15629.342499118908
20/05/2024 12:00:00,61.61,196.31,1.07529735215371,3.42625585459007,-0.133528436998043,-0.45633597110676,0.879731571552886,397.97,0.9447424195378825,0.9901634886792633,180,25,13535.249065325681,14185.993089228712
20/05/2024 13:00:00,56.65,222.22,0.988729021254788,3.8784706637818,-0.369421867249042,-0.407129872051596,0.835327930385117,369.78999999999996,0.8785503374411354,0.929124726866399,180,25,11695.648654164868,12368.917178925323
20/05/2024 14:00:00,48.7,241.54,0.849975345721239,4.2156682752671,-0.580240478353268,-0.314520570061148,0.751264133503511,136.01,0.7536235911754646,0.8137986709165096,180,25,3690.0124068878977,3984.6512603287606
20/05/2024 15:00:00,39.31,256.19,0.686088928958971,4.47135901068427,-0.751363165248178,-0.184691549575757,0.633515923575363,98.33000000000001,0.578560052682667,0.659731082446517,180,15,2048.0331592903194,2335.368864130777
20/05/2024 16:00:00,29.34,268.26,0.512079602535136,4.68202025139999,-0.871325457903404,-0.0264691843428929,0.489991151644237,168.32999999999998,0.36519260579038226,0.49043352880118696,180,5,2213.0233679770213,2971.968332511736
20/05/2024 17:00:00,19.29,279.11,0.336674012709706,4.87138847524137,-0.931952967554725,0.149441514304595,0.330349663339151,70.77,0.12792137895424105,0.36255518533651404,0,25,325.907855589299,923.6890967855435
20/05/2024 18:00:00,9.54,289.6,0.166504410640259,5.05447351377558,-0.929028926550782,0.330812320238838,0.16573612282812,40.489999999999995,-0.11672649860160796,0.369860894017384,0,65,0.0,539.1240335554995
20/05/2024 19:00:00,0.42,300.37,0.0073303828583761,5.24244547421537,-0.862755329235292,0.505568500131991,0.0073303172094605,0.0,-0.3523075977905848,0.0073303172094605,0,0,0.0,0.0
21/05/2024 04:00:00,1.25,60.57,0.0218166156499291,1.05714592793296,0.870749391005013,0.491242922448077,0.0218148850345611,1.72,-0.33193574853418933,0.9997125541642089,60,90,0.0,61.902201353847815
21/05/2024 05:00:00,10.46,71.27,0.182561439758607,1.24389615789636,0.931304224850483,0.315772682405197,0.181549039717282,62.9,-0.09491044794018474,0.9997298751427536,70,80,0.0,2263.7883292732513
21/05/2024 06:00:00,20.26,81.75,0.353603706454051,1.42680666350536,0.928422558881697,0.134614864450213,0.346280797083253,218.87999999999997,0.14967041631099762,0.9995785387606799,80,70,1179.3549859974414,7876.359020301753
21/05/2024 07:00:00,30.32,92.64,0.529183829204681,1.61687301904755,0.86230321280265,-0.0397602215475836,0.504828974973422,431.74,0.3850827138209366,0.9993503307771838,95,60,5985.201991141842,15532.542425150688
21/05/2024 08:00:00,40.28,104.85,0.703018622703316,1.82997772071605,0.737413471827132,-0.195521639238454,0.646523518642102,571.3000000000001,0.5954158412026382,0.999986056277981,105,50,12245.798522846422,20566.51322225798
21/05/2024 09:00:00,49.61,119.8,0.865857841914387,2.09090444388921,0.562300713467039,-0.322032654993846,0.761651414199483,784.11,0.7662803539904348,0.9999742963644742,120,40,21630.531181227834,28227.234438804524
21/05/2024 10:00:00,57.39,139.65,1.00164445771955,2.43735230041008,0.348925079068641,-0.41071120974066,0.842358350935222,959.86,0.8860539836523642,0.9991243562513658,140,35,30617.559962948097,34524.702165291696
21/05/2024 11:00:00,62.03,166.22,1.08262773501208,2.90108628266497,0.111715387141678,-0.455509924005756,0.883193286550603,1044.84,0.946606118180604,0.9993192573803904,165,30,35605.869714713604,37588.634383727775
21/05/2024 12:00:00,61.81,196.36,1.0787880106577,3.42712851921607,-0.133060830888995,-0.45326999166179,0.881385914308852,1005.3100000000001,0.9437442416625161,0.9903670934978571,180,25,34155.19884908679,35842.53393951591
21/05/2024 13:00:00,56.83,222.37,0.991870613908377,3.88108865765979,-0.368716108269265,-0.404220507479225,0.837050902177404,906.18,0.8777114310611873,0.9294567190202477,180,25,28633.12360556496,30321.18322710365
21/05/2024 14:00:00,48.87,241.71,0.852942405449629,4.21863533499549,-0.579205760432037,-0.311739783046324,0.75321908814672,753.6700000000001,0.7530396395053724,0.81441570424438,180,20,20431.561863816507,22096.82461744303
21/05/2024 15:00:00,39.47,256.36,0.688881455762162,4.47432607041266,-0.750185703203556,-0.182043496954167,0.635674111416916,518.87,0.5782136659748383,0.661130365369755,180,15,10800.638095117116,12349.465656458571
21/05/2024 16:00:00,29.49,268.42,0.514697596413128,4.68481277820318,-0.870110685450299,-0.0240004321756769,0.492271646878622,342.6,0.36505948803657207,0.49249018013391116,180,5,4502.497701647865,6074.176885699607
21/05/2024 17:00:00,19.45,279.25,0.339466539512897,4.87383193619416,-0.930670885837415,0.151569378561802,0.332984122349684,129.63,0.12827959553963142,0.36584209034598997,0,25,598.6398229128872,1707.2679661758245
21/05/2024 18:00:00,9.7,289.73,0.16929693744345,5.05674244180317,-0.927836675575668,0.332761825380396,0.168489379565003,28.43,-0.11615816039816412,0.37279132228431333,0,65,0.0,381.544462531549
21/05/2024 19:00:00,0.58,300.48,0.0101229096615671,5.24436533639256,-0.861762116565475,0.507211577798444,0.0101227367744598,0.0,-0.35149489034022086,0.0101227367744598,0,0,0.0,0.0
22/05/2024 04:00:00,1.4,60.43,0.0244346095279206,1.05470246698017,0.869493807372486,0.493339221643299,0.0244321781526531,2.58,-0.33156735019837097,0.9996733364394756,60,90,0.0,92.84965948849849
22/05/2024 05:00:00,10.59,71.12,0.184830367786199,1.24127816401837,0.930082188951161,0.318075634709929,0.183779793230083,70.65,-0.0949615001955526,0.9997620389561134,70,80,0.0,2542.794769880979
22/05/2024 06:00:00,20.38,81.59,0.355698101556444,1.42401413670217,0.927323538763855,0.137100608470873,0.348244852957511,228.92,0.14930152708501215,0.999638847540747,80,70,1230.4118008908351,8238.143699245
22/05/2024 07:00:00,30.45,92.46,0.531452757232273,1.61373142639396,0.861277283788355,-0.0370017653889432,0.506786256510824,447.06,0.3845161978133443,0.9992811357185867,90,60,6188.465210199613,16082.590483236649
22/05/2024 08:00:00,40.41,104.65,0.705287550730909,1.82648706221207,0.736670354298744,-0.192574895291692,0.648252804699491,652.11,0.5945549684732535,0.9999635142143766,105,50,13957.74865767936,23475.103461156134
22/05/2024 09:00:00,49.75,119.59,0.868301302867179,2.08723925246002,0.561857217353236,-0.31904962682589,0.763232469782529,835.38,0.7652890096686074,0.9999798472765487,120,40,23015.056784290602,30073.073933443797
22/05/2024 10:00:00,57.56,139.46,1.00461151744794,2.43403617483129,0.348659078740011,-0.407650704394183,0.843953642103103,973.9200000000001,0.8850179207707883,0.9990814400044392,140,30,31029.719522295105,35028.91425776845
22/05/2024 11:00:00,62.22,166.11,1.08594386059087,2.89916642048778,0.111886000387486,-0.452448970739,0.884743720969248,1041.21,0.9455380200599947,0.999205725045808,165,30,35442.13110720001,37453.787747098046
22/05/2024 12:00:00,62.01,196.41,1.08227866916168,3.42800118384206,-0.13258634986076,-0.450199656574188,0.883029517655601,978.4,0.9427353899736248,0.9905591243321313,180,25,33205.402999807004,34889.869700876065
22/05/2024 13:00:00,57.01,222.51,0.995012206561967,3.88353211861258,-0.367923962456555,-0.40137788297873,0.838765612615217,886.95,0.8769138753788692,0.92980942941737,180,25,28000.035423622372,29689.001043182507
22/05/2024 14:00:00,49.03,241.88,0.85573493225282,4.22160239472389,-0.578270794532331,-0.309027301079478,0.75505298845742,562.88,0.7524183884584854,0.8152112833625328,180,20,15246.765449838442,16519.18057844769
22/05/2024 15:00:00,39.62,256.52,0.691499449640153,4.47711859721585,-0.749070223393342,-0.179559327186889,0.637692910769471,170.02,0.5778845993988241,0.6624374253554441,180,15,3537.0698252323705,4054.5939981215743
22/05/2024 16:00:00,29.64,268.56,0.517315590291119,4.68725623915597,-0.868875394320293,-0.0218418194682971,0.494548768138259,45.95,0.3651432862375017,0.49457050076585723,180,5,604.0200240940753,818.118522366881
22/05/2024 17:00:00,19.6,279.38,0.342084533390889,4.87610086422176,-0.929461309053926,0.153538006121778,0.335451569750255,137.97,0.1286323144315065,0.36891033509664267,0,25,638.9064151961383,1832.3481215982165
22/05/2024 18:00:00,9.86,289.85,0.172089464246641,5.05883683690556,-0.926691536347438,0.334543279664802,0.171241322387858,9.48,-0.11547192137156305,0.37556888946672506,0,65,0.0,128.17415059720395
22/05/2024 19:00:00,0.75,300.58,0.0130899693899575,5.24611066564456,-0.86084590645945,0.508697344026669,0.0130895955713444,0.0,-0.3504475997413567,0.0130895955713444,0,0,0.0,0.0
23/05/2024 04:00:00,1.54,60.3,0.0268780704807127,1.05243353895258,0.868317770302392,0.495279711936853,0.0268748343405192,4.31,-0.33121226528922226,0.9996251036077589,60,90,0.0,155.10183107577987
23/05/2024 05:00:00,10.72,70.97,0.187099295813792,1.23866017014038,0.928849696788434,0.32037270365358,0.186009600638593,65.49,-0.09500906128316383,0.9997823804229486,70,80,0.0,2357.1269313803605
23/05/2024 06:00:00,20.5,81.43,0.357792496658838,1.42122160989898,0.926213815287283,0.139580652249377,0.350207381259467,191.02,0.14893558838217608,0.9996877986524954,80,70,1024.1883393394778,6874.573078749588
23/05/2024 07:00:00,30.57,92.29,0.533547152334667,1.61076436666557,0.860320827531916,-0.0344036583959138,0.508590662521223,344.31000000000006,0.3839549664662919,0.9993550233081014,90,60,4759.183242144323,12387.165410707648
23/05/2024 08:00:00,40.53,104.46,0.707381945833302,1.82317093663328,0.735988600438906,-0.189791510203735,0.649846106919604,439.79,0.5937134528072271,0.9999313576406392,105,50,9399.932618763254,15831.353223963963
23/05/2024 09:00:00,49.89,119.38,0.870744763819971,2.08357406103083,0.561396068516073,-0.31607229548966,0.764808968487291,572.32,0.7642984714155889,0.9999739115951995,120,40,15747.238841780516,20602.982487029927
23/05/2024 10:00:00,57.72,139.26,1.00740404425113,2.4305455163273,0.348540469593815,-0.404643921419325,0.845448305879025,852.0600000000001,0.8839486910312582,0.9991860718649415,140,30,27114.38358048338,30649.193438156715
23/05/2024 11:00:00,62.41,166.0,1.08925998616966,2.89724655831059,0.112044034861512,-0.449384078738979,0.886284426145394,963.59,0.9444602572210374,0.9990802368651195,165,30,32762.6085332023,34657.33411587097
23/05/2024 12:00:00,62.2,196.45,1.08559479474047,3.42869931554286,-0.13207067324231,-0.447296138544537,0.884580975215084,821.6800000000001,0.9417793388465947,0.9907381426569237,180,25,27858.284897164922,29306.50981410028
23/05/2024 13:00:00,57.19,222.65,0.998153799215557,3.88597557956537,-0.367116496082913,-0.398537602059627,0.840472044775058,923.82,0.876112123232355,0.9301556275869971,180,25,29137.316460642513,30934.669387587113
23/05/2024 14:00:00,49.19,242.04,0.858527459056011,4.22439492152708,-0.577266859369864,-0.306421480697055,0.756881000713241,769.53,0.7518683950577032,0.8160378099293569,180,20,20829.070297755155,22606.76073149777
23/05/2024 15:00:00,39.77,256.67,0.694117443518145,4.47973659109385,-0.747910676698559,-0.177212131466626,0.639707339446218,581.47,0.5776492975657985,0.6637757150845441,180,15,12091.886534001056,13894.763941807558
23/05/2024 16:00:00,29.78,268.7,0.519759051243911,4.68969970010876,-0.867715477761001,-0.0196912188263803,0.496671023470395,296.67,0.3651232430767408,0.496671023470395,0,0,3899.5600508487614,5304.506131186636
23/05/2024 17:00:00,19.74,279.5,0.344527994343681,4.87819525932415,-0.928326506971966,0.15534857975613,0.337752446654325,143.05,0.12897901119836208,0.37176081923391757,0,25,664.2161118693251,1914.4938668908287
23/05/2024 18:00:00,10.01,289.96,0.174707458124632,5.06075669908276,-0.925622999537704,0.336167593203485,0.173820056399137,42.209999999999994,-0.11479704418328712,0.3781308375607608,0,65,0.0,574.5924955238296
23/05/2024 19:00:00,0.91,300.68,0.0158824961931484,5.24785599489655,-0.859921961663049,0.510178387796048,0.0158818284652042,0.0,-0.3495204490200183,0.0158818284652042,0,0,0.0,0.0
24/05/2024 04:00:00,1.67,60.16,0.0291469985083053,1.04999007799979,0.8670498582068,0.497368310622292,0.0291428717235446,2.58,-0.33108538296935164,0.9995713588659303,60,90,0.0,92.8401878114676
24/05/2024 05:00:00,10.84,70.83,0.189193690916185,1.23621670918758,0.927694096416118,0.32251271900583,0.188067034735354,73.24,-0.09506745504891903,0.9997910470830877,70,80,0.0,2636.0890663811524
24/05/2024 06:00:00,20.62,81.27,0.359886891761231,1.41842908309579,0.925093416645237,0.142054944546694,0.352168373380514,169.71,0.14857263034675128,0.9997254068811392,80,70,907.7133994612977,6107.882356864733
24/05/2024 07:00:00,30.68,92.12,0.53546701451186,1.60779730693718,0.859441777449171,-0.0318147083472739,0.510242741749246,198.59,0.3832924987559379,0.9994197832192571,90,60,2740.2500638059014,7145.091890982441
24/05/2024 08:00:00,40.65,104.27,0.709476340935695,1.81985481105449,0.735293270757105,-0.187013946279226,0.65143655859676,320.53999999999996,0.5928740376870942,0.9998884775948176,105,50,6841.434385447962,11538.15309389674
24/05/2024 09:00:00,50.02,119.18,0.873013691847564,2.08008340252684,0.560979425881453,-0.313263871735782,0.766268771647927,183.8,0.7633448526488597,0.9999576430768324,120,40,5050.900221006975,6616.519732710785
24/05/2024 10:00:00,57.87,139.06,1.01002203812912,2.42705485782332,0.348499262590984,-0.401751464625381,0.846843565627621,230.67,0.8828900128477203,0.9992732833496962,140,30,7331.62461348901,8298.08525772988
24/05/2024 11:00:00,62.58,165.88,1.09222704589805,2.89515216320819,0.112342965263856,-0.446596246808032,0.887654691021629,381.8,0.9434578859438638,0.9990851973305945,165,25,12967.63995072122,13732.226220269557
24/05/2024 12:00:00,62.38,196.48,1.08873638739406,3.42922291431846,-0.13151586070849,-0.444559893831316,0.886041804419404,356.72999999999996,0.9408774838914205,0.990905716555931,180,25,12083.01209382911,12725.4886656119
24/05/2024 13:00:00,57.36,222.78,1.00112085894395,3.88824450759297,-0.366324481163845,-0.39587155207452,0.842076058772692,641.9599999999999,0.8753611503837488,0.9304826365531489,180,25,20230.08638761265,21503.97480101974
24/05/2024 14:00:00,49.35,242.19,0.861319985859202,4.22701291540507,-0.576195350696169,-0.303921877647051,0.758703110658978,594.71,0.7513893350894687,0.8168951186062068,180,20,16086.915052958086,17489.365055506703
24/05/2024 15:00:00,39.91,256.82,0.696560904470937,4.48235458497184,-0.746847895241289,-0.174896574020762,0.641583517376699,566.27,0.5773386093309568,0.6649886534352908,180,15,11769.463235010273,13556.272492108877
24/05/2024 16:00:00,29.93,268.83,0.522377045121903,4.69196862813636,-0.866454939289061,-0.0176957747943179,0.498941577477782,371.0,0.36531777520586495,0.498941577477782,0,0,4879.1842056495325,6663.863708793257
24/05/2024 17:00:00,19.89,279.63,0.347145988221672,4.88046418735174,-0.927096690160333,0.157306025642041,0.340215433792269,146.01,0.12933648284584415,0.37482029603416245,0,25,679.8391149715814,1970.19041126213
24/05/2024 18:00:00,10.16,290.07,0.177325452002624,5.06267656125995,-0.924545303363359,0.337786721278499,0.176397599067212,41.35,-0.11411934272534556,0.38073068122183973,0,60,0.0,566.7556920668306
24/05/2024 19:00:00,1.07,300.78,0.0186750229963393,5.24960132414854,-0.858988770552904,0.511653765863114,0.0186739375093752,0.0,-0.3485893796171089,0.0186739375093752,0,0,0.0,0.0
25/05/2024 04:00:00,1.79,60.03,0.0312413936106985,1.0477211499722,0.865864360046605,0.499302716622303,0.0312363117968641,1.72,-0.3309729288976755,0.9995118903430673,60,90,0.0,61.88977625004273
25/05/2024 05:00:00,10.96,70.69,0.191288086018578,1.23377324823479,0.926529520019864,0.324647575950103,0.19012364387809,14.65,-0.09512278459999879,0.9997895264540367,70,80,0.0,527.288996251859
25/05/2024 06:00:00,20.73,81.12,0.361806753938424,1.4158110892178,0.924048633366163,0.144371708871512,0.353964592652494,237.47,0.14820454940997646,0.999750930416358,80,70,1266.988836541936,8546.79072405501
25/05/2024 07:00:00,30.79,91.95,0.537386876689054,1.60483024720879,0.858551778509903,-0.0292311700027762,0.511892940289033,455.09999999999997,0.3826325278508756,0.9994741207984033,90,60,6268.898283297604,16374.984205512717
25/05/2024 08:00:00,40.76,104.08,0.711396203112889,1.8165386854757,0.734694938400557,-0.184269999518855,0.652891962552705,663.36,0.5919629003322354,0.9998372281233885,105,50,14136.642344318101,23877.072851325516
25/05/2024 09:00:00,50.14,118.97,0.875108086949957,2.07641821109765,0.560718537786087,-0.310427672094045,0.767612781147699,848.19,0.7622897148806564,0.9999304484112783,120,40,23276.394477526468,30532.71625336664
25/05/2024 10:00:00,58.02,138.86,1.01264003200711,2.42356419931933,0.348439728841623,-0.398861501152732,0.848233021205238,861.64,0.8818289935399193,0.9993505331695991,140,30,27353.4888237745,30998.89416240912
25/05/2024 11:00:00,62.76,165.76,1.09536863855164,2.8930577681058,0.11259154579965,-0.443654813665101,0.889097042018603,777.2399999999999,0.942397874792902,0.9992188557791866,165,25,26368.895671345264,27958.783084769333
25/05/2024 12:00:00,62.56,196.51,1.09187798004765,3.42974651309406,-0.130956918904642,-0.441819966529911,0.887493888748825,550.72,0.939966841392827,0.9910638085777034,180,25,18635.70740010688,19648.751783756863
25/05/2024 13:00:00,57.52,222.9,1.00391338574714,3.89033890269536,-0.365550630359636,-0.393379328632515,0.843578947371439,649.5,0.874661585007217,0.9307914570543123,180,25,20451.337180638748,21763.76584884393
25/05/2024 14:00:00,49.5,242.33,0.863937979737193,4.22945637635786,-0.575175153052834,-0.301589639726787,0.760405965600031,638.49,0.7509442941169053,0.817697606480825,180,20,17260.935204625304,18795.30281142991
25/05/2024 15:00:00,40.06,256.96,0.699178898348928,4.48479804592463,-0.745634111327192,-0.172691583231233,0.643589456957149,527.0500000000001,0.5771978588712136,0.666355548671417,180,15,10951.636734650634,12643.296909381734
25/05/2024 16:00:00,30.07,268.96,0.524820506074695,4.69423755616395,-0.865271330511351,-0.0157076321105642,0.501057676209632,354.96999999999997,0.3654082537951677,0.501057676209632,0,0,4669.522842588144,6402.97595966879
25/05/2024 17:00:00,20.03,279.74,0.349589449174464,4.88238404952894,-0.92597088959236,0.158944519967567,0.342512118325488,146.34,0.12980189360501443,0.37759425673471125,0,25,683.8275279656812,1989.257167100075
25/05/2024 18:00:00,10.31,290.17,0.179943445880615,5.06442189051195,-0.923517693744907,0.339239444559023,0.178973932725895,47.39,-0.11332483020753772,0.3832769433167841,0,60,0.0,653.8857963761664
25/05/2024 19:00:00,1.22,300.87,0.0212930168743308,5.25117212047534,-0.858139103957174,0.512975588317254,0.0212914078948741,0.0,-0.34767321817881475,0.0212914078948741,0,0,0.0,0.0
26/05/2024 04:00:00,1.91,59.91,0.0333357887130917,1.0456267548698,0.864758222930294,0.501081183690057,0.0333296148524379,5.17,-0.3307503062357266,0.99944318103415,60,90,0.0,186.016364854076
26/05/2024 05:00:00,11.07,70.55,0.193207948195772,1.231329787282,0.925387604465014,0.326788397915283,0.19200813652152,50.28,-0.09530403680162516,0.9997810979895824,70,80,0.0,1809.6837698489833
26/05/2024 06:00:00,20.83,80.97,0.363552083190419,1.41319309533981,0.923055968252564,0.146693179190509,0.355596387288037,232.95,0.14771687505738662,0.9997692163331107,80,70,1238.7832576062556,8384.264602012732
26/05/2024 07:00:00,30.89,91.78,0.539132205941048,1.6018631874804,0.857740431970623,-0.0266558786951427,0.513391483659243,447.7,0.3818711520826949,0.9995207457692192,90,60,6154.69373234721,16109.47576371166
26/05/2024 08:00:00,40.87,103.9,0.713316065290082,1.81339709282211,0.734052102056231,-0.181659529738895,0.654344960033981,653.6,0.5911444438208004,0.9997779654911263,105,50,13909.392305325908,23524.37561682001
26/05/2024 09:00:00,50.26,118.77,0.87720248205235,2.07292755259367,0.560388255397409,-0.307694061798464,0.768953423522264,840.75,0.7613047378177308,0.9998950162095052,120,40,23042.41049952926,30263.82245561309
26/05/2024 10:00:00,58.15,138.66,1.0149089600347,2.42007354081534,0.348557758221436,-0.396196786674952,0.849432513747908,968.62,0.8807929251736596,0.9994066132355616,140,30,30713.531154541564,34849.62841364027
26/05/2024 11:00:00,62.92,165.64,1.09816116535483,2.89096337300341,0.112904269809509,-0.441011048593779,0.890371765543471,1042.6200000000001,0.9414298162316783,0.9993291216970419,165,25,35335.92797998102,37509.139039095724
26/05/2024 12:00:00,62.73,196.53,1.09484503977604,3.43009557894446,-0.130361354624516,-0.439247868548655,0.888857259179405,1031.57,0.9391121419451371,0.9912124262376883,180,25,34875.35684158842,36810.180091224436
26/05/2024 13:00:00,57.68,223.02,1.00670591255033,3.89243329779775,-0.364765097012299,-0.390889029062038,0.845075257572096,947.1,0.8739587283833898,0.9310951285653015,180,25,29798.147219468705,31746.247065511092
26/05/2024 14:00:00,49.65,242.47,0.866555973615185,4.23189983731065,-0.574143061419237,-0.299262150083277,0.762103608803738,794.08,0.7504989254282144,0.8184968209306134,180,20,21454.422721345316,23398.270400324935
26/05/2024 15:00:00,40.2,257.09,0.701622359301721,4.48706697395222,-0.74448895672375,-0.170647492435234,0.645457687723951,573.7900000000001,0.5770735070520288,0.6676310713906156,180,15,11920.28427400981,13790.88116831597
26/05/2024 16:00:00,30.2,269.08,0.527089434102287,4.69633195126634,-0.86416338714618,-0.0138770893258304,0.503019946630235,362.08,0.36550139929976044,0.503019946630235,0,0,4764.266879704461,6556.804641931517
26/05/2024 17:00:00,20.17,279.85,0.352032910127256,4.88430391170613,-0.924836691173666,0.160578312271289,0.344806757890633,145.92000000000002,0.13026918318489517,0.3803643769044889,0,25,684.3196515722366,1998.099715604509
26/05/2024 18:00:00,10.45,290.27,0.182386906833407,5.06616721976394,-0.922511215122067,0.340698246450613,0.181377404434746,47.39,-0.11265684777377019,0.3857420386684153,0,60,0.0,658.0913476498632
26/05/2024 19:00:00,1.37,300.95,0.0239110107523223,5.25256838387693,-0.857371276169431,0.514142847190301,0.0239087323514473,0.0,-0.34664786697153815,0.0239087323514473,0,0,0.0,0.0
27/05/2024 04:00:00,2.03,59.78,0.0354301838154849,1.04335782684221,0.863556868006413,0.503005728559305,0.0354227717080148,7.75,-0.33063107955680404,0.9993650495857316,60,90,0.0,278.8228488344191
27/05/2024 05:00:00,11.17,70.41,0.194953277447767,1.22888632632921,0.924269220515982,0.32893570692374,0.193720697699959,49.830000000000005,-0.09561144994033702,0.9997667754701302,70,80,0.0,1793.4616231803573
27/05/2024 06:00:00,20.93,80.82,0.365297412442413,1.41057510146182,0.922054674870874,0.14900998789412,0.357227098715315,235.76999999999998,0.14723173102073794,0.9997783863651449,80,70,1249.6617080193378,8485.839005519167
27/05/2024 07:00:00,30.98,91.62,0.540703002267843,1.5990706606772,0.857004355631212,-0.0242376864761471,0.514738835705463,452.22999999999996,0.3811139537349582,0.9995569609832746,90,60,6204.641878712165,16273.067200756785
27/05/2024 08:00:00,40.97,103.72,0.715061394542077,1.81025550016852,0.733508599974103,-0.179081403675848,0.655663774065275,660.16,0.590253975743518,0.9997123656917299,105,50,14027.83432656627,23758.924152061885
27/05/2024 09:00:00,50.37,118.57,0.879122344229544,2.06943689408968,0.560161337514772,-0.305029497491981,0.770179382750182,844.4100000000001,0.760287490411228,0.9998514625345128,120,40,23111.796952013225,30394.24464523565
27/05/2024 10:00:00,58.29,138.47,1.01735242098749,2.41675741523655,0.348492516326097,-0.393483792723675,0.850719384361552,973.45,0.879784503690811,0.9994609705670873,140,30,30831.34410424152,35025.31014474713
27/05/2024 11:00:00,63.08,165.51,1.10095369215802,2.88869444497581,0.113282035896462,-0.438344728223589,0.891639545770453,1046.34,0.9404408990126543,0.9994310017833942,165,25,35424.75348982442,37646.80683861732
27/05/2024 12:00:00,62.9,196.55,1.09781209950443,3.43044464479485,-0.12976286175165,-0.436672374001853,0.890212804611126,1024.8500000000001,0.9382495076531607,0.9913525165896468,180,25,34616.34028506031,36575.554558568394
27/05/2024 13:00:00,57.84,223.13,1.00949843935352,3.89435315997495,-0.363900097725392,-0.388464229237206,0.846564977706138,936.1800000000001,0.8732975271930825,0.9314205088362494,180,25,29432.29244427432,31391.18107064352
27/05/2024 14:00:00,49.79,242.6,0.868999434567977,4.23416876533824,-0.573165609385683,-0.297100832561345,0.763683363383605,789.26,0.7500876983281934,0.8192420905233437,180,20,21312.511804170357,23277.420445192354
27/05/2024 15:00:00,40.33,257.22,0.703891287329313,4.48933590197981,-0.743444094339406,-0.168633469555995,0.647189023035286,574.5799999999999,0.5768736167558067,0.6687821454033812,180,15,11932.56153775985,13833.67842381149
27/05/2024 16:00:00,30.34,269.2,0.52953289505508,4.69842634636874,-0.862958987520517,-0.0120499635911867,0.505130264619945,358.31000000000006,0.36570164646369735,0.505130264619945,0,0,4717.244049998667,6515.756104175011
27/05/2024 17:00:00,20.3,279.95,0.354301838154849,4.88604924095813,-0.923782067076966,0.162056614226166,0.346935651573256,147.85000000000002,0.13072922100736828,0.38291856722932127,0,25,695.8193517338184,2038.1223659347856
27/05/2024 18:00:00,10.59,290.36,0.184830367786199,5.06773801609074,-0.921556657328091,0.341991688399855,0.183779793230083,48.260000000000005,-0.11187270393892101,0.3880633866524479,0,60,0.0,674.2058054344969
27/05/2024 19:00:00,1.51,301.03,0.0263544717051144,5.25396464727853,-0.856599944547048,0.51530780860757,0.0263514210254147,0.0,-0.3457443773638198,0.0263514210254147,0,0,0.0,0.0
28/05/2024 04:00:00,2.13,59.66,0.0371755130674792,1.04126343173982,0.862446811290956,0.504781255063574,0.0371669507830106,5.17,-0.3306532455366159,0.9992914755226388,60,90,0.0,185.98812942427352
28/05/2024 05:00:00,11.27,70.28,0.196698606699761,1.22661739830162,0.92320082677439,0.33091736947448,0.195432668771556,61.47,-0.09580215061406727,0.9997428185292336,70,80,0.0,2212.3508779797116
28/05/2024 06:00:00,21.02,80.67,0.366868208769208,1.40795710758383,0.921106563631449,0.151332250358793,0.358693808751149,235.20999999999998,0.14662676409664527,0.9997815701763292,80,70,1241.5709225941896,8465.710432362277
28/05/2024 07:00:00,31.07,91.46,0.542273798594638,1.59627813387401,0.856259353971022,-0.0218237594246839,0.516084917684775,446.99999999999994,0.3803588732431835,0.9995848116093444,90,60,6120.734988229308,16085.31878841757
28/05/2024 08:00:00,41.06,103.54,0.716632190868872,1.80711390751493,0.733065385406018,-0.176534792720173,0.65684899914575,658.7199999999999,0.5892913305593526,0.9996413519272405,105,50,13974.407469578042,23705.415048294424
28/05/2024 09:00:00,50.48,118.38,0.881042206406737,2.06612076851089,0.559867810971078,-0.302466878020402,0.77140250319729,845.8100000000001,0.7593403215676318,0.9998014195956872,120,40,23121.274945864272,30443.11339349622
28/05/2024 10:00:00,58.41,138.27,1.01944681608989,2.41326675673256,0.348677175885191,-0.390934374026901,0.851818373962972,979.48,0.8787588954418558,0.9994955879057861,140,30,30986.163464666002,35243.49378391053
28/05/2024 11:00:00,63.23,165.39,1.10357168603601,2.88660004987342,0.113610661654163,-0.435846183436359,0.892821775015856,1047.7,0.9395101233668472,0.9995184602935008,165,25,35435.691225052055,37699.03767058203
28/05/2024 12:00:00,63.06,196.56,1.10060462630762,3.43061917772005,-0.129130026473084,-0.434265189370772,0.891481453292119,1026.25,0.9374444411622289,0.9914849825837684,180,25,34633.88487873855,36630.412681557325
28/05/2024 13:00:00,57.99,223.23,1.01211643323151,3.89609848922694,-0.363058284662498,-0.386212365218673,0.847955594881078,943.27,0.8726885337097022,0.9317291571534956,180,25,29634.512874924632,31639.3978344544
28/05/2024 14:00:00,49.93,242.73,0.871442895520769,4.23643769336584,-0.572177887739288,-0.294943729528664,0.765258558393128,796.11,0.7496762272189916,0.8199845169616854,180,20,21485.69068504721,23500.723456741223
28/05/2024 15:00:00,40.46,257.33,0.706160215356906,4.49125576415701,-0.742331895349504,-0.166883341708245,0.648917026596701,580.13,0.5768579725229103,0.6699983022529094,180,15,12047.494161589773,13992.700143095291
28/05/2024 16:00:00,30.47,269.31,0.531801823082672,4.70034620854593,-0.861832289948805,-0.0103793514027303,0.507087145435631,364.44,0.36590406895125244,0.507087145435631,0,0,4800.602839989399,6652.90221417221
28/05/2024 17:00:00,20.44,280.05,0.356745299107641,4.88779457021012,-0.922660345919951,0.163520247838692,0.349226308593222,150.08,0.1313140148669691,0.38561316581709765,0,25,709.4738646444499,2083.4216613298804
28/05/2024 18:00:00,10.72,290.44,0.187099295813792,5.06913427949233,-0.920685148955083,0.343131585494294,0.186009600638593,49.980000000000004,-0.11110202096495625,0.3901654701981871,0,60,0.0,702.0169272181942
28/05/2024 19:00:00,1.66,301.1,0.0289724655831059,5.25518637775493,-0.855907732832122,0.516316554021032,0.0289684124871182,0.0,-0.3446071756772919,0.0289684124871182,0,0,0.0,0.0
29/05/2024 04:00:00,2.24,59.54,0.039095375244673,1.03916903663742,0.861324614493488,0.506549344744989,0.0390854167953535,8.62,-0.33054691341328685,0.9992036694286934,60,90,0.0,310.07288269711216
29/05/2024 05:00:00,11.36,70.15,0.198269403026556,1.22434847027402,0.922157740135427,0.332906541878163,0.196972933884443,47.07,-0.09611957600351317,0.9997149942732113,70,80,0.0,1694.037052095842
29/05/2024 06:00:00,21.11,80.53,0.368439005096003,1.40551364663103,0.920177147779368,0.15348959223613,0.360159633745668,240.33,0.14613778781949965,0.9997748412398351,80,70,1264.3666036797729,8649.931953426105
29/05/2024 07:00:00,31.16,91.31,0.543844594921433,1.59366013999602,0.855502045507195,-0.0195634480370722,0.517429726275855,455.28000000000003,0.37971151500756073,0.9996013675367093,90,60,6223.502107895121,16383.54638203607
29/05/2024 08:00:00,41.15,103.37,0.718202987195667,1.80414684778654,0.732581230690888,-0.174120168701306,0.658032603516614,668.26,0.5884208682184757,0.9995651716914862,105,50,14155.85265824443,24046.89917884389
29/05/2024 09:00:00,50.58,118.19,0.882787535658732,2.0628046429321,0.559680240173681,-0.29997215659741,0.772511963677864,853.9599999999999,0.7583607941615351,0.9997451125108614,120,40,23313.952216158643,30734.724106071906
29/05/2024 10:00:00,58.53,138.08,1.02154121119228,2.40995063115377,0.348778970874863,-0.388447646704047,0.85291362707226,983.27,0.8777749745895971,0.999524349377436,140,30,31071.232773529675,35380.88305244465
29/05/2024 11:00:00,63.37,165.26,1.10601514698881,2.88433112184583,0.114043865371855,-0.433476208837051,0.893919668171198,1046.8300000000002,0.9386106259515972,0.9995934079100948,165,25,35372.36741633678,37670.55721929089
29/05/2024 12:00:00,63.22,196.56,1.10339715311082,3.43061917772005,-0.128419972482633,-0.431877272795138,0.892743150021658,1035.85,0.9366480834719482,0.991619291002252,180,25,34928.16902151903,36978.07833304858
29/05/2024 13:00:00,58.14,223.32,1.0147344271095,3.89766928555374,-0.362140211744172,-0.384025196462987,0.849340400263316,947.0899999999999,0.8721211771273615,0.9320598795972865,180,25,29735.180843239898,31778.805289240587
29/05/2024 14:00:00,50.07,242.84,0.873886356473561,4.23835755554303,-0.571077678429898,-0.292990250877405,0.76682918442761,791.46,0.7494055095374735,0.8207922936080153,180,20,21352.481444827037,23386.473673163993
29/05/2024 15:00:00,40.59,257.45,0.708429143384498,4.4933501592594,-0.741240709288861,-0.165007886967339,0.650641689512376,583.77,0.5767513466007419,0.6711787952996285,180,15,12120.844809784145,14105.30563195431
29/05/2024 16:00:00,30.59,269.41,0.533896218185065,4.70209153779792,-0.86078521868403,-0.0088641996831546,0.508891180174175,368.88,0.3661083400929345,0.508891180174175,0,0,4861.801601765341,6757.912027535389
29/05/2024 17:00:00,20.56,280.14,0.358839694210034,4.88936536653691,-0.921680334709994,0.164840226226992,0.35118806988038,151.91000000000003,0.13176782390680114,0.38794897231995457,0,25,720.6066046685579,2121.599821864475
29/05/2024 18:00:00,10.86,290.53,0.189542756766584,5.07070507581913,-0.919716636204606,0.344416947275677,0.188409860457959,47.39,-0.1103136690019669,0.3924787560636014,0,60,0.0,669.5844569947465
29/05/2024 19:00:00,1.79,301.17,0.0312413936106985,5.25640810823132,-0.855217854543499,0.517326506275624,0.0312363117968641,0.0,-0.34371767278421883,0.0312363117968641,0,0,0.0,0.0
30/05/2024 04:00:00,2.33,59.42,0.0406661715714679,1.03707464153503,0.860207894063247,0.508320325086381,0.0406549639693417,18.090000000000003,-0.3306893481719139,0.9991220513378756,60,90,0.0,650.6682447132782
30/05/2024 05:00:00,11.45,70.02,0.199840199353351,1.22207954224643,0.9211081076231,0.334891858446653,0.198512712986195,71.22,-0.09643461856751628,0.9996797292243346,70,80,0.0,2563.098851352856
30/05/2024 06:00:00,21.19,80.39,0.369835268497599,1.40307018567824,0.919302638142494,0.155653446117781,0.361461843374802,238.33999999999997,0.14552851332557454,0.9997640262766689,80,70,1248.6695711766276,8578.215288820125
30/05/2024 07:00:00,31.24,91.15,0.545240858323028,1.59086761319283,0.854830184793922,-0.0171598458411822,0.518624039990334,454.71999999999997,0.3788564189219442,0.9996166759484496,90,60,6201.849269238713,16363.645015942042
30/05/2024 08:00:00,41.23,103.2,0.719599250597262,1.80117978805815,0.732199404459912,-0.171735819880135,0.659083333333993,648.8199999999999,0.5874778571773752,0.9994853010630904,105,50,13722.025798577683,23345.49790928715
30/05/2024 09:00:00,50.67,118.0,0.884358331985527,2.05948851735331,0.559599794456239,-0.297544488668207,0.773508466215923,713.1700000000001,0.7573488074084577,0.9996834585603884,120,40,19444.264163261632,25665.99307709444
30/05/2024 10:00:00,58.65,137.89,1.02363560629467,2.40663450557498,0.34886658514374,-0.385962859000692,0.854005138885099,936.94,0.8767897797593496,0.9995460561128755,140,30,29573.978984918103,33714.52854531832
30/05/2024 11:00:00,63.51,165.12,1.1084586079416,2.88188766089304,0.11454145554398,-0.431083951834524,0.895012224180539,1033.6100000000001,0.9376915985658005,0.9996614650509414,165,25,34891.466874969505,37197.36312808694
30/05/2024 12:00:00,63.37,196.55,1.10601514698881,3.43044464479485,-0.127678399753143,-0.429657832575147,0.893919668171198,1018.0999999999999,0.9359106262036831,0.99174760259496,180,25,34302.62190736691,36349.136431269435
30/05/2024 13:00:00,58.29,223.4,1.01735242098749,3.89906554895533,-0.361147031985896,-0.381902278546856,0.850719384361552,942.1300000000001,0.871595136479974,0.9324124797441842,180,25,29561.61333354761,31624.335703489982
30/05/2024 14:00:00,50.2,242.95,0.876155284501153,4.24027741772022,-0.570088101710764,-0.291101328857389,0.768283523593523,795.22,0.74909821305435,0.8215128760103267,180,20,21445.123715462887,23518.204893393555
30/05/2024 15:00:00,40.72,257.55,0.710698071412091,4.4950954885114,-0.740084121579327,-0.163395242980424,0.652363002903693,583.4599999999999,0.5768281874735021,0.6724240733826552,180,15,12116.022273478422,14123.971794810383
30/05/2024 16:00:00,30.72,269.51,0.536165146212658,4.70383686704992,-0.859642568614204,-0.007351939912026,0.51084303186586,292.47999999999996,0.36641917852091477,0.51084303186586,0,0,3858.130128016697,5378.809318564562
30/05/2024 17:00:00,20.69,280.23,0.361108622237627,4.89093616286371,-0.920633743037423,0.166145851102049,0.353311572613295,154.01999999999998,0.13234615088627485,0.390425300297771,0,25,733.8223497421458,2164.7989710670568
30/05/2024 18:00:00,10.99,290.6,0.191811684794177,5.07192680629552,-0.918892644689425,0.345389038272283,0.190637666207445,37.05,-0.10942574458496948,0.3944345144361953,0,60,0.0,526.0967553549973
30/05/2024 19:00:00,1.93,301.24,0.0336848545634906,5.25762983870772,-0.854517373988369,0.518329834389621,0.0336784847291133,0.0,-0.3427002558561576,0.0336784847291133,0,0,0.0,0.0
31/05/2024 04:00:00,2.42,59.3,0.0422369678982628,1.03498024643264,0.859085413955025,0.510087591164181,0.0422244108312478,19.82,-0.3308292274809216,0.9990335880878127,60,90,0.0,712.8304457724162
31/05/2024 05:00:00,11.53,69.9,0.201236462754946,1.21998514714404,0.920143500526741,0.336724704320806,0.199880994440346,44.75,-0.0967631152191977,0.9996420120483058,70,80,0.0,1610.4232814098207
31/05/2024 06:00:00,21.26,80.26,0.371056998973995,1.40080125765065,0.91851117654318,0.157664047197824,0.362600698822364,240.64,0.14491209607737743,0.9997491877581289,80,70,1255.3792848021635,8660.86720351618
31/05/2024 07:00:00,31.31,91.01,0.546462588799425,1.58842415224004,0.854235404089434,-0.015059872527416,0.519668235165109,461.34999999999997,0.378109871040435,0.9996236783360697,90,60,6279.875604162168,16602.349824012446
31/05/2024 08:00:00,41.31,103.04,0.720995513998858,1.79838726125496,0.731778888746228,-0.169482663082356,0.660132778234689,667.3199999999999,0.5866267043323529,0.9994019875632737,105,50,14092.838364062363,24009.153636266055
31/05/2024 09:00:00,50.76,117.82,0.885929128312322,2.05634692469972,0.559456514428381,-0.29521757773961,0.774503060198734,852.89,0.7564067170614028,0.9996177472468983,120,40,23224.742096921997,30692.303296178656
31/05/2024 10:00:00,58.75,137.7,1.02538093554667,2.40331837999619,0.349140894416267,-0.383700832978887,0.854911870672946,982.15,0.8758314420160148,0.999553063944274,140,30,30967.122627937042,35341.59750310327
31/05/2024 11:00:00,63.64,164.99,1.11072753596919,2.87961873286545,0.114993030517634,-0.428860417350086,0.896021955848561,1038.85,0.9368333103632895,0.9997183001786831,165,25,35036.25424095252,37388.0648210625
31/05/2024 12:00:00,63.51,196.54,1.1084586079416,3.43027011186966,-0.126981203375603,-0.427584953613533,0.895012224180539,1023.34,0.9352174331963782,0.9918617581104433,180,25,34453.63469113854,36540.425215610674
31/05/2024 13:00:00,58.42,223.48,1.01962134901509,3.90046181235693,-0.360350798443859,-0.379996072942543,0.851909787835026,936.12,0.87108898793927,0.9326857543828939,180,25,29355.977642029542,31431.80838214493
31/05/2024 14:00:00,50.33,243.05,0.878424212528746,4.24202274697222,-0.569039958640918,-0.289315117032696,0.76973390761113,786.55,0.7488607469346484,0.8222648707446863,180,20,21204.591138052117,23283.08762703239
31/05/2024 15:00:00,40.84,257.65,0.712792466514484,4.49684081776339,-0.739031861285151,-0.16181071947053,0.653948926958241,571.6700000000001,0.5768291778081243,0.6735458535237029,180,15,11871.213698792535,13861.65449102023
31/05/2024 16:00:00,30.84,269.6,0.538259541315051,4.70540766337671,-0.858581290749951,-0.0059941255502964,0.512642407173885,278.5,0.36673140926034736,0.512642407173885,0,0,3676.8491092442428,5139.75277432537
31/05/2024 17:00:00,20.81,280.31,0.36320301734002,4.89233242626531,-0.919670817927735,0.167298332748735,0.355270114858573,139.17999999999998,0.13291612180158657,0.39268740217611725,0,25,665.9735699644134,1967.5523748553917
31/05/2024 18:00:00,11.11,290.67,0.19390607989657,5.07314853677192,-0.918094403403085,0.346369722962121,0.192693231471884,51.7,-0.10866568924170339,0.396311594922917,0,60,0.0,737.6151404705331
31/05/2024 19:00:00,2.06,301.29,0.0359537825910832,5.25850250333372,-0.85399722264407,0.519034320772772,0.0359460370021749,0.0,-0.3415950013659604,0.0359460370021749,0,0,0.0,0.0
01/06/2024 04:00:00,2.51,59.19,0.0438077642250577,1.03306038425544,0.858046509422088,0.511701372699153,0.0437937535086175,18.950000000000003,-0.3308606504984803,0.9989563670678295,60,85,0.0,681.4880336136733
01/06/2024 05:00:00,11.6,69.78,0.202458193231342,1.21789075204164,0.919206411033529,0.338566453657885,0.201077921145965,48.980000000000004,-0.09721907367456561,0.9996030035793975,70,80,0.0,1762.5799841514802
01/06/2024 06:00:00,21.33,80.13,0.37227872945039,1.39853232962306,0.917713955521735,0.159671619992903,0.363739013042995,239.34000000000003,0.14429743744478069,0.999728340121196,80,70,1243.3013524092173,8613.899313285856
01/06/2024 07:00:00,31.38,90.86,0.547684319275821,1.58580615836205,0.853636442883059,-0.0128139015445465,0.520711654669996,458.48,0.3772595387356277,0.999626672467911,90,60,6226.77431950238,16499.11812455116
01/06/2024 08:00:00,41.38,102.88,0.722217244475254,1.79559473445177,0.7314625615102,-0.167258590073549,0.661049986881133,663.9699999999999,0.585702611679635,0.9993165340322696,105,50,14000.00267076938,23886.583167650617
01/06/2024 09:00:00,50.84,117.64,0.887325391713917,2.05320533204613,0.559422659884821,-0.292956571396648,0.775385539511096,848.14,0.7554319512500165,0.9995482463666823,120,40,23065.633984794804,30519.246588243765
01/06/2024 10:00:00,58.85,137.51,1.02712626479866,2.4000022544174,0.349402981388604,-0.381440078825554,0.855815998250973,977.21,0.8748721621650781,0.9995543754461371,140,30,30777.617721216095,35163.88312426991
01/06/2024 11:00:00,63.77,164.85,1.11299646399678,2.87717527191265,0.115508970868019,-0.42661470296332,0.897027074766715,1039.6,0.9359560768947246,0.9997689408937176,165,25,35028.717751431206,37416.95247431192
01/06/2024 12:00:00,63.65,196.53,1.11090206889439,3.43009557894446,-0.126283976782074,-0.425509291408835,0.896099436520778,1024.14,0.9345184935943562,0.9919698943676538,180,25,34454.79972107006,36572.977714236804
01/06/2024 13:00:00,58.56,223.55,1.02206480996788,3.90168354283332,-0.359379504752864,-0.378045712026781,0.85318685595932,932.46,0.8706128980406989,0.9330189130285315,180,25,29225.22130465308,31320.10136313304
01/06/2024 14:00:00,50.45,243.14,0.880518607631139,4.24359354329901,-0.56805426390015,-0.287691904248126,0.771069206683126,775.8599999999999,0.7486571611960907,0.8229644699599565,180,20,20910.71322308156,22986.187691872743
01/06/2024 15:00:00,40.96,257.74,0.714886861616877,4.49841161409018,-0.737945108877653,-0.16035846169989,0.655531982472857,560.6400000000001,0.5769216657798537,0.6746990957602801,180,15,11644.033057301422,13617.478837693567
01/06/2024 16:00:00,30.96,269.68,0.540353936417444,4.70680392677831,-0.857513281889478,-0.0047893074449816,0.514439533781506,365.87,0.3671502346188825,0.514439533781506,0,0,4835.853228240379,6775.847720087025
01/06/2024 17:00:00,20.93,280.38,0.365297412442413,4.8935541567417,-0.918731823310286,0.16828736369792,0.357227098715315,153.33,0.13360056786638935,0.39487901442513984,0,25,737.4591025543252,2179.684774145041
01/06/2024 18:00:00,11.23,290.74,0.196000474998963,5.07437026724831,-0.917291112623505,0.347347448662808,0.194747951489536,53.42,-0.10790413925687808,0.3981856902264709,0,60,0.0,765.7588645883308
01/06/2024 19:00:00,2.18,301.35,0.0380481776934764,5.25954970088491,-0.853387057281725,0.519888031291612,0.0380389981961955,0.0,-0.34071871880995014,0.0380389981961955,0,0,0.0,0.0
02/06/2024 04:00:00,2.59,59.08,0.0452040276266531,1.03114052207825,0.857009239505535,0.513315839169975,0.0451886341834874,18.950000000000003,-0.33101592110385025,0.9989872166107047,60,85,0.0,681.5090791718228
02/06/2024 05:00:00,11.67,69.66,0.203679923707738,1.21579635693925,0.918264273082909,0.340405246911899,0.202274547717617,52.83,-0.09767315409031588,0.999558275386607,70,80,0.0,1901.03989279228
02/06/2024 06:00:00,21.4,80.0,0.373500459926786,1.39626340159546,0.916910985948525,0.161676145730725,0.36487678433762,239.1,0.14368454950037254,0.9997014897811837,80,70,1236.7791282794067,8605.030543440516
02/06/2024 07:00:00,31.44,90.72,0.548731516827017,1.58336269740926,0.853119491911814,-0.0107211800599371,0.521605395695108,459.1,0.37641173152220686,0.9996258503068579,90,60,6221.182533906427,16521.416203531626
02/06/2024 08:00:00,41.44,102.72,0.72326444202645,1.79280220764858,0.731251121200336,-0.1650627969615,0.661835380440256,671.4600000000002,0.5847053085915785,0.9992295686172163,105,50,14133.82415424845,24153.936701173785
02/06/2024 09:00:00,50.91,117.46,0.888547122190313,2.05006373939254,0.559499248658994,-0.290760599932589,0.776156468939648,854.2,0.7544242943632335,0.9995003603172137,115,40,23199.452360822666,30735.835480186703
02/06/2024 10:00:00,58.94,137.33,1.02869706112546,2.39686066176381,0.349688011183546,-0.379351615464656,0.856627484195348,983.5100000000001,0.8739692027744326,0.9996155947714502,135,30,30944.06822234456,35392.74961009208
02/06/2024 11:00:00,63.89,164.72,1.11509085909918,2.87490634388506,0.115981262278561,-0.42453827472546,0.897950778213038,1029.94,0.935140977377787,0.9998101253745049,165,25,34673.00753665721,37070.79985901584
02/06/2024 12:00:00,63.78,196.5,1.11317099692198,3.42957198016886,-0.125483383574828,-0.423624803423936,0.897104200397392,1020.29,0.9338964347118147,0.992084100656713,180,25,34302.42696139623,36439.68553412536
02/06/2024 13:00:00,58.69,223.61,1.02433373799547,3.90273074038452,-0.358439047590774,-0.376266559505144,0.854368143928822,928.8199999999999,0.8701901439616531,0.933337621167958,180,25,29097.000342520652,31208.495374556016
02/06/2024 14:00:00,50.58,243.23,0.882787535658732,4.24516433962581,-0.566942014117626,-0.286010521839353,0.772511963677864,785.1,0.7484884275476631,0.8237451514090653,180,20,21154.97752083613,23282.00346136526
02/06/2024 15:00:00,41.08,257.83,0.716981256719271,4.49998241041698,-0.736852382774486,-0.15890931970642,0.657112162503484,589.73,0.5770143236645208,0.675850366915081,180,15,12250.1756554084,14348.492527709906
02/06/2024 16:00:00,31.07,269.76,0.542273798594638,4.7082001901799,-0.856529909055137,-0.0035878450772473,0.516084917684775,372.19,0.3674641345469739,0.516084917684775,0,0,4923.593144533376,6914.939238471471
02/06/2024 17:00:00,21.05,280.45,0.367391807544806,4.8947758872181,-0.917787756751823,0.169273607051614,0.359182515599231,154.92000000000002,0.1342858770417558,0.3970680284257273,0,25,748.9284505671171,2214.4960426936927
02/06/2024 18:00:00,11.35,290.79,0.198094870101356,5.07524293187431,-0.916604313471235,0.348002266162233,0.196801817247394,48.260000000000005,-0.10691486274613288,0.3997797116947446,0,60,0.0,694.5612799099815
02/06/2024 19:00:00,2.31,301.4,0.040317105721069,5.26042236551091,-0.852857181050966,0.520586246688987,0.0403061842410544,0.0,-0.3396092890256317,0.0403061842410544,0,0,0.0,0.0
03/06/2024 04:00:00,2.66,58.97,0.0464257581030492,1.02922065990106,0.855974218303994,0.51493138829474,0.0464090825994171,20.68,-0.3312952994943193,0.9990053426812644,60,85,0.0,743.7394975193478
03/06/2024 05:00:00,11.74,69.55,0.204901654184134,1.21387649476206,0.917376814726917,0.342080961029429,0.203470872369188,46.24,-0.09801213363252484,0.9995091671877597,70,80,0.0,1663.8229400674325
03/06/2024 06:00:00,21.46,79.88,0.374547657477983,1.39416900649307,0.916193705603985,0.163528935325538,0.365851583463751,240.2,0.14306371648615035,0.9996734382261536,80,70,1237.1005691990392,8644.376155029195
03/06/2024 07:00:00,31.49,90.59,0.549604181453014,1.58109376938166,0.852686134294728,-0.0087807968786932,0.522349742976569,457.27,0.37556600642692783,0.9996227252422684,90,60,6182.462439318287,16455.509408575155
03/06/2024 08:00:00,41.5,102.57,0.724311639577647,1.79018421377058,0.731003887044767,-0.162996898215933,0.662620048215738,668.1899999999999,0.5837993414843652,0.9991414050558913,105,50,14043.199751511765,24034.186635994654
03/06/2024 09:00:00,50.98,117.29,0.889768852666709,2.04709667966415,0.559516359957112,-0.288664269976736,0.776926239857518,845.3000000000001,0.7534862754718316,0.9995305315062055,115,40,22929.190151628212,30416.51369815904
03/06/2024 10:00:00,59.03,137.14,1.03026785745225,2.39354453618502,0.350028350198523,-0.377203116607745,0.857436856496561,974.21,0.8730222973060315,0.99967725070257,135,30,30618.253881306322,35060.240678650225
03/06/2024 11:00:00,64.0,164.58,1.11701072127637,2.87246288293227,0.116559658925959,-0.42259094671826,0.898794046299167,1019.35,0.9343602891207614,0.9998427176526341,165,25,34287.845785748934,36690.82827261165
03/06/2024 12:00:00,63.91,196.48,1.11543992494958,3.42922291431846,-0.124757758892988,-0.421715645164911,0.898104345952708,1010.9100000000001,0.9332536656648374,0.992183695216849,180,25,33963.676673660666,36108.30309593993
03/06/2024 13:00:00,58.81,223.66,1.02642813309787,3.90360340501052,-0.357531128823885,-0.374658266657666,0.855454659901383,925.32,0.8698211919951331,0.9336426451270586,180,25,28975.066033569718,31101.05564600292
03/06/2024 14:00:00,50.69,243.3,0.884707397835926,4.2463860701022,-0.565965000172314,-0.284650740388107,0.773729652124342,778.77,0.7483879526204326,0.8244243316097902,180,20,20981.595091039715,23113.32972219923
03/06/2024 15:00:00,41.19,257.9,0.718901118896464,4.50120414089338,-0.735811082692149,-0.15774422788628,0.65855812891192,581.57,0.5772129319905678,0.6769455152605904,180,15,12084.830094879162,14172.883319163657
03/06/2024 16:00:00,31.18,269.83,0.544193660771832,4.7094219206563,-0.85554126771523,-0.0025384494904504,0.51772839936631,374.04,0.3678842168531718,0.51772839936631,0,0,4953.722848983374,6971.440697963086
03/06/2024 17:00:00,21.16,280.51,0.369311669722,4.89582308476929,-0.916930288078289,0.170108521018866,0.360973597208217,155.88000000000002,0.13496198966517706,0.39904414952471257,0,25,757.3634981642809,2239.3080730048396
03/06/2024 18:00:00,11.46,290.85,0.20001473227855,5.07629012942551,-0.915884605304026,0.348826818850176,0.198683769387324,47.39,-0.10616716842320995,0.4014347713392269,0,60,0.0,684.8637772955747
03/06/2024 19:00:00,2.42,301.44,0.0422369678982628,5.26112049721171,-0.852425942855955,0.521140202897542,0.0422244108312478,0.0,-0.3386446041874033,0.0422244108312478,0,0,0.0,0.0
04/06/2024 04:00:00,2.73,58.87,0.0476474885794452,1.02747533064906,0.855025017601473,0.516394862144832,0.0476294617439819,13.780000000000001,-0.33146719340906816,0.9990217543351384,60,85,0.0,495.5947118905755
04/06/2024 05:00:00,11.8,69.44,0.205948851735331,1.21195663258486,0.916518371130229,0.343766548928064,0.20449605184179,82.72000000000001,-0.09847911290892555,0.9994605164070701,70,80,0.0,2976.3134610189427
04/06/2024 06:00:00,21.51,79.76,0.37542032210398,1.39207461139068,0.915534673139081,0.165390627440157,0.366663609641137,229.49,0.14232149058395233,0.999645071274117,80,70,1175.8089194680038,8258.707706641095
04/06/2024 07:00:00,31.54,90.46,0.550476846079011,1.57882484135407,0.85224771636601,-0.0068424302137786,0.523093692465978,446.54,0.37472142594256214,0.9996150189232286,90,60,6023.811799454102,16069.251259799226
04/06/2024 08:00:00,41.55,102.42,0.725184304203644,1.78756621989259,0.730863115335528,-0.160958150024689,0.663273382989757,586.38,0.5828197062622986,0.9991228128571725,100,50,12303.13749689112,21091.162860114797
04/06/2024 09:00:00,51.04,117.12,0.890816050217906,2.04412961993576,0.559645929375942,-0.286631844063829,0.777585120550482,794.2,0.7525150323325435,0.9995586296165475,115,40,21515.307792426218,28578.580691092633
04/06/2024 10:00:00,59.11,136.97,1.03166412085385,2.39057747645663,0.350328697952549,-0.375287381728604,0.858154522511046,962.8,0.8721751346875046,0.9997276421073416,135,30,30230.287908376657,34651.35985755414
04/06/2024 11:00:00,64.1,164.44,1.11875605052836,2.87001942197948,0.11717091819281,-0.420793034936508,0.89955777895518,1014.61,0.9336290140479898,0.9998678152956391,165,25,34101.69602195631,36521.1318267759
04/06/2024 12:00:00,64.03,196.44,1.11753432005197,3.42852478261766,-0.123930703103975,-0.419997631614826,0.899023453679653,1000.51,0.9326887539397657,0.9922906258067208,180,25,33593.9193073539,35740.68098493176
04/06/2024 13:00:00,58.93,223.7,1.02852252820026,3.90430153671132,-0.356553992250459,-0.373112439985536,0.856537423431282,916.36,0.8694937569071439,0.9339706675645975,180,25,28683.694766859495,30810.7209934618
04/06/2024 14:00:00,50.8,243.37,0.886627260013119,4.2476078005786,-0.564983424512637,-0.283292727497532,0.77494448870418,775.63,0.748286711680205,0.8251014368158521,180,20,20894.170398498627,23039.043387749258
04/06/2024 15:00:00,41.3,257.97,0.720820981073658,4.50242587136977,-0.734765324629745,-0.156581339918034,0.660001667960937,579.86,0.5774113822729283,0.6780388893557902,180,15,12053.439508492087,14154.034693746544
04/06/2024 16:00:00,31.29,269.89,0.546113522949026,4.7104691182075,-0.854547915429474,-0.0016406162371331,0.519369972768452,320.20000000000005,0.3684101205558465,0.519369972768452,0,0,4246.737141671354,5986.8815500965
04/06/2024 17:00:00,21.26,280.57,0.371056998973995,4.89687028232049,-0.9161309248018,0.170952805871479,0.362600698822364,156.45000000000002,0.13551552470568426,0.4008756145847392,0,25,763.2505382473549,2257.8116364641683
04/06/2024 18:00:00,11.57,290.9,0.201934594455744,5.0771627940515,-0.915221812589292,0.349489225679504,0.200564989204778,47.39,-0.10530533749430779,0.4029490423897923,0,60,0.0,687.4471842786812
04/06/2024 19:00:00,2.54,301.48,0.044331363000656,5.26181862891251,-0.851984622917306,0.521687856536882,0.044316843913012,0.0,-0.33755228016822747,0.044316843913012,0,0,0.0,0.0
05/06/2024 04:00:00,2.79,58.77,0.0486946861306418,1.02573000139707,0.854079318547659,0.517860230885053,0.0486754444956164,21.54,-0.3317637440855323,0.9990269311586977,60,85,0.0,774.6854434977005
05/06/2024 05:00:00,11.85,69.33,0.206821516361328,1.21003677040767,0.915689380299962,0.345462379247947,0.205350196810764,66.35,-0.09907427432817867,0.9994128717690373,70,80,0.0,2387.1975855075225
05/06/2024 06:00:00,21.56,79.65,0.376292986729977,1.39015474921348,0.914900342464877,0.167090471475788,0.367475356588233,237.27999999999997,0.1416935111102972,0.999613058558567,80,70,1210.3573073850473,8538.774715251962
05/06/2024 07:00:00,31.59,90.33,0.551349510705009,1.57655591332648,0.851804245385987,-0.00490609450908,0.523837243596785,455.84999999999997,0.37387799988186865,0.9996027373540909,90,60,6135.562304861393,16404.080681623043
05/06/2024 08:00:00,41.6,102.28,0.726056968829641,1.7851227589398,0.73068837786603,-0.159048667409574,0.663926212652242,661.1999999999999,0.5819311184378959,0.9991566169720022,100,50,13851.822798400923,23783.12478510796
05/06/2024 09:00:00,51.1,116.96,0.891863247769102,2.04133709313257,0.559718074798853,-0.284698574839725,0.778243148526021,844.83,0.7516133005980343,0.9995795576777686,115,40,22859.476730792547,30401.092717664735
05/06/2024 10:00:00,59.19,136.79,1.03306038425544,2.38743588380304,0.350685241467246,-0.37331126289695,0.858870515509377,968.05,0.8712840911656137,0.9997751038881966,135,30,30364.0763203034,34841.96241548287
05/06/2024 11:00:00,64.2,164.29,1.12050137978036,2.86740142810148,0.117846855940049,-0.418972825378795,0.900318771402193,1025.69,0.9328800344462649,0.9998884017539771,165,25,34446.446011122825,36920.719252621326
05/06/2024 12:00:00,64.14,196.4,1.11945418222916,3.42782665091686,-0.12314991003715,-0.418427499039697,0.899862504889067,992.97,0.9321718013484694,0.9923874977519319,180,25,33322.27080905963,35474.79649113849
05/06/2024 13:00:00,59.04,223.74,1.03044239037745,3.90499966841211,-0.355676789971925,-0.371674662833775,0.857526656193652,927.2600000000001,0.8691765881277425,0.9342595860396774,180,25,29014.2965918639,31186.855575041445
05/06/2024 14:00:00,50.91,243.43,0.888547122190313,4.2486549981298,-0.563948077838579,-0.282034929087356,0.776156468939648,771.55,0.7482543133381675,0.8258101333071366,180,20,20783.362156418272,22937.537100712365
05/06/2024 15:00:00,41.4,258.04,0.722566310325652,4.50364760184617,-0.733828042659584,-0.15544459009099,0.661311865323652,587.6,0.5775340282015814,0.6790102303212164,180,15,12216.923818964973,14363.510808122885
05/06/2024 16:00:00,31.39,269.95,0.54785885220102,4.71151631575869,-0.853641392566995,-0.0007449428356824,0.520860651188447,366.91,0.3688308526392992,0.520860651188447,0,0,4871.79821310787,6879.923334991912
05/06/2024 17:00:00,21.37,280.62,0.372976861151188,4.89774294694649,-0.915295484662131,0.171623603919579,0.364389234658176,158.32000000000002,0.1363058846749639,0.40278007004519684,0,25,776.8781158226503,2295.6530648240005
05/06/2024 18:00:00,11.68,290.94,0.203854456632938,5.0778609257523,-0.914616287930487,0.3499898250286,0.202445469765826,54.290000000000006,-0.10432961413210459,0.4043228144237514,0,60,0.0,790.2246814223568
05/06/2024 19:00:00,2.65,301.51,0.0462512251778497,5.2623422276881,-0.851637244646078,0.52208845287358,0.04623473702433,0.0,-0.33647938932982113,0.04623473702433,0,0,0.0,0.0
06/06/2024 04:00:00,2.84,58.67,0.049567350756639,1.02398467214507,0.853137573122866,0.519327806459095,0.049547056062008,22.4,-0.332185154276685,0.9990214206642014,60,85,0.0,805.610873623612
06/06/2024 05:00:00,11.89,69.23,0.207519648062126,1.20829144115567,0.914950772714136,0.347009108674462,0.206033400221324,68.07000000000001,-0.09968487942979146,0.9993689648211606,70,80,0.0,2448.9736356735507
06/06/2024 06:00:00,21.6,79.54,0.376991118430775,1.38823488703629,0.914325360143912,0.168800028164721,0.368124552684678,236.65999999999997,0.14094372294484597,0.99958195699882,80,70,1200.8066929965808,8516.198373960266
06/06/2024 07:00:00,31.63,90.21,0.552047642405806,1.57446151822409,0.851446739982417,-0.003120729268045,0.524431797302709,0.0,0.3730359689702765,0.524431797302709,0,0,0.0,0.0
06/06/2024 08:00:00,41.64,102.14,0.726755100530439,1.78267929798701,0.730621504929974,-0.157165271306035,0.664448112367822,666.7900000000001,0.580968395109409,0.9991911047308215,100,50,13945.820982300103,23985.02292204472
06/06/2024 09:00:00,51.15,116.8,0.8927359123951,2.03854456632938,0.559904510986622,-0.282828119958649,0.778790853270304,842.57,0.7506779750064925,0.9995996186130046,115,40,22769.954690443934,30320.375423571335
06/06/2024 10:00:00,59.25,136.62,1.03410758180664,2.38446882407465,0.351173397021863,-0.371615211064242,0.859406411501453,971.32,0.8704637371034697,0.9998121476065167,135,30,30437.958136440324,34960.95126767383
06/06/2024 11:00:00,64.29,164.15,1.12207217610716,2.86495796714869,0.118483849535994,-0.417322655867474,0.901001319809716,1022.2600000000001,0.9321958230021501,0.9999030473823385,165,25,34306.07407279841,36797.7920118145
06/06/2024 12:00:00,64.25,196.35,1.12137404440636,3.42695398629087,-0.122298160315677,-0.416876290600211,0.900698239322588,984.78,0.9316658848270889,0.9924893613626334,180,25,33029.493482160746,35185.81223817699
06/06/2024 13:00:00,59.15,223.77,1.03236225255465,3.90552326718771,-0.354731818641233,-0.370298841910052,0.858512728224549,897.87,0.8689009940426653,0.9345718237526082,180,25,28085.764878759164,30208.464122139154
06/06/2024 14:00:00,51.02,243.49,0.890466984367507,4.24970219568099,-0.562908638145572,-0.280778573130671,0.777365588363546,787.21,0.7482209120655141,0.826516634863049,180,20,21204.251430735363,23423.117764699473
06/06/2024 15:00:00,41.5,258.09,0.724311639577647,4.50452026647216,-0.732832936591713,-0.154565710133069,0.662620048215738,593.23,0.5778375912175127,0.6800463670907229,180,15,12340.46139256674,14523.260628572261
06/06/2024 16:00:00,31.49,270.0,0.549604181453014,4.71238898038469,-0.852731344570089,-1e-16,0.522349742976569,365.64,0.36935704540978215,0.522349742976569,0,0,4861.861563010779,6875.710560790296
06/06/2024 17:00:00,21.47,280.67,0.374722190403183,4.89861561157248,-0.914518989754187,0.172304269026734,0.366014011007972,158.63,0.13697347213682975,0.4045402790076233,0,25,782.211667862351,2310.200080523254
06/06/2024 18:00:00,11.78,290.98,0.205599785884932,5.0785590574531,-0.914040423685579,0.350501219909356,0.204154350212632,50.839999999999996,-0.10348286396797765,0.4056201356052544,0,60,0.0,742.3821969901608
06/06/2024 19:00:00,2.75,301.54,0.0479965544298441,5.2628658264637,-0.851293692168652,0.522491290700097,0.0479781285213439,0.0,-0.33553147473886835,0.0479781285213439,0,0,0.0,0.0
07/06/2024 04:00:00,2.89,58.58,0.0504400153826361,1.02241387581828,0.852283540264357,0.520644532050273,0.0504186298961611,22.4,-0.3324999241027344,0.9990164411594683,60,85,0.0,805.6068581509952
07/06/2024 05:00:00,11.94,69.13,0.208392312688123,1.20654611190368,0.914175384475955,0.348541284111982,0.206887263232446,62.9,-0.10016451874626059,0.999315753042387,70,80,0.0,2262.850591189181
07/06/2024 06:00:00,21.63,79.43,0.377514717206373,1.3863150248591,0.913809998330881,0.17051971396105,0.368611332030308,237.74,0.14007192643298805,0.9995521322714642,80,70,1198.8251924464287,8554.806861343845
07/06/2024 07:00:00,31.66,90.09,0.552571241181405,1.57236712312169,0.851176700375993,-0.0013370263340643,0.524877544859388,454.4800000000001,0.3720898916500615,0.9995794180647195,90,60,6087.86690245632,16354.398741193936
07/06/2024 08:00:00,41.68,102.01,0.727453232231237,1.78041036995942,0.730522323855296,-0.155410579021409,0.664969688239463,663.74,0.5800964501317949,0.9992181313246874,100,50,13861.195841177192,23875.957529476127
07/06/2024 09:00:00,51.19,116.65,0.893434044095897,2.03592657245138,0.560156959320403,-0.281117387133629,0.779228590065895,835.03,0.7497778308816597,0.9996172845741471,115,40,22539.13135636004,30049.5751609662
07/06/2024 10:00:00,59.31,136.45,1.03515477935784,2.38150176434626,0.351654194380317,-0.369919148263981,0.859941365049025,962.37,0.8696427088771947,0.9998457697511369,135,30,30129.04993471725,34639.97664367446
07/06/2024 11:00:00,64.38,164.01,1.12364297243395,2.8625145061959,0.119113189939605,-0.415670854038783,0.901681645086047,1014.1899999999999,0.9315088853442127,0.9999141747095872,165,25,34010.171871380895,36507.706446553784
07/06/2024 12:00:00,64.35,196.3,1.12311937365835,3.42608132166487,-0.12149292283738,-0.415473394494254,0.901455117112245,994.4,0.9312090808948625,0.9925824360835325,180,25,33335.79516150665,35532.86307989273
07/06/2024 13:00:00,59.25,223.79,1.03410758180664,3.90587233303811,-0.353823605923232,-0.369092773922326,0.859406411501453,923.02,0.8686801046953039,0.9348720695090968,180,25,28865.12796849094,31064.602233538317
07/06/2024 14:00:00,51.12,243.53,0.892212313619501,4.25040032738179,-0.561889137362577,-0.279780346616612,0.778462301567024,768.78,0.7482905526714588,0.8272057945920659,180,20,20709.749198979505,22893.81374759358
07/06/2024 15:00:00,41.6,258.14,0.726056968829641,4.50539293109816,-0.731834623545776,-0.153688216636354,0.663926212652242,588.98,0.5781407073459353,0.6810809130244191,180,15,12258.479297253922,14441.149301512403
07/06/2024 16:00:00,31.59,270.05,0.551349510705009,4.71326164501069,-0.851818049614599,0.0007433516683825,0.523837243596785,371.22,0.36988323817983637,0.523837243596785,0,0,4943.0900043762795,7000.519016447947
07/06/2024 17:00:00,21.56,280.7,0.376292986729977,4.89913921034808,-0.913862581216229,0.172676127340066,0.367475356588233,159.82,0.13774385597129166,0.40602186200055956,0,25,792.5120302079459,2336.054903457459
07/06/2024 18:00:00,11.88,291.01,0.207345115136926,5.0790826562287,-0.913522756801608,0.35085147728925,0.205862608769881,47.39,-0.1025226121266106,0.40677759667273,0,60,0.0,693.9788510275442
07/06/2024 19:00:00,2.85,301.56,0.0497418836818384,5.2632148923141,-0.851038607951203,0.522743792652856,0.0497213738686579,0.0,-0.3344773599755694,0.0497213738686579,0,0,0.0,0.0
08/06/2024 04:00:00,2.93,58.49,0.0511381470834339,1.02084307949148,0.851434446387734,0.521964129249162,0.0511158613502366,3.45,-0.33294000314127026,0.9990019580627215,60,85,0.0,124.07604319139001
08/06/2024 05:00:00,11.97,69.03,0.208915911463721,1.20480078265169,0.91346439662376,0.350097473909512,0.207399505454978,72.38,-0.1009027011557449,0.9992709052359976,70,80,0.0,2603.7802123553342
08/06/2024 06:00:00,21.66,79.33,0.378038315981972,1.3845696956071,0.913321201040337,0.172078593987615,0.36909801031905,98.33000000000001,0.13931376531337344,0.9995206166021218,80,70,493.1540115575045,3538.1830402975193
08/06/2024 07:00:00,31.69,89.98,0.553094839957003,1.5704472609445,0.850902756729399,0.0002970211064482,0.525323148517911,466.14,0.37124953499275776,0.9995649777368252,90,60,6229.953296694868,16773.739874000774
08/06/2024 08:00:00,41.71,101.89,0.727976831006835,1.77831597485702,0.730505405235263,-0.153808479662984,0.665360657467681,653.2,0.5792400518038262,0.9992435631675001,100,50,13620.945666177335,23497.4122365964
08/06/2024 09:00:00,51.23,116.51,0.894132175796695,2.03348311149859,0.560355243491134,-0.27950494103635,0.779665947074937,830.8,0.7489469174188691,0.9996298055033974,115,40,22400.10356369747,29897.727926840013
08/06/2024 10:00:00,59.37,136.29,1.03620197690903,2.37870923754307,0.352063364855157,-0.368284557336251,0.860475375565452,957.9699999999999,0.8688644810051214,0.9998749848682291,135,30,29964.459847265138,34482.608613151824
08/06/2024 11:00:00,64.45,163.87,1.12486470291034,2.86007104524311,0.119822371997238,-0.414320009587138,0.902209248913282,1008.6700000000001,0.9309267663161441,0.9999184787970676,165,25,33803.924449683785,36309.15979229658
08/06/2024 12:00:00,64.45,196.24,1.12486470291034,3.42503412411367,-0.120617587999431,-0.414089203723703,0.902209248913282,1006.23,0.9307635619249717,0.9926809273098964,180,25,33716.239880967514,35959.15186153333
08/06/2024 13:00:00,59.35,223.8,1.03585291105863,3.90604686596331,-0.352849302719719,-0.36794785071884,0.860297476877385,865.97,0.8685006001039832,0.9351957835439788,180,25,27075.436728193672,29154.65373632086
08/06/2024 14:00:00,51.21,243.57,0.893783109946296,4.25109845908259,-0.560988634318395,-0.278843385535726,0.779447316057062,650.2199999999999,0.7483245315629293,0.8278109458765466,180,20,17516.720768862524,19377.33239620253
08/06/2024 15:00:00,41.69,258.18,0.727627765156436,4.50609106279896,-0.730920057932296,-0.15296344958378,0.665100031576965,514.89,0.5784582349698362,0.6820271515227269,180,15,10722.324981730282,12642.082561711326
08/06/2024 16:00:00,31.68,270.08,0.552920307031804,4.71378524378629,-0.850993652266048,0.0011882120638092,0.525174629961296,306.51,0.370514349344961,0.525174629961296,0,0,4088.3887158380644,5794.965929859727
08/06/2024 17:00:00,21.66,280.74,0.378038315981972,4.89983734204888,-0.91311028580692,0.173194297631657,0.36909801031905,160.08,0.13852484370087664,0.407711473940381,0,25,798.302051266908,2349.592298941543
08/06/2024 18:00:00,11.97,291.04,0.208915911463721,5.0796062550043,-0.913035990246605,0.351213219642189,0.207399505454978,50.839999999999996,-0.1016916525294009,0.40785932308254846,0,60,0.0,746.4804474786034
08/06/2024 19:00:00,2.94,301.58,0.0513126800086333,5.2635639581645,-0.850788498438849,0.52299928285242,0.0512901653343342,0.0,-0.3335487157445606,0.0512901653343342,0,0,0.0,0.0
09/06/2024 04:00:00,2.97,58.4,0.0518362787842316,1.01927228316469,0.850582895296733,0.523282088575888,0.0518130678910622,22.4,-0.3333789416456209,0.9989845370625063,60,85,0.0,805.5811306872051
09/06/2024 05:00:00,12.0,68.94,0.20943951023932,1.20322998632489,0.91281187240452,0.351492836937901,0.207911690817759,62.040000000000006,-0.10152720207208885,0.9992259804412101,70,80,0.0,2231.7112737566163
09/06/2024 06:00:00,21.69,79.23,0.37856191475757,1.38282436635511,0.91282949612714,0.173636239718908,0.36958458741748,236.52,0.13855640541995984,0.9994861741541917,80,70,1179.7689963574405,8510.34491679418
09/06/2024 07:00:00,31.72,89.87,0.553618438732601,1.5685273987673,0.85062544385544,0.0019300112224694,0.525768608156113,452.90000000000003,0.3704098241390261,0.9995475475622813,90,60,6039.309936692338,16297.02303447446
09/06/2024 08:00:00,41.74,101.76,0.728500429782433,1.77604704682943,0.730511335348076,-0.15207959548343,0.665751444283502,665.6899999999999,0.5782938740840426,0.999269249792047,100,50,13858.720165404227,23947.327688186437
09/06/2024 09:00:00,51.26,116.37,0.894655774572293,2.0310396505458,0.560670699217011,-0.277953540846419,0.779993715468559,841.52,0.7480816790780236,0.9996432198958315,115,40,22662.925004798584,30283.911446642644
09/06/2024 10:00:00,59.41,136.13,1.03690010860983,2.37591671073988,0.352674032063339,-0.366866815571062,0.86083085838098,960.2800000000001,0.86811335049844,0.9998974980709938,135,30,30010.74797579911,34566.5365001141
09/06/2024 11:00:00,64.52,163.73,1.12608643338674,2.85762758429032,0.120525485222557,-0.412967569518289,0.902735506080283,1029.31,0.930342566783747,0.9999202472174751,165,25,34473.99266698243,37052.20474788309
09/06/2024 12:00:00,64.54,196.17,1.12643549923714,3.42381239363728,-0.119716774753886,-0.412874623808648,0.902885617815122,1015.3699999999999,0.9303829892678182,0.9927806220600977,180,25,34008.58712926311,36289.4277679618
09/06/2024 13:00:00,59.44,223.8,1.03742370738543,3.90604686596331,-0.351913538651048,-0.366972044970625,0.861097195166826,936.63,0.8683760874678021,0.9355081811280277,180,25,29280.49541297883,31544.100996838006
09/06/2024 14:00:00,51.3,243.6,0.895353906273091,4.25162205785819,-0.560037200283221,-0.278004880533886,0.78043040733833,777.6700000000001,0.7484267695015794,0.8284479638982045,180,20,20953.04565017856,23193.328611049805
09/06/2024 15:00:00,41.78,258.22,0.729198561483231,4.50678919449976,-0.730003033802813,-0.152239658352624,0.666272209433476,586.15,0.5787752921932181,0.6829720574320336,180,15,12212.96895068597,14411.666572696313
09/06/2024 16:00:00,31.77,270.12,0.554491103358599,4.71448337548708,-0.850166625254655,0.0017805874196621,0.526510720509613,363.65999999999997,0.3710402354008238,0.526510720509613,0,0,4857.569712211089,6892.95199033893
09/06/2024 17:00:00,21.75,280.77,0.379609112308767,4.90036094082448,-0.912448785018021,0.173563821763871,0.370557437509836,162.16,0.1392955215444288,0.4091903318144309,0,25,813.1738238512048,2388.754951453012
09/06/2024 18:00:00,12.06,291.06,0.210486707790516,5.0799553208547,-0.91260819031864,0.35141440588725,0.208935890402412,59.46,-0.1007475244727215,0.40880174795538027,0,60,0.0,875.0646696033688
09/06/2024 19:00:00,3.04,301.6,0.0530580092606276,5.2639130240149,-0.850528344828224,0.523248528903748,0.0530331183679218,0.0,-0.33249250540829905,0.0530331183679218,0,0,0.0,0.0
10/06/2024 04:00:00,3.0,58.32,0.0523598775598299,1.01787601976309,0.849828223433343,0.524454896383154,0.0523359562429438,23.259999999999998,-0.33383850409974825,0.9989632042518727,60,85,0.0,836.491828712348
10/06/2024 05:00:00,12.03,68.85,0.209963109014918,1.2016591899981,0.91215696855692,0.352886917172227,0.208423819180372,64.62,-0.10215083622125726,0.999178411524971,70,80,0.0,2324.4087222987705
10/06/2024 06:00:00,21.71,79.14,0.378910980607969,1.38125357002831,0.91242886845673,0.17504557683311,0.369908915867049,233.43,0.13778918843555166,0.9994563233967863,80,70,1157.9086892343896,8398.911224538424
10/06/2024 07:00:00,31.73,89.77,0.553792971657801,1.56678206951531,0.85052900362676,0.0034142605837576,0.525917062676556,446.34,0.36946527454879047,0.9995382551345191,90,60,5936.6567031158565,16060.820572682685
10/06/2024 08:00:00,41.76,101.65,0.728849495632832,1.77412718465224,0.730574312530061,-0.150629898453032,0.666011867434252,655.9699999999999,0.5774529304590555,0.9992913150429183,100,50,13636.504756556158,23598.184461433313
10/06/2024 09:00:00,51.29,116.23,0.895179373347892,2.02859618959301,0.560981767266374,-0.276402193090433,0.780321270022479,825.76,0.7472163266060726,0.9996539286216111,115,40,22212.7687388963,29717.072211548937
10/06/2024 10:00:00,59.46,135.98,1.03777277323583,2.37329871686189,0.353111115339152,-0.365401923826845,0.861274621875962,958.38,0.8673913037889449,0.9999184233620356,135,30,29926.457198108965,34498.865468941476
10/06/2024 11:00:00,64.59,163.59,1.12730816386314,2.85518412333752,0.121222525024046,-0.41161355744535,0.903260415801544,968.19,0.9297563028885778,0.9999194883959678,165,25,32406.50717617292,34852.03378092332
10/06/2024 12:00:00,64.62,196.1,1.12783176263874,3.42259066316088,-0.11886254673614,-0.411808953310679,0.903484964433035,772.21,0.9300532484900013,0.9928734427536063,180,25,25855.071084592702,27601.444844235444
10/06/2024 13:00:00,59.53,223.8,1.03899450371222,3.90604686596331,-0.350976906270702,-0.365995333755368,0.861894788784538,792.08,0.8682494321999483,0.9358182704386362,180,25,24758.028369249663,26684.745683365258
10/06/2024 14:00:00,51.39,243.62,0.896924702599886,4.25197112370859,-0.55903527683063,-0.277264337526082,0.781411572985148,579.54,0.7485969154013332,0.8291166773906199,180,20,15618.30682866079,17298.226051738555
10/06/2024 15:00:00,41.87,258.24,0.730769357810026,4.50713826035016,-0.729030620564382,-0.151771336741321,0.667442743329542,567.8499999999999,0.5792718312616065,0.6839814958005521,180,15,11841.822337748517,13982.360126052366
10/06/2024 16:00:00,31.85,270.14,0.555887366760194,4.71483244133748,-0.849429977980151,0.0020755531140244,0.527697266041724,372.90000000000003,0.3716706775500651,0.527697266041724,0,0,4989.455843703095,7084.01917825052
10/06/2024 17:00:00,21.83,280.79,0.381005375710362,4.90071000667488,-0.911879006818513,0.173785284831234,0.371853938663837,161.94000000000003,0.14005568826552434,0.4104589552427727,0,25,816.5022536778846,2392.9100356325266
10/06/2024 18:00:00,12.15,291.07,0.212057504117311,5.0801298537799,-0.912239464164981,0.351455257945747,0.210471759821306,31.009999999999998,-0.09969038755919318,0.4096050615852826,0,60,0.0,457.26670655134603
10/06/2024 19:00:00,3.12,301.6,0.0544542726622231,5.2639130240149,-0.850464446926171,0.523209218652123,0.0544273647350091,0.0,-0.3314788278019928,0.0544273647350091,0,0,0.0,0.0
11/06/2024 04:00:00,3.03,58.24,0.0528834763354282,1.0164797563615,0.849071701989653,0.525626472835371,0.0528588302466262,23.259999999999998,-0.3342972060000794,0.998939661167769,60,85,0.0,836.472114675443
11/06/2024 05:00:00,12.05,68.77,0.210312174865317,1.2002629265965,0.911595484777877,0.354133817573398,0.208765206352684,61.18,-0.1027911307658376,0.9991380724791844,70,80,0.0,2200.581621873954
11/06/2024 06:00:00,21.72,79.05,0.379085513533168,1.37968277370152,0.912089382225759,0.176466333953051,0.370071063192198,236.73,0.13689921691478646,0.9994294481994876,80,70,1166.6934583285463,8517.417597801528
11/06/2024 07:00:00,31.75,89.68,0.5541420375082,1.56521127318852,0.850338962586482,0.0047492380704586,0.526213923651869,454.34000000000003,0.3687312153239263,0.9995221052535332,90,60,6031.056253329816,16348.423438832053
11/06/2024 08:00:00,41.77,101.54,0.729024028558032,1.77220732247504,0.730748252245,-0.149203763205901,0.666142048579787,663.61,0.5765365525257106,0.9993165074441952,100,50,13773.435178377124,23873.631390181527
11/06/2024 09:00:00,51.31,116.1,0.895528439198291,2.02632726156542,0.561362817323765,-0.275008806530489,0.780539520880911,841.8000000000001,0.7463853801827192,0.9996645855728674,115,40,22619.05966936127,30294.635332868635
11/06/2024 10:00:00,59.49,135.83,1.03829637201143,2.3706807229839,0.35375224975166,-0.364152715729871,0.861540565163474,965.3199999999999,0.8666960305744722,0.9999337504921135,135,30,30119.00444042938,34749.21772890169
11/06/2024 11:00:00,64.65,163.45,1.12835536141433,2.85274066238473,0.1219584176077,-0.410409195877542,0.903709265368999,938.0600000000001,0.9292220752298604,0.9999151354603875,165,25,31379.978156044428,33767.29411091896
11/06/2024 12:00:00,64.69,196.03,1.12905349311513,3.42136893268448,-0.118054442141382,-0.410892661011113,0.904007947873188,865.14,0.9297751371284095,0.9929601848590192,180,25,28957.8838368698,30925.784675841547
11/06/2024 13:00:00,59.61,223.78,1.04039076711382,3.90569780011291,-0.350016142587618,-0.36524858874368,0.862601975623076,795.56,0.8682214603474625,0.9361436112984898,180,25,24866.00153978498,26811.30281056655
11/06/2024 14:00:00,51.47,243.63,0.898320966001481,4.25214565663379,-0.558105589501362,-0.276681882938987,0.78228210168754,430.97,0.7488006145617441,0.8297354955870812,180,20,11617.581630876295,12873.279835193918
11/06/2024 15:00:00,41.95,258.26,0.732165621211621,4.50748732620056,-0.728170413025002,-0.1513270804024,0.668481835453951,158.07000000000002,0.5796924436792176,0.6848701997179921,180,15,3298.7514446054615,3897.267568899229
11/06/2024 16:00:00,31.93,270.16,0.557283630161789,4.71518150718788,-0.848691572454957,0.0023700001243094,0.528882782801013,346.47999999999996,0.3723007590120961,0.528882782801013,0,0,4643.811611370397,6596.903037056219
11/06/2024 17:00:00,21.91,280.8,0.382401639111958,4.90088453960008,-0.911337763514945,0.173846976057528,0.373149714869557,163.4,0.140928318123037,0.4116593991470946,0,25,828.9967385269529,2421.5452495428694
11/06/2024 18:00:00,12.23,291.08,0.213453767518906,5.0803043867051,-0.91190301296335,0.351508427705884,0.211836541229557,56.010000000000005,-0.09876293806852848,0.4103334986523999,0,60,0.0,827.3800533427531
11/06/2024 19:00:00,3.2,301.61,0.0558505360638185,5.2640875569401,-0.850307567851846,0.523317303014315,0.0558215049931638,1.72,-0.3305694489569726,0.5261910874115033,0,85,0.0,32.581752132520286
12/06/2024 04:00:00,3.05,58.16,0.053232542185827,1.0150834929599,0.84832123512453,0.526801721811342,0.0532074048737363,22.4,-0.3348817530379919,0.9989079796324423,60,85,0.0,805.5193947756014
12/06/2024 05:00:00,12.06,68.69,0.210486707790516,1.1988666631949,0.911066173206415,0.355393052465536,0.208935890402412,59.46,-0.10356085244817206,0.9991020183951792,70,80,0.0,2138.6378164959847
12/06/2024 06:00:00,21.73,78.96,0.379260046458368,1.37811197737472,0.911747656265103,0.177886451064699,0.370233199244339,240.56,0.13600968997700477,0.9994003920296755,80,70,1177.8656767512575,8654.967299039714
12/06/2024 07:00:00,31.75,89.58,0.5541420375082,1.56346594393652,0.850329378466586,0.0062333515489881,0.526213923651869,463.43,0.36768178861920775,0.9995138051622303,90,60,6134.21176679278,16675.368578147965
12/06/2024 08:00:00,41.78,101.44,0.729198561483231,1.77046199322305,0.730893583776368,-0.147905078111511,0.666272209433476,680.21,0.57571028111113,0.9993370583047486,100,50,14097.740051325663,24471.326175461032
12/06/2024 09:00:00,51.32,115.98,0.89570297212349,2.02423286646302,0.561815090823205,-0.273772808033197,0.780648610646898,0.0,0.745588535377035,0.780648610646898,0,0,0.0,0.0
12/06/2024 10:00:00,59.52,135.69,1.03881997078702,2.36823726203111,0.354325824584872,-0.3629644047763,0.861806272254755,973.17,0.8660436511270979,0.9999465175434554,135,30,30341.077198824878,35032.24628919952
12/06/2024 11:00:00,64.7,163.31,1.12922802604033,2.85029720143194,0.12273433383324,-0.409354402318305,0.904082549660778,1019.9,0.9287401754053993,0.9999077313166391,165,25,34099.99577625481,36713.01222611425
12/06/2024 12:00:00,64.76,195.95,1.13027522359153,3.41997266928289,-0.117177023065067,-0.409994854369927,0.904529581968324,1018.55,0.9295091429702014,0.9930535164193476,180,25,34083.05535260274,36413.08772936135
12/06/2024 13:00:00,59.69,223.76,1.04178703051542,3.90534873426251,-0.349055260972077,-0.364500505384793,0.863307480774924,930.11,0.8681913530085346,0.9364668624226342,180,25,29070.48453648365,31356.618962684985
12/06/2024 14:00:00,51.55,243.64,0.899717229403077,4.25232018955898,-0.557174627766538,-0.276099222119136,0.783151105290944,798.47,0.7490030894857382,0.8303528101235206,180,20,21530.03388702039,23868.42509877579
12/06/2024 15:00:00,42.02,258.28,0.733387351688017,4.50783639205095,-0.727422970549636,-0.150906882583754,0.669389972068298,603.06,0.5800374685104617,0.6856386371294125,180,15,12592.706247357082,14885.324514261483
12/06/2024 16:00:00,32.01,270.17,0.558679893563385,4.71535604011308,-0.84795186241926,0.0025159312055552,0.530067268476254,381.67,0.3730351280081424,0.530067268476254,0,0,5125.547423047238,7283.187876935947
12/06/2024 17:00:00,21.98,280.81,0.383623369588354,4.90105907252528,-0.9108589291785,0.173920398892352,0.374282922379476,165.06,0.14167769905339425,0.412717463768488,0,25,841.8715562071171,2452.4332045065585
12/06/2024 18:00:00,12.3,291.09,0.214675497995303,5.08047891963029,-0.911599497510826,0.351574189413194,0.213030386274977,56.87,-0.0979652626904074,0.41098737248423656,0,60,0.0,841.4226674344271
12/06/2024 19:00:00,3.28,301.61,0.057246799465414,5.2640875569401,-0.850240361247681,0.523275941064632,0.0572155364244381,0.86,-0.32955447256362747,0.5262713807013327,0,85,0.0,16.29336194651326
13/06/2024 04:00:00,3.06,58.09,0.0534070751110265,1.01386176248351,0.847669096471014,0.527832831573136,0.0533816897587605,22.4,-0.33548761971864516,0.998874143074423,60,85,0.0,805.4921089752147
13/06/2024 05:00:00,12.07,68.62,0.210661240715716,1.19764493271851,0.910597328278695,0.356492565019712,0.209106568087589,58.589999999999996,-0.10421763788264374,0.9990681217095897,70,80,0.0,2107.2744450347345
13/06/2024 06:00:00,21.74,78.88,0.379434579383567,1.37671571397313,0.911434972664151,0.179146851911794,0.370395324018531,242.69,0.13523309151824014,0.9993721464367267,80,70,1181.5098833002212,8731.354543874251
13/06/2024 07:00:00,31.76,89.5,0.554316570433399,1.56206968053493,0.850227995079487,0.0074198273050605,0.526362330097698,465.55,0.3669477627705929,0.9995002077963954,90,60,6149.971114482582,16751.423582626026
13/06/2024 08:00:00,41.78,101.34,0.729198561483231,1.76871666397105,0.731150613490351,-0.146629203535034,0.666272209433476,679.85,0.5748081015461596,0.9993612435228074,100,50,14068.198362101639,24458.966690723304
13/06/2024 09:00:00,51.33,115.87,0.895877505048689,2.02231300428583,0.562217057717294,-0.27263424287935,0.780757676632969,865.48,0.7448605695342747,0.999684292579182,115,40,23207.829325938867,31147.443415491496
13/06/2024 10:00:00,59.54,135.55,1.03916903663742,2.36579380107831,0.355000968460058,-0.361882769711748,0.861983279059504,971.13,0.8654039823501383,0.9999560935947641,135,30,30255.11169766883,34959.145002216595
13/06/2024 11:00:00,64.74,163.17,1.12992615774113,2.84785374047915,0.12355143363563,-0.408449049915297,0.904380681389133,1058.33,0.9283108055486756,0.9998977251012608,165,25,35368.53029410787,38095.98333863102
13/06/2024 12:00:00,64.83,195.86,1.13149695406792,3.41840187295609,-0.116230765554223,-0.409115080754745,0.905049865939837,1040.0700000000002,0.9292549454053968,0.9931532454382266,180,25,34793.64687844048,37186.16025538571
13/06/2024 13:00:00,59.76,223.74,1.04300876099181,3.90499966841211,-0.348198518874466,-0.363860028966473,0.863923417192835,944.7099999999999,0.8681740006078351,0.9367544133639102,180,25,29526.215764112203,31858.605426564704
13/06/2024 14:00:00,51.62,243.64,0.900938959879473,4.25232018955898,-0.55631689872866,-0.275674187833033,0.783910231054248,811.3499999999999,0.7492393278348036,0.8309207847140946,180,20,21884.231830995643,24270.032832400102
13/06/2024 15:00:00,42.09,258.28,0.734609082164413,4.50783639205095,-0.726621663552176,-0.150740648156364,0.670297109534323,613.95,0.5805613660732822,0.6864718400000802,180,15,12831.6834252249,15172.537902049773
13/06/2024 16:00:00,32.08,270.18,0.559901624039781,4.71553057303828,-0.847303181575012,0.0026618902078725,0.531102845815557,390.15,0.373664183166893,0.531102845815557,0,0,5248.262918252279,7459.551910617824
13/06/2024 17:00:00,22.06,280.82,0.385019632989949,4.90123360545048,-0.910314366089353,0.173981097260448,0.375577332499433,167.70000000000002,0.14255006499916467,0.41391624997863924,0,25,860.6032524129571,2498.895184371041
13/06/2024 18:00:00,12.37,291.09,0.215897228471699,5.08047891963029,-0.911355985064831,0.351480274606257,0.214223913345879,48.260000000000005,-0.09705490380820389,0.41150280341108864,0,60,0.0,714.928510534289
13/06/2024 19:00:00,3.35,301.6,0.05846852994181,5.2639130240149,-0.850271505193599,0.523090520106276,0.0584352225182464,1.72,-0.32856091183874897,0.5261929679731282,0,85,0.0,32.5818685768961
14/06/2024 04:00:00,3.07,58.02,0.0535816080362259,1.01264003200711,0.847015678777284,0.528863118074598,0.0535559730176854,21.54,-0.33609290541616077,0.9988387928446347,60,85,0.0,774.5395535234435
14/06/2024 05:00:00,12.07,68.54,0.210661240715716,1.19624866931691,0.910098683290908,0.357763650829409,0.209106568087589,58.589999999999996,-0.10511643127815049,0.9990347996908368,70,80,0.0,2107.2041608999
14/06/2024 06:00:00,21.74,78.81,0.379434579383567,1.37549398349673,0.911215423334477,0.180260245818587,0.370395324018531,241.57,0.13444580313661503,0.9993506509124984,80,70,1169.2106158936353,8690.872922673561
14/06/2024 07:00:00,31.75,89.42,0.5541420375082,1.56067341713333,0.850308656168283,0.0086078917392063,0.526213923651869,464.18,0.36600273514850445,0.9994958591254752,90,60,6116.08138564438,16702.05556399907
14/06/2024 08:00:00,41.78,101.25,0.729198561483231,1.76714586764426,0.731380035989219,-0.145480534412835,0.666272209433476,679.98,0.5739958698205131,0.9993815228302732,100,50,14051.00561617989,24464.14012418865
14/06/2024 09:00:00,51.34,115.76,0.896052037973889,2.02039314210864,0.562616706924787,-0.271495135322381,0.780866718835801,861.64,0.7441322033372991,0.9996912018840057,115,40,23082.266580607815,31009.46137888805
14/06/2024 10:00:00,59.56,135.42,1.03951810248782,2.36352487305072,0.355609922981445,-0.360862030783318,0.862160180834205,989.2700000000001,0.8648072993765193,0.9999637072523263,135,30,30799.005013951537,35612.42748024632
14/06/2024 11:00:00,64.77,163.04,1.13044975651673,2.84558481245156,0.124339707895565,-0.407714675522299,0.904603990928733,1055.48,0.9279494281252118,0.9998865502511436,165,25,35259.55424631354,37992.969218126775
14/06/2024 12:00:00,64.88,195.77,1.13236961869392,3.4168310766293,-0.115373291617804,-0.408536917981649,0.905420670311502,1042.84,0.9291083208736088,0.9932449661815648,180,25,34880.80756823403,37288.64089918019
14/06/2024 13:00:00,59.83,223.7,1.04423049146821,3.90430153671132,-0.347214938675889,-0.363339678658786,0.864538064096908,952.9,0.8682406783705824,0.9370915630968185,180,25,29784.47552709581,32146.363817098503
14/06/2024 14:00:00,51.69,243.63,0.902160690355869,4.25214565663379,-0.555410290890194,-0.275345683644716,0.784668186733408,805.9200000000001,0.7495429958961695,0.8315206750231127,180,20,21746.580885095074,24125.009126926572
14/06/2024 15:00:00,42.16,258.28,0.735830812640809,4.50783639205095,-0.725819271980931,-0.150574188729689,0.671203246498009,609.21,0.581084397075594,0.6873040182255994,180,15,12744.087319527216,15073.649313955828
14/06/2024 16:00:00,32.14,270.18,0.560948821590977,4.71553057303828,-0.846746550235763,0.0026601414931933,0.531989852639194,395.69,0.3742926282348535,0.531989852639194,0,0,5331.73860238497,7578.110332468896
14/06/2024 17:00:00,22.12,280.82,0.386066830541146,4.90123360545048,-0.909927555599498,0.173907169268137,0.376547659716359,167.36,0.1432884649389055,0.41476442177170847,0,25,863.3072697183082,2498.939050597673
14/06/2024 18:00:00,12.44,291.08,0.217118958948095,5.0803043867051,-0.911172426826311,0.351226810932298,0.215417120660777,56.010000000000005,-0.09603195294183725,0.4118799010879526,0,60,0.0,830.4981573577041
14/06/2024 19:00:00,3.41,301.59,0.0595157274930066,5.2637384910897,-0.850310196996577,0.522909769748976,0.0594805983890075,1.72,-0.32769390966829626,0.5261040159359744,0,85,0.0,32.57636066675554
15/06/2024 04:00:00,3.07,57.95,0.0535816080362259,1.01141830153071,0.846368918610367,0.52989754798871,0.0535559730176854,23.259999999999998,-0.3368243578230916,0.9987960602983694,60,85,0.0,836.3518690514426
15/06/2024 05:00:00,12.07,68.48,0.210661240715716,1.19520147176572,0.909723535122929,0.358716507601854,0.209106568087589,62.040000000000006,-0.10579020276344589,0.9990085764710007,70,80,0.0,2231.2257150333917
15/06/2024 06:00:00,21.73,78.74,0.379260046458368,1.37427225302034,0.911057901845188,0.181385990811711,0.370233199244339,237.22000000000003,0.13353514169086073,0.9993331224413446,80,70,1140.3794272286157,8534.224918999289
15/06/2024 07:00:00,31.75,89.34,0.5541420375082,1.55927715373173,0.85029580842787,0.0097951378193421,0.526213923651869,456.43,0.3651632253943033,0.9994847326558964,90,60,6000.172234801987,16423.01339494071
15/06/2024 08:00:00,41.78,101.16,0.729198561483231,1.76557507131746,0.731607653880552,-0.144331506331879,0.666272209433476,669.8299999999999,0.5731833842726953,0.9994003929805813,100,50,13821.67534634566,24099.421148286576
15/06/2024 09:00:00,51.34,115.65,0.896052037973889,2.01847327993144,0.563136902980263,-0.270414489102206,0.780866718835801,853.7,0.7433680710669498,0.999700687442099,115,40,22846.07960171478,30724.001167295515
15/06/2024 10:00:00,59.57,135.3,1.03969263541302,2.36143047794833,0.356259081176154,-0.360009488912381,0.862248592328552,979.97,0.864266977605522,0.9999683668640955,135,30,30490.405561587,35277.80401712908
15/06/2024 11:00:00,64.8,162.9,1.13097335529233,2.84314135149876,0.125196281368974,-0.406956872723678,0.904827052466019,1039.4,0.9275713089531415,0.9998730574212038,165,25,34708.23426693223,37413.65001180957
15/06/2024 12:00:00,64.93,195.68,1.13324228331992,3.4152602803025,-0.114517833977186,-0.407956761446168,0.905790785165939,992.85,0.9289597989766107,0.9933352194096765,180,25,33203.438510901404,35504.3834132723
15/06/2024 13:00:00,59.89,223.65,1.0452776890194,3.90342887208532,-0.34627262919049,-0.362987264980892,0.865063877257164,815.0899999999999,0.8683632903204148,0.9374191752025198,180,25,25480.592435061608,27506.915838569585
15/06/2024 14:00:00,51.75,243.61,0.903207887907066,4.25179659078339,-0.554577766487632,-0.27517416119548,0.785316930880745,798.43,0.749880442595026,0.832071630978472,180,20,21554.173504121278,23916.63428359709
15/06/2024 15:00:00,42.22,258.27,0.736878010192006,4.50766185912575,-0.725104379188259,-0.150557887209235,0.671979137980563,601.8399999999999,0.5816215082887162,0.6880492527030384,180,15,12601.551187745312,14907.440240884678
15/06/2024 16:00:00,32.21,270.18,0.562170552067374,4.71553057303828,-0.846095973451103,0.002658097639222,0.533023956522378,351.12,0.37502529532610707,0.533023956522378,0,0,4740.4397410164975,6737.593378108945
15/06/2024 17:00:00,22.19,280.81,0.387288561017542,4.90105907252528,-0.909505339135909,0.173661942931058,0.37767918616292,135.16,0.14426197616823483,0.41568629587315525,0,25,701.9441531603503,2022.629751007764
15/06/2024 18:00:00,12.5,291.07,0.218166156499291,5.0801298537799,-0.911022711844504,0.350986484101326,0.216439613938103,63.760000000000005,-0.09513900427984098,0.4121830185857828,0,60,0.0,946.1084135410625
15/06/2024 19:00:00,3.47,301.58,0.0605629250442032,5.2635639581645,-0.850347919038674,0.522728448549002,0.0605259090319994,1.72,-0.3268265499741158,0.5260144895434008,0,85,0.0,32.57081719252738
16/06/2024 04:00:00,3.07,57.89,0.0535816080362259,1.01037110397952,0.845813547223502,0.530783572736879,0.0535559730176854,22.4,-0.337450871930821,0.9987582513668698,60,85,0.0,805.3986539022438
16/06/2024 05:00:00,12.06,68.42,0.210486707790516,1.19415427421452,0.909381313273853,0.359682388740503,0.208935890402412,62.9,-0.10659387121499067,0.9989875728638232,70,80,0.0,2262.1074599928415
16/06/2024 06:00:00,21.72,78.68,0.379085513533168,1.37322505546914,0.910930802317469,0.182352629750845,0.370071063192198,227.38,0.13273697724009642,0.9993177808251577,80,70,1086.5424198547125,8180.095572144877
16/06/2024 07:00:00,31.73,89.27,0.553792971657801,1.55805542325534,0.850466823422284,0.0108363021217221,0.525917062676556,447.71999999999997,0.36421709864704754,0.9994844054978304,90,60,5870.4220586252195,16109.609689061588
16/06/2024 08:00:00,41.76,101.08,0.728849495632832,1.76417880791587,0.732036658544936,-0.14335453596976,0.666011867434252,659.83,0.5723084723115437,0.9994267335114635,100,50,13594.546774271732,23740.262696623282
16/06/2024 09:00:00,51.33,115.56,0.895877505048689,2.01690248360465,0.563683914653652,-0.269588380201044,0.780757676632969,844.8000000000001,0.7427068193798815,0.9997114096500624,115,40,22587.79395643646,30404.02315940542
16/06/2024 10:00:00,59.57,135.18,1.03969263541302,2.35933608284593,0.357012301371996,-0.359262552594202,0.862248592328552,893.6,0.863738813869823,0.9999705885503494,135,30,27786.13214666666,32168.653845429322
16/06/2024 11:00:00,64.83,162.77,1.13149695406792,2.84087242347117,0.125978963422195,-0.406219203063262,0.905049865939837,826.77,0.9272072506522623,0.9998594761108558,165,25,27597.13699038375,29759.5374863102
16/06/2024 12:00:00,64.97,195.58,1.13394041502072,3.41351495105051,-0.113635771466593,-0.407546785882236,0.906086380407658,912.8399999999999,0.9288789198751397,0.9934298565188723,180,25,30525.04199587761,32646.330368088744
16/06/2024 13:00:00,59.94,223.6,1.0461503536454,3.90255620745932,-0.345434998435427,-0.362742483293826,0.865501330253019,784.0899999999999,0.8684995295093996,0.9377121930480318,180,25,24515.344659348902,26469.02712409312
16/06/2024 14:00:00,51.81,243.58,0.904255085458262,4.25127299200779,-0.553696816237498,-0.275098431669168,0.785964813831779,531.4699999999999,0.750285016161526,0.8326545407832484,180,20,14355.143191417183,15931.112716442627
16/06/2024 15:00:00,42.28,258.26,0.737925207743203,4.50748732620056,-0.724388719079558,-0.150541175491265,0.6727542925556,572.77,0.5821578083760908,0.6887936692155457,180,15,12003.931004528647,14202.732596997173
16/06/2024 16:00:00,32.27,270.16,0.56321774961857,4.71518150718788,-0.845538206727039,0.0023611942431038,0.53390969810125,340.78000000000003,0.3758615516076589,0.53390969810125,0,0,4611.099584046889,6550.046889081984
16/06/2024 17:00:00,22.24,280.8,0.388161225643539,4.90088453960008,-0.909211539356569,0.173441377107114,0.378487074294548,167.59,0.14498920293435794,0.4163252760327895,0,25,874.7546587116857,2511.790308372067
16/06/2024 18:00:00,12.56,291.06,0.219213354050488,5.0799553208547,-0.910871941619868,0.350745835506857,0.217461869862855,59.46,-0.09424599593030869,0.41248573875196365,0,60,0.0,882.9504729429033
16/06/2024 19:00:00,3.53,301.56,0.0616101225953998,5.2632148923141,-0.850475859707093,0.522398128955949,0.061571153300911,1.72,-0.3258538794393654,0.5257765259567351,0,85,0.0,32.556082487241035
17/06/2024 04:00:00,3.06,57.84,0.0534070751110265,1.00949843935352,0.845357929377363,0.531526449424032,0.0533816897587605,5.17,-0.33809940194812543,0.9987200113425547,60,85,0.0,185.8817685110763
17/06/2024 05:00:00,12.05,68.36,0.210312174865317,1.19310707666332,0.909038038384767,0.360647935507882,0.208765206352684,80.99,-0.10739730773076014,0.9989654810264718,70,80,0.0,2912.623715100022
17/06/2024 06:00:00,21.7,78.62,0.378736447682769,1.37217785791794,0.910865927685542,0.183331931935069,0.369746757273829,229.36,0.13181518711074314,0.999306624134791,80,70,1088.3927273659217,8251.234823216004
17/06/2024 07:00:00,31.72,89.21,0.553618438732601,1.55700822570414,0.850546777519438,0.0117281681810615,0.525768608156113,445.29,0.3634814809104755,0.9994794205168809,90,60,5826.768070846523,16022.094881830628
17/06/2024 08:00:00,41.75,101.01,0.728674962707633,1.76295707743947,0.732325343077959,-0.14248227528259,0.665881666000834,662.13,0.5715996245481934,0.999444797079019,100,50,13625.03733847543,23823.44580563751
17/06/2024 09:00:00,51.32,115.47,0.89570297212349,2.01533168727785,0.564229703027766,-0.268761211703376,0.780648610646898,806.12,0.742044801627649,0.9997211131462048,115,40,21534.377597570892,29012.22661425907
17/06/2024 10:00:00,59.57,135.07,1.03969263541302,2.35741622066874,0.357701377584289,-0.358576476503594,0.862248592328552,963.6800000000001,0.8632536848137442,0.9999716492535433,135,30,29948.411195327128,34691.49644229557
17/06/2024 11:00:00,64.84,162.64,1.13167148699312,2.83860349544358,0.126853187022188,-0.405781548612991,0.905124081962001,1017.26,0.9269502608752039,0.9998437043159787,165,25,33946.179205604756,36615.63623948901
17/06/2024 12:00:00,65.01,195.48,1.13463854672151,3.41176962179851,-0.112755434360666,-0.407134777174,0.906381534033883,1000.3299999999999,0.9287962908542335,0.9935232341445953,180,25,33447.70057068775,35778.63948522707
17/06/2024 13:00:00,59.99,223.54,1.0470230182714,3.90150900990812,-0.344534523403218,-0.362556378178812,0.865938124131961,920.37,0.8686767932343403,0.9380294113216386,180,25,28782.146166807233,31080.028654731475
17/06/2024 14:00:00,51.86,243.55,0.905127750084259,4.25074939323219,-0.552938400724369,-0.275082700073316,0.786504057920079,765.28,0.7506551953949719,0.8331558839511585,180,20,20680.610685547108,22953.51125532513
17/06/2024 15:00:00,42.34,258.24,0.738972405294399,4.50713826035016,-0.7236460101357,-0.150650355674765,0.673528709373068,582.5000000000001,0.5827826058073113,0.6895699563306883,180,15,12220.95124377932,14460.281984254536
17/06/2024 16:00:00,32.32,270.15,0.564090414244567,4.71500697426268,-0.8450723615465,0.0022123993235058,0.534647368869851,364.38,0.3764883775070736,0.534647368869851,0,0,4938.654059856989,7013.333097676667
17/06/2024 17:00:00,22.3,280.78,0.389208423194735,4.90053547374968,-0.908882171754749,0.173049764119657,0.379456159529005,158.77,0.1459513618742218,0.4170380627270461,0,25,834.2171180917271,2383.672795890232
17/06/2024 18:00:00,12.61,291.04,0.220086018676485,5.0796062550043,-0.910816853426723,0.35035959481725,0.218313567680379,56.010000000000005,-0.09337064121722441,0.41257709341155074,0,60,0.0,831.9039480713145
17/06/2024 19:00:00,3.58,301.53,0.062482787221397,5.2626912935385,-0.850703147723469,0.521924452169718,0.0624421386622914,2.58,-0.32490305971638456,0.5253805630297761,0,85,0.0,48.7973466942056
18/06/2024 04:00:00,3.05,57.78,0.053232542185827,1.00845124180232,0.844808722028308,0.532416373951346,0.0532074048737363,20.68,-0.3388519116401923,0.9986742728519251,60,85,0.0,743.4930226528012
18/06/2024 05:00:00,12.03,68.31,0.209963109014918,1.19223441203733,0.908790625426719,0.361467994066944,0.208423819180372,78.41,-0.1082185738833949,0.9989534551899787,70,80,0.0,2819.805855172064
18/06/2024 06:00:00,21.68,78.56,0.378387381832371,1.37113066036675,0.910799889853995,0.184311275735633,0.369422406302939,227.63,0.13089333569725056,0.9992943823821266,80,70,1072.6290001715454,8188.8976894191655
18/06/2024 07:00:00,31.69,89.15,0.553094839957003,1.55596102815295,0.850809174352415,0.0126229342464813,0.525323148517911,440.77,0.36253379822712395,0.9994839330210106,90,60,5752.584800804499,15859.53119367615
18/06/2024 08:00:00,41.73,100.94,0.728325896857234,1.76173534696308,0.732727039153117,-0.141631568377086,0.66562120228622,647.28,0.5708139082676527,0.9994672534408553,100,50,13301.151355565502,23289.665897059083
18/06/2024 09:00:00,51.3,115.39,0.895353906273091,2.01393542387626,0.564850557199728,-0.268089961268389,0.78043040733833,816.66,0.7414158628540295,0.9997332989219879,115,40,21797.44842810138,29391.9190523147
18/06/2024 10:00:00,59.56,134.96,1.03951810248782,2.35549635849155,0.358495617204507,-0.357995412022402,0.862160180834205,596.96,0.8627802938115989,0.9999704514466451,135,30,18541.631670975796,21489.924985041216
18/06/2024 11:00:00,64.85,162.52,1.13184601991832,2.83650910034119,0.127655322034028,-0.405364292949675,0.905198270412509,978.1500000000001,0.9267076757226247,0.9998283495134643,165,25,32632.528068291074,35207.35560275742
18/06/2024 12:00:00,65.04,195.37,1.13516214549711,3.40984975962132,-0.111847780930179,-0.406892839219822,0.906602609356838,967.1199999999999,0.9287815387462224,0.9936213490336674,180,25,32336.75526308087,34594.23884678785
18/06/2024 13:00:00,60.03,223.48,1.0477211499722,3.90046181235693,-0.343738598583793,-0.362478224398784,0.866287084447387,848.6000000000001,0.8688682823719099,0.938312647558212,180,25,26543.578479148906,28665.07605784436
18/06/2024 14:00:00,51.9,243.51,0.905825881785057,4.25005126153139,-0.552254651008907,-0.275223675670789,0.786935021961337,452.01,0.751059617791948,0.8336090741746057,180,20,12221.512482172982,13564.786954235888
18/06/2024 15:00:00,42.39,258.21,0.739845069920396,4.50661466157456,-0.722991390514727,-0.150909082541002,0.674173492543437,84.55,0.5834214838810655,0.690259732487766,180,15,1775.818312637187,2101.0125737462618
18/06/2024 16:00:00,32.37,270.12,0.564963078870564,4.71448337548708,-0.844606515571575,0.0017689423361461,0.535384632481223,58.82,0.37732327304912344,0.535384632481223,0,0,798.9895771469799,1133.6876669716394
18/06/2024 17:00:00,22.35,280.76,0.390081087820733,4.90018640789928,-0.908616860243088,0.172670606121854,0.380263412733205,80.86999999999999,0.14679028128043384,0.4176094434981662,0,25,427.3534816973526,1215.7947250450811
18/06/2024 18:00:00,12.66,291.02,0.220958683302482,5.0792571891539,-0.910760912875573,0.349973168760154,0.219165099242624,37.05,-0.09249527298976681,0.41266820441054386,0,60,0.0,550.4168510427834
18/06/2024 19:00:00,3.63,301.51,0.0633554518473942,5.2623422276881,-0.850838501623389,0.521598790741515,0.0633130764712669,4.31,-0.324056936281413,0.5251320480732556,0,85,0.0,81.47948857904635
19/06/2024 04:00:00,3.03,57.73,0.0528834763354282,1.00757857717633,0.844359432179122,0.533163289579384,0.0528588302466262,9.48,-0.3396265402283313,0.9986283134719866,60,85,0.0,340.8118708217196
19/06/2024 05:00:00,12.01,68.26,0.209614043164519,1.19136174741133,0.908542362722245,0.36228785129719,0.208082406612249,82.72000000000001,-0.10903971563260872,0.9989405707617244,70,80,0.0,2974.765104482755
19/06/2024 06:00:00,21.66,78.52,0.378038315981972,1.37043252866595,0.910797311828214,0.184972742708265,0.36909801031905,150.92999999999998,0.13019622531537398,0.9992889821493913,80,70,707.4185863265782,5429.616698729074
19/06/2024 07:00:00,31.67,89.1,0.552745774106604,1.55508836352695,0.850981132713607,0.0133682798894198,0.525026095406946,438.68,0.3617967109995384,0.9994843267747134,90,60,5713.66732252599,15784.336240903125
19/06/2024 08:00:00,41.7,100.88,0.727802298081635,1.76068814941188,0.733217106827344,-0.140929945370642,0.665230354654361,642.73,0.5700414148710614,0.9994924002169842,100,50,13189.777868882782,23126.53501409264
19/06/2024 09:00:00,51.28,115.31,0.895004840422692,2.01253916047466,0.565470567531406,-0.267417468248209,0.780212108936684,772.36,0.7407859781990336,0.9997445827088012,115,40,20597.524492385,27797.858132434907
19/06/2024 10:00:00,59.55,134.87,1.03934356956262,2.35392556216475,0.359164150382862,-0.357538001991414,0.862071743076958,624.98,0.8623943211390424,0.9999685054067999,135,30,19403.25130171723,22498.571394329105
19/06/2024 11:00:00,64.85,162.4,1.13184601991832,2.83441470523879,0.128504034423835,-0.40509604340082,0.905198270412509,319.57,0.926517994647579,0.9998390260333622,160,25,10659.144799782965,11502.668071781336
19/06/2024 12:00:00,65.06,195.26,1.13551121134751,3.40792989744413,-0.110983097144545,-0.406801490805651,0.906749854825742,218.72,0.9288210639326725,0.9937161932407312,180,25,7313.462751720749,7824.441808282058
19/06/2024 13:00:00,60.07,223.4,1.04841928167299,3.89906554895533,-0.342816526506042,-0.362518312489659,0.866635622545013,673.56,0.8691430825851456,0.9386454723094516,180,25,21075.12052941782,22760.42559583515
19/06/2024 14:00:00,51.95,243.46,0.906698546411054,4.2491785969054,-0.551399688153249,-0.275398552403363,0.787473187631574,726.4499999999999,0.7515638149102492,0.834174595848827,180,20,19655.047200295816,21815.500865557693
19/06/2024 15:00:00,42.43,258.17,0.740543201621194,4.50591652987376,-0.722425018681189,-0.151317262328168,0.67468894944633,506.35999999999996,0.5840745936479589,0.6908632703253537,180,15,10647.072404624896,12593.718920230058
19/06/2024 16:00:00,32.41,270.09,0.565661210571362,4.71395977671148,-0.844233351692491,0.001326119738486,0.535974149839805,364.45,0.37805324763267195,0.535974149839805,0,0,4960.1342195901825,7032.088040728208
19/06/2024 17:00:00,22.39,280.73,0.39077921952153,4.89966280912368,-0.908446092130582,0.172145363613249,0.380909006823332,126.07000000000001,0.1476181877790586,0.41797257337333416,0,25,669.9680975990132,1896.9768837063448
19/06/2024 18:00:00,12.7,290.99,0.22165681500328,5.0787335903783,-0.910800958493546,0.349441354792029,0.219846204352837,62.9,-0.09163760968444348,0.4125481925591667,0,60,0.0,934.1741272309771
19/06/2024 19:00:00,3.67,301.47,0.0640535835481919,5.26164409598731,-0.851164531950011,0.520981464232609,0.0640097920350058,2.58,-0.3231277682210814,0.5245777934405336,0,85,0.0,48.72278545475675
20/06/2024 04:00:00,3.0,57.69,0.0523598775598299,1.00688044547553,0.844010284133994,0.533767353778958,0.0523359562429438,23.259999999999998,-0.3404234058738321,0.9985824043127666,60,85,0.0,836.1729620753381
20/06/2024 05:00:00,11.98,68.22,0.209090444388921,1.19066361571053,0.908390266412299,0.362962421273364,0.207570240233923,79.27,-0.10987886495635626,0.9989380929743079,70,80,0.0,2850.6896146826416
20/06/2024 06:00:00,21.63,78.47,0.377514717206373,1.36955986403995,0.910824780366238,0.185806096158431,0.368611332030308,226.1,0.12926282192141064,0.9992839314203488,80,70,1052.147665311514,8133.771488189071
20/06/2024 07:00:00,31.64,89.05,0.552222175331006,1.55421569890095,0.851243891232765,0.0141154517581587,0.524580395802744,429.70000000000005,0.36095322349193787,0.9994890325252641,90,60,5583.657604841485,15461.295741939817
20/06/2024 08:00:00,41.67,100.83,0.727278699306037,1.75981548478588,0.73368182164449,-0.140355466558675,0.664839324645827,611.5,0.5693586970367897,0.9995152164065074,100,50,12533.862356567888,22003.327973972853
20/06/2024 09:00:00,51.25,115.25,0.894481241647094,2.01149196292346,0.566119705077536,-0.2669993868043,0.779884483092882,784.12,0.7402586835191128,0.9997581971325704,115,40,20896.259001156242,28221.49431128128
20/06/2024 10:00:00,59.53,134.77,1.03899450371222,2.35218023291276,0.360001237519846,-0.357122502861744,0.861894788784538,869.6,0.8619753933067453,0.9999643123636747,135,30,26984.65687270365,31304.482777132256
20/06/2024 11:00:00,64.85,162.28,1.13184601991832,2.8323203101364,0.129352183132078,-0.404826016902529,0.905198270412509,963.24,0.9263270570795374,0.9998543848409772,160,25,32121.90988060657,34671.59055555202
20/06/2024 12:00:00,65.08,195.15,1.13586027719791,3.40601003526693,-0.110119163247033,-0.406708273532106,0.906896989809927,992.48,0.928859189511492,0.9938101475005336,180,25,33187.47006262916,35508.121026887864
20/06/2024 13:00:00,60.1,223.32,1.04894288044859,3.89766928555374,-0.341998655934604,-0.362666439064613,0.866896748935603,825.56,0.8694324681323025,0.9389447341862687,180,25,25839.672062086927,27905.58773117337
20/06/2024 14:00:00,51.98,243.41,0.907222145186652,4.2483059322794,-0.550790362227955,-0.275695040995899,0.787795799206284,739.14,0.7520015848367425,0.8345791566358757,180,20,20010.040250984275,22207.350162090283
20/06/2024 15:00:00,42.47,258.13,0.741241333321992,4.50521839817296,-0.721858077473424,-0.151724650913444,0.675204077514026,62.5,0.584726911429033,0.6914662857544146,180,15,1315.6355507153241,1555.7991429474328
20/06/2024 16:00:00,32.45,270.06,0.56635934227216,4.71343617793589,-0.84385954427752,0.0008836879713452,0.536563405971098,92.82000000000001,0.37878276114172266,0.536563405971098,0,0,1265.7101720102892,1792.9373523205436
20/06/2024 17:00:00,22.43,280.69,0.391477351222328,4.89896467742288,-0.908304519902674,0.17146173718254,0.381554415263036,148.23999999999998,0.14855795734836102,0.41826859905423086,0,25,792.8003375035573,2232.14893645677
20/06/2024 18:00:00,12.74,290.95,0.222354946704078,5.0780354586775,-0.910901135233651,0.348750447842275,0.220527202312682,55.15,-0.09066752641972292,0.412290348568951,0,60,0.0,818.5612580487954
20/06/2024 19:00:00,3.7,301.44,0.0645771823237902,5.26112049721171,-0.851408488866342,0.520518170939188,0.064532308252958,0.86,-0.3224306956306311,0.5241618034070393,0,85,0.0,16.22804943348194
21/06/2024 04:00:00,2.97,57.65,0.0518362787842316,1.00618231377473,0.843660472887398,0.534371043829218,0.0518130678910622,19.82,-0.3412200171015247,0.9985357353764903,60,85,0.0,712.4752179058333
21/06/2024 05:00:00,11.94,68.18,0.208392312688123,1.18996548400973,0.908270957527985,0.36365028258395,0.206887263232446,70.65,-0.11084819402272639,0.9989407731023006,70,80,0.0,2540.7059623083915
21/06/2024 06:00:00,21.59,78.43,0.376816585505576,1.36886173233915,0.910946729562376,0.186493494286184,0.367962270468781,27.57,0.1283178022123383,0.9992869599157067,80,70,127.35798505179,991.8122934555372
21/06/2024 07:00:00,31.6,89.01,0.551524043630208,1.55351756720015,0.851599793411856,0.0147160526500953,0.523985905970079,206.13,0.360108166736439,0.9995000079372867,90,60,2672.2474707377582,7416.969718900064
21/06/2024 08:00:00,41.63,100.78,0.726580567605239,1.75894282015988,0.734259801102208,-0.139801933993233,0.664317667789362,378.79999999999995,0.5685984233054991,0.9995423011747651,100,50,7753.86297893243,13630.558452660036
21/06/2024 09:00:00,51.22,115.19,0.893957642871496,2.01044476537227,0.566768431417308,-0.2665801658383,0.779556643439326,798.04,0.7397304318890674,0.9997710986592991,115,40,21252.041059131046,28722.863792666412
21/06/2024 10:00:00,59.5,134.69,1.03847090493663,2.35078396951116,0.360820304086541,-0.356936826393309,0.861629160441526,746.0300000000001,0.8616562726141891,0.9999582086874692,135,30,23141.571446101087,26855.957607376058
21/06/2024 11:00:00,64.83,162.17,1.13149695406792,2.8304004479592,0.13022589571405,-0.404877705298471,0.905049865939837,746.5,0.926258668485832,0.9998667016648211,160,25,24892.275456888252,26870.4177405404
21/06/2024 12:00:00,65.09,195.03,1.13603481012311,3.40391564016454,-0.109226066069468,-0.406785139653853,0.906970515864647,831.8900000000001,0.9289655328393093,0.993909269763236,180,25,27820.69693609295,29765.634567240188
21/06/2024 13:00:00,60.12,223.23,1.04929194629899,3.89609848922694,-0.341221276138963,-0.362982699163772,0.86707070116449,164.5,0.8697791005936851,0.9392360457392459,180,25,5150.831833715803,5562.155862867814
21/06/2024 14:00:00,52.02,243.34,0.90792027688745,4.247084201803,-0.549961478651705,-0.276120909388489,0.78822561199044,145.21,0.7526066427993534,0.835128704106138,180,20,3934.296381632188,4365.685408437083
21/06/2024 15:00:00,42.5,258.08,0.74176493209759,4.50434573354697,-0.721379386262545,-0.15228149082966,0.67559020761566,118.55,0.5853936919231103,0.6919833795672804,180,15,2498.34319838945,2953.2466673172394
21/06/2024 16:00:00,32.49,270.01,0.567057473972958,4.71256351330989,-0.843485196592162,0.0001472159402183,0.537152400587904,287.73,0.3797200075967126,0.537152400587904,0,0,3933.2461602888766,5563.974967961675
21/06/2024 17:00:00,22.46,280.65,0.392000949997927,4.89826654572209,-0.908227536823884,0.170790634439586,0.382038349570491,32.160000000000004,0.1493746918792269,0.41842357221081483,0,25,172.94004327009375,484.4340749627931
21/06/2024 18:00:00,12.77,290.91,0.222878545479676,5.0773373269767,-0.911036398764006,0.348073175661182,0.221037880265469,29.29,-0.08982751882434489,0.4119591526312415,0,60,0.0,434.3862089004863
21/06/2024 19:00:00,3.73,301.4,0.0651007810993885,5.26042236551091,-0.851742714172048,0.519905973200711,0.0650548067790118,1.72,-0.3216283442073944,0.5235974740129076,0,85,0.0,32.42115559087924
22/06/2024 04:00:00,2.94,57.61,0.0513126800086333,1.00548418207393,0.84330999888771,0.5349743589332,0.0512901653343342,22.4,-0.3420163732465048,0.9984883066655139,60,85,0.0,805.1809704950704
22/06/2024 05:00:00,11.91,68.14,0.207868713912525,1.18926735230894,0.908117272841317,0.364324570789981,0.206374964290597,79.27,-0.11168723784146112,0.9989367074783468,70,80,0.0,2850.685660865108
22/06/2024 06:00:00,21.55,78.4,0.376118453804778,1.36833813356355,0.91110037423288,0.187022047852872,0.367313029566913,41.35,0.12748497575677836,0.9992933389845086,80,70,189.7741349115403,1487.5480644123395
22/06/2024 07:00:00,31.56,88.98,0.55082591192941,1.55299396842455,0.851957517018197,0.0151684554837998,0.523391160753049,250.85,0.35936772124885835,0.9995124330593963,90,60,3245.3061435099403,9026.196977986185
22/06/2024 08:00:00,41.59,100.74,0.725882435904442,1.75824468845909,0.73481270046471,-0.139375682790981,0.663795687152536,284.34000000000003,0.5679279221419502,0.9995671884836924,100,50,5813.446513746318,10231.809637444314
22/06/2024 09:00:00,51.18,115.13,0.893259511170698,2.00939756782107,0.567539864134409,-0.266217557856945,0.779119191463655,170.02,0.7391647040680984,0.9997868956535294,115,40,4524.220187483692,6119.415647964471
22/06/2024 10:00:00,59.47,134.62,1.03794730616103,2.34956223903477,0.361577184270195,-0.356812573110084,0.861363295877992,181.04000000000002,0.8613804176392839,0.9999516306071099,135,30,5613.995189138975,6517.124755384003
22/06/2024 11:00:00,64.82,162.06,1.13132242114272,2.82848058578201,0.131051617922522,-0.404777218226566,0.904975622348278,320.49000000000007,0.9261351152488153,0.9998788607185713,160,25,10685.413551099344,11536.24233858102
22/06/2024 12:00:00,65.09,194.91,1.13603481012311,3.40182124506215,-0.108373858328627,-0.407013009845119,0.906970515864647,129.58,0.9291266613967837,0.9940055718673714,180,25,4334.2643802166285,4636.916712092663
22/06/2024 13:00:00,60.14,223.14,1.04964101214939,3.89452769290015,-0.34044370563521,-0.36329736814714,0.867244547743442,111.2,0.8701245332605168,0.9395265891062744,180,25,3483.282531548501,3761.112841510238
22/06/2024 14:00:00,52.04,243.27,0.908269342737849,4.24586247132661,-0.549377949681362,-0.276668835484389,0.788440374331258,587.9100000000001,0.7531459449648892,0.8355179164548792,180,20,15940.15317015509,17683.53617746757
22/06/2024 15:00:00,42.53,258.03,0.742288530873188,4.50347306892097,-0.720900075438883,-0.152837568951349,0.675976152500408,167.26,0.5860598027789956,0.6925000973074407,180,15,3528.8770540613327,4169.7923859231305
22/06/2024 16:00:00,32.52,269.97,0.567581072748556,4.71186538160909,-0.843203725905085,-0.0004415004788098,0.537593974758933,266.13,0.3804485330595347,0.537593974758933,0,0,3644.955651712823,5150.515842093414
22/06/2024 17:00:00,22.49,280.61,0.392524548773525,4.89756841402129,-0.908149810472955,0.170119676122274,0.382522179139965,23.89,0.1501912502248054,0.4185785114794649,0,25,129.17048284334163,359.99426301279897
22/06/2024 18:00:00,12.8,290.87,0.223402144255274,5.07663919527591,-0.911170910826503,0.347395789361584,0.221548497619467,12.92,-0.08898747338481278,0.41164496877643164,0,55,0.0,191.4643078772939
22/06/2024 19:00:00,3.75,301.35,0.0654498469497874,5.25954970088491,-0.852176648328119,0.51915064358157,0.0654031292301431,0.86,-0.3208479443444343,0.5228753769529518,0,85,0.0,16.18822167046339
23/06/2024 04:00:00,2.9,57.58,0.0506145483078356,1.00496058329834,0.843059792334386,0.535434908241418,0.0505929400767133,22.4,-0.34283504349309485,0.9984410771912043,60,85,0.0,805.1428846469871
23/06/2024 05:00:00,11.86,68.12,0.206996049286528,1.18891828645854,0.908156821651341,0.364708517785676,0.205521007059399,82.72000000000001,-0.11256256831475667,0.9989543410827812,70,80,0.0,2974.8061113972367
23/06/2024 06:00:00,21.51,78.37,0.37542032210398,1.36781453478796,0.911253271064227,0.187550722045206,0.366663609641137,221.82,0.12665193741698674,0.9992989844439736,80,70,1011.3815792820959,7979.92202625704
23/06/2024 07:00:00,31.51,88.95,0.549953247303413,1.55247036964896,0.852405801850022,0.015622901170196,0.522647370539112,431.48,0.3585204405182716,0.9995287640049195,90,60,5568.998388293658,15525.960159342338
23/06/2024 08:00:00,41.55,100.71,0.725184304203644,1.75772108968349,0.735340741813289,-0.139077003299633,0.663273382989757,607.37,0.5673473990328737,0.9995900846590905,100,50,12405.232431021474,21856.357069898106
23/06/2024 09:00:00,51.13,115.09,0.892386846544701,2.00869943612027,0.568341119869498,-0.266109484050675,0.778571842519217,813.68,0.7387012501965289,0.9998050256561363,115,40,21638.39159735682,29286.768717931856
23/06/2024 10:00:00,59.43,134.55,1.03724917446023,2.34834050855837,0.362441296478314,-0.356792332612258,0.861008442465127,881.73,0.8611151861914526,0.999942672241349,135,30,27333.759352341218,31740.460286233127
23/06/2024 11:00:00,64.79,161.95,1.13079882236713,2.82656072360482,0.131975293420437,-0.404975340479794,0.904752726179846,983.6999999999999,0.926117597445378,0.9998890404386633,160,25,32796.787701852656,35409.27056686247
23/06/2024 12:00:00,65.08,194.79,1.13586027719791,3.39972684995975,-0.107561582954442,-0.407392140015032,0.906896989809927,842.62,0.9293427561389952,0.9940991619648105,180,25,28190.980554402246,30155.32209077239
23/06/2024 13:00:00,60.15,223.04,1.04981554507459,3.89278236364815,-0.339705802343055,-0.363780367731618,0.867331431407573,866.31,0.8705275015700926,0.9398094568924562,180,25,27149.280475866726,29309.98790161813
23/06/2024 14:00:00,52.06,243.2,0.908618408588248,4.24464074085021,-0.548793836229725,-0.277215714287139,0.788655040603009,576.36,0.753684438651248,0.8359066803328733,180,20,15638.168270197199,17344.194273959572
23/06/2024 15:00:00,42.56,257.96,0.742812129648787,4.50225133844457,-0.720366557992038,-0.153644349189673,0.676361912062459,194.89,0.5869030557586756,0.6930815225220543,180,15,4117.735315325098,4862.687685275633
23/06/2024 16:00:00,32.54,269.91,0.567930138598955,4.71081818405789,-0.843015094395315,-0.0013242061028249,0.537888275666847,314.84999999999997,0.3812808023597626,0.537888275666847,0,0,4321.665382426964,6096.748449373444
23/06/2024 17:00:00,22.52,280.56,0.393048147549123,4.89669574939529,-0.908100901610482,0.169290372197719,0.383005903838815,170.91,0.15111970166830707,0.4186664359577644,0,25,929.803255636693,2575.954100503495
23/06/2024 18:00:00,12.82,290.82,0.223751210105673,5.07576653064991,-0.911401383160863,0.346573002010211,0.221888875453675,51.7,-0.08816499139444836,0.41116621354069727,0,55,0.0,765.2625566419458
23/06/2024 19:00:00,3.77,301.3,0.0657989128001862,5.25867703625891,-0.852609808949113,0.518394889378292,0.0657514437121014,3.45,-0.320067249890208,0.5221528562299705,0,85,0.0,64.85138474376234
24/06/2024 04:00:00,2.85,57.56,0.0497418836818384,1.00461151744794,0.842909779105582,0.535752638135168,0.0497213738686579,22.4,-0.3436760028315201,0.9983939547085426,60,85,0.0,805.1048850769688
24/06/2024 05:00:00,11.82,68.09,0.20629791758573,1.18839468768294,0.908098632242778,0.365237428366463,0.204837728553725,62.9,-0.11341971543787355,0.9989599913965085,70,80,0.0,2262.045004518254
24/06/2024 06:00:00,21.46,78.35,0.374547657477983,1.36746546893756,0.911500783701129,0.187933339749214,0.365851583463751,228.16000000000003,0.1258071966273501,0.9993127414244318,80,70,1033.3501193698633,8208.115023002341
24/06/2024 07:00:00,31.46,88.93,0.549080582677416,1.55212130379856,0.852855988210741,0.0159289570111372,0.521903182306467,448.21,0.3577778058119378,0.9995465427134169,90,60,5772.945252346871,16128.243212744901
24/06/2024 08:00:00,41.5,100.68,0.724311639577647,1.75719749090789,0.735981970181842,-0.138799176041606,0.662620048215738,662.7500000000001,0.5666889680456304,0.9996169188158408,100,50,13520.632088600698,23849.860066027148
24/06/2024 09:00:00,51.09,115.05,0.891688714843903,2.00800130441948,0.569019041270505,-0.2659427196464,0.778133536443888,848.0699999999999,0.7382734007573052,0.9998188937487726,115,40,22539.87082728892,30524.990731974776
24/06/2024 10:00:00,59.39,134.49,1.03655104275943,2.34729331100717,0.363243447723426,-0.35683374234415,0.860653169407205,977.05,0.860893251305251,0.9999332405915003,135,30,30280.88704276063,35171.45181791731
24/06/2024 11:00:00,64.76,161.85,1.13027522359153,2.82481539435282,0.132829458000732,-0.405194484700176,0.904529581968324,1039.25,0.9261147690245182,0.9998972964525277,160,25,34648.7318535143,37409.15755217842
24/06/2024 12:00:00,65.07,194.66,1.13568574427271,3.39745792193216,-0.106677020584091,-0.40778826486978,0.906823436129545,1023.87,0.9295708484038048,0.9941999092890611,180,25,34263.34936398733,36645.53260045648
24/06/2024 13:00:00,60.15,222.93,1.04981554507459,3.89086250147096,-0.339006768547629,-0.364431885228755,0.867331431407573,918.55,0.87098819401038,0.9400848000845898,180,25,28801.66340189644,31086.536152237197
24/06/2024 14:00:00,52.08,243.11,0.908967474438647,4.24306994452342,-0.548112149589154,-0.277952889283964,0.788869610779534,807.73,0.7543574241172855,0.8363604390424649,180,20,21935.416398561178,24319.923027399727
24/06/2024 15:00:00,42.58,257.89,0.743161195499185,4.50102960796818,-0.719947423623504,-0.154474788516512,0.676618982094545,613.3499999999999,0.5876720410009754,0.6935447666187992,180,15,12976.151268526135,15313.884573803056
24/06/2024 16:00:00,32.56,269.85,0.568279204449354,4.7097709865067,-0.842825436315055,-0.0022065168735667,0.538182511034707,387.21999999999997,0.38211274611274676,0.538182511034707,0,0,5326.621111792,7502.221149222933
24/06/2024 17:00:00,22.54,280.51,0.393397213399522,4.89582308476929,-0.908116782896787,0.168473443248057,0.383328328644433,172.12,0.1519253464348359,0.418613402977158,0,25,941.3780626211023,2593.8626011354236
24/06/2024 18:00:00,12.84,290.77,0.224100275956072,5.07489386602391,-0.911631002323645,0.345750034854795,0.222229226251396,51.7,-0.08734240138110913,0.41068729551062155,0,55,0.0,764.3711944043689
24/06/2024 19:00:00,3.78,301.25,0.0659734457253857,5.25780437163292,-0.853052045340757,0.517644688444405,0.0659255979513779,3.45,-0.3194136320790392,0.5214206885792055,0,85,0.0,64.76044952153732
25/06/2024 04:00:00,2.8,57.53,0.0488692190558412,1.00408791867234,0.842665430322459,0.536217001344027,0.0488497697956133,22.4,-0.3446206743559975,0.9983384804864457,60,85,0.0,805.0601506642698
25/06/2024 05:00:00,11.76,68.07,0.205250720034533,1.18804562183254,0.908169571243184,0.36563430403243,0.203812623707885,59.46,-0.1144252075004874,0.9989813092197111,70,80,0.0,2138.3794312633445
25/06/2024 06:00:00,21.4,78.34,0.373500459926786,1.36729093601236,0.911842682322348,0.18816975034958,0.36487678433762,229.85,0.12495074201630493,0.9993343156549307,80,70,1033.917409888117,8269.09172831829
25/06/2024 07:00:00,31.41,88.91,0.548207918051419,1.55177223794816,0.853305415229056,0.016235316686701,0.521158596621844,453.49,0.35703467522109317,0.9995634650861134,90,60,5828.819575176487,16318.513288148455
25/06/2024 08:00:00,41.44,100.66,0.72326444202645,1.75684842505749,0.736711890686608,-0.138670542360173,0.661835380440256,670.2199999999999,0.5660431663921783,0.9996460897321644,100,50,13657.444235257166,24119.38088137048
25/06/2024 09:00:00,51.03,115.02,0.890641517292706,2.00747770564388,0.569896291622303,-0.265989232101492,0.777475366298641,854.41,0.7378408934568316,0.9998383954124196,115,40,22695.07096002425,30753.789243275714
25/06/2024 10:00:00,59.34,134.43,1.03567837813344,2.34624611345598,0.364153123139996,-0.356978794463911,0.860208488222756,978.3,0.8606813815617695,0.9999210378858046,135,30,30312.165440947647,35216.01904909257
25/06/2024 11:00:00,64.72,161.75,1.12957709189073,2.82307006510083,0.133734177483086,-0.405561654538148,0.904231670613899,1041.65,0.926163742167889,0.9999038834285443,160,25,34730.58463305054,37495.79568624036
25/06/2024 12:00:00,65.05,194.54,1.13533667842231,3.39536352682977,-0.105902180535669,-0.408317172400448,0.906676245900759,1031.8700000000001,0.9298407632964618,0.9942900356197693,180,25,34541.092383217925,36935.21012597897
25/06/2024 13:00:00,60.15,222.82,1.04981554507459,3.88894263929377,-0.338306485217445,-0.365082059477468,0.867331431407573,951.4399999999999,0.8714479366305978,0.9403595755954095,180,25,29848.695293801375,32209.04572576187
25/06/2024 14:00:00,52.09,243.02,0.909142007363846,4.24149914819662,-0.547552158939027,-0.278751050049325,0.788976859823917,815.3,0.7549976455335082,0.8367342072374235,180,20,22159.78489452489,24558.81836978417
25/06/2024 15:00:00,42.59,257.82,0.743335728424385,4.49980787749178,-0.719642714860087,-0.155329336817364,0.676747486196057,619.34,0.5883671640209487,0.6938900654244541,180,15,13118.375497130437,15471.13943231933
25/06/2024 16:00:00,32.58,269.79,0.568628270299752,4.7087237889555,-0.842634752307761,-0.0030884315017203,0.53847668082666,391.49,0.382944363381452,0.53847668082666,0,0,5397.079997527367,7589.096487965849
25/06/2024 17:00:00,22.55,280.45,0.393571746324721,4.8947758872181,-0.908226902352015,0.167510236055603,0.383489523534424,173.77,0.15272041877211306,0.41835242621181623,0,25,955.3761781210832,2617.095639701783
25/06/2024 18:00:00,12.85,290.71,0.224274808881271,5.07384666847272,-0.911956277064208,0.344781466126351,0.222399391498615,50.839999999999996,-0.08653719486495032,0.40999149323277295,0,55,0.0,750.3828305743502
25/06/2024 19:00:00,3.79,301.19,0.0661479786505851,5.25675717408172,-0.853583797731127,0.516745124095742,0.0660997501824458,5.17,-0.3186543998044391,0.520539725711525,0,85,0.0,96.88285374942903
26/06/2024 04:00:00,2.75,57.52,0.0479965544298441,1.00391338574714,0.842607470454635,0.536386754047517,0.0479781285213439,21.54,-0.345357051099558,0.9982970616034992,60,85,0.0,774.1194734498173
26/06/2024 05:00:00,11.71,68.06,0.204378055408536,1.18787108890734,0.908270375049016,0.365859119487577,0.202958198888578,68.07000000000001,-0.11518834561708344,0.9990019486808032,70,80,0.0,2448.074255281282
26/06/2024 06:00:00,21.35,78.33,0.372627795300789,1.36711640308716,0.912121312445183,0.188393229597714,0.364064146030641,222.81,0.1242180962669781,0.9993506923495594,80,70,996.3732250528341,8015.951799446592
26/06/2024 07:00:00,31.35,88.9,0.547160720500222,1.55159770502296,0.853847756089949,0.0163947144627856,0.520264569962094,434.25,0.3562897916590469,0.9995861327192821,90,60,5569.87831300588,15626.530012800536
26/06/2024 08:00:00,41.38,100.65,0.722217244475254,1.75667389213229,0.737416811790456,-0.138669969832164,0.661049986881133,653.4100000000001,0.5654874044421847,0.9996729693921629,100,50,13301.824497716445,23515.067337499197
26/06/2024 09:00:00,50.98,115.0,0.889768852666709,2.00712863979348,0.570603794946218,-0.266076919355726,0.776926239857518,832.8,0.7375146066786772,0.999853726281158,115,40,22111.277919912085,29976.41459689014
26/06/2024 10:00:00,59.28,134.39,1.03463118058224,2.34554798175518,0.365045765523484,-0.357354435091097,0.859674006117491,937.91,0.8605690636754861,0.9999065685634324,135,30,29056.907898427507,33761.60530996784
26/06/2024 11:00:00,64.67,161.66,1.12870442726473,2.82149926877403,0.134619307381039,-0.406099940621851,0.903858661687311,1015.24,0.9262806107664603,0.9999075329446586,160,25,33854.29658188348,36545.26045488247
26/06/2024 12:00:00,65.03,194.41,1.13498761257191,3.39309459880218,-0.10505422135571,-0.408862913574673,0.906528945196222,1012.2800000000001,0.9301225032544773,0.9943871760306225,180,25,33895.59867339992,36237.53701988203
26/06/2024 13:00:00,60.15,222.7,1.04981554507459,3.88684824419137,-0.337541117710228,-0.365789805690946,0.867331431407573,937.82,0.8719483887775071,0.9406586820699031,180,25,29438.302966679585,31758.06690787668
26/06/2024 14:00:00,52.09,242.92,0.909142007363846,4.23975381894463,-0.547064812854934,-0.27970628380211,0.788976859823917,791.36,0.7556730977977208,0.8370609164224606,180,20,21528.340656235356,23846.994965522823
26/06/2024 15:00:00,42.6,257.74,0.743510261349584,4.49841161409018,-0.719309700814173,-0.156308912032497,0.676875969682661,601.9100000000001,0.5891506798428996,0.6942677036642034,180,15,12766.16468535263,15043.920246450745
26/06/2024 16:00:00,32.59,269.72,0.568802803224952,4.70750205847911,-0.842536356587352,-0.0041174421549022,0.53862374112047,385.01,0.3837759711232264,0.53862374112047,0,0,5319.273119117523,7465.518956476517
26/06/2024 17:00:00,22.56,280.38,0.393746279249921,4.8935541567417,-0.908365026829592,0.166388440850725,0.383650706742656,173.29,0.1536276215081391,0.41802441666906187,0,25,958.3966991212353,2607.8202419249424
26/06/2024 18:00:00,12.85,290.65,0.224274808881271,5.07279947092152,-0.912316831269306,0.343826278873181,0.222399391498615,62.9,-0.08586177548093085,0.40920904964165994,0,55,0.0,926.6129720085748
26/06/2024 19:00:00,3.79,301.13,0.0661479786505851,5.25570997653052,-0.854124463831124,0.515850970059196,0.0660997501824458,8.62,-0.31802213742177204,0.5196489742010405,0,85,0.0,161.2574696740669
27/06/2024 04:00:00,2.69,57.5,0.0469493568786475,1.00356431989674,0.842462097070245,0.536707547900968,0.0469321108212263,18.950000000000003,-0.34632353281769046,0.998240263754258,55,85,0.0,680.9995079331549
27/06/2024 05:00:00,11.64,68.05,0.20315632493214,1.18769655598214,0.908435814572001,0.36611005068037,0.201761744624007,37.910000000000004,-0.1162118016889763,0.9990318067257635,70,80,0.0,1363.4386485470532
27/06/2024 06:00:00,21.28,78.32,0.371406064824393,1.36694187016196,0.912523315190977,0.188642326555626,0.362925986758386,100.17,0.12323715797938375,0.9993740855807309,80,70,444.4079801326153,3603.8628774943854
27/06/2024 07:00:00,31.29,88.9,0.546113522949026,1.55159770502296,0.854392007195969,0.0164051646178814,0.519369972768452,398.39000000000004,0.3556498265414595,0.999610169406312,90,60,5100.744038250674,14336.449034032103
27/06/2024 08:00:00,41.32,100.65,0.721170046924057,1.75667389213229,0.738096732871845,-0.138797827828262,0.660263868399646,551.34,0.5650219439891789,0.999697607015069,100,50,11214.691149563781,19842.238031460776
27/06/2024 09:00:00,50.91,114.99,0.888547122190313,2.00695410686828,0.571510131676197,-0.266378124316907,0.776156468939648,578.63,0.7371832805132692,0.9998738696355195,115,40,15356.029017722147,20828.052618739224
27/06/2024 10:00:00,59.22,134.35,1.03358398303104,2.34484985005438,0.365938708979429,-0.357728611431206,0.859138581274272,783.07,0.8604550437654809,0.9998908715475702,135,30,24256.675120371663,28187.44361217921
27/06/2024 11:00:00,64.62,161.58,1.12783176263874,2.82010300537244,0.135435381255283,-0.406659779850029,0.903484964433035,863.1600000000001,0.9264122330184699,0.9999091364204721,160,25,28787.11138988001,31070.93652693701
27/06/2024 12:00:00,64.99,194.28,1.13428948087112,3.39082567077458,-0.104282351642493,-0.409713443577151,0.906234012431703,950.4200000000001,0.9305153698290466,0.9944793256806924,180,25,31837.69504054521,34026.22946568397
27/06/2024 13:00:00,60.13,222.57,1.04946647922419,3.88457931616378,-0.336915089724577,-0.366777662571143,0.867157637661532,835.41,0.8725240183399828,0.9409186578020854,180,25,26240.95044581058,28297.902812919845
27/06/2024 14:00:00,52.09,242.82,0.909142007363846,4.23800848969263,-0.546575800316547,-0.280660665521046,0.788976859823917,680.6400000000001,0.7563479475830209,0.8373873341947585,180,20,18532.82401354467,20518.53534526754
27/06/2024 15:00:00,42.6,257.65,0.743510261349584,4.49684081776339,-0.719063284037686,-0.157438607765365,0.676875969682661,582.89,0.589949495356288,0.6945600904350407,180,15,12379.523808536163,14574.676720092513
27/06/2024 16:00:00,32.6,269.64,0.568977336150151,4.70610579507751,-0.842435767718085,-0.0052932496945267,0.538770785006863,380.68,0.3847113683370657,0.538770785006863,0,0,5272.26925314795,7383.573447710854
27/06/2024 17:00:00,22.56,280.31,0.393746279249921,4.89233242626531,-0.908567630683877,0.165278539712048,0.383650706742656,173.42,0.15441244012974426,0.4175553521791302,0,25,964.0153932228089,2606.8481702965714
27/06/2024 18:00:00,12.85,290.58,0.224274808881271,5.07157774044512,-0.912736213334759,0.342711417271693,0.222399391498615,54.290000000000006,-0.08507344928243421,0.40829580848170177,0,55,0.0,797.9896599289773
27/06/2024 19:00:00,3.78,301.07,0.0659734457253857,5.25466277897933,-0.854674061776457,0.514962196341912,0.0659255979513779,8.62,-0.31751682372288703,0.518748404169029,0,85,0.0,160.9780047817331
28/06/2024 04:00:00,2.62,57.5,0.0457276264022514,1.00356431989674,0.842509827025885,0.536737955236257,0.0457116918699685,5.17,-0.34720800056699413,0.9981902211078008,60,85,0.0,185.7831639525839
28/06/2024 05:00:00,11.58,68.05,0.202109127380943,1.18769655598214,0.908631284915018,0.366188827470145,0.20073597263501,32.74,-0.11699283562059729,0.9990611087056229,70,80,0.0,1177.5333851647954
28/06/2024 06:00:00,21.22,78.32,0.370358867273197,1.36694187016196,0.912895000381701,0.188719163561276,0.361949990444573,58.82,0.12249269239973229,0.9993967767674445,80,70,259.38072601028114,2116.242662740599
28/06/2024 07:00:00,31.22,88.9,0.54489179247263,1.55159770502296,0.855025782582684,0.0164173337269814,0.51832555625993,175.34,0.3549027076863348,0.9996368267372395,90,60,2240.23106756599,6309.947563203873
28/06/2024 08:00:00,41.26,100.65,0.72012284937286,1.75667389213229,0.738775844539667,-0.138925533615523,0.659477025857872,433.80999999999995,0.5645558639203335,0.9997211483469748,100,50,8816.759255782075,15612.805129118438
28/06/2024 09:00:00,50.85,114.99,0.887499924639117,2.00695410686828,0.572246515255987,-0.26672134916261,0.775495743172235,658.55,0.7369587734584951,0.9998899527942531,115,40,17471.671209399312,23705.191022855593
28/06/2024 10:00:00,59.15,134.32,1.03236225255465,2.34432625127878,0.366876652407596,-0.358270034184605,0.858512728224549,839.8100000000001,0.8603953425304127,0.9998719018368958,135,30,26012.470053976776,30229.287187739166
28/06/2024 11:00:00,64.56,161.5,1.12678456508754,2.81870674197084,0.136303189171843,-0.407367291851788,0.903035619536087,685.83,0.9265947847289611,0.9999083031668544,160,25,22877.514043583884,24687.616016193257
28/06/2024 12:00:00,64.95,194.15,1.13359134917032,3.38855674274699,-0.103507111996132,-0.410562372827371,0.905938637979736,774.0999999999999,0.9309067921806496,0.9945703985188517,180,25,25942.13812177347,27716.29003776395
28/06/2024 13:00:00,60.11,222.44,1.04911741337379,3.88231038813619,-0.336286274658137,-0.367764515795095,0.866983738254964,856.67,0.8730988634970466,0.9411781136098516,180,25,26926.473722112536,29026.045965101457
28/06/2024 14:00:00,52.08,242.71,0.908967474438647,4.23608862751544,-0.546158331012042,-0.281772629356876,0.788869610779534,783.14,0.7570583882252115,0.8376668670896691,180,20,21343.777421568917,23616.375490533726
28/06/2024 15:00:00,42.6,257.56,0.743510261349584,4.4952700214366,-0.718815093044025,-0.158567915034118,0.676875969682661,599.0699999999999,0.5907480361840666,0.6948523766639667,180,15,12740.379337324393,14985.54767837097
28/06/2024 16:00:00,32.6,269.56,0.568977336150151,4.70470953167592,-0.842427555763845,-0.0064695063832578,0.538770785006863,375.37,0.3855431074180835,0.538770785006863,0,0,5209.9673843349365,7280.582024448942
28/06/2024 17:00:00,22.56,280.24,0.393746279249921,4.89111069578891,-0.908768878387246,0.164168391874462,0.383650706742656,173.43,0.15519743319382093,0.4170861834297344,0,25,968.9720701969571,2604.0692445198783
28/06/2024 18:00:00,12.85,290.51,0.224274808881271,5.07035600996873,-0.913154233027164,0.341596044130516,0.222399391498615,55.15,-0.08428476137075458,0.40738214829296154,0,55,0.0,808.8165172208458
28/06/2024 19:00:00,3.77,301.0,0.0657989128001862,5.25344104850293,-0.855312418475988,0.513923549227442,0.0657514437121014,7.75,-0.3169055349485503,0.517698530878329,0,85,0.0,144.4378901150538
29/06/2024 04:00:00,2.55,57.49,0.0445058959258554,1.00338978697154,0.842462602985113,0.536914607062364,0.0444912046882888,6.029999999999999,-0.34819592703366037,0.9981462499335227,55,85,0.0,216.6775879355691
29/06/2024 05:00:00,11.51,68.05,0.200887396904547,1.18769655598214,0.908858074262288,0.366280226177782,0.199538960504954,72.38,-0.11790387966088428,0.9990939096387815,70,80,0.0,2603.31901846758
29/06/2024 06:00:00,21.15,78.33,0.369137136796801,1.36711640308716,0.913360307191596,0.188649136590069,0.360810826487642,218.14999999999998,0.12173669838710954,0.9994263356687091,80,70,956.046987113326,7848.894784540639
29/06/2024 07:00:00,31.15,88.91,0.543670061996234,1.55177223794816,0.85566113618887,0.0162801375387963,0.517280366085636,419.07000000000005,0.35426065898148057,0.9996644640134356,90,60,5344.560516937287,15081.457929627979
29/06/2024 08:00:00,41.18,100.66,0.718726585971265,1.75684842505749,0.739655778365866,-0.139224667393705,0.658426777644331,614.2299999999999,0.564024745809644,0.9997496810519138,100,50,12471.873106271672,22106.744877330606
29/06/2024 09:00:00,50.77,114.99,0.886103661237521,2.00695410686828,0.573227383718616,-0.26717852723662,0.77461345272257,791.51,0.7366581736149032,0.9999096913333518,115,40,20990.603195925552,28491.786712341407
29/06/2024 10:00:00,59.08,134.3,1.03114052207825,2.34397718542838,0.367752085274068,-0.3588742284351,0.857885593737117,772.52,0.8603791213333124,0.9998519146232078,135,30,23927.76283724678,27806.60163904994
29/06/2024 11:00:00,64.5,161.42,1.12573736753634,2.81731047856925,0.137173086190302,-0.408072725013703,0.90258528434986,865.39,0.9267751662374368,0.9999060488011192,160,25,28872.790599967757,31151.11304059202
29/06/2024 12:00:00,64.91,194.02,1.13289321746952,3.3862878147194,-0.102728506093197,-0.411409689997947,0.905642821984282,459.77,0.9312967624014108,0.9946603898884138,180,25,15414.56324817468,16463.340268523858
29/06/2024 13:00:00,60.09,222.31,1.04876834752339,3.88004146010859,-0.335654673922252,-0.36875035767873,0.866809733209057,691.84,0.873672918830221,0.9414370462649754,180,25,21759.907397886007,23447.65701916658
29/06/2024 14:00:00,52.07,242.59,0.908792941513447,4.23399423241304,-0.545689208724631,-0.282979260900744,0.788762337704809,751.5600000000001,0.7578357520536974,0.8379787556665159,180,20,20504.125361285165,22672.487289914163
29/06/2024 15:00:00,42.6,257.46,0.743510261349584,4.4935246921846,-0.718537245146278,-0.15982224189316,0.676875969682661,532.04,0.5916349792119197,0.6951770203438704,180,15,11331.84507623675,13315.0313485351
29/06/2024 16:00:00,32.59,269.47,0.568802803224952,4.70313873534912,-0.842510370574898,-0.0077936496672543,0.53862374112047,254.01999999999998,0.3863754423842595,0.53862374112047,0,0,3533.2952354801855,4925.563297899183
29/06/2024 17:00:00,22.56,280.16,0.393746279249921,4.88971443238731,-0.908997214784324,0.162899351534012,0.383650706742656,110.60000000000001,0.1560947802241524,0.41654986380697456,0,25,621.5069769404853,1658.53493773385
29/06/2024 18:00:00,12.84,290.44,0.224100275956072,5.06913427949233,-0.913607247906239,0.340493711502715,0.222229226251396,10.34,-0.08362561949474417,0.40638156749132126,0,55,0.0,151.27147468296943
29/06/2024 19:00:00,3.76,300.93,0.0656243798749868,5.25221931802654,-0.855949486902385,0.51288409532723,0.0655772874699214,0.86,-0.31629367710681094,0.5166478536973856,0,85,0.0,15.99541755047106
30/06/2024 04:00:00,2.47,57.49,0.0431096325242599,1.00338978697154,0.842514168621559,0.536947470649818,0.0430962809844027,4.31,-0.3492055251094589,0.998127620291821,55,90,0.0,154.86948156447895
30/06/2024 05:00:00,11.43,68.06,0.199491133502952,1.18787108890734,0.909179533170773,0.366225336199075,0.198170582048019,12.92,-0.11883265627084968,0.9991352883494979,70,80,0.0,464.71780531711846
30/06/2024 06:00:00,21.07,78.34,0.367740873395205,1.36729093601236,0.913885719129117,0.188591355669595,0.359508265466264,47.79,0.12085650593667424,0.999457630024611,80,70,207.92636707369184,1719.5068849995419
30/06/2024 07:00:00,31.08,88.93,0.542448331519838,1.55212130379856,0.856297995135105,0.0159932440432834,0.516234403805647,91.9,0.3537239162965905,0.9996930188995081,90,60,1170.2602046756401,3307.384383727133
30/06/2024 08:00:00,41.11,100.68,0.717504855494869,1.75719749090789,0.740397068084433,-0.139631821372403,0.657506757404212,114.87,0.5636620945983515,0.9997716977547306,100,50,2330.9231330344546,4134.375897159092
30/06/2024 09:00:00,50.7,115.0,0.884881930761125,2.00712863979348,0.574038017022417,-0.267678323409663,0.773840209726506,173.69,0.7364648175120511,0.9999253696604519,115,40,4604.996669532054,6252.37334842766
30/06/2024 10:00:00,59.01,134.29,1.02991879160185,2.34380265250318,0.368564689213764,-0.359541651759135,0.857257178748054,473.83000000000004,0.8604067043914939,0.9998309599358228,135,30,14676.714314705578,17054.996534870075
30/06/2024 11:00:00,64.43,161.35,1.12451563705995,2.81608874809285,0.138024069165506,-0.408949339290465,0.902058642342552,0.0,0.927022634002395,0.902058642342552,0,0,0.0,0.0
30/06/2024 12:00:00,64.85,193.89,1.13184601991832,3.38401888669181,-0.102022396094325,-0.412562143121947,0.905198270412509,269.52,0.9317973243894029,0.994744537073179,180,25,9040.968535299546,9651.727714750674
30/06/2024 13:00:00,60.06,222.17,1.04824474874779,3.8775979991558,-0.335057291169995,-0.369905746002791,0.866548527612819,364.21999999999997,0.8743052015006847,0.9416886018042375,180,25,11463.819857660856,12347.345611769017
30/06/2024 14:00:00,52.05,242.47,0.908443875663049,4.23189983731065,-0.545339462824845,-0.284248772016518,0.788547719477402,228.07999999999998,0.7585816739684871,0.838211278875706,180,20,6228.62309515437,6882.452225494956
30/06/2024 15:00:00,42.58,257.36,0.743161195499185,4.49177936293261,-0.718487712693112,-0.161127774695621,0.676618982094545,473.23,0.5923764126433637,0.6952666861487564,180,15,10091.890431187883,11844.757939902334
30/06/2024 16:00:00,32.58,269.38,0.568628270299752,4.70156793902232,-0.842591078179195,-0.0091180688045434,0.53847668082666,173.11,0.38720796080637354,0.53847668082666,0,0,2413.064523426888,3355.7651358445128
30/06/2024 17:00:00,22.54,280.07,0.393397213399522,4.88814363606052,-0.909383775869141,0.161494707791461,0.383328328644433,134.35,0.15686005760030194,0.4156640619293432,0,25,758.6693545896203,2010.400801927461
30/06/2024 18:00:00,12.82,290.36,0.223751210105673,5.06773801609074,-0.914154446699144,0.339244711867533,0.221888875453675,13.780000000000001,-0.08298310774005821,0.4051632296891797,0,55,0.0,200.9933749842083
30/06/2024 19:00:00,3.74,300.85,0.0652753140245879,5.25082305462494,-0.856684373447165,0.511700171873029,0.0652289689980715,0.86,-0.31570281515739723,0.5154380774742373,0,85,0.0,15.957962878602387
01/07/2024 04:00:00,2.39,57.5,0.0417133691226645,1.00356431989674,0.842657799465868,0.536832224077189,0.0417012732621116,19.82,-0.3501104528966841,0.9981791730731295,60,90,0.0,712.2208035711394
01/07/2024 05:00:00,11.35,68.07,0.198094870101356,1.18804562183254,0.909499227979987,0.366169631498751,0.196801817247394,74.10000000000001,-0.11976112997187802,0.999174693027759,70,80,0.0,2665.39841112085
01/07/2024 06:00:00,20.99,78.36,0.36634460999361,1.36764000186276,0.914442248267477,0.188373432321095,0.358205003565126,216.74,0.12008905568622075,0.999491349652437,80,70,937.0116694595334,7798.671184452091
01/07/2024 07:00:00,31.0,88.95,0.541052068118242,1.55247036964896,0.85702336889494,0.0157075319803489,0.515038074910054,434.38,0.3530800129591551,0.9997230465549674,90,60,5521.35225705112,15633.349090651682
01/07/2024 08:00:00,41.03,100.7,0.716108592093273,1.75754655675829,0.741249650564791,-0.140060575498518,0.656454104053436,595.5799999999999,0.5632209312258166,0.9997952928206261,100,50,12075.952399900985,21436.4908979319
01/07/2024 09:00:00,50.62,115.02,0.88348566735953,2.00747770564388,0.57492307720552,-0.268335397284305,0.772955089161596,624.78,0.7363035641509355,0.9999414282571879,115,40,16560.99866916797,22490.76259967493
01/07/2024 10:00:00,58.93,134.29,1.02852252820026,2.34380265250318,0.369421128861072,-0.360377124430383,0.856537423431282,738.13,0.8604885289175448,0.9998058148838015,135,30,22865.486322596666,26567.519981046495
01/07/2024 11:00:00,64.35,161.29,1.12311937365835,2.81504155054165,0.138856133016664,-0.409997129448251,0.901455117112245,482.46000000000004,0.9273367767452589,0.9998892848451857,160,25,16106.504447106636,17366.6370371907
01/07/2024 12:00:00,64.79,193.76,1.13079882236713,3.38174995866421,-0.101311473258192,-0.413713052557434,0.904752726179846,266.77,0.9322960929075328,0.9948271322106937,180,25,8953.51063337793,9554.041226154483
01/07/2024 13:00:00,60.02,222.02,1.047546617047,3.87498000527781,-0.334492609129847,-0.371231000175775,0.866199883944809,268.81,0.8749957694113297,0.94193269994797,180,25,8467.474059916543,9115.233446628497
01/07/2024 14:00:00,52.03,242.34,0.90809480981265,4.22963090928306,-0.544936884830647,-0.285613137852762,0.788333005167848,364.14,0.7593946003590111,0.8384761540223018,180,20,9954.93419189029,10991.617442124514
01/07/2024 15:00:00,42.57,257.25,0.742986662573986,4.48985950075541,-0.718292215106087,-0.162532934474919,0.676490457382041,324.11,0.5932791299561944,0.6955062229219268,180,15,6922.3571571636785,8115.138788804125
01/07/2024 16:00:00,32.56,269.28,0.568279204449354,4.69982260977033,-0.84276177845912,-0.0105910143422525,0.538182511034707,266.67,0.38804148112969594,0.538182511034707,0,0,3725.2447838228168,5166.616687834512
01/07/2024 17:00:00,22.53,279.99,0.393222680474323,4.88674737265892,-0.909674253674323,0.160236415214642,0.383167122077593,92.33,0.15763581455750303,0.41498618174091817,0,25,523.9625312913931,1379.3642697650032
01/07/2024 18:00:00,12.8,290.27,0.223402144255274,5.06616721976394,-0.914758804456423,0.337835156358857,0.221548497619467,22.4,-0.08222708495614864,0.40381335670755103,0,55,0.0,325.6350908489691
01/07/2024 19:00:00,3.71,300.77,0.0647517152489896,5.24942679122334,-0.857427234735421,0.510520919302741,0.0647064764011497,0.86,-0.31523841572661815,0.5142177740856405,0,85,0.0,15.92018228569143
02/07/2024 04:00:00,2.31,57.51,0.040317105721069,1.00373885282194,0.842799772757325,0.536715897428172,0.0403061842410544,2.58,-0.35101467444147993,0.9982439622256816,60,90,0.0,92.7168992115213
02/07/2024 05:00:00,11.27,68.09,0.196698606699761,1.18839468768294,0.909881042727042,0.365954314174295,0.195432668771556,27.57,-0.12057701180336455,0.9992177565251559,70,80,0.0,991.7436077063477
02/07/2024 06:00:00,20.91,78.39,0.364948346592014,1.36816360063836,0.915029778948225,0.187995076827786,0.356901043325005,90.97999999999999,0.1194345542930515,0.9995273411141361,80,70,391.1816069849457,3273.7319098043076
02/07/2024 07:00:00,30.92,88.98,0.539655804716647,1.55299396842455,0.857749655076041,0.0152715800956864,0.513840741921379,295.44,0.35254163521744053,0.9997533623438808,90,60,3749.5764255110626,10633.216801351542
02/07/2024 08:00:00,40.95,100.73,0.714712328691678,1.75807015553389,0.742076047439417,-0.140619187117135,0.655400170911794,334.40999999999997,0.562870686018018,0.9998155845936016,100,50,6776.265100006274,12036.539867182066
02/07/2024 09:00:00,50.53,115.05,0.881914871032735,2.00800130441948,0.575881738696019,-0.269150142043683,0.771957527377196,724.93,0.7361742929928261,0.9999570612038129,115,40,19212.29388789442,26096.359405625284
02/07/2024 10:00:00,58.84,134.29,1.02695173187346,2.34380265250318,0.370383762510681,-0.36131619130941,0.855725702761167,689.9,0.8605785762854249,0.9997751968324972,135,30,21373.673752055325,24830.81669861063
02/07/2024 11:00:00,64.27,161.24,1.12172311025676,2.81416888591566,0.139618528093493,-0.411067199355659,0.900849834449062,795.89,0.9276654309574593,0.9998758702692161,160,25,26579.507034410366,28648.48342998839
02/07/2024 12:00:00,64.72,193.63,1.12957709189073,3.37948103063662,-0.100632933297146,-0.415015781139477,0.904231670613899,974.91,0.9328488191978849,0.99490545238266,180,25,32739.97112367156,34917.95788496565
02/07/2024 13:00:00,59.97,221.87,1.046673952421,3.87236201139982,-0.334023977711017,-0.37266817566049,0.865763485695714,863.4699999999999,0.8757034257810938,0.9421445654217327,180,25,27221.170934131238,29286.488444569328
02/07/2024 14:00:00,52.0,242.21,0.907571211037051,4.22736198125546,-0.544652534687016,-0.287041231636109,0.788010753606722,766.26,0.760176548893266,0.8386617734487378,180,20,20969.743764778344,23134.786938821875
02/07/2024 15:00:00,42.54,257.13,0.742463063798388,4.48776510565302,-0.718295444457599,-0.164115838643677,0.676104759617726,562.29,0.5941256827232559,0.6955433532356796,180,15,12026.553484984544,14079.49459527205
02/07/2024 16:00:00,32.54,269.18,0.567930138598955,4.69807728051834,-0.842929800612413,-0.0120645820343635,0.537888275666847,384.26,0.3888753950134463,0.537888275666847,0,0,5379.453334363208,7440.802157078736
02/07/2024 17:00:00,22.5,279.89,0.392699081698724,4.88500204340693,-0.910150052978232,0.158682928057796,0.38268343236509,174.98999999999998,0.158392275584894,0.4138912779461044,0,25,997.8143149656215,2607.366050200397
02/07/2024 18:00:00,12.77,290.19,0.222878545479676,5.06477095636235,-0.915338368567473,0.336597573544413,0.221037880265469,65.49,-0.08171304274937885,0.4025067101328771,0,55,0.0,948.9659200776763
02/07/2024 19:00:00,3.67,300.69,0.0640535835481919,5.24803052782175,-0.858177857937302,0.509346159963712,0.0640097920350058,8.62,-0.3149003656713755,0.5129867650171741,0,85,0.0,159.19005292012946
03/07/2024 04:00:00,2.22,57.53,0.0387463093942741,1.00408791867234,0.84303944586657,0.53645500030103,0.0387366153014063,2.58,-0.35194004515445065,0.9983210766633206,60,90,0.0,92.72406160048921
03/07/2024 05:00:00,11.18,68.12,0.195127810372966,1.18891828645854,0.910356280038487,0.365591802686679,0.193891921447987,27.57,-0.12141015035280389,0.9992678984453497,70,80,0.0,991.7933745649784
03/07/2024 06:00:00,20.82,78.42,0.363377550265219,1.36868719941395,0.915676165949735,0.187628247592781,0.355433256486863,154.98999999999998,0.11865605970607443,0.9995636480019774,80,70,662.0580969784011,5577.205312937753
03/07/2024 07:00:00,30.83,89.01,0.538085008389852,1.55351756720015,0.858563493795288,0.0148363887308164,0.512492545010614,348.61,0.3518960428046773,0.9997840688939497,90,60,4416.281261356989,12547.250073256313
03/07/2024 08:00:00,40.86,100.77,0.713141532364883,1.75876828723469,0.742988145872496,-0.141329424993795,0.654212968935861,477.91,0.5625334214690395,0.9998350362861637,100,50,9678.252508353673,17201.921838894737
03/07/2024 09:00:00,50.44,115.08,0.88034407470594,2.00852490319507,0.576838283721874,-0.269965299290677,0.770958060864336,825.43,0.7360439666610966,0.9999701141227337,115,40,21871.899770438482,29714.591926811812
03/07/2024 10:00:00,58.75,134.31,1.02538093554667,2.34415171835358,0.371219009025517,-0.362383968630783,0.854911870672946,814.2599999999999,0.8607581426818367,0.9997432180993544,135,30,25231.71330936404,29305.83285970489
03/07/2024 11:00:00,64.18,161.19,1.12015231392996,2.81329622128966,0.140433282192558,-0.412284173112857,0.900166792240901,756.7099999999999,0.9280429775764729,0.9998578899037064,160,25,25281.33845622814,27237.68869928521
03/07/2024 12:00:00,64.65,193.5,1.12835536141433,3.37721210260903,-0.0999488531591918,-0.416316935084783,0.903709265368999,231.58,0.9333994776847823,0.9949818838598408,180,25,7781.639437520708,8295.04456791343
03/07/2024 13:00:00,59.92,221.72,1.045801287795,3.86974401752183,-0.333549856755447,-0.374105153450323,0.865326428130062,698.58,0.8764104761522578,0.9423557498022983,180,25,22040.741895495994,23699.191669088024
03/07/2024 14:00:00,51.96,242.07,0.906873079336254,4.22491852030267,-0.544435458628594,-0.288628819564812,0.787580748815317,378.82,0.7609950837794367,0.8388006881702691,180,20,10378.085674943744,11439.161160935808
03/07/2024 15:00:00,42.51,257.01,0.741939465022789,4.48567071055063,-0.718294995797179,-0.165699423536862,0.675718876495456,579.5,0.594972585767309,0.6955804806918431,180,15,12412.318084277602,14511.19998819323
03/07/2024 16:00:00,32.52,269.08,0.567581072748556,4.69633195126634,-0.843095142967493,-0.0135387668387235,0.537593974758933,386.1,0.38970969891763607,0.537593974758933,0,0,5416.808931075574,7472.3412115592655
03/07/2024 17:00:00,22.47,279.8,0.392175482923126,4.88343124708013,-0.91059551249907,0.15728715627694,0.382199637737753,176.28,0.15903714081443449,0.41294555498233976,0,20,1009.2624185796664,2620.5855275623267
03/07/2024 18:00:00,12.74,290.1,0.222354946704078,5.06320016003555,-0.915974526005845,0.335199076294237,0.220527202312682,56.87,-0.08108525970372682,0.40106821541118026,0,55,0.0,821.1149787756176
03/07/2024 19:00:00,3.63,300.6,0.0633554518473942,5.24645973149496,-0.859015132827612,0.508020133381448,0.0633130764712669,8.62,-0.31445537558270104,0.5116050616039525,0,85,0.0,158.76128271693852
04/07/2024 04:00:00,2.13,57.55,0.0371755130674792,1.00443698452274,0.843276958943535,0.536192678320431,0.0371669507830106,15.51,-0.3528644759282603,0.9983956080314039,60,90,0.0,557.4641717004147
04/07/2024 05:00:00,11.09,68.15,0.193557014046171,1.18944188523414,0.910829140414429,0.365227992943756,0.192350695715376,61.18,-0.12224270918338975,0.9993153203515039,70,80,0.0,2200.9720067677804
04/07/2024 06:00:00,20.73,78.45,0.361806753938424,1.36921079818955,0.916320159936922,0.187260331201051,0.353964592652494,191.08,0.11787771372501063,0.9995972630065273,80,70,810.8666473887012,6876.109620550341
04/07/2024 07:00:00,30.74,89.06,0.536514212063057,1.55439023182615,0.85937996758181,0.0141003344668701,0.51114308357544,353.24,0.35146229843427373,0.9998164252170147,90,60,4469.419522761223,12714.305545571699
04/07/2024 08:00:00,40.77,100.81,0.711570736038088,1.75946641893548,0.743897780807377,-0.142040654846345,0.653024152754461,273.87,0.5621957169373077,0.9998517238632187,100,50,5542.867475914337,9857.85809811911
04/07/2024 09:00:00,50.35,115.12,0.878773278379145,2.00922303489587,0.577745440778782,-0.270881704746819,0.7699566920891,578.98,0.7359838885220131,0.9999804426591928,115,40,15340.318263953104,20842.8723608695
04/07/2024 10:00:00,58.65,134.33,1.02363560629467,2.34450078420398,0.37215926606084,-0.363555640092269,0.854005138885099,783.89,0.8609454833216722,0.9997046448173974,135,30,24295.915977156925,28211.705064932747
04/07/2024 11:00:00,64.08,161.14,1.11840698467797,2.81242355666366,0.141300664560333,-0.413647574209787,0.899405251566371,750.38,0.9284685571624797,0.999834523739356,160,25,25081.352493248934,27009.209877247366
04/07/2024 12:00:00,64.57,193.37,1.12695909801274,3.37494317458144,-0.0992956874496239,-0.417769850883436,0.903110579135655,266.77,0.9340035092031023,0.9950533186138517,180,25,8969.908181404016,9556.213457038219
04/07/2024 13:00:00,59.86,221.56,1.04475409024381,3.86695149071864,-0.333104831753288,-0.375712985060255,0.864801089222098,493.27000000000004,0.8771759140824043,0.9425591300593383,180,25,15576.644273019392,16737.701115037315
04/07/2024 14:00:00,51.92,241.92,0.906174947635456,4.22230052642468,-0.544162947402718,-0.290311896352083,0.787150360166623,703.3,0.7618808680569363,0.8389719012970318,180,20,19289.909322159958,21241.761774559287
04/07/2024 15:00:00,42.48,256.89,0.741415866247191,4.48357631544823,-0.718290866290207,-0.167283680254338,0.675332808121024,611.5400000000001,0.5958198328698141,0.69561760308908,180,15,13117.23578135542,15314.327603751459
04/07/2024 16:00:00,32.48,268.97,0.566882941047758,4.69441208908915,-0.843442641919885,-0.0151641102445431,0.537005176466387,380.96999999999997,0.39044264699623765,0.537005176466387,0,0,5354.889668141639,7364.9830348223795
04/07/2024 17:00:00,22.44,279.7,0.391651884147528,4.88168591782814,-0.911065776700804,0.155731325163256,0.381715738328218,174.75,0.15979511099140706,0.4119587126975043,0,20,1005.2710432469418,2591.6322615799995
04/07/2024 18:00:00,12.7,290.0,0.22165681500328,5.06145483078356,-0.916702612267668,0.333652464539503,0.219846204352837,50.839999999999996,-0.08047317831947218,0.3994107008475983,0,55,0.0,731.0174411193082
04/07/2024 19:00:00,3.59,300.51,0.0626573201465964,5.24488893516816,-0.859849940196474,0.506692486183929,0.0626163300495036,7.75,-0.31400926136590834,0.5102217410529521,0,85,0.0,142.35186575377364
05/07/2024 04:00:00,2.03,57.57,0.0354301838154849,1.00478605037314,0.843517541556067,0.535932257222619,0.0354227717080148,12.92,-0.35391365125556656,0.9984737481366593,60,90,0.0,464.410109733323
05/07/2024 05:00:00,10.99,68.18,0.191811684794177,1.18996548400973,0.911330524115766,0.364875260928803,0.190637666207445,74.10000000000001,-0.1232045847651056,0.9993630360489791,70,80,0.0,2665.9008349642572
05/07/2024 06:00:00,20.64,78.49,0.36023595761163,1.36990892989035,0.916994363085015,0.186731288103133,0.352495055445679,81.79,0.11721268396294357,0.9996322433613345,80,70,345.1257151678496,2943.357162642848
05/07/2024 07:00:00,30.64,89.1,0.534768882811063,1.55508836352695,0.860280295586021,0.0135143628132789,0.509642202946518,0.0,0.3508153600936488,0.509642202946518,0,0,0.0,0.0
05/07/2024 08:00:00,40.67,100.87,0.709825406786094,1.76051361648668,0.744866787392146,-0.143034301137375,0.65170135625012,574.3299999999999,0.5619629725894465,0.9998646485697881,100,50,11619.078985702683,20673.08149007111
05/07/2024 09:00:00,50.25,115.18,0.877027949127151,2.01027023244707,0.578676708771141,-0.272057905563735,0.76884183207346,788.3700000000001,0.7360272630185589,0.9999884524028905,115,40,20889.42528045389,28380.992263951208
05/07/2024 10:00:00,58.55,134.36,1.02189027704268,2.34502438297958,0.373033954406334,-0.36479201641924,0.853095805649493,953.62,0.8611767377093167,0.9996635132075689,135,30,29564.47298211691,34318.76830074006
05/07/2024 11:00:00,63.98,161.11,1.11666165542597,2.81189995788806,0.142025227586686,-0.41505811605616,0.898640971147466,1034.05,0.9289255330002616,0.9998067519157077,160,25,34579.99610636113,37218.606185463745
05/07/2024 12:00:00,64.48,193.24,1.12538830168594,3.37267424655384,-0.0986723247905572,-0.419374449114595,0.902434952642159,1032.5700000000002,0.9346603914183345,0.9951191255769126,180,25,34743.68209320587,36991.0855978903
05/07/2024 13:00:00,59.8,221.4,1.04370689269261,3.86415896391545,-0.332653059201045,-0.377320830212262,0.864274801953705,948.1,0.8779406909961536,0.942761656533065,180,25,29965.520488804315,32177.963756123958
05/07/2024 14:00:00,51.87,241.77,0.905302283009459,4.21968253254669,-0.544006055100655,-0.292060324670768,0.786611834876026,810.49,0.7627363986926755,0.8390638507595025,180,20,22254.848055951355,24481.90297447449
05/07/2024 15:00:00,42.44,256.75,0.740717734546393,4.48113285449544,-0.718338716626549,-0.169146314999479,0.674817762301364,611.84,0.5967727221372736,0.6956021923762604,180,15,13144.659203248902,15321.500833805683
05/07/2024 16:00:00,32.45,268.85,0.56635934227216,4.69231769398676,-0.843690035421454,-0.0169362186819172,0.536563405971098,380.83,0.39138333797635577,0.536563405971098,0,0,5365.81859765528,7356.219908255036
05/07/2024 17:00:00,22.4,279.59,0.39095375244673,4.87976605565095,-0.911625621772387,0.154026276967175,0.381070376350274,176.48,0.1605444223021817,0.4107691099806938,0,20,1019.9836673240048,2609.7311710581425
05/07/2024 18:00:00,12.66,289.91,0.220958683302482,5.05988403445676,-0.917369665457889,0.332264286632871,0.219165099242624,51.7,-0.07997320235033176,0.3978829062356474,0,55,0.0,740.539665085787
05/07/2024 19:00:00,3.54,300.42,0.0617846555205993,5.24331813884137,-0.860691582780917,0.505368687763223,0.0617453541455419,7.75,-0.3136890674936444,0.5088270695330774,0,85,0.0,141.9627523997286
06/07/2024 04:00:00,1.92,57.61,0.0335103216382911,1.00548418207393,0.843947358424429,0.535378683570659,0.0335040503010715,6.029999999999999,-0.3548789564904369,0.9985691936376561,60,90,0.0,216.76940055486236
06/07/2024 05:00:00,10.89,68.22,0.190066355542183,1.19066361571053,0.911892618435616,0.364361844205928,0.188924055984121,74.10000000000001,-0.12405324972800907,0.9994127110388059,70,80,0.0,2666.033347967119
06/07/2024 06:00:00,20.54,78.54,0.358490628359635,1.37078159451635,0.917758525164886,0.186052939523705,0.350861216411507,202.66,0.11653705018303509,0.9996699156104552,80,70,850.2263492433801,7293.351783514135
06/07/2024 07:00:00,30.55,89.16,0.533198086484268,1.55613556107814,0.861093372483772,0.0126251927519707,0.508290082898042,440.62,0.35048800501837224,0.9998737770503837,90,60,5559.552891763026,15860.317811181842
06/07/2024 08:00:00,40.58,100.93,0.708254610459299,1.76156081403788,0.745720794576264,-0.144008169178146,0.650509141939223,633.84,0.5618085784611937,0.9998721226494391,100,50,12819.48297738635,22815.32206392434
06/07/2024 09:00:00,50.15,115.24,0.875282619875156,2.01131742999827,0.579604383689967,-0.273235522670825,0.767724630032263,849.84,0.7360699829213376,0.9999929595983155,115,40,22519.501714291306,30594.02460426117
06/07/2024 10:00:00,58.44,134.4,1.01997041486549,2.34572251468038,0.373948685119355,-0.366197607927647,0.852092537724381,971.13,0.8614612234432957,0.9996150154862744,135,30,30117.27016520956,34947.220679610684
06/07/2024 11:00:00,63.87,161.08,1.11474179324878,2.81137635911247,0.142801683242051,-0.416614983636064,0.89779710106079,1031.6,0.9294296983626922,0.9997724586456184,160,25,34516.78836591432,37129.149660197516
06/07/2024 12:00:00,64.39,193.11,1.12381750535915,3.37040531852625,-0.0980419490916251,-0.420977326890065,0.901757099480126,1030.2299999999998,0.9353144825952601,0.9951821873969466,180,25,34689.205418548125,36909.59561719042
06/07/2024 13:00:00,59.72,221.23,1.04231062929101,3.86119190418705,-0.332327092019844,-0.37921336468015,0.863571611366187,946.9699999999999,0.8787816841191258,0.9429241690549297,180,25,29958.476090770386,32145.152413318083
06/07/2024 14:00:00,51.81,241.62,0.904255085458262,4.2170645386687,-0.543964018218077,-0.293874902471138,0.785964813831779,801.41,0.7635619859923503,0.8390764720180885,180,20,22029.343602988658,24207.993915840587
06/07/2024 15:00:00,42.39,256.62,0.739845069920396,4.47886392646785,-0.7185257188683,-0.170911945973877,0.674173492543437,618.6600000000001,0.5975656442575998,0.6954368545007789,180,15,13308.838613150643,15488.602718596268
06/07/2024 16:00:00,32.4,268.73,0.565486677646163,4.69022329888436,-0.844120517478247,-0.0187135714066805,0.535826794978997,392.86,0.39211925351298504,0.535826794978997,0,0,5545.7269176640075,7578.176928316156
06/07/2024 17:00:00,22.36,279.48,0.390255620745932,4.87784619347375,-0.912181832576347,0.152319578746152,0.380424828643258,178.37,0.16129476902649562,0.40957876839387763,0,20,1035.7253262452168,2630.0363370629743
06/07/2024 18:00:00,12.61,289.8,0.220086018676485,5.05796417227957,-0.918185477102093,0.330567112407551,0.218313567680379,53.42,-0.0793752426888108,0.396004244060549,0,55,0.0,761.563681837723
06/07/2024 19:00:00,3.48,300.33,0.0607374579694027,5.24174734251457,-0.86153968923367,0.504048469077742,0.0607001210504189,6.029999999999999,-0.31349462331797373,0.5074207766115298,0,85,0.0,110.15090218683089
07/07/2024 04:00:00,1.82,57.64,0.0317649923862968,1.00600778084953,0.844275674935097,0.534967203944485,0.0317596507648635,12.059999999999999,-0.35582147319760055,0.9986477842632895,60,90,0.0,433.5729220157497
07/07/2024 05:00:00,10.79,68.27,0.188321026290188,1.19153628033653,0.912515150688104,0.363687454058967,0.187209870265359,62.040000000000006,-0.12478849622787733,0.9994639966328319,70,80,0.0,2232.242868639632
07/07/2024 06:00:00,20.44,78.6,0.356745299107641,1.37182879206754,0.918551744704262,0.185212520330318,0.349226308593222,214.5,0.11597526188879415,0.9997076665485264,80,70,895.5609723052684,7719.742601087721
07/07/2024 07:00:00,30.45,89.22,0.531452757232273,1.55718275862934,0.861991860760972,0.0117355099412871,0.506786256510824,431.68,0.3500537399307826,0.9998999775298324,90,60,5440.0031443195285,15538.925602802808
07/07/2024 08:00:00,40.47,100.99,0.706334748282105,1.76260801158907,0.746794189806938,-0.145026825155245,0.649049811690897,653.96,0.5614969746957146,0.9998793634747722,100,50,13219.076216592342,23539.719907366634
07/07/2024 09:00:00,50.04,115.3,0.873362757697962,2.01236462754946,0.580649416210286,-0.274471721616301,0.76649300680935,842.3999999999999,0.7360732184457908,0.9999940973065093,115,40,22322.450851874426,30326.22099255612
07/07/2024 10:00:00,58.33,134.44,1.01805055268829,2.34642064638118,0.37486025711531,-0.367603303159408,0.851086129097247,963.4399999999999,0.8617435617090645,0.9995627177338583,135,30,29888.575815347318,34668.6733718463
07/07/2024 11:00:00,63.76,161.05,1.11282193107159,2.81085276033687,0.143579280876636,-0.418169616144137,0.89694992181103,1034.03,0.9299299433590178,0.9997344437045574,160,25,34616.71653593491,37215.19464565765
07/07/2024 12:00:00,64.29,192.99,1.12207217610716,3.36831092342386,-0.0975136681869217,-0.422714686541503,0.901001319809716,1015.76,0.9360085644561219,0.9952314583122792,180,25,34227.36213955021,36392.987019430104
07/07/2024 13:00:00,59.65,221.07,1.04108889881462,3.85839937738386,-0.331959735259546,-0.380935044714961,0.862954938495877,949.34,0.8795630421784042,0.943092887054099,180,25,30060.157624619264,32231.368850253777
07/07/2024 14:00:00,51.75,241.46,0.903207887907066,4.21427201186551,-0.54386399206512,-0.295785862081064,0.785316930880745,811.7900000000001,0.7644551160630111,0.8391212478695453,180,20,22340.772672076506,24522.848561088656
07/07/2024 15:00:00,42.34,256.48,0.738972405294399,4.47642046551506,-0.718677707982714,-0.172804599762168,0.673528709373068,603.9399999999999,0.5984480220335759,0.6953038966303581,180,15,13011.361143370481,15117.186071913782
07/07/2024 16:00:00,32.35,268.6,0.564614013020166,4.68795437085677,-0.844543021035767,-0.0206401868542196,0.535089775931482,388.84000000000003,0.39296042519431723,0.535089775931482,0,0,5500.7543423721,7490.315105035109
07/07/2024 17:00:00,22.31,279.37,0.389382956119935,4.87592633129656,-0.912799790235999,0.150622028359974,0.37961763330731,176.92,0.16192434512017695,0.40823965646677135,0,20,1031.3155849918214,2600.1273607956427
07/07/2024 18:00:00,12.55,289.7,0.219038821125288,5.05621884302757,-0.918975759557356,0.32904095923084,0.217291510405792,51.7,-0.07901879305805054,0.3941678645966438,0,55,0.0,733.6252295872735
07/07/2024 19:00:00,3.42,300.23,0.0596902604182061,5.24000201326258,-0.862472555135374,0.502575759386748,0.0596548213901707,6.890000000000001,-0.3131923987868862,0.5058625671572504,0,85,0.0,125.4741511576844
08/07/2024 04:00:00,1.71,57.68,0.029845130209103,1.00670591255033,0.844698917806684,0.534409272838077,0.0298406997386809,2.58,-0.3567838596122031,0.9987353577888505,60,90,0.0,92.76254003142843
08/07/2024 05:00:00,10.68,68.32,0.186401164112994,1.19240894496253,0.913164490416708,0.363023103867513,0.185323607509647,74.96,-0.1256525188880812,0.9995135911446615,70,80,0.0,2697.2473965193376
08/07/2024 06:00:00,20.33,78.66,0.354825436930447,1.37287598961874,0.919400878806839,0.184382008441872,0.347426681491439,128.15,0.1152899939496925,0.999742441070918,80,70,531.8788580875114,4612.211777636574
08/07/2024 07:00:00,30.34,89.29,0.52953289505508,1.55840448910574,0.862976850918521,0.0106944164748115,0.505130264619945,179.85,0.3496189410851461,0.9999250080833081,90,60,2263.6427959498865,6474.114457336186
08/07/2024 08:00:00,40.37,101.07,0.704589419030111,1.76400427499067,0.747701556466771,-0.146286690153372,0.647721071713079,111.2,0.561448272730521,0.9998773792336244,100,50,2247.589725394822,4002.7091245480456
08/07/2024 09:00:00,49.93,115.38,0.871442895520769,2.01376089095106,0.581594078480894,-0.275912425747792,0.765258558393128,347.16999999999996,0.736219063260716,0.9999901533628004,115,40,9201.354198920018,12497.996935546682
08/07/2024 10:00:00,58.21,134.5,1.0159561575859,2.34746784393237,0.375745652622387,-0.369244224459638,0.84998465117823,531.27,0.8621250057819863,0.999501997747218,135,30,16488.761465584652,19116.195348353926
08/07/2024 11:00:00,63.64,161.04,1.11072753596919,2.81067822741167,0.144262309121807,-0.419920279105646,0.896021955848561,597.85,0.9305116779859008,0.9996873915241419,160,25,20027.030640619352,21515.871852817498
08/07/2024 12:00:00,64.18,192.87,1.12015231392996,3.36621652832146,-0.09701323984726,-0.424603553260056,0.900166792240901,981.84,0.9367540948185722,0.9952733890474201,180,25,33110.735056440004,35179.17207488348
08/07/2024 13:00:00,59.56,220.9,1.03951810248782,3.85543231765547,-0.331715128675995,-0.382942418636795,0.862160180834205,937.5400000000001,0.8804204913589418,0.9432209448740279,180,25,29715.459388871845,31835.06512765906
08/07/2024 14:00:00,51.69,241.3,0.902160690355869,4.21147948506232,-0.543756933913303,-0.297698225640849,0.784668186733408,801.53,0.7653486299183923,0.8391656946403231,180,20,22084.1959441856,24214.193252102094
08/07/2024 15:00:00,42.29,256.33,0.738099740668402,4.47380247163706,-0.718793685761747,-0.174824338808899,0.672883413281287,608.2199999999999,0.5994198999673752,0.6952033354011345,180,15,13124.850176093649,15222.116615676408
08/07/2024 16:00:00,32.3,268.48,0.563741348394168,4.68585997575438,-0.844964408061989,-0.0224213248945185,0.534352349389826,376.95,0.39369844067261,0.534352349389826,0,0,5342.566579615452,7251.268251689817
08/07/2024 17:00:00,22.25,279.25,0.388335758568738,4.87383193619416,-0.913505114569664,0.148773755186041,0.378648617352433,160.26999999999998,0.16254607386217867,0.40669693266869605,0,20,937.8453332840894,2346.5274263572287
08/07/2024 18:00:00,12.49,289.59,0.217991623574092,5.05429898085038,-0.91981965037565,0.327352161278025,0.216269214844421,51.7,-0.07854750469738347,0.3921981176562157,0,55,0.0,729.9591365817487
08/07/2024 19:00:00,3.35,300.13,0.05846852994181,5.23825668401058,-0.863410791817415,0.501105906313693,0.0584352225182464,6.890000000000001,-0.3130154423442462,0.5042920122733624,0,85,0.0,125.08459072428482
09/07/2024 04:00:00,1.59,57.73,0.0277507351067098,1.00757857717633,0.845215947321097,0.533704128484317,0.0277471734217468,13.780000000000001,-0.35776559391324064,0.9988305463059584,60,90,0.0,495.49985741145986
09/07/2024 05:00:00,10.57,68.38,0.184481301935801,1.19345614251372,0.913873227563187,0.362197066659398,0.183436661675277,61.18,-0.1264026945719254,0.9995635743142794,70,80,0.0,2201.5187811557144
09/07/2024 06:00:00,20.22,78.72,0.352905574753253,1.37392318716994,0.920245890573659,0.18354924503654,0.345625773820196,210.67,0.11460541257409992,0.9997725953415889,80,70,869.1812016114827,7582.395335782051
09/07/2024 07:00:00,30.23,89.36,0.527613032877886,1.55962621958213,0.863957401520472,0.0096508981906054,0.503472410884755,426.69000000000005,0.34918454032183205,0.9999452629466987,90,60,5363.767854357211,15359.99919288217
09/07/2024 08:00:00,40.26,101.15,0.702669556852917,1.76540053839226,0.748715257172353,-0.147570736504283,0.646257178996815,642.13,0.5613211021460082,0.9998719562400565,100,50,12975.880295556584,23113.72005337539
09/07/2024 09:00:00,49.82,115.46,0.869523033343575,2.01515715435265,0.582533704705845,-0.277355281771747,0.764021289333614,795.57,0.7363644351973957,0.9999816994347372,115,40,21089.860333559714,28639.99586229458
09/07/2024 10:00:00,58.09,134.56,1.01386176248351,2.34851504148357,0.376626374572244,-0.370885780469501,0.848879444810685,871.64,0.8625042622511564,0.9994366208811775,135,30,27064.555745349528,31361.361704095303
09/07/2024 11:00:00,63.51,161.03,1.1084586079416,2.81050369448647,0.14499610126747,-0.421816606103455,0.895012224180539,1006.0600000000001,0.9311385955557615,0.9996314198057539,160,25,33724.12663601386,36204.810703551964
09/07/2024 12:00:00,64.06,192.74,1.11805791882757,3.36394760029387,-0.0964651461131312,-0.426660533378059,0.89925261458776,994.5899999999999,0.9375621781910328,0.9953141800835492,180,25,33569.638805052695,35637.4630932947
09/07/2024 13:00:00,59.47,220.72,1.03794730616103,3.85229072500188,-0.331393517396752,-0.385008583205116,0.861363295877992,929.9399999999999,0.8813180075798852,0.9433719207111735,180,25,29504.62324687818,31582.05422206135
09/07/2024 14:00:00,51.61,241.13,0.900764426954274,4.20851242533393,-0.543830162920087,-0.299838963826533,0.783801856128029,651.1299999999999,0.7662497721604213,0.8390837857443779,180,20,17961.415709285342,19668.69451482252
09/07/2024 15:00:00,42.22,256.18,0.736878010192006,4.47118447775907,-0.719131281350956,-0.176901775857204,0.671979137980563,581.94,0.6002494505945184,0.6948675528071928,180,15,12575.129950043067,14557.364052502244
09/07/2024 16:00:00,32.24,268.34,0.562694150842972,4.68341651480158,-0.845465974315489,-0.0245020899417119,0.533466900438303,376.15000000000003,0.39454365678952,0.5335723956718144,180,5,5342.673474049607,7225.317238750307
09/07/2024 17:00:00,22.19,279.13,0.387288561017542,4.87173754109177,-0.914205697038108,0.146923026930369,0.37767918616292,175.98,0.1631692449938995,0.4051529789902892,0,20,1033.7228544249517,2566.7575647375993
09/07/2024 18:00:00,12.43,289.48,0.216944426022895,5.05237911867319,-0.920659433733493,0.325660978496044,0.215246682117339,53.42,-0.0780746977093236,0.39022628114543756,0,55,0.0,750.4519657964139
09/07/2024 19:00:00,3.27,300.02,0.0570722665402146,5.23633682183339,-0.864441057303637,0.499487687385264,0.0570412885398923,6.029999999999999,-0.3128568489351302,0.5025584618052851,0,85,0.0,109.09539088869127
10/07/2024 04:00:00,1.47,57.78,0.0256563400043166,1.00845124180232,0.845728679790506,0.532996150844229,0.0256535253921351,1.72,-0.3587454108421622,0.9989205968297677,60,90,0.0,61.85316335569922
10/07/2024 05:00:00,10.45,68.44,0.182386906833407,1.19450334006492,0.914607321252785,0.361380249974069,0.181377404434746,55.15,-0.12728123271372985,0.9996102069817855,70,80,0.0,1984.6261049416369
10/07/2024 06:00:00,20.11,78.79,0.35098571257606,1.37514491764633,0.921118648734342,0.182553478160621,0.343823592217404,191.2,0.11403519125227932,0.9998013926350441,80,70,784.9270284276889,6881.832945785535
10/07/2024 07:00:00,30.12,89.44,0.525693170700692,1.56102248298373,0.864934993183926,0.0084540087301544,0.501812701415888,406.48,0.34885727715541226,0.9999620274273442,90,60,5104.9262166527515,14632.724336712008
10/07/2024 08:00:00,40.15,101.24,0.700749694675723,1.76697133471906,0.749698076619466,-0.148988199853464,0.64479090426083,588.75,0.5612865872833999,0.9998594525169042,100,50,11896.46921747166,21192.021096095785
10/07/2024 09:00:00,49.7,115.55,0.867428638241182,2.01672795067945,0.583539721176919,-0.278959518009249,0.762668329695688,729.16,0.7365421145849094,0.9999671374559298,115,40,19334.05373774637,26248.897366105168
10/07/2024 10:00:00,57.96,134.64,1.01159283445591,2.34991130488517,0.377477634792792,-0.372763667631078,0.847677936085083,895.69,0.8629825340298827,0.9993609831123165,135,30,27826.733732588124,32224.23500269935
10/07/2024 11:00:00,63.38,161.03,1.10618967991401,2.81050369448647,0.145655859251487,-0.42373594649423,0.893997884960781,939.85,0.9317785280207693,0.9995697103743538,160,25,31526.35378417152,33820.04132263211
10/07/2024 12:00:00,63.94,192.62,1.11596352372517,3.36185320519148,-0.0959826199790227,-0.428698584643623,0.8983344923727,968.4000000000001,0.9383540876170919,0.9953433964537801,180,25,32713.275544142107,34700.059624530266
10/07/2024 13:00:00,59.37,220.55,1.03620197690903,3.84932366527349,-0.33122656652142,-0.387131876336637,0.860475375565452,826.73,0.8821915480774802,0.9434645340700599,180,25,26256.031867515427,28079.655633062663
10/07/2024 14:00:00,51.53,240.96,0.899368163552678,4.20554536560554,-0.54389440855192,-0.301982164979941,0.782933997460824,736.76,0.767151575480751,0.8390012833245846,180,20,20347.43741104313,22253.133078079954
10/07/2024 15:00:00,42.15,256.03,0.73565627971561,4.46856648388108,-0.719461847882912,-0.178981910574019,0.671073859666863,576.07,0.6010801995240814,0.6945314995851012,180,15,12465.513739434153,14403.555394775613
10/07/2024 16:00:00,32.17,268.21,0.561472420366576,4.68114758677399,-0.84605900827361,-0.0264406653023894,0.532433137339744,358.14,0.3951834556757647,0.5327115243293791,180,5,5095.116101365861,6868.270991639657
10/07/2024 17:00:00,22.12,279.01,0.386066830541146,4.86964314598938,-0.91496645267398,0.145080151789714,0.376547659716359,172.06,0.16367224447928158,0.40345939151849364,0,20,1013.8120698637867,2499.0920245681923
10/07/2024 18:00:00,12.35,289.36,0.2155481626213,5.05028472357079,-0.921622125336321,0.323831355575588,0.213882938161601,61.18,-0.07774527153415936,0.3879453303916406,0,55,0.0,854.4418312809805
10/07/2024 19:00:00,3.19,299.92,0.0556760031386191,5.23459149258139,-0.865379697044333,0.498017433681057,0.0556472433566273,5.17,-0.3128029613731879,0.500972303816933,0,85,0.0,93.24096518640758
11/07/2024 04:00:00,1.35,57.84,0.0235619449019235,1.00949843935352,0.846329996849828,0.532137645645519,0.0235597648336102,13.780000000000001,-0.35961886828358436,0.9990121000795145,60,90,0.0,495.5899226074456
11/07/2024 05:00:00,10.33,68.51,0.180292511731014,1.19572507054131,0.915399608191316,0.360400949976578,0.179317351584181,72.38,-0.12804544038492527,0.9996558261968029,70,80,0.0,2604.783193204485
11/07/2024 06:00:00,20.0,78.87,0.349065850398866,1.37654118104793,0.922018623763012,0.181394263949142,0.342020143325669,203.4,0.11357964854119479,0.9998282727630927,80,70,831.6756184780448,7321.142544480471
11/07/2024 07:00:00,30.01,89.53,0.523773308523498,1.56259327931052,0.865908989812328,0.0071032518872025,0.500151142330817,411.71,0.34863750678240185,0.9999747537082052,90,60,5167.3517250257755,14821.185810571385
11/07/2024 08:00:00,40.03,101.34,0.69865529957333,1.76871666397105,0.750759339745155,-0.150561651733844,0.643188621488749,629.41,0.5612662007643705,0.9998394528758198,100,50,12717.596139231688,22655.122201244507
11/07/2024 09:00:00,49.58,115.65,0.865334243138789,2.01847327993144,0.584490596840849,-0.280668386840387,0.76131202462134,812.01,0.7367914148081363,0.9999463135469769,115,40,21538.15188258077,29230.790618278108
11/07/2024 10:00:00,57.83,134.72,1.00932390642832,2.35130756828676,0.378322441961636,-0.37464273067234,0.846472063486183,936.34,0.8634585515567068,0.9992797003562606,135,30,29105.668085925845,33683.95996673691
11/07/2024 11:00:00,63.24,161.03,1.10374621896121,2.81050369448647,0.146365529172711,-0.425800488609555,0.892900372813147,1011.42,0.9324623214685342,0.9994974992838376,160,25,33951.99748246937,36392.82338612372
11/07/2024 12:00:00,63.81,192.51,1.11369459569758,3.35993334301428,-0.095600662788172,-0.430870826679715,0.897335413315891,1005.7399999999999,0.93918363911518,0.995355952478102,180,25,34004.68391533324,36038.494643231745
11/07/2024 13:00:00,59.27,220.37,1.03445664765704,3.8461820726199,-0.330980976025891,-0.389314148858775,0.859584834095691,925.11,0.8831049398640853,0.9435796976212869,180,25,29410.891593035903,31424.940506391435
11/07/2024 14:00:00,51.45,240.78,0.897971900151083,4.20240377295195,-0.5438965681508,-0.304222722932239,0.782064612423728,790.89,0.7681211411472696,0.8389506445725783,180,20,21869.975855590706,23886.63631029623
11/07/2024 15:00:00,42.08,255.87,0.734434549239214,4.46577395707789,-0.719753760354569,-0.181190340763493,0.670167579691428,600.4900000000001,0.6020009587705519,0.6942276841437952,180,15,13013.840006356637,15007.564153854275
11/07/2024 16:00:00,32.1,268.07,0.56025068989018,4.6787041258212,-0.846641365151536,-0.0285297826929653,0.531398579518083,378.64000000000004,0.3959291418981096,0.5318629818904338,180,5,5396.925970378808,7249.845580667779
11/07/2024 17:00:00,22.05,278.88,0.38484510006475,4.86737421796179,-0.915747116095529,0.143074694632963,0.375415571225283,169.40999999999997,0.16428980938525625,0.40170966957316734,0,20,1001.9641178864251,2449.9308644060493
11/07/2024 18:00:00,12.27,289.25,0.214151899219704,5.0483648613936,-0.922523178801623,0.322159516231261,0.21251877723013,12.059999999999999,-0.07752771004200418,0.3857933892093299,0,55,0.0,167.49605785912266
11/07/2024 19:00:00,3.1,299.81,0.0541052068118242,5.2326716304042,-0.866409001841672,0.4963979487406,0.0540788129847753,4.31,-0.3127668603415168,0.4992222837916036,0,85,0.0,77.45932955310522
12/07/2024 04:00:00,1.22,57.9,0.0212930168743308,1.01054563690472,0.84692988924629,0.531278117986354,0.0212914078948741,3.45,-0.36061506102070323,0.9991018583048052,60,90,0.0,124.08845080145682
12/07/2024 05:00:00,10.21,68.58,0.178198116628621,1.19694680101771,0.916186849571486,0.359418677268103,0.177256512159984,69.78999999999999,-0.12880810222357433,0.9996956383007193,70,80,0.0,2511.6753094922587
12/07/2024 06:00:00,19.88,78.96,0.346971455296473,1.37811197737472,0.923003465052505,0.180082514707194,0.340051307007933,189.54,0.11311501781407504,0.999852233662127,80,70,771.8335371532721,6822.431725259504
12/07/2024 07:00:00,29.89,89.62,0.521678913421105,1.56416407563732,0.866964670424036,0.0057500117473666,0.498336430136758,402.07,0.3483111967635326,0.9999816438391976,90,60,5041.637383777688,14474.254303383343
12/07/2024 08:00:00,39.91,101.44,0.696560904470937,1.77046199322305,0.751814098132355,-0.152138594971747,0.641583517376699,567.1099999999999,0.561246288019297,0.9998131969234538,100,50,11458.381766350443,20412.146235861353
12/07/2024 09:00:00,49.46,115.76,0.863239848036395,2.02039314210864,0.585385425345616,-0.282482360217582,0.759952380059986,723.13,0.7371126737947059,0.9999188324655279,115,40,19189.018360841965,26030.5669915487
12/07/2024 10:00:00,57.7,134.81,1.00705497840073,2.35287836461356,0.379095068700852,-0.376589115861204,0.845261833221856,536.0899999999999,0.8639790916958507,0.9991929260891608,135,30,16674.13984562023,19283.664086896973
12/07/2024 11:00:00,63.1,161.04,1.10130275800842,2.81067822741167,0.14699964688738,-0.427888151279073,0.891797529605214,816.76,0.9331586939880656,0.9994187178917179,160,25,27438.00101646093,29386.26835290862
12/07/2024 12:00:00,63.68,192.39,1.11142566766999,3.35783894791189,-0.0951346476944194,-0.433057566549619,0.896331714747493,686.1,0.9400201756418987,0.9953704488524233,180,25,23218.12233028464,24585.251938475318
12/07/2024 13:00:00,59.16,220.19,1.03253678547985,3.84304047996631,-0.330820638618357,-0.39161197976719,0.858602214280259,718.53,0.8840349345466252,0.9436602469351527,180,25,22867.402374712317,24409.73510029135
12/07/2024 14:00:00,51.36,240.6,0.896401103824288,4.19926218029836,-0.544007726564048,-0.306532600329827,0.781084731878463,458.99,0.7690615909405037,0.8388198826535287,180,20,12707.696866528146,13860.357765809153
12/07/2024 15:00:00,42.0,255.71,0.733038285837618,4.4629814302747,-0.720151052205291,-0.183430350927647,0.669130606358858,311.77,0.6028516342721821,0.6938058021123992,180,15,6766.2379446133755,7787.082057284976
12/07/2024 16:00:00,32.03,267.92,0.559028959413784,4.67608613194321,-0.847211939165628,-0.0307697249204904,0.530363228517526,243.6,0.3967809165232566,0.5310267945415668,180,5,3479.609925542351,4656.892577411724
12/07/2024 17:00:00,21.97,278.75,0.383448836663154,4.86510528993419,-0.916586570093894,0.141076166263187,0.374121069756828,158.57,0.16478763158131804,0.39980969913619246,0,20,940.6934906345856,2282.321663712937
12/07/2024 18:00:00,12.19,289.13,0.212755635818109,5.0462704662912,-0.923475330185498,0.32032361374702,0.211154201982428,54.290000000000006,-0.07719443135688953,0.38350681772853884,0,55,0.0,749.5410648413656
12/07/2024 19:00:00,3.01,299.7,0.0525344104850293,5.23075176822701,-0.867433137542595,0.494775126319206,0.052510249178828,4.31,-0.3127284937065966,0.497468927355912,0,85,0.0,77.18727876854331
13/07/2024 04:00:00,1.09,57.97,0.0190240888467382,1.01176736738111,0.847617108630987,0.530267257954461,0.0190229413472849,1.72,-0.3615043231160164,0.9991915777339795,60,90,0.0,61.869942493288015
13/07/2024 05:00:00,10.08,68.66,0.175929188601028,1.19834306441931,0.917060047194069,0.358284521947779,0.175023058975276,24.119999999999997,-0.12958542319802419,0.9997338639490829,70,80,0.0,868.0889087442677
13/07/2024 06:00:00,19.75,79.04,0.34470252726888,1.37950824077632,0.924009109706242,0.178939813551202,0.337916718003327,182.70999999999998,0.11241364719014355,0.999866340157056,80,70,739.4075092120005,6576.6808443634445
13/07/2024 07:00:00,29.77,89.72,0.519584518318712,1.56590940488931,0.868015184288191,0.0042419561873386,0.496519531995311,421.71999999999997,0.34809281207989207,0.99998296646186,90,60,5284.717225571954,15181.66139818664
13/07/2024 08:00:00,39.79,101.55,0.694466509368544,1.77238185540024,0.752835497729399,-0.153850401648284,0.639975598965453,614.39,0.5613197481161699,0.9997779057202981,100,50,12415.292641623371,22113.127709837783
13/07/2024 09:00:00,49.33,115.87,0.860970920008803,2.02231300428583,0.586391994091006,-0.284357322754699,0.758475670184452,805.83,0.7373942809523368,0.9998833378629297,115,40,21391.71960311358,29006.495645403047
13/07/2024 10:00:00,57.56,134.9,1.00461151744794,2.35444916094035,0.379964904874794,-0.378640886651714,0.843953642103103,895.92,0.8645048819241027,0.9990929433955784,135,30,27882.979697283914,32223.8645944908
13/07/2024 11:00:00,62.95,161.06,1.09868476413043,2.81102729326207,0.147607571187956,-0.43014628507067,0.890610003518877,1009.54,0.9339157279564454,0.9993271010595537,160,25,33941.710224041395,36318.98453773183
13/07/2024 12:00:00,63.54,192.28,1.1089822067172,3.3559190857347,-0.0947686018970573,-0.435378158903228,0.895245648324812,1015.4699999999999,0.9408931172992085,0.9953668631029996,180,25,34396.15441765778,36387.546785107304
13/07/2024 13:00:00,59.04,220.01,1.03044239037745,3.83989888731272,-0.330744133764936,-0.394025826434532,0.857526656193652,923.3599999999999,0.8849812474772476,0.9437055959485113,180,25,29417.62624814129,31369.679966700627
13/07/2024 14:00:00,51.26,240.42,0.894655774572293,4.19612058764477,-0.544226789278894,-0.308912618163679,0.779993715468559,800.1700000000001,0.7699730525883366,0.8386086766246373,180,20,22179.936149625937,24157.0621718905
13/07/2024 15:00:00,41.91,255.55,0.731467489510823,4.46018890347151,-0.72065294069897,-0.185702723600872,0.667962452170139,604.28,0.603632434650488,0.6932655851378288,180,15,13131.468273981487,15081.355000335137
13/07/2024 16:00:00,31.94,267.77,0.557458163086989,4.67346813806522,-0.847959897206513,-0.0330199883811143,0.529030899945203,386.64,0.39742999450746186,0.529895659264991,180,5,5531.843990749141,7375.638877135781
13/07/2024 17:00:00,21.88,278.61,0.381878040336359,4.8626618289814,-0.91750846130195,0.138923911081482,0.372663883907673,176.58,0.16527911981975899,0.3977042777209077,0,20,1050.6595311998294,2528.158368958484
13/07/2024 18:00:00,12.1,289.0,0.211184839491314,5.04400153826361,-0.924512213264887,0.318335083850644,0.209618562903822,49.12,-0.07687418918850725,0.3809971030085645,0,55,0.0,673.7247971921047
13/07/2024 19:00:00,2.91,299.58,0.050789081233035,5.22865737312461,-0.868545869086188,0.493001784734207,0.0507672487161165,4.31,-0.31270703929327837,0.49555042137109334,0,85,0.0,76.88960337993885
14/07/2024 04:00:00,0.95,58.04,0.0165806278939461,1.01298909785751,0.848301223233235,0.529254326984556,0.0165798681876975,11.2,-0.3625155863564018,0.9992775728736736,60,90,0.0,402.9087173826652
14/07/2024 05:00:00,9.96,68.74,0.173834793498635,1.1997393278209,0.917899020530232,0.357135850251224,0.172960609894204,70.65,-0.13023156138311107,0.9997652229611824,70,80,0.0,2542.8028680794714
14/07/2024 06:00:00,19.63,79.14,0.342608132166487,1.38125357002831,0.92501303932405,0.177459796203615,0.335944783873564,208.73000000000002,0.11206580949768744,0.9998794488959957,80,70,842.0938709922829,7513.374145250203
14/07/2024 07:00:00,29.65,89.83,0.517490123216319,1.56782926706651,0.869059727513449,0.0025785596858103,0.494700455876278,413.98,0.34798272996666196,0.9999780293707679,90,60,5186.084059857554,14902.952565560778
14/07/2024 08:00:00,39.66,101.67,0.692197581340951,1.77447625050264,0.753931727948673,-0.155720112211468,0.638230519675435,591.39,0.5614078757345735,0.9997319066378425,100,50,11952.3961307041,21284.332281595933
14/07/2024 09:00:00,49.2,116.0,0.85870199198121,2.02458193231342,0.587290548595512,-0.286440739506754,0.756995055651757,797.2699999999999,0.7378205264893605,0.9998385543501763,115,40,21176.7181615502,28697.086232163536
14/07/2024 10:00:00,57.41,135.01,1.00199352356995,2.35636902311754,0.380798020658527,-0.380930967448381,0.842546417416506,917.97,0.8651291554663452,0.9991155014955909,135,35,28589.85399036387,33017.69004868467
14/07/2024 11:00:00,62.79,161.08,1.09589223732724,2.81137635911247,0.148263257672168,-0.432548785606545,0.889336581106804,901.89,0.9347141067542752,0.9992218720009256,160,25,30348.33500666208,32442.775709000933
14/07/2024 12:00:00,63.39,192.17,1.10636421283921,3.3539992235575,-0.0944263316858387,-0.437848879020488,0.894076074517632,767.04,0.941813166678382,0.9953510406952425,180,25,26006.7013692835,27485.066241175635
14/07/2024 13:00:00,58.91,219.83,1.02817346234986,3.83675729465913,-0.33075000814933,-0.39655609646578,0.856357223631027,778.1500000000001,0.8859435048794037,0.9437150684329306,180,25,24818.28977958869,26436.66769803906
14/07/2024 14:00:00,51.16,240.24,0.892910445320299,4.19297899499118,-0.544434600524161,-0.311296084917863,0.778900323062527,779.17,0.7708852729081497,0.8383964174899438,180,20,21623.424411306347,23517.12011816302
14/07/2024 15:00:00,41.82,255.38,0.729896693184029,4.45722184374312,-0.721113149500655,-0.188104725412828,0.666792649850469,617.86,0.604503731267258,0.6927573266809117,180,15,13445.952314428368,15408.973507070452
14/07/2024 16:00:00,31.85,267.62,0.555887366760194,4.67085014418723,-0.848699781869978,-0.0352742918559884,0.527697266041724,363.02,0.39808100620462744,0.5287635757348811,180,5,5202.409207406538,6910.263117477954
14/07/2024 17:00:00,21.79,278.47,0.380307244009564,4.86021836802861,-0.918423038942074,0.136767655216434,0.37120577854743,177.46999999999997,0.16577278677599533,0.3955966239335484,0,20,1059.109072888892,2527.4351825815256
14/07/2024 18:00:00,12.0,288.88,0.20943951023932,5.04190714316122,-0.925521665135868,0.316515996729123,0.207911690817759,48.260000000000005,-0.07679484117598379,0.37852797246579967,0,55,0.0,657.6393582431817
14/07/2024 19:00:00,2.81,299.46,0.0490437519810407,5.22656297802222,-0.869652328240826,0.491224456059822,0.049024093607561,0.0,-0.31268287493314295,0.049024093607561,0,0,0.0,0.0
15/07/2024 04:00:00,0.81,58.12,0.0141371669411541,1.0143853612591,0.849071241141305,0.528089179298243,0.0141366960380327,8.62,-0.36341928612096014,0.9993618541002747,60,90,0.0,310.1219705643972
15/07/2024 05:00:00,9.82,68.83,0.171391332545843,1.2013101241477,0.918850234328665,0.355845140198677,0.170553461035366,68.07000000000001,-0.13102100283381923,0.9997927527297459,70,80,0.0,2450.0121364192973
15/07/2024 06:00:00,19.5,79.24,0.340339204138894,1.38299889928031,0.926067806427812,0.175986927430607,0.333806859233771,203.51999999999998,0.11159554398441585,0.9998839978643803,80,70,817.6293040214991,7325.870084832912
15/07/2024 07:00:00,29.52,89.94,0.515221195188726,1.5697491292437,0.870183277537935,0.0009112541304306,0.492727341548292,416.73999999999995,0.34776649050980574,0.9999644950704025,90,60,5217.415461182031,15002.107332323021
15/07/2024 08:00:00,39.53,101.79,0.689928653313359,1.77657064560503,0.755019542846604,-0.157594278446925,0.636482154754161,240.0,0.5614968306969146,0.9996780397225722,100,50,4851.332617221342,8637.218263203024
15/07/2024 09:00:00,49.06,116.13,0.856258531028418,2.02685086034101,0.588298015517758,-0.288586280927705,0.755396189690009,188.4,0.7382070844136712,0.9997835097787152,115,40,5006.815729327284,6780.9316767231585
15/07/2024 10:00:00,57.27,135.12,0.999550062617153,2.35828888529474,0.381517537668583,-0.383118991010948,0.841227797435424,937.96,0.865743916634401,0.9992145909305412,135,35,29233.193905670498,33740.039437531574
15/07/2024 11:00:00,62.63,161.12,1.09309971052405,2.81207449081326,0.14876429506242,-0.435000377553638,0.888056223469423,1002.9599999999999,0.9355422944770309,0.9991074996354725,160,25,33779.21398807258,36074.334882038165
15/07/2024 12:00:00,63.24,192.07,1.10374621896121,3.35225389430551,-0.0941511290157971,-0.440300453253451,0.892900372813147,997.3899999999999,0.9427153447951984,0.9953215731260986,180,25,33849.17487883018,35738.05621752862
15/07/2024 13:00:00,58.78,219.65,1.02590453432227,3.83361570200554,-0.330741540134349,-0.399088230723139,0.855183382513852,254.82,0.8869039631696669,0.9437213332660304,180,25,8136.031244216203,8657.246525142595
15/07/2024 14:00:00,51.05,240.05,0.890990583143105,4.18966286941239,-0.54469399993286,-0.313845766237543,0.777694851115726,789.55,0.771835772471047,0.8381356867673622,180,20,21938.505629562544,23823.00113353815
15/07/2024 15:00:00,41.72,255.21,0.728151363932034,4.45425478401473,-0.721675974742519,-0.190540274588093,0.665490940012957,599.0999999999999,0.6053054767517592,0.6921303380423667,180,15,13054.98640039124,14927.590278762547
15/07/2024 16:00:00,31.76,267.47,0.554316570433399,4.66823215030923,-0.849431575332919,-0.0375326029147578,0.526362330097698,379.15999999999997,0.39873393100984134,0.5276305444028325,180,5,5442.622462140891,7202.030299768006
15/07/2024 17:00:00,21.7,278.33,0.378736447682769,4.85777490707582,-0.919330286736035,0.134607426895127,0.369746757273829,80.86999999999999,0.16626861503444407,0.39348675080910633,0,20,484.06114432207767,1145.5658473655674
15/07/2024 18:00:00,11.9,288.75,0.207694180987325,5.03963821513363,-0.926579639974552,0.314531404965455,0.20620418539663,23.259999999999998,-0.07659891154420032,0.3759229051910107,0,55,0.0,314.7828038907447
15/07/2024 19:00:00,2.7,299.35,0.0471238898038469,5.22464311584502,-0.870674242204598,0.489599168977021,0.0471064507096427,0.0,-0.31288960171253166,0.0471064507096427,0,0,0.0,0.0
16/07/2024 04:00:00,0.67,58.2,0.011693705988362,1.0157816246607,0.849834585312857,0.526919767212362,0.0116934394852461,0.86,-0.36432003018168607,0.999438223501729,60,90,0.0,30.94260739961353
16/07/2024 05:00:00,9.69,68.93,0.169122404518251,1.20305545339969,0.919828635630422,0.354379111078348,0.168317339289797,58.589999999999996,-0.13156554055126823,0.9998160891259008,70,80,0.0,2108.8520878279146
16/07/2024 06:00:00,19.37,79.35,0.338070276111302,1.3849187614575,0.927145922350956,0.174348204471035,0.331667216145523,118.86,0.11124133996459623,0.999882503065307,80,70,475.9972440549087,4278.457235316326
16/07/2024 07:00:00,29.39,90.06,0.512952267161134,1.57184352434609,0.871298998975165,-0.0009124225116146,0.490751690644092,257.69,0.3476590284784703,0.9999429127264905,90,60,3225.1771817502126,9276.310410497616
16/07/2024 08:00:00,39.4,101.92,0.687659725285766,1.77883957363262,0.756071078226485,-0.159604825363854,0.634730513202267,418.29,0.5616799044362164,0.999612838786487,100,50,8458.023140158499,15052.609956095988
16/07/2024 09:00:00,48.92,116.27,0.853815070075626,2.02929432129381,0.589244500623796,-0.290838980528091,0.753792813636476,737.4000000000001,0.7386662254968351,0.9997185944260811,115,40,19608.929088529185,26538.929695072522
16/07/2024 10:00:00,57.11,135.24,0.996757535813962,2.36038328039713,0.382366940531174,-0.385583743648818,0.839714653571434,759.0300000000001,0.8664168056514482,0.9993192505252416,135,35,23674.908527770276,27306.47846614227
16/07/2024 11:00:00,62.47,161.16,1.09030718372086,2.81277262251406,0.149260823529796,-0.437449485725991,0.886768940591219,777.2499999999999,0.9363638290210777,0.9990235608189456,160,30,26200.396299838772,27953.678255274914
16/07/2024 12:00:00,63.07,191.97,1.10077915923282,3.35050856505351,-0.0939315660691345,-0.443053848147028,0.891560513110529,972.8000000000001,0.9437148651141712,0.9952708828078884,180,25,33049.64954819037,34855.1825326385
16/07/2024 13:00:00,58.64,219.46,1.02346107336947,3.83029957642676,-0.330743340273877,-0.40179493843929,0.853914322581045,893.96,0.8879205336662273,0.9437150784767511,180,25,28575.55584994538,30371.167135982752
16/07/2024 14:00:00,50.93,239.86,0.888896188040712,4.1863467438336,-0.545057649829461,-0.316467462518163,0.776376521753266,757.27,0.7727573920572521,0.8377935353313472,180,20,21066.695650195034,22839.692778013294
16/07/2024 15:00:00,41.62,255.03,0.72640603468004,4.45111319136114,-0.722194796521495,-0.193106279758103,0.66418720297463,494.63,0.6061980351073478,0.6915351557741869,180,15,10794.37442778531,12313.945227621098
16/07/2024 16:00:00,31.66,267.31,0.552571241181405,4.66543962350604,-0.850239821857466,-0.0399475685138189,0.524877544859388,346.18,0.39939166785065505,0.5263618873411195,180,5,4977.410672755432,6559.774493750955
16/07/2024 17:00:00,21.6,278.19,0.376991118430775,4.85533144612303,-0.920293797112351,0.132452409216427,0.368124552684678,152.45999999999998,0.16664537078316916,0.39122531767193774,0,20,914.6431162656709,2147.2636295614902
16/07/2024 18:00:00,11.79,288.61,0.205774318810131,5.03719475418083,-0.927718893018914,0.312392167778274,0.204325204139262,56.87,-0.07641488281138548,0.3730928053023408,0,55,0.0,763.8403621515884
16/07/2024 19:00:00,2.58,299.22,0.0450294947014537,5.22237418781743,-0.871867058569064,0.487669505793355,0.0450142788611966,0.0,-0.3130045126913993,0.0450142788611966,0,0,0.0,0.0
17/07/2024 04:00:00,0.52,58.29,0.0090757121103705,1.01735242098749,0.850684348340836,0.525598490484056,0.0090755875186753,2.58,-0.3652368473249817,0.9995135015070025,60,90,0.0,92.83481401997038
17/07/2024 05:00:00,9.55,69.03,0.166678943565459,1.20480078265169,0.920827031557689,0.352919302435302,0.165908239461561,67.21,-0.13223679078563663,0.9998299867577428,70,80,0.0,2419.148642759564
17/07/2024 06:00:00,19.24,79.46,0.335801348083709,1.38683862363469,0.928216381972564,0.172705101611588,0.32952586562377,191.17000000000002,0.1108890256638693,0.9998726243270579,80,70,763.1515813018283,6881.2433853337325
17/07/2024 07:00:00,29.26,90.19,0.510683339133541,1.57411245237369,0.872405916479575,-0.0028930181792729,0.488773513334394,332.81,0.34766073851578333,0.9999124427503543,90,60,4165.378933875762,11980.110962582834
17/07/2024 08:00:00,39.27,102.06,0.685390797258173,1.78128303458541,0.757085259674275,-0.161752262047856,0.632975604037263,611.98,0.5619574633067022,0.9995355668006844,100,50,12380.64222219968,22021.04794214458
17/07/2024 09:00:00,48.78,116.41,0.851371609122834,2.0317377822466,0.590179965704669,-0.293096278609427,0.752184937064111,456.34999999999997,0.7391254358496769,0.9996450608072422,115,40,12142.796135400002,16422.76884597786
17/07/2024 10:00:00,56.96,135.37,0.99413954193597,2.36265220842472,0.383034196240409,-0.388013474054587,0.838290133821551,562.46,0.8671275969227462,0.9994084272309434,135,35,17558.085173946045,20236.581503291392
17/07/2024 11:00:00,62.3,161.2,1.08734012399247,2.81347075421486,0.149802645037818,-0.440042378655878,0.885393625754416,703.6099999999999,0.9372247867473216,0.9991434213433392,160,30,23739.86635931818,25308.262896889923
17/07/2024 12:00:00,62.91,191.87,1.09798663242963,3.34876323580152,-0.093669896921457,-0.445651852232175,0.890292298637225,874.79,0.944655168366257,0.9952194541255606,180,25,29749.496210464244,31341.88894588197
17/07/2024 13:00:00,58.5,219.28,1.02101761241668,3.82715798377317,-0.330799438772708,-0.404445894326903,0.852640164354092,862.16,0.8888940766284017,0.9436806413229208,180,25,27589.28101581394,29289.733262026897
17/07/2024 14:00:00,50.81,239.66,0.886801792938319,4.18285608532961,-0.545351799435923,-0.319188803490832,0.775054786823546,721.7,0.773747062981211,0.8374822642007645,180,20,20102.87719272744,21758.794202652905
17/07/2024 15:00:00,41.51,254.85,0.724486172502846,4.44797159870755,-0.72281407181025,-0.195707060689146,0.662750755555587,573.12,0.6070213432292458,0.6908207857511206,180,15,12524.258600335634,14253.235514268561
17/07/2024 16:00:00,31.55,267.15,0.550651379004211,4.66264709670285,-0.851129830991942,-0.042371752990875,0.523242434578952,387.52,0.3999496275659445,0.524944280747609,180,5,5579.585268276773,7323.350676311284
17/07/2024 17:00:00,21.49,278.04,0.375071256253581,4.85271345224503,-0.921335506952011,0.130141243758862,0.366338832643192,173.85999999999999,0.167016916800022,0.3887568245851182,0,20,1045.3522015746655,2433.213414805271
17/07/2024 18:00:00,11.68,288.48,0.203854456632938,5.03492582615324,-0.928795636792036,0.3104102073827,0.202445469765826,51.7,-0.07634259809791796,0.3703911070494045,0,55,0.0,689.3719284403517
17/07/2024 19:00:00,2.46,299.1,0.0429350995990605,5.22027979271504,-0.872966980937822,0.485887188421541,0.0429219095581005,0.0,-0.31322375251452883,0.0429219095581005,0,0,0.0,0.0
18/07/2024 04:00:00,0.38,58.38,0.0066322511575784,1.01892321731429,0.851525248411061,0.52427165211177,0.0066322025358171,0.86,-0.3660263650048281,0.9995783231437185,60,90,0.0,30.946944884529525
18/07/2024 05:00:00,9.41,69.14,0.164235482612666,1.20672064482888,0.921878957551709,0.351294097404581,0.163498149078437,63.760000000000005,-0.13279178854077478,0.9998375405051748,70,80,0.0,2294.987096973958
18/07/2024 06:00:00,19.1,79.58,0.333357887130917,1.38893301873709,0.929365190620749,0.170905789984307,0.327217898979104,196.79999999999998,0.11052935225179182,0.999852775498642,80,70,783.0783548334946,7083.756943852778
18/07/2024 07:00:00,29.13,90.32,0.508414411105948,1.57638138040128,0.873503834959908,-0.0048786164696778,0.486792819802918,412.19,0.34766420670408205,0.999872921279869,90,60,5158.933537008801,14836.954299204572
18/07/2024 08:00:00,39.13,102.2,0.682947336305381,1.78372649553821,0.758197225676137,-0.163928042633355,0.631082057909592,626.1,0.5621570332057169,0.99944672036563,100,50,12670.794665643576,22527.129298353157
18/07/2024 09:00:00,48.63,116.56,0.848753615244842,2.03435577612459,0.591169995489132,-0.295519853925459,0.750457228874008,533.6600000000001,0.7396174882132261,0.9995566880833564,115,40,14209.35367535533,19203.243197852305
18/07/2024 10:00:00,56.79,135.51,0.99117248220758,2.36509566937752,0.38382630531763,-0.390720870606608,0.83666873290367,92.82000000000001,0.8678955117999856,0.9994995821045163,135,35,2900.090210589888,3339.8478435938837
18/07/2024 11:00:00,62.12,161.25,1.08419853133888,2.81434341884086,0.150311938501273,-0.442804691873879,0.883928914561837,74.44,0.9381423299387789,0.9992599012266687,160,30,2514.0713414631373,2677.856653703276
18/07/2024 12:00:00,62.74,191.78,1.09501957270124,3.34719243947472,-0.0935086273490253,-0.448382388598212,0.888937213871859,361.0,0.9456277595202852,0.9951453047832488,180,25,12289.378362725627,12932.908380963101
18/07/2024 13:00:00,58.35,219.1,1.01839961853869,3.82401639111958,-0.330933872086544,-0.407214038311376,0.851269345922868,907.1,0.8898821350026294,0.9436081261030551,180,25,29059.635047791864,30814.08952277093
18/07/2024 14:00:00,50.68,239.47,0.884532864910726,4.17953995975082,-0.545803675228996,-0.321887994750191,0.773619070953025,771.81,0.7746404749965206,0.8371727330213101,180,25,21523.50954025432,23260.978334634383
18/07/2024 15:00:00,41.39,254.67,0.722391777400453,4.44483000605396,-0.723532762560504,-0.198343417191713,0.661180936172754,590.06,0.6077754988589968,0.6899867959391772,180,15,12910.464390842626,14656.80991722735
18/07/2024 16:00:00,31.44,266.98,0.548731516827017,4.65968003697446,-0.852001954507299,-0.0449497574797892,0.521605395695108,381.82,0.40061499072615286,0.5235381591869918,180,5,5506.661367326149,7196.304237867979
18/07/2024 17:00:00,21.37,277.89,0.372976861151188,4.85009545836704,-0.922431031125039,0.127833792413532,0.364389234658176,173.01,0.16726995733777045,0.3861356069052528,0,20,1041.8175114842759,2404.9915686244003
18/07/2024 18:00:00,11.56,288.34,0.201760061530544,5.03248236520045,-0.929951763664135,0.308272545252141,0.200393999664986,54.290000000000006,-0.07628165112921945,0.3674633618354374,0,55,0.0,718.1850929056524
18/07/2024 19:00:00,2.33,298.97,0.0406661715714679,5.21801086468745,-0.874150127142035,0.483951163984771,0.0406549639693417,0.0,-0.3134577491051382,0.0406549639693417,0,0,0.0,0.0
19/07/2024 04:00:00,0.22,58.48,0.0038397243543875,1.02066854656628,0.852451441915837,0.522792306528079,0.0038397149192426,1.72,-0.36695489664094116,0.9996407574558291,60,90,0.0,61.89775570166494
19/07/2024 05:00:00,9.26,69.25,0.161617488734675,1.20864050700607,0.922948805048146,0.349674022293581,0.160914826517719,62.9,-0.13347290734443104,0.9998333255366368,70,80,0.0,2264.0225823451606
19/07/2024 06:00:00,18.96,79.7,0.330914426178125,1.39102741383948,0.930504979586808,0.169101414405443,0.324907978680476,198.15,0.11017187815225361,0.9998230852029332,80,70,785.900075611286,7132.137995986604
19/07/2024 07:00:00,28.99,90.46,0.505970950153156,1.57882484135407,0.8746761187824,-0.0070225008380744,0.484656962927115,416.20000000000005,0.3476698829985309,0.9998202204126911,90,60,5209.2073909435885,14980.506326487435
19/07/2024 08:00:00,38.99,102.35,0.680503875352589,1.7863444894162,0.75926954247788,-0.166241751372884,0.629184743907468,636.41,0.5624514687481863,0.9993438878824703,100,50,12886.190612137196,22895.727972742185
19/07/2024 09:00:00,48.48,116.72,0.846135621366851,2.03714830292778,0.592095311093971,-0.298051924445571,0.748724377134086,816.6899999999999,0.7401826212323501,0.9994561481907109,115,40,21761.990817632926,29384.85029997138
19/07/2024 10:00:00,56.63,135.65,0.988379955404389,2.36753913033031,0.384502204243684,-0.393326772655245,0.835135979852597,899.82,0.8686543427333866,0.9995750564518386,135,35,28138.771824420815,32379.754582673766
19/07/2024 11:00:00,61.94,161.31,1.08105693868529,2.81539061639205,0.15073727665669,-0.4455901708917,0.882455479347729,908.23,0.9390700850095981,0.9993653530480596,160,30,30704.098439097623,32675.52940555821
19/07/2024 12:00:00,62.56,191.68,1.09187798004765,3.34544711022273,-0.0932908170473023,-0.451277543079794,0.887493888748825,910.6299999999999,0.9466543579048402,0.9950607531394945,180,25,31033.866885799842,32620.758250731036
19/07/2024 13:00:00,58.19,218.91,1.0156070917355,3.82070026554079,-0.331073506991718,-0.410157394314157,0.849800708906286,903.04,0.8909249187981152,0.943521004936176,180,25,28963.470192172197,30673.339498712314
19/07/2024 14:00:00,50.54,239.27,0.882089403957934,4.17604930124683,-0.54630000369094,-0.324756210786684,0.772068461681187,769.09,0.7755721636747455,0.8369795642392318,180,25,21473.45263298196,23173.65407018703
19/07/2024 15:00:00,41.27,254.49,0.72029738229806,4.44168841340037,-0.724238838288381,-0.20098533728846,0.659608216526857,559.79,0.6085315377482405,0.6891514446523702,180,15,12263.395302579152,13888.083139270211
19/07/2024 16:00:00,31.32,266.82,0.546637121724624,4.65688751017127,-0.852962005685852,-0.0473893149044455,0.519817342620709,308.63000000000005,0.4010756738701924,0.5219695316336902,180,5,4456.22346815607,5799.43643573181
19/07/2024 17:00:00,21.26,277.74,0.371056998973995,4.84747746448905,-0.923454040247054,0.125512424743232,0.362600698822364,172.82,0.16764672634116895,0.3836609784750215,0,20,1043.0174608661093,2386.9544508019158
19/07/2024 18:00:00,11.44,288.2,0.199665666428151,5.03003890424766,-0.931098904425559,0.306129743473868,0.198341650538023,49.980000000000004,-0.07621769144610185,0.3645309022798674,0,55,0.0,655.8931618541199
19/07/2024 19:00:00,2.19,298.85,0.0382227106186758,5.21591646958505,-0.875246190933761,0.482165781649387,0.0382134042238812,0.0,-0.3139217366014647,0.0382134042238812,0,0,0.0,0.0
20/07/2024 04:00:00,0.07,58.58,0.001221730476396,1.02241387581828,0.853368241727594,0.521307156469332,0.001221730172465,0.86,-0.36775593173081095,0.999692154353622,60,90,0.0,30.95046909878814
20/07/2024 05:00:00,9.11,69.37,0.158999494856683,1.21073490210847,0.924070229883722,0.347887473676914,0.158330401064798,64.62,-0.1340370914658979,0.999820577290725,70,80,0.0,2325.9026053629595
20/07/2024 06:00:00,18.82,79.83,0.328470965225333,1.39329634186707,0.931664909713722,0.167129411907144,0.322596118519264,162.36999999999998,0.10993156249416963,0.9997840177239938,80,70,642.5851608784195,5844.057514482414
20/07/2024 07:00:00,28.85,90.6,0.503527489200364,1.58126830230686,0.875837911652896,-0.0091720884430815,0.482518212407663,362.84999999999997,0.3476775459752152,0.9997569872927503,90,60,4541.572712055846,13059.42562221028
20/07/2024 08:00:00,38.85,102.51,0.678060414399797,1.78913701621939,0.760300969371131,-0.168693891741248,0.627283673358802,628.09,0.562841133954602,0.9992352912855251,105,50,12726.535961719655,22593.94898772692
20/07/2024 09:00:00,48.33,116.89,0.843517627488859,2.04011536265617,0.592954557146106,-0.300692901072148,0.746986393721118,690.3500000000001,0.7408211338570584,0.9993427722598573,115,40,18411.331311295933,24836.266181865336
20/07/2024 10:00:00,56.46,135.8,0.985412895675998,2.3701571242083,0.38519697444938,-0.396106741268202,0.83350029417927,828.3599999999999,0.8694634729595949,0.9996444650210058,135,35,25928.23544858916,29810.357605612808
20/07/2024 11:00:00,61.75,161.38,1.0777408131065,2.81661234686845,0.151126294964518,-0.448544702693353,0.880890738205385,971.0000000000001,0.9400528154092253,0.9994649493830882,160,30,32860.486215444886,34937.296770635236
20/07/2024 12:00:00,62.37,191.6,1.08856185446886,3.34405084682114,-0.0932518940363278,-0.454287804725898,0.885960876526702,950.11,0.9476989309900411,0.9949435637692232,180,25,32415.056327626124,34031.00985741996
20/07/2024 13:00:00,58.03,218.73,1.01281456493231,3.8175586728872,-0.331266767485355,-0.413045116386877,0.848325444973069,822.69,0.8919236775266999,0.9434043658283304,180,25,26415.96084951987,27940.65615803913
20/07/2024 14:00:00,50.4,239.07,0.879645943005142,4.17255864274284,-0.54677968403963,-0.327629851858251,0.770513242775789,739.7299999999999,0.7765044289289103,0.8367845104292552,180,25,20678.530363616977,22283.80581239398
20/07/2024 15:00:00,41.14,254.3,0.718028454270467,4.43837228782158,-0.725007268972469,-0.203790352465306,0.657901172045733,575.36,0.6093079202727297,0.6882285576509977,180,15,12620.57058029224,14255.250585482809
20/07/2024 16:00:00,31.2,266.65,0.544542726622231,4.65392045044288,-0.853902615757053,-0.0499834008766345,0.51802700937313,334.98,0.4016440128721612,0.520412100634292,180,5,4843.537611548997,6275.795236937105
20/07/2024 17:00:00,21.13,277.59,0.368788070946402,4.84485947061106,-0.924592594244018,0.123202750386882,0.360485252078672,173.15,0.16778406600317305,0.3808831536259141,0,20,1045.865197024179,2374.197049811773
20/07/2024 18:00:00,11.3,288.06,0.197222205475359,5.02759544329487,-0.932302120969605,0.304003065432022,0.195946144242518,46.53,-0.07640778172723867,0.36141482365011246,0,55,0.0,605.3987427998303
20/07/2024 19:00:00,2.05,298.72,0.0357792496658837,5.21364754155746,-0.876417206462175,0.480222106615793,0.0357716163253496,0.0,-0.31427395558605836,0.0357716163253496,0,0,0.0,0.0
21/07/2024 04:00:00,-0.09,58.69,-0.0015707963267949,1.02433373799547,0.85436708989459,0.519667594050254,-0.0015707956808308,0.86,-0.36857119999360644,0.999737401031225,60,90,0.0,30.951869935926727
21/07/2024 05:00:00,8.96,69.49,0.156381500978692,1.21282929721086,0.925181879583066,0.346095389734025,0.155744890433036,50.839999999999996,-0.1345981288579744,0.9997967301011488,70,80,0.0,1829.8679673003264
21/07/2024 06:00:00,18.67,79.97,0.325852971347341,1.39573980281987,0.932898954221751,0.164998954161216,0.320116988517741,196.63000000000002,0.1096850139778268,0.9997304711878678,80,70,776.4251147445632,7076.772091788138
21/07/2024 07:00:00,28.71,90.75,0.501084028247572,1.58388629618485,0.876987195476524,-0.0114803912630061,0.480376581013969,400.31000000000006,0.34779540047093294,0.9996814805833236,90,60,5012.135163450691,14406.569765723172
21/07/2024 08:00:00,38.7,102.67,0.675442420521806,1.79192954302258,0.761426553421142,-0.171176004286444,0.625242656335705,608.56,0.5631530355894292,0.9992483386089017,105,50,12337.646808178906,21891.692481977992
21/07/2024 09:00:00,48.17,117.06,0.840725100685669,2.04308242238456,0.593915092360303,-0.303398686704355,0.745126901925253,550.51,0.7414195539676122,0.9992129284792597,115,40,14693.719631569567,19802.76153325622
21/07/2024 10:00:00,56.29,135.96,0.982445835947608,2.37294965101149,0.385806805145816,-0.398956877439249,0.831857270838635,149.8,0.8703170306276367,0.9997018717201782,135,35,4693.445682768719,5391.192253812577
21/07/2024 11:00:00,61.56,161.45,1.07442468752771,2.81783407734485,0.151506661732014,-0.451495911480588,0.879316310190556,848.69,0.9410263464296008,0.9995531158338656,160,30,28751.027398248167,30539.18641957357
21/07/2024 12:00:00,62.18,191.51,1.08524572889007,3.34248005049434,-0.0931239127795638,-0.457310094921624,0.884418121677411,271.41,0.9487451204665105,0.9948226280648159,180,25,9269.960873249362,9720.173141390582
21/07/2024 13:00:00,57.86,218.55,1.00984750520392,3.81441708023361,-0.331534668503344,-0.416050437917627,0.846750728779686,182.88,0.8929352682619539,0.9432472920411921,180,25,5878.800066950861,6210.038331665755
21/07/2024 14:00:00,50.25,238.87,0.877027949127151,4.16906798423885,-0.547357554704786,-0.330578197347501,0.76884183207346,538.54,0.7774073581758751,0.8365157225400759,180,25,15071.938512193288,16217.898379802367
21/07/2024 15:00:00,41.0,254.11,0.715584993317675,4.43505616224279,-0.72587145532349,-0.206632961616951,0.656059028990507,280.23,0.6100153566338549,0.6871849054844644,180,15,6154.005722022186,6932.513738300813
21/07/2024 16:00:00,31.07,266.47,0.542273798594638,4.65077885778929,-0.854912312117499,-0.0527379970060547,0.516084917684775,244.11999999999998,0.4022185402721827,0.5187174780627744,180,5,3534.8252418448283,4558.655186808641
21/07/2024 17:00:00,21.0,277.43,0.366519142918809,4.84206694380787,-0.92574170175264,0.120725781732081,0.3583679495453,126.94,0.16803838835659857,0.3780463668850049,0,20,767.9085486475184,1727.611409245771
21/07/2024 18:00:00,11.17,287.92,0.194953277447767,5.02515198234207,-0.933462774109111,0.301860134226373,0.193720697699959,39.63,-0.0764661288815196,0.35838297347506365,0,55,0.0,511.2978205974038
21/07/2024 19:00:00,1.91,298.59,0.0333357887130917,5.21137861352987,-0.877578668128617,0.478272744382733,0.0333296148524379,0.0,-0.31462230413323605,0.0333296148524379,0,0,0.0,0.0
22/07/2024 04:00:00,-0.26,58.81,-0.0045378560551852,1.02642813309787,0.855445852096474,0.517872380162049,-0.0045378404811752,0.86,-0.36939980957798424,0.9997740295585965,60,90,0.0,30.95300395513415
22/07/2024 05:00:00,8.81,69.62,0.1537635071007,1.21509822523845,0.9263438055086,0.34413614363507,0.153158312343234,63.760000000000005,-0.13504171956275757,0.9997629197617405,70,80,0.0,2294.815815504309
22/07/2024 06:00:00,18.53,80.11,0.323409510394549,1.39818326377266,0.934067119923819,0.162852823121869,0.317801153991705,198.11,0.10956501549159801,0.9996692521505363,80,70,781.4133078854575,7129.601119567539
22/07/2024 07:00:00,28.56,90.91,0.49846603436958,1.58667882298805,0.878206174387409,-0.0139492791602579,0.478078793588192,418.94,0.3479163867745769,0.999588253573939,90,60,5247.219278712285,15075.630106281576
22/07/2024 08:00:00,38.55,102.85,0.672824426643814,1.79507113567617,0.762478309015739,-0.173930693915637,0.62319735396945,625.4100000000001,0.56365464813354,0.9992580455946678,105,50,12690.549125611104,22498.055074633005
22/07/2024 09:00:00,48.01,117.24,0.837932573882478,2.04622401503815,0.594806715009945,-0.306214249370147,0.743261599480127,811.18,0.742091489413537,0.9990683088904473,115,40,21670.911877769024,29175.27230900711
22/07/2024 10:00:00,56.11,136.12,0.979304243294018,2.37574217781468,0.38650075205371,-0.40191440862966,0.830109617338449,891.0500000000001,0.871172543346801,0.9997512434945939,135,35,27945.298610970018,32069.820438570885
22/07/2024 11:00:00,61.36,161.53,1.07093402902372,2.81923034074644,0.151847594335087,-0.454615544143734,0.877648571535067,1008.27,0.9420529905279792,0.999632862596783,160,30,34194.37567534724,36284.3937493365
22/07/2024 12:00:00,61.98,191.44,1.08175507038608,3.34125832001794,-0.0931768892252446,-0.460446601026285,0.88278366257971,1015.99,0.9498072280907928,0.9947363783530414,180,30,34739.80724404672,36383.119669544634
22/07/2024 13:00:00,57.68,218.37,1.00670591255033,3.81127548758002,-0.331875593191227,-0.419173472065476,0.845075257572096,929.0400000000001,0.8939588498332052,0.9430486507017183,180,25,29898.847074565474,31540.67706412528
22/07/2024 14:00:00,50.1,238.67,0.874409955249159,4.16557732573487,-0.547917739802849,-0.333532277672711,0.7671651518153,804.62,0.7783106164255742,0.8362445824578175,180,25,22544.79437478044,24222.92817373953
22/07/2024 15:00:00,40.86,253.92,0.713141532364883,4.431740036664,-0.726720414805305,-0.209482290376373,0.654212968935861,613.2,0.6107247747383542,0.6864062623101858,180,20,13481.871547304117,15152.555521749813
22/07/2024 16:00:00,30.94,266.3,0.540004870567046,4.6478117980609,-0.855918390136196,-0.0553497594188162,0.514140169174653,391.75000000000006,0.4026901903258847,0.5170077600008336,180,5,5679.139754165953,7291.360439291757
22/07/2024 17:00:00,20.86,277.27,0.364075681966017,4.83927441700468,-0.926941074839979,0.118250613427282,0.35608571467917,173.65000000000003,0.1681748128993991,0.3750552102040397,0,20,1051.3280253593036,2344.6201410695344
22/07/2024 18:00:00,11.03,287.77,0.192509816494975,5.02253398846408,-0.934697818009594,0.29955887331376,0.191322947988723,47.39,-0.07653435676533449,0.35512259815942193,0,55,0.0,605.8533573639002
22/07/2024 19:00:00,1.75,298.45,0.0305432619099008,5.20893515257708,-0.878823095140771,0.476169472623066,0.0305385132098227,0.0,-0.31510867330777154,0.0305385132098227,0,0,0.0,0.0
23/07/2024 04:00:00,-0.42,58.93,-0.0073303828583761,1.02852252820026,0.856514410723737,0.516071051961044,-0.0073303172094605,0.0,-0.3701006574227872,-0.0073303172094605,0,0,0.0,0.0
23/07/2024 05:00:00,8.65,69.75,0.150970980297509,1.21736715326605,0.927519888299681,0.342180152200484,0.150398139112827,27.57,-0.13561036196388934,0.9997131621899502,70,80,0.0,992.2353077367694
23/07/2024 06:00:00,18.38,80.26,0.320791516516558,1.40080125765065,0.935307071426907,0.160547091880681,0.315317797511462,181.98000000000002,0.10943941548055232,0.9995911260924164,80,70,716.9682538494328,6548.601352546726
23/07/2024 07:00:00,28.41,91.07,0.495848040491589,1.58947134979124,0.879412174748433,-0.0164249520672615,0.475777729463895,403.34,0.3480398538288835,0.9994821484614106,90,60,5053.622207160308,14512.720671375313
23/07/2024 08:00:00,38.4,103.02,0.670206432765822,1.79803819540456,0.763545860515367,-0.176559208044145,0.62114778027831,483.96999999999997,0.5640640208427061,0.9992516786567694,105,50,9827.642310020801,17409.8820571026
23/07/2024 09:00:00,47.85,117.43,0.835140047079287,2.04954014061694,0.595627913526286,-0.30913995820098,0.741390500931742,810.14,0.7428372114957651,0.9989081443276087,115,40,21664.87698676245,29133.19598564048
23/07/2024 10:00:00,55.93,136.3,0.976162650640429,2.37888377046827,0.387036020387573,-0.405010060377225,0.828353770991469,815.64,0.8721199288310251,0.9997855661656897,135,35,25608.092355062545,29356.743570745795
23/07/2024 11:00:00,61.16,161.61,1.06744337051973,2.82062660414804,0.15217826628036,-0.457731461489134,0.875970139008702,319.31,0.9430694457913715,0.9996998478916965,160,30,10840.734170483141,11491.709703490715
23/07/2024 12:00:00,61.78,191.36,1.0782644118821,3.33986205661635,-0.0931403002561696,-0.46359456598755,0.88113844704167,829.26,0.9508698323983795,0.9948855623830305,180,30,28386.659419728487,29700.676852623066
23/07/2024 13:00:00,57.5,218.19,1.00356431989674,3.80813389492643,-0.332196888676389,-0.422298586646199,0.843391445812886,523.88,0.8949780048320405,0.9428433294842882,180,25,16878.99877817074,17781.72348420824
23/07/2024 14:00:00,49.94,238.47,0.871617428445968,4.16208666723088,-0.548574072191236,-0.336561846360997,0.765370897600374,599.21,0.7791841156665851,0.8358987869437743,180,25,16808.21690214868,18031.640836484843
23/07/2024 15:00:00,40.72,253.73,0.710698071412091,4.42842391108521,-0.727554107406515,-0.212338251943415,0.652363002903693,566.6999999999999,0.611436121002907,0.6856446592655452,180,20,12474.030591804505,13987.973822608239
23/07/2024 16:00:00,30.79,266.12,0.537386876689054,4.64467020540731,-0.857080276825159,-0.0581293106750574,0.511892940289033,360.18,0.4030665990839283,0.5150113363538231,180,5,5226.354995689774,6677.88419260512
23/07/2024 17:00:00,20.72,277.11,0.361632221013225,4.83648189020149,-0.928128300115032,0.115768996593038,0.353801353803829,167.91,0.16831429392556885,0.37205985020094223,0,20,1017.4195113495216,2249.0125001006477
23/07/2024 18:00:00,10.88,287.62,0.189891822616983,5.01991599458609,-0.935953034318644,0.297261416392707,0.188752663223395,46.53,-0.07672727518411782,0.3518122697727257,0,60,0.0,589.3136968508974
23/07/2024 19:00:00,1.6,298.32,0.0279252680319093,5.20666622454948,-0.879968591531675,0.474210565053913,0.0279216387235689,0.0,-0.31557392617664987,0.0279216387235689,0,0,0.0,0.0
24/07/2024 04:00:00,-0.59,59.05,-0.0102974425867665,1.03061692330265,0.857570960495235,0.514262592591928,-0.010297260602189,0.0,-0.37091982933177986,-0.010297260602189,0,0,0.0,0.0
24/07/2024 05:00:00,8.49,69.89,0.148178453494319,1.21981061421884,0.928743987957036,0.340055851548396,0.14763679304752,23.259999999999998,-0.1360608210955003,0.999650945962782,70,80,0.0,837.067716111395
24/07/2024 06:00:00,18.22,80.41,0.317998989713367,1.40341925152864,0.936588755454604,0.158243993594129,0.312666502278988,133.60999999999999,0.10919320305890244,0.9994946112030919,80,70,525.2149389851983,4807.529100102423
24/07/2024 07:00:00,28.26,91.23,0.493230046613597,1.59226387659443,0.880605159999878,-0.0189073397336562,0.473473404412312,67.09,0.34816576311129266,0.9993631414697105,90,60,840.9038776969186,2413.701833803304
24/07/2024 08:00:00,38.25,103.21,0.667588438887831,1.80135432098335,0.76453668572343,-0.179461244036103,0.619093949309834,124.05999999999999,0.5646637923666467,0.9992400325091075,105,50,2521.8788429162228,4462.765863590876
24/07/2024 09:00:00,47.68,117.62,0.832172987350896,2.05285626619573,0.596545943767769,-0.312131876676105,0.739396124237121,75.36,0.7435425800532763,0.9988070123674647,120,40,2017.2012779813365,2709.723472272437
24/07/2024 10:00:00,55.74,136.48,0.972846525061639,2.38202536312186,0.387651165286616,-0.408213620976254,0.826491508547658,765.6700000000001,0.8730683698521726,0.9998088798429317,135,35,24065.36131480967,27558.851941056153
24/07/2024 11:00:00,60.95,161.7,1.06377817909054,2.82219740047483,0.1524661599852,-0.461015078601768,0.874196297956685,263.15,0.9441370186819069,0.9997556845865843,160,30,8944.187632781177,9471.085502362546
24/07/2024 12:00:00,61.57,191.29,1.07459922045291,3.33864032613995,-0.0932054834381008,-0.466871936314727,0.879399416044159,106.6,0.9519576025701523,0.9950182025248059,180,30,3653.2324956232164,3818.481854009195
24/07/2024 13:00:00,57.31,218.01,1.00024819431795,3.80499230227284,-0.332589000695669,-0.425541398141365,0.841605058851329,92.82000000000001,0.8960078524960418,0.9425947844276081,180,25,2994.0281592725737,3149.6993240605416
24/07/2024 14:00:00,49.77,238.26,0.868650368717578,4.15842147580169,-0.549265689030702,-0.33976336094342,0.763457963095585,732.45,0.7800952793775819,0.835518098033754,180,25,20569.708345683957,22031.108312573633
24/07/2024 15:00:00,40.57,253.53,0.7080800775341,4.42493325258122,-0.728443788530199,-0.215360066465033,0.650376574550427,550.55,0.6121682495836954,0.6848115486360487,180,20,12133.052273098927,13572.827931656757
24/07/2024 16:00:00,30.65,265.94,0.534943415736262,4.64152861275372,-0.8581385212062,-0.0609099921493217,0.509792360945518,256.18,0.4035475039124806,0.5131611027081266,180,5,3721.7087838827742,4732.618006503643
24/07/2024 17:00:00,20.57,276.95,0.359014227135234,4.8336893633983,-0.929364229876322,0.113288416562481,0.351351480570605,117.84,0.16833600691019154,0.36890931406423877,0,20,714.121741954691,1565.0018484958762
24/07/2024 18:00:00,10.72,287.47,0.187099295813792,5.0172980007081,-0.937227185631889,0.294967169330418,0.186009600638593,52.559999999999995,-0.07704463568358855,0.3484538622418247,0,60,0.0,659.3304599794909
24/07/2024 19:00:00,1.43,298.18,0.0249582083035189,5.20422276359669,-0.881193825277388,0.472096027795612,0.0249556172556388,0.0,-0.31617601643535187,0.0249556172556388,0,0,0.0,0.0
25/07/2024 04:00:00,-0.76,59.18,-0.0132645023151569,1.03288585133024,0.858705559044022,0.512297595313603,-0.0132641133436328,0.0,-0.37162824812351997,-0.0132641133436328,0,0,0.0,0.0
25/07/2024 05:00:00,8.33,70.03,0.145385926691128,1.22225407517163,0.929955992766144,0.337924976835561,0.144874295680843,14.65,-0.13650744575718302,0.999575122739127,70,80,0.0,527.1759197326155
25/07/2024 06:00:00,18.07,80.57,0.315380995835375,1.40621177833183,0.937831288958068,0.155761512057139,0.310178698193353,195.24,0.10918943944866234,0.9993885120097252,80,70,767.4532616864461,7024.342071052036
25/07/2024 07:00:00,28.11,91.41,0.490612052735606,1.59540546924802,0.881777571498682,-0.0217041714661974,0.47116583422703,339.63,0.3485117232691335,0.9992246945187229,90,60,4261.141316660249,12217.20058797818
25/07/2024 08:00:00,38.09,103.39,0.66479591208464,1.80449591363694,0.765647979007417,-0.182261868387756,0.616898519672127,489.32,0.5650917296528162,0.9992064013231443,105,50,9954.384665533777,17601.540346635877
25/07/2024 09:00:00,47.52,117.83,0.829380460547705,2.05652145762492,0.597221556205108,-0.315278947169926,0.737513117358174,585.34,0.7444364080072049,0.9987520878168274,120,40,15686.942654265744,21045.943694977264
25/07/2024 10:00:00,55.55,136.66,0.96953039948285,2.38516695577545,0.388245734143507,-0.411420521922939,0.824620157442216,654.79,0.8740127462015282,0.9998177580751046,135,35,20602.61301907075,23568.144113159917
25/07/2024 11:00:00,60.74,161.8,1.06011298766136,2.82394272972682,0.152661035458236,-0.464321177193186,0.872410713289763,724.12,0.9452121843888066,0.9997960067980042,160,30,24640.093690546415,26063.002239932546
25/07/2024 12:00:00,61.36,191.22,1.07093402902372,3.33741859566356,-0.0932615521533003,-0.470143879862765,0.877648571535067,945.1,0.9530331820154473,0.9951378984758747,180,30,32425.61977162077,33858.17380258377
25/07/2024 13:00:00,57.12,217.83,0.996932068739161,3.80185070961925,-0.332960356576895,-0.428786128526942,0.839809417029283,761.49,0.8970325128458544,0.9423386625769289,180,25,24590.92637545163,25832.9328539654
25/07/2024 14:00:00,49.6,238.05,0.865683308989187,4.1547562843725,-0.549936356584868,-0.342971441756079,0.761538307536737,508.74,0.7810063336116037,0.8351340927889115,180,25,14303.84983781642,15295.180261155509
25/07/2024 15:00:00,40.41,253.33,0.705287550730909,4.42144259407724,-0.72942462860533,-0.218421638999482,0.648252804699491,119.47,0.6128313762206224,0.6838629772559106,180,20,2635.7387226147994,2941.239956139491
25/07/2024 16:00:00,30.5,265.76,0.53232542185827,4.63838702010013,-0.859270971281816,-0.0637040660835239,0.507538362960704,43.19,0.4039293952786487,0.5111592014551727,180,5,628.0455809550541,794.7707727905606
25/07/2024 17:00:00,20.42,276.78,0.356396233257242,4.8307223036699,-0.930606488429418,0.110638657263743,0.348899199213673,28.490000000000002,0.16847564490197733,0.3656986523139061,0,20,172.79536043726404,375.07516575923466
25/07/2024 18:00:00,10.56,287.32,0.184306769010601,5.01468000683011,-0.938488421122886,0.29266600608359,0.18326508751356,49.12,-0.07735813138890557,0.3450887398493,0,60,0.0,610.2273204503141
25/07/2024 19:00:00,1.26,298.04,0.0219911485751286,5.2017793026439,-0.882406211226889,0.469974196873901,0.0219893760925051,0.0,-0.3167731046431652,0.0219893760925051,0,0,0.0,0.0
26/07/2024 05:00:00,8.17,70.18,0.142593399887937,1.22487206904962,0.931214460346891,0.335625068675767,0.142110668555306,50.839999999999996,-0.13683534458242474,0.9994851662173034,70,80,0.0,1829.2977306175571
26/07/2024 06:00:00,17.91,80.73,0.312588469032184,1.40900430513502,0.939113810558126,0.153280922606771,0.307522697672567,197.11,0.1090654050912746,0.9992622006379868,80,70,773.9237519114811,7090.724605239129
26/07/2024 07:00:00,27.95,91.59,0.487819525932415,1.59854706190161,0.883016831609231,-0.0245106584247767,0.468700866991282,416.46999999999997,0.3487532141810564,0.999065441638481,90,60,5228.829039959444,14978.908241250412
26/07/2024 08:00:00,37.93,103.59,0.662003385281449,1.80798657214093,0.766678590135936,-0.185337434990153,0.614698279335842,609.7,0.5657106787913346,0.999164489700583,105,50,12416.896830926762,21930.861217336038
26/07/2024 09:00:00,47.34,118.03,0.826238867894116,2.06001211612891,0.598159633284235,-0.318448971304965,0.735387860781016,749.0699999999999,0.7451751702321463,0.9988829282655058,120,45,20094.781131568576,26936.396462730325
26/07/2024 10:00:00,55.36,136.85,0.966214273904061,2.38848308135424,0.388747333099275,-0.414698485777663,0.82273973825379,529.35,0.8750009595120787,0.99981032313496,135,35,16674.543285037882,19052.98540385368
26/07/2024 11:00:00,60.53,161.9,1.05644779623217,2.82568805897882,0.152842791969311,-0.467623110016493,0.870613408994789,936.27,0.9462761174243577,0.9998219787684061,160,30,31894.91785659252,33699.71966621384
26/07/2024 12:00:00,61.14,191.16,1.06709430466933,3.33637139811236,-0.0934207300018742,-0.47354401570036,0.875801708379411,396.15000000000003,0.9541315116618782,0.9952385359845606,180,30,13607.25114041471,14193.494857090214
26/07/2024 13:00:00,56.92,217.65,0.993441410235172,3.79870911696566,-0.333400279734836,-0.432148438986782,0.837909291125251,433.15000000000003,0.8980664334606125,0.9420375374757248,180,25,14003.909123524718,14689.56813687397
26/07/2024 14:00:00,49.42,237.85,0.862541716335598,4.15126562586851,-0.550758682017685,-0.346160393356383,0.759498424128383,595.62,0.7818188475221773,0.834633039753369,180,25,16764.009910601733,17896.468720964458
26/07/2024 15:00:00,40.24,253.14,0.702320491002518,4.41812646849845,-0.730533825242603,-0.221396177443816,0.645990760607051,576.83,0.6133351858084037,0.6827547031794112,180,20,12736.444868275015,14178.002235659273
26/07/2024 16:00:00,30.34,265.58,0.52953289505508,4.63524542744654,-0.860476346896155,-0.0665121958533282,0.505130264619945,386.53999999999996,0.4042122602148144,0.5090059224813865,180,10,5624.791454283636,7083.041373934385
26/07/2024 17:00:00,20.26,276.61,0.353603706454051,4.82775524394151,-0.93189486595683,0.107988741888626,0.346280797083253,170.36999999999998,0.16849792813099973,0.3624311081081151,0,15,1033.4517125644231,2222.9059639816637
26/07/2024 18:00:00,10.4,287.17,0.18151424220741,5.01206201295212,-0.939736703570482,0.290357996549935,0.18051914525056,48.260000000000005,-0.07766779659152892,0.3417169738294781,0,60,0.0,593.6854016523821
26/07/2024 19:00:00,1.09,297.9,0.0190240888467382,5.19933584169111,-0.883605710470258,0.467845141181192,0.0190229413472849,0.0,-0.3173652210496195,0.0190229413472849,0,0,0.0,0.0
27/07/2024 05:00:00,8.0,70.34,0.139626340159546,1.22766459585281,0.932541037575006,0.333163715322798,0.139173100960065,14.65,-0.13717207890243285,0.9993736564166287,70,80,0.0,527.06966639413
27/07/2024 06:00:00,17.75,80.9,0.309795942228993,1.41197136486341,0.940408762059348,0.150629078932869,0.304864299028011,95.23,0.10906077002707466,0.9991186273322513,80,70,373.89085666841953,3425.2584077106108
27/07/2024 07:00:00,27.8,91.77,0.485201532054424,1.6016886545552,0.884158915085337,-0.0273224191386548,0.466386640339891,240.35,0.34910502389051234,0.9988974016163357,90,60,3020.666129715047,8643.059657225507
27/07/2024 08:00:00,37.77,103.79,0.659210858478258,1.81147723064491,0.767691064982871,-0.188420946321512,0.612493245458895,589.2800000000001,0.566331856156469,0.9991076522276976,105,50,12014.209303051826,21195.149662970558
27/07/2024 09:00:00,47.17,118.25,0.823271808165725,2.0638518404833,0.59885189067524,-0.321774727890635,0.733374009306028,314.97999999999996,0.7461028272321828,0.999058672093049,120,45,8460.268866777345,11328.606019291268
27/07/2024 10:00:00,55.16,137.05,0.962723615400072,2.39197373985823,0.389251833121279,-0.41815248737442,0.820750575823319,457.22,0.8760367572199071,0.9997863849096558,135,35,14419.494940899096,16456.403912702142
27/07/2024 11:00:00,60.3,162.01,1.05243353895258,2.82760792115601,0.153022904705276,-0.47123590987994,0.868631514438191,823.3499999999999,0.9474293416263037,0.9998338695126836,160,30,28082.374143408615,29635.675792677648
27/07/2024 12:00:00,60.91,191.1,1.06308004738975,3.33532420056116,-0.0936008824151514,-0.477087684665992,0.873857091263295,587.42,0.9552622120681398,0.9953262826441861,180,30,20201.0446300704,21048.28433823052
27/07/2024 13:00:00,56.71,217.48,0.989776218805984,3.79574205723727,-0.333983084282192,-0.435569957409366,0.835903171196136,610.83,0.8990672713334258,0.9416983600645095,180,30,19770.381408549474,20707.833934015358
27/07/2024 14:00:00,49.24,237.64,0.859400123682008,4.14760043443932,-0.551499014266981,-0.349452074007968,0.757451044777204,424.5,0.7826987014095337,0.834168608259556,180,25,11961.201554940493,12747.764671422534
27/07/2024 15:00:00,40.07,252.94,0.699353431274128,4.41463580999446,-0.731585697783208,-0.224506186981529,0.643723029575664,593.24,0.6139307666518745,0.6816874189711224,180,20,13111.498368308088,14558.552799495432
27/07/2024 16:00:00,30.17,265.39,0.526565835326689,4.63192930186775,-0.861741167543714,-0.0694854260462227,0.502567344469943,383.84999999999997,0.40450239322853265,0.5069982348520937,180,10,5589.656771067801,7006.005808127142
27/07/2024 17:00:00,20.1,276.44,0.35081117965086,4.82478818421312,-0.933168433070212,0.105331333603091,0.343659694585616,169.92,0.16852360019981877,0.35921152963738706,0,15,1030.8790852543154,2197.340032175453
27/07/2024 18:00:00,10.23,287.01,0.17854718247902,5.00926948614893,-0.941051910205635,0.287888048066062,0.177600039636926,43.08,-0.07798539864380125,0.33811838288958823,0,60,0.0,524.3810376558046
27/07/2024 19:00:00,0.91,297.76,0.0158824961931484,5.19689238073832,-0.884794750821131,0.465710227978702,0.0158818284652042,0.0,-0.3180767116662858,0.0158818284652042,0,0,0.0,0.0
28/07/2024 05:00:00,7.83,70.5,0.136659280431156,1.230457122656,0.933852909038882,0.330694659102489,0.136234308163202,53.42,-0.13750423282108556,0.9992457303926271,70,80,0.0,1921.669449032669
28/07/2024 06:00:00,17.59,81.08,0.307003415425803,1.415112957517,0.941714711523495,0.147805388238742,0.30220352299041,158.17,0.10917596808545886,0.9989563773133189,80,70,621.661063394773,5688.177487187315
28/07/2024 07:00:00,27.64,91.96,0.482409005251233,1.60500478013399,0.885361635752315,-0.0302986718135217,0.463914608979197,378.4,0.3494615622009828,0.9987029725872483,90,60,4760.505184926667,13604.73137377253
28/07/2024 08:00:00,37.6,104.0,0.656243798749868,1.8151424220741,0.768755254920275,-0.191672212384472,0.610145163901267,538.4,0.5669705040448518,0.9990303918604551,105,50,10989.249097598935,19363.606667196083
28/07/2024 09:00:00,46.99,118.47,0.820130215512135,2.06769156483768,0.599634337377898,-0.325168470886154,0.731234659311858,701.85,0.7469898170297096,0.9992249413408167,120,45,18873.892910962863,25247.016902881882
28/07/2024 10:00:00,54.96,137.26,0.959232956896084,2.39563893128742,0.389658616815343,-0.421677941525968,0.818751412806095,284.62,0.8771160080310525,0.9997436026277313,135,35,8987.211295408733,10243.692870476576
28/07/2024 11:00:00,60.08,162.12,1.04859381459819,2.82952778333321,0.153140811655825,-0.474699556115177,0.866722691077976,204.02,0.9485287674247758,0.9998283246715957,160,30,6966.6782086800995,7343.459092781963
28/07/2024 12:00:00,60.68,191.05,1.05906579011016,3.33445153593517,-0.0938560978184244,-0.480608183322089,0.871898392604402,397.45,0.95636657143702,0.9953902491752749,180,30,13683.884177435168,14242.242763249667
28/07/2024 13:00:00,56.5,217.3,0.986111027376796,3.79260046458368,-0.334467410776733,-0.43905123491874,0.833885822067168,215.96,0.9001024250183821,0.9416919232252077,180,30,6997.9003094509135,7321.2403586297705
28/07/2024 14:00:00,49.05,237.43,0.856083998103219,4.14393524301014,-0.552328257495361,-0.352821314553623,0.755281812285184,651.63,0.7835472352417374,0.8336265185429361,180,25,18380.98385642064,19555.777738012806
28/07/2024 15:00:00,39.9,252.73,0.696386371545737,4.41097061856527,-0.732578564830472,-0.227752094415656,0.641449631569158,286.88,0.6146184346629133,0.6806612893661415,180,20,6347.582515299477,7029.651984960912
28/07/2024 16:00:00,30.01,265.21,0.523773308523498,4.62878770921416,-0.862913790733517,-0.0723092289205991,0.500151142330817,177.18,0.4047906104724448,0.5051090884758639,180,10,2581.94881308628,3221.8282186615284
28/07/2024 17:00:00,19.93,276.27,0.34784411992247,4.82182112448473,-0.934486298557825,0.102673016813299,0.340871837244074,158.31,0.16843200119723767,0.3558306432180681,0,15,959.920923943249,2027.9357686026851
28/07/2024 18:00:00,10.05,286.85,0.17540558982543,5.00647695934573,-0.942381518855876,0.285419338809142,0.174507518326992,48.260000000000005,-0.07842650037667333,0.33443415730357073,0,60,0.0,581.0325275329317
28/07/2024 19:00:00,0.72,297.62,0.0125663706143592,5.19444891978552,-0.885971846283284,0.463568745964435,0.0125660398833526,0.0,-0.31890707180341676,0.0125660398833526,0,0,0.0,0.0
29/07/2024 05:00:00,7.66,70.66,0.133692220702766,1.23324964945919,0.935150030635367,0.328217984752686,0.133294316036192,27.57,-0.1378318479631929,0.9991013803657928,70,80,0.0,991.6281020406566
29/07/2024 06:00:00,17.43,81.26,0.304210888622612,1.41825455017059,0.943004845169912,0.144973847847067,0.29954039030903,93.97999999999999,0.10929505031941261,0.9988779345948027,80,75,369.7757578446623,3379.4837385559035
29/07/2024 07:00:00,27.47,92.16,0.479441945522842,1.60849543863797,0.886622065422591,-0.0334407081430256,0.46128411217456,410.02,0.3498232752678611,0.9984995717068268,90,65,5163.643415711823,14738.57259808439
29/07/2024 08:00:00,37.44,104.21,0.653451271946677,1.81880761350329,0.769696294030905,-0.194906049418788,0.607930297694605,570.13,0.5676910252269172,0.9990315286525506,105,55,11651.676631654402,20504.802435504433
29/07/2024 09:00:00,46.81,118.69,0.816988622858546,2.07153128919207,0.600393615621795,-0.328569718549713,0.729088092326812,605.26,0.7478770102457099,0.9993745729807043,120,45,16295.76141196746,21775.73234552284
29/07/2024 10:00:00,54.75,137.47,0.955567765466895,2.39930412271661,0.390136384995486,-0.425311852040086,0.816641555161679,820.88,0.8781936761501057,0.9996829221969458,135,35,25952.098495611557,29542.309818229038
29/07/2024 11:00:00,59.85,162.24,1.04457955731861,2.8316221784356,0.15320631615444,-0.478328851810323,0.864713440520155,441.43,0.9496743123272064,0.9998046757666463,160,30,15091.730340861553,15888.376008852145
29/07/2024 12:00:00,60.44,191.0,1.05487699990537,3.33357887130917,-0.0941327031259368,-0.484270775900679,0.869839554061988,364.96999999999997,0.9575005967913552,0.9954385389845487,180,30,12580.523741193872,13078.987328634865
29/07/2024 13:00:00,56.28,217.13,0.982271303022409,3.78963340485529,-0.335093532018385,-0.442591201254742,0.831760394206966,251.20000000000002,0.9011026547668697,0.9416212318723626,180,30,8148.851527587756,8515.26912406815
29/07/2024 14:00:00,48.85,237.23,0.85259333959923,4.14044458450615,-0.553306797589127,-0.356172002033454,0.752989437315787,132.32999999999998,0.7842955751944798,0.8329649829757264,180,25,3736.2900047574776,3968.1452230984028
29/07/2024 15:00:00,39.72,252.53,0.693244778892148,4.40747996006128,-0.733697706298504,-0.230911713711312,0.639036349704162,182.12,0.6151461749211864,0.679474199650083,180,20,4033.0951695592726,4454.850284649832
29/07/2024 16:00:00,29.83,265.02,0.520631715869909,4.62547158363537,-0.864230340123835,-0.0753063843204081,0.49742825381157,118.55,0.4049845464435451,0.5029480173248829,180,10,1728.3930473117618,2146.4815483391353
29/07/2024 17:00:00,19.75,276.1,0.34470252726888,4.81885406475634,-0.935847024077501,0.100013195225155,0.337916718003327,32.160000000000004,0.16822319422461365,0.3522878047400803,0,15,194.76208534548874,407.8647288158755
29/07/2024 18:00:00,9.87,286.69,0.17226399717184,5.00368443254254,-0.943695365279066,0.282942656395275,0.171413274698304,33.6,-0.07886318209947106,0.3307421656017117,0,60,0.0,400.0657235118305
29/07/2024 19:00:00,0.53,297.47,0.0092502450355699,5.19183092590753,-0.887214523075523,0.46126437695881,0.0092501131167969,0.0,-0.31962235115573273,0.0092501131167969,0,0,0.0,0.0
30/07/2024 05:00:00,7.49,70.83,0.130725160974375,1.23621670918758,0.936489195756124,0.325570334024649,0.130353150461073,54.290000000000006,-0.1380393943019435,0.9989521868563263,70,85,0.0,1952.3921120794785
30/07/2024 06:00:00,17.26,81.44,0.301243828894221,1.42139614282418,0.944330339524792,0.142142261570251,0.296708252882668,27.57,0.10929466059783118,0.9989308561100205,80,75,108.4771365365594,991.4588533063176
30/07/2024 07:00:00,27.31,92.36,0.476649418719651,1.61198609714196,0.887783531404559,-0.0365882939827027,0.458804640462893,99.25,0.3502957032983836,0.9985043473458425,90,65,1251.6065478851247,3567.6560330666953
30/07/2024 08:00:00,37.27,104.43,0.650484212218287,1.82264733785768,0.770685710918856,-0.198308648339266,0.605571808276567,180.29999999999998,0.5684293221363937,0.9991830133417864,105,55,3689.561044122904,6485.4971029988665
30/07/2024 09:00:00,46.63,118.92,0.813847030204956,2.07554554647166,0.601071721795027,-0.332083221195346,0.72693432953664,642.32,0.748838491518156,0.9995090970088908,120,45,17315.78183538991,23112.168594867027
30/07/2024 10:00:00,54.55,137.68,0.952077106962907,2.40296931414579,0.390491784056852,-0.428844047521409,0.814621967227469,928.35,0.8792632512039432,0.999696476638338,140,35,29385.505413186504,33410.45606713924
30/07/2024 11:00:00,59.61,162.36,1.04039076711382,2.83371657353799,0.153300457787781,-0.482096257290204,0.862601975623076,1002.41,0.9508452391425477,0.9997622942585173,160,30,34312.923942079724,36078.181969956495
30/07/2024 12:00:00,60.2,190.95,1.05068820970059,3.33270620668317,-0.0944013427188226,-0.487925716100619,0.867765453368928,972.14,0.9586184191266376,0.9954697851943218,180,30,33548.8071589117,34838.49589123709
30/07/2024 13:00:00,56.06,216.96,0.978431578668021,3.7866663451269,-0.335696653120389,-0.446132185821186,0.829622703316501,812.76,0.9020949332411506,0.9415404295390034,180,30,26394.720405878794,27548.870382436337
30/07/2024 14:00:00,48.65,237.02,0.849102681095241,4.13677939307696,-0.554199163648777,-0.359626170780604,0.750687887407726,682.28,0.7851105997917229,0.8323388651634768,180,25,19283.94936093228,20443.97379325453
30/07/2024 15:00:00,39.53,252.33,0.689928653313359,4.40398930155729,-0.734902316323738,-0.234113331832055,0.636482154754161,568.3900000000001,0.6156039722355153,0.678169059392049,180,20,12596.513104042007,13876.722420042484
30/07/2024 16:00:00,29.65,264.83,0.517490123216319,4.62215545805658,-0.865527956589318,-0.07831229353123,0.494700455876278,353.97999999999996,0.40518120081239667,0.500783631426248,180,10,5163.337492688598,6381.626034681478
30/07/2024 17:00:00,19.57,275.92,0.34156093461529,4.81571247210275,-0.937207919634244,0.097181669979802,0.334958263660996,163.6,0.16813344179941062,0.34869730462473986,0,15,990.2387188218087,2053.6876453178675
30/07/2024 18:00:00,9.69,286.53,0.169122404518251,5.00089190573935,-0.944993402483603,0.280458094119009,0.168317339289797,38.769999999999996,-0.07929548818711395,0.3270425038489274,0,60,0.0,456.4597634720249
30/07/2024 19:00:00,0.33,297.33,0.0057595865315812,5.18938746495474,-0.888362227559679,0.459107155438685,0.0057595546879965,0.0,-0.3205651627254634,0.0057595546879965,0,0,0.0,0.0
31/07/2024 05:00:00,7.32,71.01,0.127758101245985,1.23935830184117,0.937868970892642,0.322751099095869,0.127410837330209,41.35,-0.13812642373325335,0.9990268121361066,70,85,0.0,1487.1513125458084
31/07/2024 06:00:00,17.09,81.63,0.298276769165831,1.42471226840297,0.945663322207767,0.139137504031387,0.293873503403903,115.27,0.10941487444998352,0.9989611786238429,80,75,454.04109280258564,4145.409182158934
31/07/2024 07:00:00,27.15,92.56,0.473856891916461,1.61547675564595,0.888926888630259,-0.0397440857007137,0.456321590900476,338.96999999999997,0.35077140383859423,0.9985648726848834,95,65,4280.435379330058,12185.407256183815
31/07/2024 08:00:00,37.1,104.65,0.647517152489896,1.82648706221207,0.771653542142944,-0.201719940557535,0.603207987745282,580.4599999999999,0.5691699964693611,0.9993162038716761,105,55,11893.69498142179,20882.27101317671
31/07/2024 09:00:00,46.44,119.16,0.810530904626167,2.07973433667644,0.601777215955749,-0.335770789775798,0.724653130187047,788.36,0.7498329447381485,0.9996318230317899,120,45,21280.978811295605,28370.510784192305
31/07/2024 10:00:00,54.33,137.9,0.948237382608519,2.40680903850018,0.390936438356865,-0.432657929168044,0.81238895702297,878.0099999999999,0.8803810961208618,0.9997070029384331,140,35,27827.4026233828,31599.098843399046
31/07/2024 11:00:00,59.37,162.49,1.03620197690903,2.83598550156559,0.153292013215225,-0.485884437628864,0.860475375565452,721.53,0.9520201538267541,0.9996990230331901,160,30,24728.799657262243,25967.262099208954
31/07/2024 12:00:00,59.95,190.91,1.0463248865706,3.33200807498238,-0.0947764144181362,-0.491704750224285,0.865588741768812,930.86,0.9597514322486878,0.9954742147137421,180,30,32162.191856028483,33359.296590303624
31/07/2024 13:00:00,55.83,216.79,0.974417321388434,3.78369928539851,-0.336363251352184,-0.449789681940641,0.827374767055127,872.0400000000001,0.9030916425752881,0.9414224076902927,180,30,28351.153295688753,29554.487870480745
31/07/2024 14:00:00,48.44,236.81,0.845437489666053,4.13311420164777,-0.555176175303937,-0.363158735894549,0.748261416163071,597.45,0.7858927262673269,0.8316326619073666,180,25,16903.13793510292,17886.921618836022
31/07/2024 15:00:00,39.34,252.12,0.686612527734569,4.4003241101281,-0.736043985769285,-0.237452030327469,0.633920960614356,161.75,0.6161537508377685,0.6769042262963968,180,20,3587.8632911283257,3941.6133097239185
31/07/2024 16:00:00,29.46,264.64,0.514173997637529,4.61883933247779,-0.866892059863342,-0.0813348538371795,0.491815817249889,264.83000000000004,0.40527872616728655,0.49846767903135825,180,10,3863.87874183177,4752.331035763486
31/07/2024 17:00:00,19.39,275.75,0.3384193419617,4.81274541237436,-0.938534517428321,0.0945054565369235,0.33199650341583,162.88,0.16793152971916697,0.34514380890488133,0,15,984.696752183685,2023.8128493993747
31/07/2024 18:00:00,9.49,286.37,0.165631746014262,4.99809937893616,-0.946330861001619,0.277981983003658,0.164875464036614,40.489999999999995,-0.07997838655800174,0.3231771910938489,0,60,0.0,471.0760008260379
31/07/2024 19:00:00,0.13,297.18,0.0022689280275926,5.18676947107675,-0.889573586595716,0.456786258556092,0.0022689260808398,0.0,-0.32139228796007147,0.0022689260808398,0,0,0.0,0.0
01/08/2024 05:00:00,7.14,71.19,0.124616508592395,1.24249989449476,0.939252555287408,0.319930590958318,0.12429422494684,11.2,-0.13833580105340937,0.9990893783397634,70,85,0.0,402.8328373465926
01/08/2024 06:00:00,16.92,81.83,0.295309709437441,1.42820292690696,0.947002166226021,0.135958989261944,0.291036166828272,116.49,0.10965612386442096,0.9989672626310603,80,75,459.85830728279024,4189.309071260119
01/08/2024 07:00:00,26.98,92.78,0.47088983218807,1.61931648000034,0.890116155660256,-0.0432224957769021,0.453679452137103,173.92000000000002,0.3513627369547977,0.9987967564121207,95,65,2199.9242596024233,6253.586347507058
01/08/2024 08:00:00,36.92,104.88,0.644375559836306,1.83050131949165,0.772665249629161,-0.205301547330041,0.600699331345889,220.83,0.569928686954066,0.9994371453739861,105,55,4530.86466984239,7945.405373265745
01/08/2024 09:00:00,46.25,119.4,0.807214779047377,2.08392312688123,0.602455724767439,-0.339466354757392,0.722363962059756,173.69,0.7508274174908656,0.9997352163487623,120,45,4694.803709183584,6251.184350194195
01/08/2024 10:00:00,54.12,138.13,0.944572191179331,2.41082329577977,0.39118122586138,-0.436438110800889,0.810246273656435,171.85999999999999,0.8815389822491507,0.9997030249161131,140,35,5454.0464216162045,6185.122627034994
01/08/2024 11:00:00,59.13,162.62,1.03201318670425,2.83825442959318,0.153264491744411,-0.489666512398154,0.858333677660475,177.37,0.9531800754312114,0.9996634197755374,165,30,6086.359799252423,6383.1708275611345
01/08/2024 12:00:00,59.7,190.87,1.04196156344061,3.33130994328158,-0.0951444573816479,-0.495475181438971,0.863395550606772,965.38,0.9608667093854728,0.995460071059403,180,30,33393.65414063572,34595.90076237576
01/08/2024 13:00:00,55.59,216.63,0.970228531183648,3.78090675859532,-0.337170738489308,-0.453504509655855,0.82501488036785,726.7900000000001,0.9040497305642501,0.9412360997266651,180,30,23653.95493236449,24626.91545713235
01/08/2024 14:00:00,48.23,236.61,0.841772298236865,4.12962354314378,-0.556191258354933,-0.366601299800795,0.745824893063998,255.32000000000002,0.7866041045442291,0.8308793124233711,180,25,7230.087359000373,7637.043817725665
01/08/2024 15:00:00,39.14,251.92,0.683121869230581,4.39683345162411,-0.73730969841179,-0.240705124056399,0.631217436293476,77.2,0.6165423550929333,0.6754763680253711,180,20,1713.4945132742805,1877.2839220161118
01/08/2024 16:00:00,29.27,264.45,0.51085787205874,4.615523206899,-0.868236086904111,-0.0843663946762552,0.48892577028294,288.23,0.4053787774437637,0.4961479599139658,180,10,4206.323700814177,5148.170153496086
01/08/2024 17:00:00,19.19,275.57,0.334928683457712,4.80960381972077,-0.939974475684137,0.0916684274407268,0.328701816960108,140.49,0.16760791709678668,0.341227109006169,0,15,847.7005058253923,1725.8038755939606
01/08/2024 18:00:00,9.3,286.21,0.162315620435473,4.99530685213297,-0.947623245608556,0.275489363473617,0.161603821103361,36.18000000000001,-0.08052923928911597,0.31938269779223766,0,60,0.0,415.9895762204338
01/08/2024 19:00:00,-0.08,297.03,-0.0013962634015954,5.18415147719876,-0.890767824892613,0.454456524417753,-0.0013962629479142,0.0,-0.32233659716905266,-0.0013962629479142,0,0,0.0,0.0
02/08/2024 05:00:00,6.96,71.38,0.121474915938805,1.24581602007355,0.940673721028822,0.316937271527116,0.121176385829651,34.459999999999994,-0.138423849767762,0.9991281381254683,70,85,0.0,1239.4784030329306
02/08/2024 06:00:00,16.75,82.03,0.29234264970905,1.43169358541095,0.948321991212463,0.132771653663023,0.288196268134089,37.68,0.1099017988557957,0.9989531121067192,80,75,149.07959211190973,1355.0599175105226
02/08/2024 07:00:00,26.81,92.99,0.46792277245968,1.62298167142953,0.891292100798519,-0.0465546540462487,0.451033319435268,169.35999999999999,0.3518478302856525,0.9990033720182734,95,65,2145.2021473384116,6090.883599060531
02/08/2024 08:00:00,36.75,105.12,0.641408500107916,1.83469010969644,0.773515718817105,-0.209000251422859,0.598324600570659,308.21999999999997,0.5708648774650424,0.99953215130346,105,55,6334.271011161913,11090.728788291086
02/08/2024 09:00:00,46.06,119.65,0.803898653468588,2.08828645001122,0.603047282930089,-0.343274970846014,0.720066850328014,379.48999999999995,0.7518962124714084,0.9998197161106224,120,45,10272.13537214789,13659.177026405521
02/08/2024 10:00:00,53.9,138.36,0.940732466824944,2.41483755305936,0.391490407457425,-0.440326706420661,0.807989883898031,746.99,0.8826931260820164,0.9996772808722645,140,35,23737.065777072195,26882.96155339582
02/08/2024 11:00:00,58.88,162.76,1.02764986357426,2.84069789054597,0.153176082737587,-0.493611792120383,0.856086728291516,503.24,0.9543809763407036,0.999611487361457,165,30,17290.176571213044,18109.601456392065
02/08/2024 12:00:00,59.44,190.84,1.03742370738543,3.33078634450598,-0.0956208746916281,-0.499367869209696,0.861097195166826,723.1600000000001,0.9619940725880316,0.9954159807468461,180,30,25044.322807179396,25914.420742928014
02/08/2024 13:00:00,55.35,216.46,0.966039740978861,3.77793969886693,-0.33787438635523,-0.457278336634755,0.82264051802086,147.05,0.9050393014955045,0.9410667551058325,180,30,4791.097054256902,4981.819188179256
02/08/2024 14:00:00,48.01,236.4,0.837932573882478,4.1259583517146,-0.557225053773619,-0.370219440582516,0.743261599480127,106.6,0.7873499941509445,0.8300852718557518,180,25,3021.5343375536645,3185.5352392736327
02/08/2024 15:00:00,38.94,251.71,0.679631210726592,4.39316826019493,-0.738510077997331,-0.24409587282049,0.628506220787335,161.75,0.6170228576676715,0.6740883631991658,180,20,3592.924100198851,3925.216538908742
02/08/2024 16:00:00,29.08,264.25,0.507541746479951,4.61203254839502,-0.869544709986909,-0.0875585482159488,0.48603034675635,345.75999999999993,0.40558859724821084,0.4938508360217269,180,10,5048.507281843488,6147.1391422634015
02/08/2024 17:00:00,19.0,275.39,0.331612557878923,4.80646222706718,-0.94133784649698,0.0888168652666175,0.325568154457157,51.470000000000006,0.16740844204128774,0.33746218486474155,0,15,310.19445042714295,625.290431579577
02/08/2024 18:00:00,9.09,286.05,0.158650429006285,4.99251432532978,-0.948951710949015,0.273003955717353,0.157985728626399,16.37,-0.08133016833606788,0.31542122529806915,0,60,0.0,185.88403649265814
02/08/2024 19:00:00,-0.29,296.89,-0.0050614548307835,5.18170801624596,-0.891865056608853,0.452273261086534,-0.0050614332198121,0.0,-0.3233844636158941,-0.0050614332198121,0,0,0.0,0.0
03/08/2024 05:00:00,6.78,71.57,0.118333323285215,1.24913214565234,0.942076064609013,0.313934946166525,0.118057350750454,32.74,-0.13850637600121868,0.9991461054466234,70,85,0.0,1177.6335657236084
03/08/2024 06:00:00,16.58,82.23,0.28937558998066,1.43518424391494,0.949622740475074,0.129575619433711,0.285353832322224,170.76,0.1101518306945893,0.9989187000897738,80,75,677.1429579386904,6140.712860183871
03/08/2024 07:00:00,26.63,93.21,0.46478117980609,1.62682139578391,0.892517113829543,-0.0500557156045742,0.448227204503136,416.98,0.3523392317575967,0.9992000192602342,95,65,5289.062862898176,14999.27126512077
03/08/2024 08:00:00,36.57,105.36,0.638266907454326,1.83887889990123,0.774442211992674,-0.21273535376514,0.595804439008568,585.5699999999999,0.571723970329455,0.9996116116603209,105,55,12052.23859100948,21072.332571837625
03/08/2024 09:00:00,45.86,119.9,0.800407994964599,2.0926497731412,0.603719009709965,-0.347153827680459,0.717640284015345,727.36,0.7529231369476093,0.999886604565694,120,45,19715.26222404767,26181.990745088515
03/08/2024 10:00:00,53.68,138.6,0.936892742470556,2.41902634326414,0.391691357316074,-0.444286634502729,0.805721581569049,928.28,0.8838892861232535,0.9996332173147816,140,35,29537.882874809777,33405.82282688276
03/08/2024 11:00:00,58.63,162.9,1.02328654044428,2.84314135149876,0.153066408642668,-0.497550137265515,0.853823480265273,925.48,0.9555654488726161,0.9995393388476674,165,30,31836.841618414634,33301.93202340261
03/08/2024 12:00:00,59.18,190.81,1.03288585133024,3.33026274573038,-0.0960912778209715,-0.503250906603414,0.858781107925398,504.22,0.9631020736664971,0.9953517090552474,180,30,17482.151793028366,18067.544594634128
03/08/2024 13:00:00,55.1,216.3,0.961676417848876,3.77514717206373,-0.338717897275336,-0.461108540981522,0.820151875873772,833.8,0.905987929224281,0.9408266299589092,180,30,27194.858473939395,28240.604786150587
03/08/2024 14:00:00,47.79,236.2,0.83409284952809,4.12246769321061,-0.558296810882048,-0.373747139116455,0.740687347644875,733.24,0.7880241827770862,0.829243077194028,180,25,20801.190664060945,21889.230981182965
03/08/2024 15:00:00,38.73,251.51,0.675966019297404,4.38967760169094,-0.73983324732241,-0.247401168795143,0.625651203015845,366.78,0.6173412524385486,0.6725360018700686,180,20,8151.42328449879,8880.219171572533
03/08/2024 16:00:00,28.87,264.06,0.503876555050763,4.60871642281623,-0.871015561398026,-0.0906253241181915,0.482823924874227,224.04,0.405489852628872,0.49122566693952147,180,10,3270.454076987009,3961.951143160694
03/08/2024 17:00:00,18.79,275.21,0.327947366449734,4.80332063441359,-0.942794239542953,0.0859669113426087,0.322100468858457,152.86,0.16697163978515991,0.33337503543430846,0,15,918.8382548721438,1834.5494849935824
03/08/2024 18:00:00,8.88,285.88,0.154985237577097,4.98954726560139,-0.950308120863154,0.270343787724923,0.154365513830271,41.35,-0.08200902394121924,0.3113073448402265,0,60,0.0,463.41211352916116
03/08/2024 19:00:00,-0.51,296.74,-0.008901179185171,5.17909002236797,-0.893022108126225,0.449924755375163,-0.0089010616440955,0.0,-0.3244388465977758,-0.0089010616440955,0,0,0.0,0.0
04/08/2024 05:00:00,6.59,71.76,0.115017197706426,1.25244827123113,0.94347856627408,0.310930010622326,0.11476377248856,15.51,-0.13871047722424096,0.9991481189747141,70,85,0.0,557.8843437107214
04/08/2024 06:00:00,16.4,82.44,0.28623399732707,1.43884943534413,0.950975263553177,0.126211528228633,0.282341456842876,94.96,0.11040053126930292,0.9988613659484721,80,75,377.4108401759882,3414.6675111768086
04/08/2024 07:00:00,26.46,93.44,0.4618141200777,1.6308356530635,0.893632577708404,-0.0537176591331582,0.445572922376896,207.12,0.35305175596833405,0.999374634434679,95,65,2632.466869061808,7451.6570742279855
04/08/2024 08:00:00,36.39,105.6,0.635125314800737,1.84306769010601,0.775343319892107,-0.216479744633216,0.593278397097201,340.31000000000006,0.5725854731385953,0.9996695826189075,105,55,7014.836245096634,12247.112003797456
04/08/2024 09:00:00,45.66,120.16,0.796917336460611,2.09718762919639,0.604299711941921,-0.351146271592208,0.71520497348229,532.2199999999999,0.7540241965188956,0.999931728095425,120,45,14447.043283366318,19158.611915770092
04/08/2024 10:00:00,53.45,138.84,0.932878485190969,2.42321513346893,0.391952504756301,-0.448354923265191,0.803337473792382,631.36,0.8850801819190546,0.999564097665681,140,35,20116.952051630913,22719.052393279355
04/08/2024 11:00:00,58.37,163.05,1.01874868438909,2.84575934537675,0.152891304445076,-0.501650235769139,0.851452459023902,210.45,0.9567880911299507,0.9994435095866103,165,30,7248.817936018732,7571.983917330077
04/08/2024 12:00:00,58.91,190.79,1.02817346234986,3.32991367987998,-0.096672158096315,-0.507254176310023,0.856357223631027,359.28000000000003,0.9642188678015978,0.9952541985337925,180,30,12471.283973655292,12872.697424171956
04/08/2024 13:00:00,54.85,216.15,0.95731309471889,3.77252917818574,-0.339617352285357,-0.464878935654373,0.817647619217191,306.78,0.9068832240015037,0.9405430774131391,180,30,10015.690876530525,10387.4329903969
04/08/2024 14:00:00,47.56,235.99,0.830078592248503,4.11880250178142,-0.559383410478834,-0.377450940386282,0.737984408834347,182.88,0.7887318994090915,0.8283586767566502,180,25,5192.7584315016475,5453.648452989223
04/08/2024 15:00:00,38.51,251.3,0.672126294943016,4.38601241026175,-0.74119156459433,-0.250879503426568,0.622651218046386,126.82,0.617679496728303,0.6709065986409739,180,20,2820.028095903002,3063.037494227339
04/08/2024 16:00:00,28.67,263.86,0.500385896546774,4.60522576431224,-0.87236431080969,-0.0938448772435707,0.47976415897884,176.68,0.40560283926274654,0.488771455296466,180,10,2579.828747073914,3108.821065984066
04/08/2024 17:00:00,18.59,275.03,0.324456707945746,4.80017904176,-0.944173924714566,0.0831026900133235,0.318793887647871,137.29,0.16665884411336723,0.32943980821687335,0,15,823.7013374996707,1628.2364857234033
04/08/2024 18:00:00,8.67,285.71,0.151320046147908,4.986580205873,-0.951644317444553,0.26767437883987,0.150743225347543,29.29,-0.08268281156638951,0.3071844246913187,0,60,0.0,323.9075447715141
04/08/2024 19:00:00,-0.73,296.59,-0.0127409035395586,5.17647202848998,-0.89415979225642,0.447566692318034,-0.0127405588358882,0.0,-0.32548637872027764,-0.0127405588358882,0,0,0.0,0.0
05/08/2024 05:00:00,6.41,71.96,0.111875605052837,1.25593892973512,0.944896321819679,0.307744895900967,0.111642375729576,47.39,-0.1386654218209622,0.9991180281168945,70,85,0.0,1704.5353206885468
05/08/2024 06:00:00,16.23,82.66,0.28326693759868,1.44268915969851,0.952279539490471,0.12266560943901,0.279493876370793,166.7,0.11089433102919785,0.998996227939132,85,75,665.4990593724222,5995.176163108319
05/08/2024 07:00:00,26.28,93.67,0.45867252742411,1.63484991034309,0.894802268574634,-0.0573938062946749,0.442758231038901,333.77,0.3536608972228389,0.9995315390150875,95,65,4249.49031597841,12010.091103974366
05/08/2024 08:00:00,36.2,105.85,0.631809189221947,1.847431013236,0.776279695467477,-0.220396868807487,0.590605667619925,582.3000000000001,0.573465393067313,0.9997079438057604,105,55,12021.440341791471,20956.6776844114
05/08/2024 09:00:00,45.46,120.42,0.793426677956622,2.10172548525157,0.604849223635199,-0.355146796551084,0.712760948402338,708.74,0.7551248081381988,0.9999544463654205,120,45,19266.737634715213,25513.477715413013
05/08/2024 10:00:00,53.22,139.09,0.928864227911382,2.42757845659891,0.392101150289844,-0.452494342728471,0.800940420842968,954.13,0.8863122210963215,0.9994741496343595,140,35,30443.654862526797,34330.61773406273
05/08/2024 11:00:00,58.11,163.2,1.01421082833391,2.84837733925475,0.152692652276619,-0.505742463976635,0.849063904586442,1005.7199999999999,0.9579927704056728,0.9993256477395187,165,30,34685.00960588615,36181.50445600519
05/08/2024 12:00:00,58.64,190.77,1.02346107336947,3.32956461402958,-0.0972481123536823,-0.51124664726001,0.853914322581045,1012.9399999999999,0.9653145791858139,0.9951348196405699,180,30,35201.006994257215,36288.42711144188
05/08/2024 13:00:00,54.59,215.99,0.952775238663705,3.76973665138255,-0.340494727244727,-0.468822836617563,0.815026679676439,923.41,0.9078186989945578,0.94024522767066,180,30,30178.399134188327,31256.34644460111
05/08/2024 14:00:00,47.32,235.79,0.825889802043717,4.11531184327743,-0.560613968862919,-0.381135912877189,0.735151272753464,777.24,0.7893342387110811,0.8273483201334809,180,25,22086.077173048823,23149.73550025968
05/08/2024 15:00:00,38.29,251.09,0.668286570588629,4.38234721883256,-0.742523378435774,-0.25436736933046,0.619642053040484,577.98,0.6180179893794319,0.6692718288865506,180,20,12859.273350054864,13925.726339754545
05/08/2024 16:00:00,28.45,263.67,0.496546172192387,4.60190963873345,-0.873872811552013,-0.0969396190285217,0.47639166606143,210.43,0.40540643955350253,0.4859875943957283,180,10,3071.1483747087677,3681.5893015929523
05/08/2024 17:00:00,18.37,274.85,0.320616983591358,4.79703744910641,-0.945643072474067,0.0802389767915386,0.315152163383425,57.900000000000006,0.16610870722926357,0.3251809891761116,0,15,346.236989348677,677.8072538386871
05/08/2024 18:00:00,8.45,285.55,0.147480321793521,4.98378767906981,-0.952938697764045,0.265169059908146,0.146946275799002,39.63,-0.08359613233432898,0.3031162800775931,0,60,0.0,432.44993446110055
06/08/2024 05:00:00,6.22,72.17,0.108559479474047,1.25960412116431,0.946365152558403,0.304391296561093,0.108346373270942,46.53,-0.13862469467566219,0.9990631258639794,70,85,0.0,1673.5106608722344
06/08/2024 06:00:00,16.05,82.88,0.28012534494509,1.4465288840529,0.953610102465548,0.119116468914735,0.276476109833981,75.36,0.1112700691790791,0.9991967190739452,85,75,301.8712468800744,2710.7807309788504
06/08/2024 07:00:00,26.11,93.91,0.45570546769572,1.63903870054788,0.895860701455747,-0.0612307413038455,0.44009589853417,274.96,0.35449146661892683,0.999665083566783,95,65,3508.955051815444,9895.244809590815
06/08/2024 08:00:00,36.02,106.11,0.628667596568358,1.85196886929118,0.777050328851505,-0.224430979683709,0.588067616681942,211.59,0.5745232671947034,0.9997172141608472,105,55,4376.281611806182,7615.085952394572
06/08/2024 09:00:00,45.26,120.69,0.789936019452633,2.10643787423196,0.605304783582027,-0.359260803892351,0.710308238555163,389.23,0.7562995228618395,0.9999536121988751,120,45,10597.480678206497,14011.630001142055
06/08/2024 10:00:00,52.99,139.34,0.924849970631795,2.4319417797289,0.392214808216633,-0.456636229964018,0.798530461347492,498.35999999999996,0.8875368789458509,0.9993618139769787,140,35,15923.263643692351,17929.510330088415
06/08/2024 11:00:00,57.85,163.36,1.00967297227872,2.85116986605794,0.152381512687907,-0.50985324584352,0.846657866138248,648.77,0.9591982060372122,0.9991870480810111,165,30,22402.76472470744,23336.732922606632
06/08/2024 12:00:00,58.36,190.75,1.01857415146389,3.32921554817918,-0.0978468526361871,-0.515374218495411,0.851360915440354,788.61,0.9664276812918837,0.9949872898082274,180,30,27436.843214769327,28247.64935816398
06/08/2024 13:00:00,54.33,215.84,0.948237382608519,3.76711865750456,-0.341428230204993,-0.472705982748492,0.81238895702297,920.5799999999999,0.9086993463809185,0.9399024659100825,180,30,30115.095994488453,31149.194834430135
06/08/2024 14:00:00,47.08,235.58,0.82170101183893,4.11164665184824,-0.561748599467858,-0.384925382059647,0.732305237754132,376.31,0.7900013474195726,0.8266576302493049,180,30,10702.274653708537,11198.863182208173
06/08/2024 15:00:00,38.07,250.88,0.664446846234241,4.37868202740337,-0.74382861796384,-0.257864567397239,0.616623752363659,333.85,0.6183566209713608,0.6678291836768816,180,25,7431.780884806397,8026.371826938969
06/08/2024 16:00:00,28.24,263.47,0.492880980763199,4.59841898022946,-0.875257972941853,-0.10018731044218,0.473165915539233,337.46999999999997,0.40542195410664006,0.4833748059677918,180,10,4925.4388866852405,5872.481847718224
06/08/2024 17:00:00,18.16,274.66,0.31695179216217,4.79372132352763,-0.947048873684041,0.0771959949629121,0.311671636847942,155.99,0.16579931639997308,0.3210314770552547,0,15,931.0692731483449,1802.7972038105706
06/08/2024 18:00:00,8.23,285.38,0.143640597439133,4.98082061934142,-0.954258269464288,0.262488182236111,0.143147159753186,37.05,-0.08438684627141253,0.2988950138862643,0,60,0.0,398.66616952149934
07/08/2024 05:00:00,6.03,72.38,0.105243353895258,1.2632693125935,0.947811669819965,0.301027753651471,0.105049179362045,18.950000000000003,-0.13857777884732458,0.9989838437886502,70,85,0.0,681.5067782326172
07/08/2024 06:00:00,15.87,83.1,0.2769837522915,1.45036860840729,0.954918020997193,0.115557777861283,0.273455614589583,90.41,0.11165063108526734,0.9993739103266567,85,75,363.3960080310847,3252.7222283747888
07/08/2024 07:00:00,25.93,94.15,0.45256387504213,1.64322749075266,0.89697091513554,-0.0650825007792067,0.437272735821978,259.59000000000003,0.3552187943652703,0.9997785800800392,95,65,3319.6048858540994,9343.170777707186
07/08/2024 08:00:00,35.83,106.37,0.625351470989568,1.85650672534637,0.777890678080297,-0.228503161171293,0.585382266805634,344.69,0.5755039052314006,0.999705230721019,105,55,7141.335879391613,12405.18225518021
07/08/2024 09:00:00,45.05,120.96,0.786270828023445,2.11115026321234,0.605833531358798,-0.363446100678463,0.707723578936684,485.41,0.757431344257292,0.9999294982888887,120,45,13235.930957373557,17473.52799951874
07/08/2024 10:00:00,52.75,139.59,0.920661180427009,2.43630510285888,0.392383525416547,-0.460886082391901,0.796002002534622,180.13,0.8887540880441177,0.9992201473357891,140,35,5763.28585965793,6479.622905025445
07/08/2024 11:00:00,57.58,163.52,1.00496058329834,2.85396239286113,0.152087284892421,-0.514096983136748,0.844140835230559,699.43,0.9604191718315451,0.9990187272200641,165,30,24182.855328748952,25154.77206166306
07/08/2024 12:00:00,58.08,190.73,1.01368722955831,3.32886648232879,-0.098440390607164,-0.519489960564956,0.848787176133882,559.64,0.9675180419022611,0.9948162372208766,180,30,19492.624690926532,20042.60252393849
07/08/2024 13:00:00,54.06,215.69,0.943524993628135,3.76450066362657,-0.342419158668654,-0.476702232150543,0.809632077946113,747.36,0.9095757135422646,0.9395130632953882,180,30,24472.098189826087,25277.561387439888
07/08/2024 14:00:00,46.83,235.38,0.817337688708945,4.10815599334425,-0.563025715080709,-0.388695557126738,0.729326955506096,105.68,0.7905613002018994,0.8259634496964111,180,30,3007.6746553921225,3142.3614251010026
07/08/2024 15:00:00,37.83,250.68,0.660258056029455,4.37519136889939,-0.745354898657971,-0.261311694312969,0.613320693815113,456.73,0.6184584926907511,0.6662924147784217,180,25,10168.867705199284,10955.366445662947
07/08/2024 16:00:00,28.01,263.27,0.488866723483612,4.59492832172547,-0.876782189025181,-0.103463681356769,0.469625659060827,345.96,0.40523535883500783,0.48045726977888514,180,10,5047.028090732135,5983.883893897311
07/08/2024 17:00:00,17.93,274.48,0.312937534882583,4.79057973087404,-0.948526389917741,0.0743175060139286,0.307854829309998,104.02999999999999,0.1651358249628057,0.31659971631926576,0,15,618.4468753517043,1185.6912655929557
07/08/2024 18:00:00,8.0,285.21,0.139626340159546,4.97785355961303,-0.955579690425226,0.259804355652458,0.139173100960065,30.15,-0.0852991782160327,0.29458372248890835,0,60,0.0,319.7411723894611
08/08/2024 05:00:00,5.84,72.59,0.101927228316469,1.26693450402268,0.949235804809344,0.297654422794522,0.101750830261066,29.29,-0.1385247587392129,0.9990159779948995,75,85,0.0,1053.4024078369418
08/08/2024 06:00:00,15.68,83.33,0.273667626712711,1.45438286568687,0.956269625376843,0.111828282970607,0.270264386683628,144.85,0.11203124332025241,0.999534570141436,85,75,584.1981214177881,5212.1729694595315
08/08/2024 07:00:00,25.75,94.4,0.44942228238854,1.64759081388265,0.898043658442527,-0.0691006935563657,0.434445257404417,330.43,0.35606075656339825,0.9998695687881948,95,65,4235.513608484773,11893.928458128596
08/08/2024 08:00:00,35.64,106.63,0.622035345410779,1.86104458140155,0.778701489424685,-0.232585028046481,0.582690479668576,643.18,0.5764868400406223,0.9996682368808985,105,55,13348.253007983789,23146.798197494027
08/08/2024 09:00:00,44.84,121.24,0.782605636594257,2.11603718511792,0.606263936193769,-0.367745226965969,0.705129412033413,689.93,0.7586369325995321,0.9998786840127187,120,45,18842.629640702227,24834.46681659222
08/08/2024 10:00:00,52.51,139.85,0.916472390222222,2.44084295891407,0.392434544514248,-0.465206435626324,0.793459577120187,943.5699999999999,0.8900112728620915,0.9990546230667146,140,35,30232.36572244141,33936.40694473415
08/08/2024 11:00:00,57.3,163.68,1.00007366139275,2.85675491966432,0.151808463084506,-0.51847255897079,0.841510781945306,971.68,0.9616534426625079,0.9991121648497001,165,35,33639.099017987,34949.42310028163
08/08/2024 12:00:00,57.79,190.72,1.00862577472752,3.32869194940359,-0.0991475732835303,-0.523721583418859,0.846100148784545,826.69,0.96861023585773,0.9946050147026386,180,30,28826.65425172417,29600.280705762878
08/08/2024 13:00:00,53.78,215.54,0.93863807172255,3.76188266974858,-0.343465762665468,-0.480810864715302,0.806754102715537,939.4000000000001,0.9104459196885824,0.9390749799166265,180,30,30789.824290396355,31758.013300812443
08/08/2024 14:00:00,46.58,235.18,0.812974365578959,4.10466533484026,-0.56427262941312,-0.39247187866956,0.726334787924129,799.6,0.7911157807851141,0.8252603173294584,180,30,22772.742419367984,23755.613390518858
08/08/2024 15:00:00,37.6,250.47,0.656243798749868,4.3715261774702,-0.746706511352208,-0.264862728355861,0.610145163901267,605.46,0.6187240142067632,0.6649151391241244,180,25,13486.055099098567,14492.862724827324
08/08/2024 16:00:00,27.78,263.07,0.484852466204025,4.59143766322148,-0.878280050842195,-0.106750194787375,0.466077834921903,354.31,0.40505058426115953,0.4778256012913356,180,15,5166.4850103445715,6094.7419965671925
08/08/2024 17:00:00,17.71,274.3,0.309097810528196,4.78743813822045,-0.949926937507313,0.0714253652183408,0.304199327089006,156.82999999999998,0.16459604692240615,0.3123202311969364,0,15,929.2895293982743,1763.3225469101592
08/08/2024 18:00:00,7.77,285.04,0.135612082879959,4.97488649988464,-0.956878170406466,0.257110856256622,0.135196799498213,33.6,-0.08620625625583271,0.2902629328561103,0,60,0.0,351.1020435827511
09/08/2024 05:00:00,5.65,72.81,0.0986111027376796,1.27077422837707,0.950688835398934,0.294105538066056,0.0984513622388918,16.37,-0.13834839449485278,0.9992115656504957,75,85,0.0,588.8553598691502
09/08/2024 06:00:00,15.5,83.56,0.270526034059121,1.45839712296646,0.957549807246334,0.108083379821154,0.267238376078257,73.52,0.11253957711311723,0.9996679678570287,85,75,297.8607495368296,2645.841203886555
09/08/2024 07:00:00,25.56,94.65,0.446106156809751,1.65195413701263,0.89916459640691,-0.0731348700261969,0.431456045680959,151.05,0.35679965822165965,0.9999369815792594,95,65,1940.205181477741,5437.457318431697
09/08/2024 08:00:00,35.45,106.9,0.61871921983199,1.86575697038194,0.779441364114974,-0.236812392826349,0.579992284871487,168.18,0.5775681265050323,0.9996022871551852,105,55,3496.8746705621884,6052.072055535326
09/08/2024 09:00:00,44.63,121.52,0.778940445165069,2.12092410702351,0.606658617753224,-0.372052227793236,0.702525772694382,423.64,0.7598413910586759,0.999802079833982,120,45,11588.371448691507,15248.021511631252
09/08/2024 10:00:00,52.27,140.12,0.912283600017436,2.44555534789446,0.392365586585358,-0.469596984330609,0.790903229713425,529.74,0.8913082490376312,0.999214408394587,140,40,16997.81874642701,19055.658265306145
09/08/2024 11:00:00,57.03,163.85,0.995361272412366,2.85972197939271,0.151370808440635,-0.522723958823037,0.838955625301124,488.42,0.9628528677374721,0.9993095449422373,165,35,16929.9575157721,17570.97964586475
09/08/2024 12:00:00,57.5,190.72,1.00356431989674,3.32869194940359,-0.0999428855718651,-0.527922616254712,0.843391445812886,872.53,0.9696654724244688,0.9943597255358022,180,30,30458.23972756278,31233.912887583123
09/08/2024 13:00:00,53.51,215.4,0.933925682742166,3.75943920879579,-0.344488363145118,-0.484742217616054,0.803960664534197,511.25,0.9112505469030906,0.9386214679380606,180,30,16771.56631575138,17275.328117400004
09/08/2024 14:00:00,46.32,234.98,0.808436509523773,4.10117467633628,-0.56559267153506,-0.396326550820668,0.723208265315342,294.27,0.7916306602642074,0.8244800054002965,180,30,8386.313558254138,8734.31032280923
09/08/2024 15:00:00,37.36,250.26,0.652055008545081,4.36786098604101,-0.748129756335508,-0.268458632950554,0.606821085724362,224.98000000000002,0.6189162245100867,0.6634221961368713,180,25,5012.775798850055,5373.242124727439
09/08/2024 16:00:00,27.55,262.88,0.480838208924438,4.58812153764269,-0.879770675751646,-0.109893106290841,0.46252250029295,155.61,0.4047589570724095,0.47520485710629884,180,15,2267.4434871613553,2662.0786013152024
09/08/2024 17:00:00,17.47,274.11,0.304909020323409,4.78412201264166,-0.95142118032258,0.0683656278243466,0.300206393279311,121.0,0.1639361774086851,0.3076714349969112,0,15,714.1059887922323,1340.2167708465452
09/08/2024 18:00:00,7.53,284.86,0.131423292675173,4.97174490723105,-0.958220152305333,0.254246476349437,0.131045293619572,32.74,-0.08711639175849055,0.2858076955409273,0,65,0.0,336.86438227235857
10/08/2024 05:00:00,5.46,73.03,0.0952949771588904,1.27461395273146,0.952118136165651,0.290546687883995,0.0951508115787117,41.35,-0.13816574915135357,0.999381655487116,75,85,0.0,1487.679532358121
10/08/2024 06:00:00,15.32,83.8,0.267384441405531,1.46258591317125,0.958824058626533,0.104161625668336,0.264209727938003,180.92,0.1131710984309197,0.9997800879383995,85,75,737.0969446123917,6511.687686353348
10/08/2024 07:00:00,25.38,94.9,0.442964564156161,1.65631746014262,0.900182994492062,-0.0771729057627439,0.428619783775128,406.53000000000003,0.3576494406468114,0.9999767595455018,95,65,5234.228175821338,14634.739874089184
10/08/2024 08:00:00,35.25,107.17,0.615228561328001,1.87046935936232,0.780246342862778,-0.241078978897262,0.577145190037234,644.98,0.5785718583843094,0.9995107602089894,105,55,13434.021979945626,23207.920204305385
10/08/2024 09:00:00,44.42,121.81,0.775275253735881,2.12598556185429,0.606951807040554,-0.376472737464446,0.699912695895876,820.24,0.7611194390995044,0.999696782730406,120,45,22474.82191417119,29519.686406404373
10/08/2024 10:00:00,52.02,140.38,0.90792027688745,2.45009320394964,0.392427525647415,-0.474026393480936,0.78822561199044,974.53,0.8925469526351291,0.9993698841817522,140,40,31313.296143054446,35060.97359633915
10/08/2024 11:00:00,56.75,164.02,0.990474350506782,2.8626890391211,0.15094611049232,-0.527106001924297,0.83628615584776,1014.9599999999999,0.9640638401771808,0.9994875894962081,165,35,35225.50446814433,36519.837258062566
10/08/2024 12:00:00,57.2,190.71,0.998328332140757,3.32851741647839,-0.100670030426849,-0.532271857288723,0.840566603495684,1022.1099999999999,0.9707433850943564,0.9940879608444254,180,30,35719.43476819654,36578.420843713044
10/08/2024 13:00:00,53.22,215.25,0.928864227911382,3.75682121491779,-0.345562250858187,-0.488959275442969,0.800940420842968,935.7299999999999,0.9120968222942542,0.938114389089294,180,30,30725.148942914486,31601.5839828909
10/08/2024 14:00:00,46.06,234.78,0.803898653468588,4.09768401783229,-0.566881027505059,-0.40018699593253,0.720066850328014,718.7399999999999,0.7921390913411427,0.8236896827733723,180,30,20496.31381837918,21312.674013475207
10/08/2024 15:00:00,37.11,250.05,0.647691685415096,4.36419579461182,-0.749622527626374,-0.27209969236205,0.603347183213383,443.65000000000003,0.6190344222879643,0.6618125494391459,180,25,9886.846372129994,10570.072952112376
10/08/2024 16:00:00,27.31,262.68,0.476649418719651,4.5846308791387,-0.881295616836997,-0.113209264786995,0.458804640462893,275.65999999999997,0.40447491133519503,0.47247196525330726,180,15,4013.9119461117543,4688.69838990216
10/08/2024 17:00:00,17.24,273.92,0.300894763043822,4.78080588706287,-0.952837273275823,0.065292085265813,0.296374888035301,128.76,0.1634002168538984,0.30321013915777173,0,10,757.4188291958865,1405.4881506463687
10/08/2024 18:00:00,7.29,284.69,0.127234502470387,4.96877784750266,-0.959492861414524,0.251539259478519,0.12689148842837,31.88,-0.08813928416934866,0.2815986498801021,0,65,0.0,323.1851384943956
11/08/2024 05:00:00,5.26,73.26,0.0918043186549017,1.27862821001105,0.953589046011673,0.28681622872176,0.0916754180158083,39.63,-0.13798539053641876,0.9995322984476865,75,85,0.0,1426.0127395493455
11/08/2024 06:00:00,15.13,84.04,0.264068315826742,1.46677470337603,0.960118097630118,0.100234834534381,0.261009993197558,180.45000000000002,0.11368520493707567,0.9998665441503729,85,75,738.521828312231,6495.333044109653
11/08/2024 07:00:00,25.19,95.16,0.439648438577372,1.6608553161978,0.901234174575331,-0.0813843840196454,0.425621362968619,406.90999999999997,0.35850720179595286,0.9999913039337082,95,65,5251.685957380482,14648.632613411944
11/08/2024 08:00:00,35.06,107.45,0.611912435749212,1.87535628126791,0.780880416616013,-0.245461663910211,0.574433935710655,629.85,0.579753738356925,0.999386535675802,105,55,13145.684115747934,22660.689941834542
11/08/2024 09:00:00,44.2,122.1,0.771435529381494,2.13104701668508,0.607310691412113,-0.380965278546912,0.697165102854565,817.43,0.7623533036922233,0.9995620650877841,120,45,22434.136597336827,29414.592679129466
11/08/2024 10:00:00,51.77,140.65,0.903556953757464,2.45480559293002,0.392366356510427,-0.478525409659502,0.785532987588006,965.52,0.8938242645095117,0.9994972736137405,140,40,31068.187339292057,34741.24587430339
11/08/2024 11:00:00,56.46,164.19,0.985412895675998,2.86565609884949,0.150532800368442,-0.531617471135313,0.83350029417927,1010.8,0.9652840289721676,0.9996436879246805,165,35,35125.52747346241,36375.83423115361
11/08/2024 12:00:00,56.9,190.72,0.993092344384773,3.32869194940359,-0.101580207676246,-0.53657134961928,0.837718716620439,1011.4599999999999,0.9717698251554149,0.993983681821481,180,35,35384.62706466105,36193.490453345585
11/08/2024 13:00:00,52.93,215.11,0.923802773080599,3.754377753965,-0.346693652864066,-0.493112204391114,0.797899658443533,937.8299999999999,0.9128832428026559,0.9375574760785833,180,30,30820.65449751413,31653.703000468
11/08/2024 14:00:00,45.79,234.59,0.799186264488204,4.0943678922535,-0.568310130121247,-0.404026289199381,0.71678891846718,795.2199999999999,0.7925360337980336,0.822770557143441,180,30,22688.658172687403,23554.20968825786
11/08/2024 15:00:00,36.86,249.85,0.64332836228511,4.36070513610783,-0.751132488738962,-0.275618962790629,0.599861793841741,603.8100000000001,0.6190583798130782,0.6601410218618935,180,25,13456.571051337653,14349.591014775478
11/08/2024 16:00:00,27.07,262.48,0.472460628514865,4.58114022063472,-0.882792647093333,-0.116535365048712,0.455078730475187,363.82000000000005,0.40419220316676385,0.4697338706634065,180,15,5293.915464820754,6152.348765691381
11/08/2024 17:00:00,16.99,273.74,0.296531439913837,4.77766429440928,-0.954319041037361,0.06238210086504,0.292204793604068,146.32999999999998,0.16250918450631893,0.29859808434286705,0,10,856.0788828771473,1572.9788765481023
11/08/2024 18:00:00,7.04,284.52,0.122871179340401,4.96581078777427,-0.960761810956731,0.248827730659772,0.122562241583007,29.29,-0.08928318355601654,0.27731155142046365,0,65,0.0,292.4083922797937
12/08/2024 05:00:00,5.06,73.49,0.0883136601509131,1.28264246729063,0.955033710403888,0.283075192700905,0.0881989074168674,37.910000000000004,-0.13779834281678707,0.9996548622838575,75,85,0.0,1364.2889698505176
12/08/2024 06:00:00,14.94,84.29,0.260752190247953,1.47113802650602,0.961402277880297,0.0961301756412682,0.25780738821406,175.83,0.11432305337356014,0.999927796929354,85,75,723.6512090882309,6329.422963227179
12/08/2024 07:00:00,25.0,95.42,0.436332312998582,1.66539317225299,0.902255733818132,-0.0856060490594797,0.422618261740699,33.08,0.35936885653066597,0.9999779315008394,95,65,427.96518386523945,1190.8537190657194
12/08/2024 08:00:00,34.86,107.73,0.608421777245223,1.88024320317349,0.781576703306161,-0.249883932199514,0.571573160039537,227.24,0.5808578803760163,0.9994695544216331,110,55,4751.789210519254,8176.300615683789
12/08/2024 09:00:00,43.98,122.39,0.767595805027106,2.13610847151586,0.607630663916775,-0.385465398638437,0.694407231183958,489.46,0.763585259365166,0.9993989303863267,120,45,13454.799877759468,17609.96881680809
12/08/2024 10:00:00,51.52,140.93,0.899193630627479,2.45969251483561,0.392179714582174,-0.48309362697129,0.78282540776981,399.34000000000003,0.8951399338985606,0.9995954391039892,140,40,12868.746523309845,14370.423935464334
12/08/2024 11:00:00,56.17,164.37,0.980351440845215,2.86879769150308,0.149996648997038,-0.536143649286109,0.830693079674938,895.92,0.9664995198231954,0.9997722082706787,165,35,31172.624992799898,32245.77300601919
12/08/2024 12:00:00,56.6,190.72,0.987856356628791,3.32869194940359,-0.102394702622447,-0.540873709917005,0.834847863263407,587.23,0.9727820534204945,0.9940997489126817,180,35,20564.88498828421,21015.547039943787
12/08/2024 13:00:00,52.64,214.98,0.918741318249815,3.75210882593741,-0.347884741440442,-0.49720019786059,0.794838455234966,361.03,0.9136092931590009,0.9369503930685559,180,30,11874.253071930985,12177.619214743465
12/08/2024 14:00:00,45.52,234.39,0.794473875507819,4.09087723374951,-0.569636187200869,-0.407969852417442,0.713495069183906,658.33,0.7929954509271531,0.8218897815969193,180,30,18793.89702751942,19478.689197073196
12/08/2024 15:00:00,36.6,249.64,0.638790506229925,4.35703994467864,-0.752661541945955,-0.279314342180586,0.596224874965616,489.77,0.6190997176388406,0.6584065887778969,180,25,10915.7928734871,11608.840619487022
12/08/2024 16:00:00,26.82,262.28,0.468097305384879,4.57764956213073,-0.884339736913797,-0.119881774243484,0.451189084441845,368.0799999999999,0.4038080767144207,0.46684287553699183,180,15,5350.812367573582,6186.078922595613
12/08/2024 17:00:00,16.75,273.55,0.29234264970905,4.77434816883049,-0.955733918742529,0.0592923907313005,0.288196268134089,142.94,0.1618594839514058,0.2941139348476419,0,10,832.9030068965021,1513.4632504963897
12/08/2024 18:00:00,6.79,284.34,0.118507856210415,4.96266919512068,-0.962047745671128,0.245938296673684,0.118230661329233,28.43,-0.09030293496136016,0.27286222998130344,0,65,0.0,279.26903514126445
13/08/2024 05:00:00,4.87,73.73,0.0849975345721238,1.28683125749542,0.956486578464291,0.279152692577633,0.084895226275279,33.6,-0.13736077171851163,0.9997535955364928,75,85,0.0,1209.3019491609418
13/08/2024 06:00:00,14.75,84.54,0.257436064669164,1.47550134963601,0.962658324562336,0.0920152059215588,0.254601948205528,155.48,0.11496618800002432,0.9999603763915915,85,75,643.4979447687762,5597.058215569127
13/08/2024 07:00:00,24.81,95.69,0.433016187419793,1.67010556123337,0.903231897218812,-0.0899953172639736,0.419610513115511,306.42,0.3603457383935351,0.9999348479098019,95,65,3975.0170817076933,11030.401299474775
13/08/2024 08:00:00,34.66,108.02,0.604931118741235,1.88530465800427,0.782194464403161,-0.254452284720487,0.56870541992984,482.07,0.5820603949441996,0.9995801079071425,110,55,10101.37876526701,17347.232974276663
13/08/2024 09:00:00,43.76,122.69,0.763756080672719,2.14134445927184,0.607843580715916,-0.390078847069938,0.69163912154464,707.21,0.7648901109387052,0.9993508094511332,125,45,19473.765672850623,25443.031894269694
13/08/2024 10:00:00,51.27,141.2,0.894830307497493,2.46440490381599,0.392035428394489,-0.487593735315298,0.780102924084268,700.6999999999999,0.8963969043489661,0.9996661508214192,140,40,22611.79119158354,25216.77858770046
13/08/2024 11:00:00,55.88,164.54,0.975289986014431,2.87176475123147,0.149524094200964,-0.540631829803539,0.827864584250745,961.4699999999999,0.9676730944072576,0.9998716854626697,165,35,33493.99140287085,34608.47865918455
13/08/2024 12:00:00,56.29,190.73,0.982445835947608,3.32886648232879,-0.10332856993051,-0.545285876938889,0.831857270838635,962.7,0.9737872584580749,0.9941807140512924,180,35,33748.7397738332,34455.519843018454
13/08/2024 13:00:00,52.34,214.84,0.913505330493832,3.74966536498462,-0.349041612600161,-0.501457683337188,0.79165026652909,885.88,0.9143654001566792,0.9363180833955076,180,30,29160.648744868762,29860.75669386284
13/08/2024 14:00:00,45.24,234.2,0.789586953602235,4.08756110817072,-0.57110139429791,-0.411891316033244,0.710062491057925,470.9100000000001,0.7933411451722292,0.8208778135472459,180,30,13449.322032229962,13916.14456239121
13/08/2024 15:00:00,36.34,249.44,0.634252650174739,4.35354928617466,-0.754207469828046,-0.282887181801743,0.592575678565907,138.76,0.6190457252429368,0.6566092409345861,180,25,3092.3562540495564,3279.9995377949936
13/08/2024 16:00:00,26.57,262.08,0.463733982254893,4.57415890362674,-0.885857368630928,-0.123238059718409,0.44729084841871,264.47,0.4034248598067136,0.46394613928698686,180,15,3840.9758162309363,4417.19407646026
13/08/2024 17:00:00,16.5,273.36,0.287979326579064,4.7710320432517,-0.957171512540024,0.0561959033609742,0.284015344703923,138.17999999999998,0.16109267185972992,0.2894588296498382,0,10,801.3522743127892,1439.9071589165271
13/08/2024 18:00:00,6.53,284.17,0.11397000015523,4.95970213539229,-0.963283498578516,0.243211600370531,0.113723431233586,26.71,-0.09156196248016447,0.2684861661405841,0,65,0.0,258.1655579141401
14/08/2024 05:00:00,4.67,73.97,0.0815068760681352,1.29102004770021,0.957926478704732,0.27522388883185,0.0814166593064782,34.459999999999994,-0.13704240624036798,0.9998229829085612,75,85,0.0,1240.3403996770444
14/08/2024 06:00:00,14.56,84.79,0.254119939090374,1.47986467276599,0.963886158726168,0.0878901381405878,0.251393708421155,146.75000000000003,0.11561448329360043,0.9999642336023897,85,75,610.7913152400912,5282.8110461214255
14/08/2024 07:00:00,24.62,95.96,0.429700061841004,1.67481795021376,0.90417677026324,-0.094394647055264,0.416598150168298,363.78999999999996,0.3613264720542632,0.9998623582058914,95,65,4732.090461670335,13094.637382501964
14/08/2024 08:00:00,34.46,108.3,0.601440460237246,1.89019157990986,0.782821637222614,-0.258893503749709,0.565830750324075,444.0,0.5831681126645899,0.999658312935632,110,55,9321.359112830805,15978.538473963143
14/08/2024 09:00:00,43.54,122.99,0.759916356318331,2.14658044702783,0.608015851435493,-0.394699255519571,0.688860814748139,541.0,0.7661926735092698,0.9993599781714617,125,45,14922.368509266538,19463.534934867388
14/08/2024 10:00:00,51.01,141.48,0.890292451442308,2.46929182572158,0.391848570175114,-0.492268361788187,0.777255786748541,584.97,0.8976891343103983,0.9997097159680083,140,40,18904.363664311935,21052.80693179301
14/08/2024 11:00:00,55.59,164.73,0.970228531183648,2.87508087681026,0.148832139569994,-0.54516001449358,0.82501488036785,657.5600000000001,0.9688599595680818,0.9999433828506414,165,35,22935.007980489165,23670.819749781644
14/08/2024 12:00:00,55.98,190.74,0.977035315266426,3.32904101525398,-0.104260952877315,-0.54968177233397,0.828842326904762,456.01000000000005,0.9747637386007846,0.9942323985797261,180,35,16002.072447816376,16321.676978748274
14/08/2024 13:00:00,52.04,214.71,0.908269342737849,3.74739643695702,-0.35025846284015,-0.505648875538392,0.788440374331258,627.7199999999999,0.915059284043442,0.9358808245096525,180,35,20678.436496070975,21148.960001803163
14/08/2024 14:00:00,44.96,234.0,0.784700031696651,4.08407044966673,-0.572460637577463,-0.415916998809091,0.706612955249225,538.11,0.7937485425996589,0.819903269293571,180,30,15376.465017298888,15883.133336624285
14/08/2024 15:00:00,36.08,249.23,0.629714794119554,4.34988409474547,-0.755672074851832,-0.286600220432235,0.588914279787239,513.14,0.619082240132341,0.6548600846418274,180,25,11436.330985254343,12097.256537991865
14/08/2024 16:00:00,26.31,261.88,0.459196126199708,4.57066824512275,-0.887422059469118,-0.12661492101162,0.443227650474121,339.78,0.40293954650634733,0.46089538747033626,180,15,4928.788768029361,5637.70925116815
14/08/2024 17:00:00,16.24,273.17,0.283441470523879,4.76771591767291,-0.958629589318991,0.0530922232330066,0.27966144946038,129.63,0.16020863627356466,0.28463213145991145,0,10,747.6424387251187,1328.2870752413396
14/08/2024 18:00:00,6.27,283.99,0.109432144100044,4.9565605427387,-0.964533641075385,0.240306446362477,0.109213859333415,11.2,-0.09269645725153744,0.26394737500289905,0,65,0.0,106.42358160116889
15/08/2024 05:00:00,4.47,74.21,0.0780162175641465,1.29520883790499,0.959338556754478,0.271284614235399,0.0779371003013773,16.37,-0.13671733822830714,0.9998628121677811,75,85,0.0,589.2391524667167
15/08/2024 06:00:00,14.36,85.05,0.250629280586386,1.48440252882118,0.965143446193821,0.0835904814704068,0.248013628005926,101.80999999999999,0.1162647218992951,0.9999372586950774,85,75,426.1288081164204,3664.9300430788494
15/08/2024 07:00:00,24.43,96.23,0.426383936262215,1.67953033919414,0.905090269873704,-0.0988037924515615,0.413581206025048,304.67999999999995,0.3623109070010695,0.9997603819512104,95,65,3973.99993722309,10965.85175422421
15/08/2024 08:00:00,34.26,108.6,0.597949801733257,1.89542756766584,0.783322542942638,-0.263617160707081,0.562949186249182,248.1,0.5844706690333663,0.9997144988621371,110,55,5220.258227538415,8929.050018037064
15/08/2024 09:00:00,43.31,123.29,0.755902099038744,2.15181643478381,0.608247490930435,-0.399391974186457,0.685945362789395,596.4300000000001,0.7674493908505741,0.999335886235081,125,45,16478.274246660287,21457.220494578818
15/08/2024 10:00:00,50.75,141.76,0.885754595387122,2.47417874762716,0.391617313734826,-0.496942564462454,0.774392644082186,826.52,0.8989697471231286,0.9997224673645454,140,40,26748.5931141195,29746.46209414119
15/08/2024 11:00:00,55.29,164.91,0.964992543427665,2.87822246946385,0.14824130649242,-0.549788209013611,0.822044670488792,106.6,0.9700323317508172,0.9999867879289281,165,35,3722.596076326936,3837.5492973560545
15/08/2024 12:00:00,55.66,190.75,0.971450261660044,3.32921554817918,-0.105218700570854,-0.554202860049392,0.825704677813596,913.13,0.9757419774333513,0.9942553762926784,180,35,32075.25378673378,32683.838823148802
15/08/2024 13:00:00,51.73,214.59,0.902858822056667,3.74530204185463,-0.351615280287497,-0.509885734543138,0.785100778484998,898.46,0.9156937449073164,0.9355753502343537,180,35,29617.71127377939,30260.773050176067
15/08/2024 14:00:00,44.67,233.81,0.779638576865867,4.08075432408794,-0.573957385930498,-0.419919490252246,0.70302243267347,769.57,0.7940398485794351,0.8187950312516832,180,30,21998.492865765933,22684.323319212883
15/08/2024 15:00:00,35.81,249.02,0.625002405139169,4.34621890331628,-0.75719938153485,-0.290358391232234,0.585099223417934,577.86,0.6190420159605332,0.6529907409571628,180,25,12877.906296346333,13584.140264502219
15/08/2024 16:00:00,26.05,261.68,0.454658270144523,4.56717758661876,-0.888955680262448,-0.130001532985574,0.439155325540438,347.25,0.40245467422257547,0.4578383433210825,180,15,5031.085882456416,5723.437129856852
15/08/2024 17:00:00,15.98,272.98,0.278903614468694,4.76439979209412,-0.960057849699176,0.0499784621683059,0.275301795399677,135.57,0.15932765688745856,0.2797980114059045,0,10,777.6018159923792,1365.5597906267449
15/08/2024 18:00:00,6.01,283.82,0.104894288044859,4.95359348301031,-0.96571370788695,0.237559503146511,0.104702038490286,23.259999999999998,-0.09394441418966883,0.2595510210937129,0,65,0.0,217.33764302303143
16/08/2024 05:00:00,4.26,74.46,0.0743510261349584,1.29957216103498,0.960781882932231,0.26717087673367,0.0742825420577398,32.74,-0.13639264946113044,0.999872475258681,75,85,0.0,1178.4896942388918
16/08/2024 06:00:00,14.17,85.31,0.247313155007597,1.48894038487636,0.966327209601504,0.0792767649721397,0.244799751877576,167.48000000000002,0.1170424264830862,0.9998813684416934,85,75,705.681561145942,6028.564737118134
16/08/2024 07:00:00,24.23,96.51,0.422893277758226,1.68441726109973,0.906025465773381,-0.10338874979468,0.410400562604415,388.21999999999997,0.36330390689857367,0.9996226994558028,95,65,5077.506338501913,13970.646877778343
16/08/2024 08:00:00,34.05,108.89,0.594284610304069,1.90048902249663,0.783925162016816,-0.268244723423992,0.559916162217251,599.94,0.58559817815038,0.9997351825086838,110,55,12647.655755983404,21592.120514193353
16/08/2024 09:00:00,43.08,123.6,0.751887841759157,2.15722695546499,0.608366290303797,-0.404197596895985,0.683018857342539,790.34,0.7687781274096541,0.9992844097459108,125,45,21873.459787810058,28431.879854348994
16/08/2024 10:00:00,50.48,142.05,0.881042206406737,2.47924020245794,0.391336913055761,-0.501790393033727,0.77140250319729,952.0399999999998,0.9002833306834925,0.9997031213305954,140,40,30855.806717180836,34263.264946736876
16/08/2024 11:00:00,54.98,165.09,0.959582022746482,2.88136406211744,0.147655614142179,-0.554541075305266,0.818951778440938,996.55,0.9712061107952039,0.9999995329992334,165,35,34842.79618966657,35875.78324597389
16/08/2024 12:00:00,55.34,190.77,0.965865208053662,3.32956461402958,-0.10627225552929,-0.558687804021435,0.822541272728867,886.03,0.9766764465421729,0.994236524731327,180,35,31153.126749471412,31713.241968277114
16/08/2024 13:00:00,51.42,214.46,0.897448301375484,3.74303311382704,-0.352855878992839,-0.514177124670568,0.781738199863419,909.24,0.9163505138215476,0.9352823273386881,180,35,29994.571482735744,30614.259719139434
16/08/2024 14:00:00,44.38,233.62,0.774577122035083,4.07743819850915,-0.575419184267503,-0.423925652718694,0.699413899878999,769.2300000000001,0.7943210152168911,0.8176730314145061,180,30,21996.559963270414,22643.230534379305
16/08/2024 15:00:00,35.53,248.82,0.620115483233585,4.34272824481229,-0.758838374446223,-0.294029313440068,0.581129145978565,585.66,0.6188304812676872,0.6509440276211843,180,25,13047.273347732413,13724.34765179842
16/08/2024 16:00:00,25.78,261.48,0.449945881164138,4.56368692811477,-0.890533234069452,-0.133408898027452,0.434916802325346,256.91,0.40186695664205724,0.4546261352487539,180,15,3716.7710339127934,4204.728014643265
16/08/2024 17:00:00,15.71,272.79,0.274191225488309,4.76108366651533,-0.96150343051078,0.0468571490785199,0.270768463260099,134.51,0.15832920864218608,0.2747915404378994,0,10,766.6870267605761,1330.6395637548665
16/08/2024 18:00:00,5.74,283.64,0.100181899064474,4.95045189035672,-0.966924004913558,0.234638205435956,0.100014405321035,23.259999999999998,-0.09519340197036301,0.25492234684871773,0,65,0.0,213.46177635724226
17/08/2024 05:00:00,4.06,74.71,0.0708603676309698,1.30393548416496,0.962182742023172,0.263042919976054,0.0708010819355254,27.57,-0.13593550730622367,0.9998526946727954,75,85,0.0,992.3737965166429
17/08/2024 06:00:00,13.98,85.58,0.243997029428807,1.49365277385675,0.967494117486542,0.0747843429529775,0.24158318376499,153.84,0.1179445914322296,0.999793517721791,85,75,653.2054540536312,5537.096451587532
17/08/2024 07:00:00,24.04,96.79,0.419577152179437,1.68930418300531,0.906855809319319,-0.107975485017522,0.407374318948844,271.69,0.3644073410677754,0.9994557426627785,95,65,3564.2098978093404,9775.51670606581
17/08/2024 08:00:00,33.84,109.19,0.590619418874881,1.90572501025261,0.784442803060892,-0.273018381225278,0.556875616488188,555.58,0.586823673449205,0.9997270709005828,110,55,11736.989873816738,19995.42117783405
17/08/2024 09:00:00,42.85,123.91,0.74787358447957,2.16263747614617,0.608441058748137,-0.409009586003324,0.680081345565982,781.81,0.7701035830414305,0.9992022287432164,125,45,21674.688561274343,28122.706600334423
17/08/2024 10:00:00,50.21,142.34,0.876329817426353,2.48430165728873,0.391008779893478,-0.506636853493115,0.768395232109629,301.6,0.901583833960127,0.9996502572241663,140,40,9789.036635605475,10853.802632837109
17/08/2024 11:00:00,54.68,165.28,0.954346034990499,2.88468018769623,0.146903441281195,-0.559167327607026,0.815935829999247,294.40999999999997,0.9723447675744294,0.9999804438937016,165,35,10305.648828777159,10598.552729522808
17/08/2024 12:00:00,55.01,190.78,0.960105621522081,3.32973914695478,-0.107254088213071,-0.563313848594826,0.819252139785346,946.5899999999999,0.977621785821501,0.99419561491751,180,35,33314.65222466789,33879.442576491565
17/08/2024 13:00:00,51.11,214.34,0.892037780694302,3.74093871872465,-0.354158989817836,-0.518399871613733,0.778352736901512,853.4200000000001,0.9169425630024741,0.9349311865758501,180,35,28171.336396232575,28724.003036912232
17/08/2024 14:00:00,44.08,233.44,0.7693411342791,4.07429660585556,-0.577018201965529,-0.427906840201648,0.695662080833151,548.62,0.7944832031941589,0.8164144545518763,180,30,15691.29749770966,16124.446730025014
17/08/2024 15:00:00,35.25,248.62,0.615228561328001,4.3392375863083,-0.76044283547244,-0.297708118121629,0.577145190037234,151.64,0.6186147067426163,0.64888806736815,180,25,3377.0424286962116,3542.305915285425
17/08/2024 16:00:00,25.51,261.28,0.445233492183754,4.56019626961078,-0.892078041630582,-0.136825825194162,0.430668621100356,306.58,0.40127917126055856,0.45149331359560707,180,20,4428.870059702233,4983.077522957084
17/08/2024 17:00:00,15.45,272.6,0.269653369433124,4.75776754093654,-0.962871065739032,0.0437237192425728,0.266397348219117,112.41000000000001,0.15745403304073163,0.2699427180753726,0,10,637.1786827479111,1092.393393798695
17/08/2024 18:00:00,5.46,283.46,0.0952949771588904,4.94731029770313,-0.968120150711777,0.231710372753829,0.0951508115787117,18.090000000000003,-0.09656219174278469,0.25028002165003,0,70,0.0,162.99236129936557
18/08/2024 05:00:00,3.86,74.97,0.0673697091269811,1.30847334022015,0.963599300208944,0.258736493960119,0.0673187591244711,31.009999999999998,-0.13535277834165496,0.9998019298841653,75,85,0.0,1116.1388824454866
18/08/2024 06:00:00,13.78,85.85,0.240506370924819,1.49836516283713,0.968670961950121,0.0702849195800149,0.238194453239908,168.87,0.11872996987678139,0.9996700801493912,85,75,721.7974804713145,6077.314311653797
18/08/2024 07:00:00,23.84,97.08,0.416086493675448,1.69436563783609,0.907703320109916,-0.112738675223465,0.404183960308042,388.08,0.3655195009331509,0.9992488656479965,95,65,5106.629085196939,13960.38599210428
18/08/2024 08:00:00,33.63,109.5,0.586954227445693,1.91113553093379,0.784872877476696,-0.277938062990109,0.553827589907506,617.6099999999999,0.5881471335219597,0.9996881749638143,110,55,13076.839840841909,22227.026894618444
18/08/2024 09:00:00,42.62,124.22,0.743859327199983,2.16804799682736,0.608471730592906,-0.413827528011932,0.677132874795492,798.86,0.771425498831137,0.9990891709543817,125,45,22185.395063864715,28732.765503910225
18/08/2024 10:00:00,49.94,142.63,0.871617428445968,2.48936311211951,0.390632929339476,-0.511481479256149,0.765370897600374,928.36,0.9028709742494085,0.9996455880612913,145,40,30174.814715550514,33409.11521277289
18/08/2024 11:00:00,54.37,165.47,0.948935514309317,2.88799631327502,0.146153814145964,-0.563916631825324,0.81279585072844,988.28,0.973482732157933,0.999928307335816,165,35,34634.64652333352,35575.52931265825
18/08/2024 12:00:00,54.69,190.81,0.954520567915699,3.33026274573038,-0.108405502313316,-0.567743176666013,0.816036722468654,980.9900000000001,0.9784801503477598,0.9941022574598006,180,35,34555.65273682737,35107.35744763764
18/08/2024 13:00:00,50.79,214.22,0.88645272708792,3.73884432362225,-0.355511671362873,-0.522726950909623,0.774834166978654,900.9200000000001,0.9175142654627979,0.9345308535529122,180,35,29757.85027346678,30309.75131698403
18/08/2024 14:00:00,43.78,233.25,0.764105146523117,4.07098048027677,-0.57850668513786,-0.431991431217096,0.691891189859945,770.95,0.7947050226212866,0.8151910626819026,180,30,22056.402138835714,22624.97579188606
18/08/2024 15:00:00,34.97,248.41,0.610341639422417,4.33557239487911,-0.761960076934698,-0.301527512624475,0.573147450738609,585.85,0.6184885979281316,0.6471240087661629,180,30,13044.295623463053,13648.233619283637
18/08/2024 16:00:00,25.24,261.08,0.440521103203369,4.5567056111068,-0.893590021625905,-0.140252051344732,0.426410876202999,338.14000000000004,0.40069119871602177,0.4486641804934559,180,20,4877.629989618082,5461.607015714059
18/08/2024 17:00:00,15.17,272.41,0.26476644752754,4.75445141535775,-0.964299971703318,0.0405847425086193,0.261683861268689,131.92999999999998,0.15634068618961502,0.26475576199327927,0,10,742.5369622438527,1257.45219647184
18/08/2024 18:00:00,5.18,283.29,0.0904080552533063,4.94434323797474,-0.969244358133812,0.228941046671632,0.0902849454486854,18.950000000000003,-0.09804466942763397,0.2460134821348444,0,70,0.0,167.83039751239085
19/08/2024 05:00:00,3.65,75.23,0.063704517697793,1.31301119627533,0.964995586452135,0.254422364234977,0.0636614381316129,29.29,-0.13488834443311454,0.9997144200390872,75,85,0.0,1054.138873066015
19/08/2024 06:00:00,13.58,86.12,0.23701571242083,1.50307755181752,0.969815059828124,0.0657752633381367,0.234802820390582,157.78,0.11952053179918022,0.9995135195279845,85,75,678.8861822618876,5677.3167520005145
19/08/2024 07:00:00,23.64,97.37,0.412595835171459,1.69942709266688,0.908514756845471,-0.117511776693159,0.400988676813237,370.07,0.3666351867226729,0.9990081204042855,95,65,4884.504607816544,13309.305664248503
19/08/2024 08:00:00,33.42,109.8,0.583289036016505,1.91637151868977,0.785311457666503,-0.282729521839861,0.550772123421217,589.8,0.5893746654942524,0.9996156352363772,110,55,12514.074397506363,21224.63885984695
19/08/2024 09:00:00,42.38,124.53,0.739670536995197,2.17345851750854,0.608555171084702,-0.418717699659231,0.674044576966651,597.26,0.7726996160270111,0.9991183480070924,125,50,16614.092616058537,21482.403283105778
19/08/2024 10:00:00,49.67,142.92,0.866905039465584,2.4944245669503,0.390209381044833,-0.516323803907951,0.762329566829617,915.6600000000001,0.9041444692355709,0.9997093178455512,145,40,29804.001289208743,32954.17802322447
19/08/2024 11:00:00,54.06,165.66,0.943524993628135,2.89131243885381,0.145370068092045,-0.568650544415086,0.809632077946113,988.48,0.9745929886631812,0.9998430877761079,165,35,34681.164387616125,35579.69623457737
19/08/2024 12:00:00,54.35,190.83,0.948586448458918,3.33061181158078,-0.109511634829863,-0.572451488376135,0.812592453381668,979.98,0.9793739634582881,0.9939814540480364,180,35,34551.60828155471,35066.950032167806
19/08/2024 13:00:00,50.46,214.1,0.880693140556339,3.73674992851986,-0.35691218070172,-0.527157087981279,0.771180329013805,785.13,0.91806319182545,0.9340788269486124,180,35,25948.76233672496,26401.43913847791
19/08/2024 14:00:00,43.48,233.07,0.758869158767134,4.06783888762318,-0.580034672164593,-0.435977451562435,0.688101330340263,394.85999999999996,0.794843729271312,0.8139019582337531,180,30,11298.671817842529,11569.58378021447
19/08/2024 15:00:00,34.68,248.21,0.605280184591633,4.33208173637513,-0.763586837534782,-0.305258364777232,0.568992506345348,363.0,0.6181887194290228,0.6453911474466657,180,30,8078.490185498469,8433.971514833027
19/08/2024 16:00:00,24.96,260.88,0.435634181297785,4.55321495260281,-0.895141827841845,-0.14369898865541,0.421985436605783,220.64000000000001,0.3999992931138042,0.44568454955325104,180,20,3177.210385174672,3540.0902044834556
19/08/2024 17:00:00,14.9,272.22,0.260054058547155,4.75113528977896,-0.965650771223806,0.0374341384211517,0.257132793154696,64.0,0.1553504085796511,0.25972673817179365,0,10,357.92734136751614,598.4104047478125
19/08/2024 18:00:00,4.9,283.11,0.0855211333477222,4.94120164532115,-0.970376945278894,0.225992330208235,0.0854169231373675,6.890000000000001,-0.09940182360786982,0.24157763334477084,0,70,0.0,59.92091617483696
20/08/2024 05:00:00,3.44,75.49,0.0600393262686049,1.31754905233052,0.966359578032704,0.250097529978886,0.0600032619356207,24.119999999999997,-0.134416945998086,0.99959300011925,75,85,0.0,867.9665938635471
20/08/2024 06:00:00,13.38,86.4,0.233525053916841,1.5079644737231,0.970937003724331,0.0610861785135719,0.231408326542989,138.16,0.12043594585785991,0.9993197953810332,85,75,599.0194900699894,4970.376825474368
20/08/2024 07:00:00,23.44,97.66,0.409105176667471,1.70448854749766,0.909290031620995,-0.122294487924844,0.39778850739795,372.8,0.36775421277255926,0.9989359912205292,100,65,4935.555738777964,13406.52015097248
20/08/2024 08:00:00,33.21,110.11,0.579623844587317,1.92178203937096,0.785660602676882,-0.287666449242923,0.547709258075274,553.78,0.5906998274832058,0.9995107642822239,110,55,11776.239016691388,19926.326557591554
20/08/2024 09:00:00,42.14,124.85,0.73548174679041,2.17904357111492,0.608518857507382,-0.423719650075509,0.670944452393638,754.36,0.7740444099774196,0.9993006215163656,125,50,21020.693079980385,27137.967006495077
20/08/2024 10:00:00,49.39,143.21,0.862018117559999,2.49948602178108,0.389817516075517,-0.521269478356048,0.75915771424331,913.1,0.9053987507026597,0.9997391612574751,145,40,29761.90557359755,32863.02581319122
20/08/2024 11:00:00,53.74,165.86,0.937939940021753,2.8948030973578,0.144486628818055,-0.573530451246074,0.806341388982525,959.0,0.9757167353940026,0.9997199903830244,165,35,33685.644572742545,34514.33294798354
20/08/2024 12:00:00,54.02,190.86,0.942826861927337,3.33113541035638,-0.110691323634567,-0.576980926905444,0.809222120841591,995.53,0.9801935751633879,0.9938186184682107,180,35,35129.23595576667,35617.544972771684
20/08/2024 13:00:00,50.13,213.99,0.874933554024757,3.73483006634267,-0.358376650913488,-0.531515315816889,0.767500908880312,890.01,0.9185431813547387,0.9335645992152188,180,35,29430.454206151117,29911.74584211133
20/08/2024 14:00:00,43.17,232.89,0.753458638085952,4.06469729496959,-0.581622666421325,-0.440037364246195,0.684165325029126,631.22,0.7949313450147326,0.8128304878748908,180,35,18063.956289607184,18470.694980029988
20/08/2024 15:00:00,34.39,248.01,0.60021872976085,4.32859107787114,-0.765177269109135,-0.308996346355378,0.564822985348253,555.06,0.6178835749795345,0.6436492271306419,180,30,12346.648456613053,12861.501840400824
20/08/2024 16:00:00,24.68,260.68,0.4307472593922,4.54972429409882,-0.896659067486928,-0.147154958103983,0.417549919170016,324.7,0.3993066480895617,0.44269853771562356,180,20,4667.575270848504,5174.791747065467
20/08/2024 17:00:00,14.61,272.03,0.254992603716372,4.74781916420017,-0.967057870837565,0.0342773820999702,0.252238251515287,121.2,0.154121608796886,0.2543583906353509,0,10,672.463403502573,1109.8165300201629
20/08/2024 18:00:00,4.62,282.93,0.080634211442138,4.93806005266756,-0.971477375703364,0.223033431788224,0.0805468609026631,14.65,-0.10075322050119787,0.23713151895031287,0,70,0.0,125.06316309439501
21/08/2024 05:00:00,3.24,75.76,0.0565486677646163,1.3222614413109,0.967724521107812,0.245590933274541,0.0565185344820245,26.71,-0.13369437532139553,0.9994407482609277,75,85,0.0,961.0222458977777
21/08/2024 06:00:00,13.18,86.68,0.230034395412853,1.51285139562869,0.972024425051626,0.0563870111580325,0.228011013057965,160.9,0.1213564955578153,0.9990912733020473,85,75,702.9453648690894,5787.136291474779
21/08/2024 07:00:00,23.23,97.96,0.405439985238283,1.70972453525364,0.91007505486965,-0.127254869761722,0.3944231137065,375.69,0.3688820397061035,0.9989950366263933,100,65,4989.070565898697,13511.24803116611
21/08/2024 08:00:00,32.99,110.42,0.575784120232929,1.92719256005214,0.786057797747014,-0.292644650569415,0.544492651092941,598.76,0.5919454627896604,0.9993662609066579,110,55,12759.597550797735,21541.69952569694
21/08/2024 09:00:00,41.9,125.17,0.731292956585624,2.1846286247213,0.608434946948634,-0.428726711536177,0.667832555471047,790.4,0.7753844936737582,0.9994477061887326,125,50,22063.100536790582,28438.68481097667
21/08/2024 10:00:00,49.11,143.5,0.857131195654415,2.50454747661186,0.389376279678445,-0.526211841161313,0.755967731484218,930.11,0.9066378705165246,0.9997351697918792,145,40,30357.826190860487,33475.09243590449
21/08/2024 11:00:00,53.42,166.05,0.932354886415371,2.89811922293658,0.143667381296594,-0.578368094537921,0.80302554801946,990.54,0.9767928121403099,0.9995624037391397,165,35,34831.884676948655,35643.83556239163
21/08/2024 12:00:00,53.68,190.89,0.936892742470556,3.33165900913197,-0.111898672620764,-0.581628249021298,0.805721581569049,994.52,0.9810044730884423,0.993616739024781,180,35,35122.62846873303,35574.18189461731
21/08/2024 13:00:00,49.8,213.88,0.869173967493176,3.73291020416547,-0.359813838678314,-0.535863441687829,0.763796028634642,905.67,0.9189980246983357,0.9330237215299919,180,35,29963.1218770275,30420.41737961044
21/08/2024 14:00:00,42.86,232.7,0.74804811740477,4.0613811693908,-0.58309634264224,-0.44420037673514,0.680209291693082,753.06,0.7950777013773132,0.8119777009482889,180,35,21554.683696771175,22012.84538914026
21/08/2024 15:00:00,34.09,247.81,0.594982742004867,4.32510041936715,-0.76682189275698,-0.312778104405169,0.560494462232512,563.2900000000001,0.6174969536936854,0.6417914951764374,180,30,12521.874925660179,13014.530327445676
21/08/2024 16:00:00,24.39,260.48,0.425685804561417,4.54623363559483,-0.898212754415382,-0.150631600178685,0.412945479250157,325.74,0.39850917458544366,0.43956086112076165,180,20,4673.173627060647,5154.571976453168
21/08/2024 17:00:00,14.33,271.84,0.250105681810787,4.74450303862139,-0.968386700762833,0.031109522188125,0.24750635429197,118.93,0.1530156674079155,0.24927589140250844,0,5,655.1335196936421,1067.269743522012
21/08/2024 18:00:00,4.33,282.75,0.0755727566113545,4.93491846001397,-0.972558438049849,0.220067506733648,0.0755008414395074,12.059999999999999,-0.10222406936301281,0.23261862076271111,0,70,0.0,100.99370039033865
22/08/2024 05:00:00,3.03,76.03,0.0528834763354282,1.32697383029129,0.969065607924801,0.241076319040869,0.0528588302466262,24.979999999999997,-0.13308986266431203,0.9992482232894468,75,85,0.0,898.6039422397337
22/08/2024 06:00:00,12.98,86.96,0.226543736908864,1.51773831753427,0.973077239366511,0.0516780441369697,0.224610921330703,163.63000000000002,0.12228201015378937,0.9988279065624251,85,75,720.3241915727241,5883.775572629148
22/08/2024 07:00:00,23.03,98.25,0.401949326734294,1.71478599008443,0.910776310772114,-0.132056280242406,0.391213050120874,383.0,0.37000729188681913,0.9990199430489161,100,65,5101.660540535462,13774.486974758454
22/08/2024 08:00:00,32.77,110.74,0.571944395878542,1.93277761365852,0.786360541276369,-0.297768422676913,0.541268016402262,602.45,0.5932883557354982,0.9991852329025364,110,55,12867.356516862632,21670.52916823679
22/08/2024 09:00:00,41.65,125.49,0.726929633455638,2.19021367832768,0.608397834721342,-0.433805766739043,0.664578536706034,790.4200000000001,0.7766749893148766,0.9995644359497156,125,50,22100.380021953533,28442.725972681474
22/08/2024 10:00:00,48.83,143.8,0.852244273748831,2.50978346436785,0.388792997940704,-0.531218266566751,0.752759694735376,913.17,0.9079095233308125,0.9996987093515974,145,40,29846.726619119927,32864.21533506953
22/08/2024 11:00:00,53.1,166.25,0.926769832808989,2.90160988144057,0.142711417027265,-0.583213424425789,0.799684658487091,985.0400000000001,0.977856612117574,0.9993682611871524,165,35,34676.203579210625,35439.037631992534
22/08/2024 12:00:00,53.34,190.92,0.930958623013775,3.33218260790757,-0.113106967283151,-0.586253984497424,0.802192669882306,989.03,0.9817800446276816,0.9933792366723692,180,35,34956.35703137218,35369.34719205864
22/08/2024 13:00:00,49.47,213.77,0.863414380961595,3.73099034198828,-0.361223740854035,-0.540201232617978,0.760065811177844,900.04,0.9194276440214113,0.932456160937964,180,35,29790.779642101115,30212.922351261783
22/08/2024 14:00:00,42.54,232.53,0.742463063798388,4.05841410966241,-0.584781883731792,-0.44823264325722,0.676104759617726,747.53,0.7950266019145455,0.8109282781700635,180,35,21395.024486250488,21822.955768096832
22/08/2024 15:00:00,33.79,247.61,0.589746754248884,4.32160976086316,-0.768428412262552,-0.316566447235289,0.556150572877957,554.21,0.6171041229789928,0.639923748059224,180,30,12312.189935862754,12767.477054828492
22/08/2024 16:00:00,24.1,260.28,0.420624349730634,4.54274297709084,-0.899730073057031,-0.154116938593769,0.408330460381385,321.47,0.39771036987606695,0.43641621788925433,180,20,4602.670293746133,5050.60997633491
22/08/2024 17:00:00,14.04,271.65,0.245044226980004,4.7411869130426,-0.969724351147102,0.0279337790105215,0.242599230795407,116.63,0.15179139664356633,0.2441106567369311,0,5,637.3235012594091,1024.942532228218
22/08/2024 18:00:00,4.03,282.57,0.0703367688553715,4.93177686736038,-0.973617503191344,0.217094102892523,0.0702787874734895,11.2,-0.10381410511484054,0.2280384874686777,0,70,0.0,91.94511814737085
23/08/2024 05:00:00,2.82,76.3,0.0492182849062401,1.33168621927167,0.970372598015058,0.236551340921724,0.0491984159261495,23.259999999999998,-0.13247852373950525,0.9990201546845927,75,85,0.0,836.5395167266904
23/08/2024 06:00:00,12.77,87.25,0.222878545479676,1.52279977236505,0.974142094539251,0.0467914002187353,0.221037880265469,156.88,0.12321086763893196,0.9985164056538051,85,75,695.8555529470433,5639.301133882882
23/08/2024 07:00:00,22.82,98.55,0.398284135305106,1.72002197784041,0.911484203608145,-0.137035519426212,0.387837353781729,367.31,0.3711411679062021,0.9990087602160207,100,65,4907.659045810576,13210.052677738076
23/08/2024 08:00:00,32.55,111.05,0.568104671524154,1.9381881343397,0.786671795612266,-0.302762931469359,0.538035401545525,590.13,0.5945342028851696,0.9989699636156658,110,55,12630.688889350504,21222.797206626463
23/08/2024 09:00:00,41.41,125.82,0.722740843250852,2.19597326485927,0.608141148258989,-0.438928012413293,0.661442774329839,783.78,0.7780796451256451,0.9996383723579441,125,50,21954.35751323681,28205.876285521535
23/08/2024 10:00:00,48.55,144.1,0.847357351843247,2.51501945212383,0.38815868594977,-0.536220193718496,0.749533680610983,917.9100000000001,0.9091652834752507,0.9996272946955096,145,40,30043.148592771628,33032.44404266239
23/08/2024 11:00:00,52.78,166.44,0.921184779202607,2.90492600701936,0.141821605924705,-0.588016123661171,0.796318824596925,976.62,0.9788726293468281,0.9991398872586804,165,35,34415.517141817174,35128.07988100461
23/08/2024 12:00:00,52.99,190.95,0.924849970631795,3.33270620668317,-0.11434261807905,-0.590994812152349,0.798530461347492,973.84,0.9825427435218297,0.9930985580961299,180,35,34446.21931264675,34816.287593388064
23/08/2024 13:00:00,49.13,213.66,0.857480261504814,3.72907047981108,-0.362679513842257,-0.544638317565902,0.756196187029614,891.87,0.9198288994009324,0.9318313577785284,180,35,29533.240818313545,29918.6075902297
23/08/2024 14:00:00,42.22,232.35,0.736878010192006,4.05527251700882,-0.586351460282885,-0.452367111031548,0.671979137980563,734.75,0.7950328570781222,0.8099202000642258,180,35,21029.41410257341,21423.19921189884
23/08/2024 15:00:00,33.49,247.41,0.584510766492901,4.31811910235917,-0.769996758317306,-0.32036105088571,0.551791436374508,533.94,0.6167049379704141,0.6380459269338836,180,30,11854.203644877227,12264.416720174804
23/08/2024 16:00:00,23.8,260.08,0.415388361974651,4.53925231858685,-0.901280336024981,-0.157622808268852,0.40354529635239,304.94,0.3968057721632821,0.4331187126107106,180,20,4356.0702778849645,4754.707928046363
23/08/2024 17:00:00,13.75,271.45,0.23998277214922,4.73769625453861,-0.971031034453788,0.0245793961829441,0.237685892326173,110.08,0.1506890485377819,0.23892366127715248,0,5,597.1626166694051,946.825798802002
23/08/2024 18:00:00,3.74,282.39,0.0652753140245879,4.92863527470679,-0.974629665609144,0.214107908583631,0.0652289689980715,7.75,-0.10527330775681151,0.22369485798277083,0,75,0.0,62.41086537719306
24/08/2024 05:00:00,2.6,76.58,0.0453785605518526,1.33657314117726,0.971693602128292,0.231848534373048,0.0453629881292538,23.259999999999998,-0.13186519434226426,0.9987444674025988,75,85,0.0,836.30866722424
24/08/2024 06:00:00,12.57,87.54,0.219387886975687,1.52786122719584,0.975131367132593,0.0418931077705122,0.217632222695651,93.61999999999999,0.12426631988328775,0.9982319355995662,90,75,418.81726322904234,3364.36105718993
24/08/2024 07:00:00,22.62,98.86,0.394793476801117,1.72543249852159,0.912061534907712,-0.142172742723771,0.384617560400183,334.48,0.3724969956022649,0.9989717968990725,100,65,4485.34062320564,12028.899118564863
24/08/2024 08:00:00,32.33,111.37,0.564264947169767,1.94377318794608,0.786886666413975,-0.307902319185213,0.534794854182675,574.15,0.5958768857751694,0.9989640637084407,110,60,12316.417702841285,20647.987818415244
24/08/2024 09:00:00,41.16,126.14,0.718377520120866,2.20155831846565,0.608005209330046,-0.44401553448282,0.658164014942677,758.2099999999999,0.7793586334839024,0.9996809049337321,125,50,21273.030341777867,27286.850121472977
24/08/2024 10:00:00,48.26,144.39,0.842295897012463,2.52008090695461,0.387643680917343,-0.541255357673641,0.74617358197301,899.77,0.9103497335199533,0.9995146528986399,145,40,29487.793670252944,32375.998772589934
24/08/2024 11:00:00,52.45,166.64,0.915425192671026,2.90841666552335,0.140825647584507,-0.592960150773268,0.792821793707355,964.1,0.9798958101881281,0.9989254373636903,165,40,34009.831821685475,34670.30450984402
24/08/2024 12:00:00,52.64,190.98,0.918741318249815,3.33322980545877,-0.115578985911647,-0.595712454205323,0.794838455234966,967.96,0.9832679776503491,0.9927801720582516,180,35,34263.50657927155,34594.97383243819
24/08/2024 13:00:00,48.79,213.55,0.851546142048033,3.72715061763389,-0.364106837457675,-0.54906376638875,0.752299934438101,886.07,0.9202030976446878,0.9311780676681873,180,35,29353.116914281025,29703.202215075027
24/08/2024 14:00:00,41.9,232.17,0.731292956585624,4.05213092435524,-0.587882555902699,-0.456501673949091,0.667832555471047,637.5100000000001,0.7950243579431311,0.8088950063888564,180,35,18246.09522356372,18564.431598826555
24/08/2024 15:00:00,33.18,247.21,0.579100245811718,4.31462844385518,-0.771614936111462,-0.32419859465507,0.547271104292362,434.94,0.6162221337243282,0.6360499764018834,180,30,9648.707574314136,9959.168762504467
24/08/2024 16:00:00,23.5,259.88,0.410152374218668,4.53576166008286,-0.902792367049844,-0.161136966670557,0.398749068925246,43.19,0.39589921246144494,0.4298136460500326,180,20,615.559931503553,668.2914494244326
24/08/2024 17:00:00,13.45,271.26,0.234746784393237,4.73438012895982,-0.972338105730658,0.021386279403454,0.232596722241292,12.86,0.14934833638804884,0.23357555855631046,0,5,69.14230581421108,108.13614058922948
24/08/2024 18:00:00,3.44,282.21,0.0600393262686049,4.9254936820532,-0.975617936221457,0.211114308089409,0.0600032619356207,5.17,-0.10685164544753714,0.2194507494399211,0,75,0.0,40.84417348575812
25/08/2024 05:00:00,2.39,76.86,0.0417133691226645,1.34146006308284,0.972970396580821,0.227133465578454,0.0417012732621116,3.45,-0.13112036063717364,0.9986037009439737,75,90,0.0,124.02657965724153
25/08/2024 06:00:00,12.37,87.83,0.215897228471699,1.53292268202662,0.976084107105887,0.0369855486113345,0.214223913345879,15.62,0.12532644959021116,0.9984547884350663,90,80,70.47356913356754,561.4510966328064
25/08/2024 07:00:00,22.41,99.17,0.391128285371929,1.73084301920278,0.912664517242271,-0.147329032281724,0.381231734269149,34.0,0.3737489022972821,0.9990243562507817,100,70,457.46865641187327,1222.8058120509568
25/08/2024 08:00:00,32.11,111.69,0.560425222815379,1.94935824155247,0.78705703272152,-0.313048923343091,0.531546422090608,63.410000000000004,0.5972190961147632,0.9990029059099109,110,60,1363.307863846937,2280.4838734949085
25/08/2024 09:00:00,40.91,126.47,0.71401419699088,2.20731790499723,0.607741418291993,-0.449212736309983,0.654872725061393,147.96,0.780706316745178,0.9996833466310309,125,50,4158.479038522196,5324.873326830984
25/08/2024 10:00:00,47.97,144.69,0.83723444218168,2.5253168947106,0.386982382009606,-0.546352599873891,0.742794367658514,281.90999999999997,0.9115645626882376,0.9993661176009552,145,40,9251.249971227877,10142.326879663868
25/08/2024 11:00:00,52.12,166.84,0.909665606139444,2.91190732402734,0.139792285777109,-0.597884649033392,0.789298462742345,121.31,0.9808865850840802,0.9991120411774727,165,40,4283.688658915792,4363.282141748611
25/08/2024 12:00:00,52.29,191.02,0.912632665867835,3.33392793715957,-0.116920789576467,-0.600386337811385,0.791116789313846,483.29999999999995,0.9839412972325372,0.9924123913134901,180,35,17119.39784228947,17266.78471398515
25/08/2024 13:00:00,48.44,213.45,0.845437489666053,3.7254052883819,-0.365674297716118,-0.553522502768821,0.748261416163071,168.18,0.9205002367163396,0.930427333290808,180,35,5573.150273194345,5633.253680862532
25/08/2024 14:00:00,41.57,232.0,0.725533370054043,4.04916386462684,-0.589546792979128,-0.460604435507724,0.663534575495984,56.98,0.7948863176770609,0.8077275546599691,180,35,1630.5344057246011,1656.8753783229013
25/08/2024 15:00:00,32.87,247.02,0.573689725130536,4.31131231827639,-0.773250359198798,-0.327906802957391,0.542734751580542,294.51000000000005,0.6156365471965697,0.6339754838640813,180,30,6527.200302535024,6721.636311101182
25/08/2024 16:00:00,23.2,259.68,0.404916386462685,4.53227100157888,-0.904266086355048,-0.164659093086169,0.393941909590951,41.35,0.39499055697059626,0.4266205600022435,180,25,587.9829431064296,635.0673656193397
25/08/2024 17:00:00,13.15,271.07,0.229510796637254,4.73106400338103,-0.973608005136354,0.0181842658947051,0.227501175399776,99.72,0.14800940612804644,0.22822032794327102,0,5,531.3419272471965,819.2927196901076
25/08/2024 18:00:00,3.13,282.03,0.0546288055874225,4.92235208939961,-0.976579583817695,0.208112896247282,0.0546016381258519,2.58,-0.10854885160614175,0.21515356510983338,0,75,0.0,19.983463127401322
26/08/2024 05:00:00,2.18,77.14,0.0380481776934764,1.34634698498843,0.974211223843214,0.222408466462357,0.0380389981961955,20.68,-0.1303689012547607,0.9985793282833442,75,90,0.0,743.4223383203841
26/08/2024 06:00:00,12.16,88.12,0.212232037042511,1.5379841368574,0.977036994113975,0.0320702336163991,0.210642379991584,42.27,0.1262695756329301,0.9987712722081493,90,80,192.1469386321424,1519.850220344585
26/08/2024 07:00:00,22.2,99.47,0.387463093942741,1.73607900695876,0.91325271406039,-0.152334566260363,0.377840786818467,180.63,0.37489058738001296,0.9992256935723774,100,70,2437.793524744263,6497.6449330792275
26/08/2024 08:00:00,31.88,112.02,0.556410965535792,1.95511782808405,0.787212736294201,-0.318374280755086,0.528141955509954,315.66,0.5985773710475235,0.9990047447475412,110,60,6802.089586015006,11352.45015817232
26/08/2024 09:00:00,40.66,126.8,0.709650873860894,2.21307749152881,0.607426331831176,-0.454412953367266,0.651568967347403,98.33000000000001,0.7820473160070651,0.999646910776693,125,50,2768.3536529870903,3538.6301065202006
26/08/2024 10:00:00,47.68,144.99,0.832172987350896,2.53055288246658,0.386268432488763,-0.551443623161787,0.739396124237121,82.71000000000001,0.912761538810898,0.9991803190105749,145,40,2717.802247501778,2975.119350673128
26/08/2024 11:00:00,51.78,167.04,0.903731486682664,2.91539798253133,0.138752433967804,-0.602922891034773,0.785640980050227,107.52,0.9818629293548465,0.9992654208928136,165,40,3800.5164779123916,3867.876649958231
26/08/2024 12:00:00,51.94,191.06,0.906524013485855,3.33462606886037,-0.118264796494376,-0.605036235256125,0.787365602460026,111.2,0.9845767815857009,0.9920668399015564,180,40,3941.4577720438783,3971.441973493911
26/08/2024 13:00:00,48.09,213.35,0.839328837284073,3.7236599591299,-0.367213686238097,-0.55796769274625,0.744194976125783,59.74,0.9207680533673874,0.9296459568474421,180,35,1980.240606294038,1999.3337806343827
26/08/2024 14:00:00,41.24,231.83,0.719773783522462,4.04619680489845,-0.59117232113901,-0.46470573336403,0.659214584257443,255.4,0.7947316781034818,0.8065412328144419,180,35,7307.0809411546525,7415.662710989104
26/08/2024 15:00:00,32.55,246.82,0.568104671524154,4.3078216597724,-0.77487548564731,-0.331791935445379,0.538035401545525,106.6,0.6150608084477045,0.6318482935964753,180,30,2360.357358498911,2424.7810115058337
26/08/2024 16:00:00,22.9,259.48,0.399680398706702,4.52878034307489,-0.90570141698888,-0.168188866134526,0.389123950140206,93.74,0.39407967163003543,0.42374575238444234,180,25,1329.8770230695827,1429.9893658266344
26/08/2024 17:00:00,12.85,270.88,0.224274808881271,4.72774787780224,-0.974840653807694,0.0149736550259001,0.222399391498615,15.62,0.1466721448524704,0.22285813469518023,0,5,82.47668049344115,125.31758630179374
26/08/2024 18:00:00,2.83,281.85,0.0493928178314395,4.91921049674602,-0.97749497328537,0.205099756382197,0.0493727367460685,0.86,-0.11011563159867716,0.21088975623387582,0,75,0.0,6.529146853000795
27/08/2024 05:00:00,1.97,77.43,0.0343829862642883,1.35140843981921,0.975453977696043,0.217503594077486,0.0343762121290921,2.58,-0.1294906135966482,0.99851026193851,75,90,0.0,92.7416331288488
27/08/2024 06:00:00,11.95,88.42,0.208566845613322,1.54322012461339,0.977956705496429,0.0269751699105594,0.207058016949038,74.23,0.12733780231628808,0.9990545929976887,90,80,340.2822623737703,2669.7536077758637
27/08/2024 07:00:00,21.99,99.79,0.383797902513553,1.74166406056514,0.913746238881839,-0.157667149213853,0.374444763600814,48.71,0.37625994190139606,0.9993910503586654,100,70,659.794383720612,1752.4921702669412
27/08/2024 08:00:00,31.66,112.34,0.552571241181405,1.96070288169043,0.787292249101248,-0.323534352747091,0.524877544859388,136.01,0.5999178060368882,0.9989656504490342,110,60,2937.4135487667777,4891.295452232633
27/08/2024 09:00:00,40.4,127.13,0.705113017805709,2.21883707806039,0.607150108557294,-0.459683956131584,0.648119901063131,188.4,0.7833356196469967,0.9995725614714926,125,50,5312.895506693791,6779.500940924252
27/08/2024 10:00:00,47.38,145.29,0.826936999594913,2.53578887022256,0.385575037003033,-0.556633470938389,0.735860767992962,103.85,0.913931440992904,0.9991312535080694,145,45,3416.8240852960707,3735.352104365268
27/08/2024 11:00:00,51.45,167.24,0.897971900151083,2.91888864103532,0.13764414191729,-0.607806739178151,0.782064612423728,220.56,0.982787457694601,0.9993736913923252,165,40,7803.489660088363,7935.187009445685
27/08/2024 12:00:00,51.58,191.1,0.900240828178675,3.33532420056116,-0.119637251304933,-0.609796165934805,0.783476588106762,124.98,0.9851926124252488,0.9921473065302511,180,40,4432.657417232673,4463.948533325428
27/08/2024 13:00:00,47.74,213.26,0.833220184902093,3.72208916280311,-0.368823149533627,-0.562334722771338,0.740100766067553,194.82999999999998,0.9209609662159958,0.9287970018277225,180,35,6459.509701723047,6514.4707151794255
27/08/2024 14:00:00,40.9,231.66,0.713839664065681,4.04322974517006,-0.592848749396929,-0.468876132034095,0.65474081371734,157.15,0.7945171617969568,0.8052685769381758,180,35,4494.901391150103,4555.726447170036
27/08/2024 15:00:00,32.23,246.63,0.562519617917772,4.30450553419361,-0.776517318325426,-0.335546437863096,0.533319268710662,99.25,0.6143808330587452,0.6296412539627206,180,30,2195.1827165188965,2249.7082004088006
27/08/2024 16:00:00,22.59,259.28,0.394269878025519,4.5252896845709,-0.907164172652102,-0.171738437245737,0.384134186227703,107.91,0.3930613015340258,0.42072360406801146,180,25,1526.948821747322,1634.4102281392481
27/08/2024 17:00:00,12.54,270.69,0.218864288200089,4.72443175222345,-0.976073882387613,0.0117552033481245,0.21712114432965,55.5,0.1452156494927929,0.21731946630376553,0,5,290.1408676866002,434.2042936749235
27/08/2024 18:00:00,2.52,281.67,0.0439822971502571,4.91606890409243,-0.978381780591796,0.202078935017022,0.0439681183178649,0.0,-0.11180123066691727,0.0439681183178649,0,0,0.0,0.0
28/08/2024 05:00:00,1.75,77.72,0.0305432619099008,1.35646989464999,0.976664138877631,0.212590119811222,0.0305385132098227,6.029999999999999,-0.12872992555375498,0.9987423029508959,80,90,0.0,216.80697912458047
28/08/2024 06:00:00,11.74,88.72,0.204901654184134,1.54845611236937,0.978836687515729,0.0218710601150708,0.203470872369188,28.490000000000002,0.12841045870709028,0.999298304993488,90,80,131.7029028683401,1024.9203135335213
28/08/2024 07:00:00,21.77,100.1,0.379958178159165,1.74707458124632,0.914288558236531,-0.162859597025849,0.370881630624034,29.41,0.3774120414700652,0.9995215408317841,100,70,399.5887730268462,1058.2534265710597
28/08/2024 08:00:00,31.43,112.67,0.548556983901818,1.96646246822201,0.787353650805248,-0.328872877474075,0.521456478553647,90.97999999999999,0.6012736538891923,0.9990776210870769,115,60,1969.3395731101937,3272.258950794081
28/08/2024 09:00:00,40.14,127.46,0.700575161750524,2.22459666459197,0.606820792263063,-0.464957254415496,0.644657488627591,109.36,0.7846161093103354,0.9994573258074901,125,50,3089.0022377104183,3934.8235134110564
28/08/2024 10:00:00,47.08,145.59,0.82170101183893,2.54102485797854,0.384827332571104,-0.561815773064511,0.732305237754132,166.33999999999997,0.9150817424258519,0.9993155944770239,145,45,5479.729093264183,5984.141615471092
28/08/2024 11:00:00,51.11,167.44,0.892037780694302,2.92237929953931,0.136528481001576,-0.612802570844254,0.778352736901512,153.48000000000002,0.9836953517906896,0.9994464598017305,165,40,5435.192253342062,5522.221535413306
28/08/2024 12:00:00,51.22,191.14,0.893957642871496,3.33602233226196,-0.121011669530417,-0.614530402426986,0.779556643439326,247.29999999999998,0.9857684036963907,0.9921875632589274,180,40,8776.098944428226,8833.24743818158
28/08/2024 13:00:00,47.38,213.16,0.826936999594913,3.72034383355111,-0.370377407474713,-0.566859335427333,0.735860767992962,187.48,0.921162219116531,0.9280722094781075,180,40,6217.181742238819,6263.819201986402
28/08/2024 14:00:00,40.56,231.49,0.7079055446089,4.04026268544167,-0.594484780176095,-0.473043975814211,0.650243987350029,171.85999999999999,0.7942845359786588,0.803975569409247,180,35,4914.206652718522,4974.164688912234
28/08/2024 15:00:00,31.91,246.43,0.556934564311391,4.30101487568963,-0.778059322508011,-0.339440720127198,0.528586500185072,105.68,0.6137879337373153,0.6276879108131562,180,35,2335.143918144942,2388.026102930437
28/08/2024 16:00:00,22.28,259.09,0.388859357344337,4.52197355899211,-0.908617200954953,-0.175136563854373,0.379133177300627,57.900000000000006,0.3919278925772129,0.41762726109487924,180,25,816.9344992879426,870.5022630261664
28/08/2024 17:00:00,12.23,270.49,0.213453767518906,4.72094109371946,-0.97726937173769,0.008357922189057,0.211836541229557,55.51,0.14388111135001164,0.211836541229557,0,0,287.52625767740926,423.3256705314975
28/08/2024 18:00:00,2.21,281.48,0.0385717764690747,4.91275277851364,-0.979265318972043,0.198877828839604,0.0385622127817992,0.0,-0.1133602592445728,0.0385622127817992,0,0,0.0,0.0
29/08/2024 05:00:00,1.54,78.01,0.0268780704807127,1.36153134948078,0.977830559525494,0.207665933983475,0.0268748343405192,3.45,-0.12783861253570677,0.9990359271527034,80,90,0.0,124.08026215236576
29/08/2024 06:00:00,11.53,89.02,0.201236462754946,1.55369210012535,0.979676859551544,0.016758249334694,0.199880994440346,96.98,0.12948733485370226,0.9995023371678325,90,80,452.07654242803363,3489.5425197073105
29/08/2024 07:00:00,21.56,100.42,0.376292986729977,1.75265963485271,0.914695520192704,-0.168208108127254,0.367475356588233,207.04000000000002,0.3787854104698256,0.9996058840112289,100,70,2823.2543298122173,7450.502480124654
29/08/2024 08:00:00,31.2,113.0,0.544542726622231,1.97222205475359,0.787366952947502,-0.334217442641908,0.51802700937313,255.06,0.6026278312484465,0.9993294281243869,115,60,5533.425166976236,9176.00270174662
29/08/2024 09:00:00,39.89,127.8,0.696211838620538,2.23053078404875,0.606267841871643,-0.470269543148099,0.641315726221944,321.46000000000004,0.7860094818386325,0.9995649226568272,130,50,9096.141889146485,11567.525041341492
29/08/2024 10:00:00,46.78,145.89,0.816465024082947,2.54626084573453,0.384025401187193,-0.566989961242325,0.728729630997287,165.42000000000002,0.916212110188898,0.999459046022507,145,45,5456.153061628112,5951.898554149553
29/08/2024 11:00:00,50.77,167.64,0.886103661237521,2.92586995804329,0.135374875239994,-0.617776368935374,0.77461345272257,325.75,0.9845682849494597,0.9995648947761822,170,40,11546.032277602313,11721.897521040288
29/08/2024 12:00:00,50.86,191.18,0.887674457564316,3.33672046396276,-0.122387961574415,-0.619238757461586,0.775605923210422,240.37,0.9863041324051612,0.992187608259504,180,40,8534.80527502423,8585.716874304131
29/08/2024 13:00:00,47.02,213.07,0.820653814287734,3.71877303722432,-0.372002121514508,-0.571303752570392,0.731591719395247,83.63,0.9212862234041506,0.9276587447942599,180,40,2773.698007078408,2792.8836297771823
29/08/2024 14:00:00,40.22,231.33,0.701971425152119,4.03747015863848,-0.596163666056133,-0.47710487190458,0.645724263505272,158.07000000000002,0.7939600957621344,0.8026024626900985,180,35,4518.045804136342,4567.2253659872595
29/08/2024 15:00:00,31.59,246.24,0.551349510705009,4.29769875011084,-0.779619247445914,-0.343203104928829,0.523837243596785,231.86,0.6130901100048092,0.6259555628367088,180,35,5117.438624605743,5224.826044775496
29/08/2024 16:00:00,21.96,258.89,0.383274303737955,4.51848290048812,-0.910063947885119,-0.178712403608993,0.373959205737801,145.52,0.39079784273840046,0.41444926555894457,180,25,2047.2804747105133,2171.1836564689543
29/08/2024 17:00:00,11.92,270.3,0.208043246837724,4.71762496814067,-0.97842353447816,0.0051230604639829,0.206545736898023,65.2,0.1424273403912535,0.206545736898023,0,0,334.3054533663502,484.80415364703964
29/08/2024 18:00:00,1.89,281.3,0.0329867228626928,4.90961118586005,-0.980081191806323,0.195839547069071,0.0329807409146501,0.0,-0.11515856620773653,0.0329807409146501,0,0,0.0,0.0
30/08/2024 05:00:00,1.32,78.31,0.0230383461263251,1.36676733723676,0.978998322083016,0.202562617142761,0.0230363081876062,4.31,-0.12694427046358106,0.9992997671035815,80,90,0.0,155.0513518637917
30/08/2024 06:00:00,11.32,89.33,0.197571271325758,1.55910262080654,0.980479160165247,0.0114659576603508,0.196288431387544,98.14,0.1306892244881709,0.999668607005181,90,80,461.7302576856874,3531.8691752935847
30/08/2024 07:00:00,21.35,100.73,0.372627795300789,1.75807015553389,0.915089220499096,-0.173404198626612,0.364064146030641,250.37,0.3800475111802522,0.9996513948795994,100,70,3425.4898334711907,9010.177910496192
30/08/2024 08:00:00,30.97,113.33,0.540528469342644,1.97798164128517,0.787332088841641,-0.339567584965001,0.514589192581126,483.32000000000005,0.6039800495993158,0.9995412975914925,115,60,10508.962952604288,17391.538798269125
30/08/2024 09:00:00,39.62,128.13,0.691499449640153,2.23629037058033,0.605919775322845,-0.475614315834871,0.637692910769471,665.73,0.7872270894759186,0.9996637547264553,130,50,18866.904849964918,23958.22145162555
30/08/2024 10:00:00,46.48,146.19,0.811229036326964,2.55149683349051,0.383169330792115,-0.57215546806379,0.725134045749493,783.06,0.9173222123795719,0.9995613844685338,145,45,25859.45993853411,28177.79535798948
30/08/2024 11:00:00,50.42,167.84,0.879995008855541,2.92936061654728,0.134211843740338,-0.62285926470764,0.770735698775966,777.72,0.9854204489066769,0.9996821325940939,170,40,27589.72289485323,27989.020373798834
30/08/2024 12:00:00,50.49,191.23,0.881216739331937,3.33759312858876,-0.123901155964654,-0.624031519985191,0.771513555043329,990.41,0.9867993860041557,0.9921334007322486,180,40,35184.09527612553,35374.27829109215
30/08/2024 13:00:00,46.66,212.98,0.814370628980554,3.71720224089752,-0.373599130113465,-0.575732085902909,0.727293788809135,890.8200000000002,0.9213784320704188,0.9272128167495616,180,40,29548.164054850942,29735.269971006404
30/08/2024 14:00:00,39.88,231.16,0.696037305695339,4.03450309891009,-0.597719550322215,-0.48126628470537,0.641181801339135,749.6600000000001,0.7936906531719308,0.8012683838450647,180,35,21419.93286204731,21624.438838798484
30/08/2024 15:00:00,31.26,246.05,0.545589924173427,4.29438262453205,-0.781221245972048,-0.347005540015539,0.518922460527972,533.33,0.612303561203625,0.624110595405145,180,35,11756.154898682254,11982.848538507336
30/08/2024 16:00:00,21.64,258.69,0.377689250131573,4.51499224198413,-0.911468409105456,-0.182294799001535,0.368773569361688,291.64,0.3896641801670412,0.41126346864419683,180,25,4091.099814140972,4317.871607834168
30/08/2024 17:00:00,11.61,270.11,0.202632726156542,4.71430884256188,-0.979538334733332,0.0018805809104931,0.20124888621627,94.61000000000001,0.14097468063538468,0.20124888621627,0,0,480.1541232568949,685.4456564971671
30/08/2024 18:00:00,1.57,281.12,0.027401669256311,4.90646959320646,-0.980857047143569,0.192792088784613,0.0273982402877355,0.0,-0.11695111183868265,0.0273982402877355,0,0,0.0,0.0
31/08/2024 05:00:00,1.1,78.6,0.0191986217719376,1.37182879206754,0.980090522526738,0.197620914527226,0.0191974423996897,6.890000000000001,-0.12616444706422975,0.9995172569146428,80,90,0.0,247.92026040510802
31/08/2024 06:00:00,11.11,89.64,0.19390607989657,1.56451314148772,0.981239678410983,0.006165391863732,0.192693231471884,105.81,0.13189510026700108,0.9997932713561865,90,80,502.4095401330498,3808.372537519131
31/08/2024 07:00:00,21.13,101.05,0.368788070946402,1.76365520914027,0.91547172900521,-0.178778903749819,0.360485252078672,217.29999999999998,0.3813173414371651,0.9996583431758667,100,70,2982.969298594655,7820.127286996169
31/08/2024 08:00:00,30.73,113.66,0.536339679137858,1.98374122781675,0.787330696791168,-0.344958636502478,0.510993065503519,298.96999999999997,0.6052492528566075,0.9997152563457897,115,60,6514.249288555437,10759.855326829225
31/08/2024 09:00:00,39.36,128.46,0.686961593584968,2.24204995711192,0.605430116779502,-0.480891141847491,0.63419088876219,247.6,0.7884820654233708,0.999723684527051,130,50,7028.213738357758,8911.137034400323
31/08/2024 10:00:00,46.18,146.49,0.805993048570981,2.55673282124649,0.382259215263633,-0.577311727072874,0.721518580585537,376.09000000000003,0.9184117181558723,0.999622389485753,145,45,12434.596670924713,13534.127440621089
31/08/2024 11:00:00,50.08,168.04,0.87406088939876,2.93285127505127,0.132982300479048,-0.627787311297141,0.766941196920342,416.23,0.9862219860747796,0.9997576982705239,170,40,14777.8263815006,14980.649283041046
31/08/2024 12:00:00,50.12,191.27,0.874759021099558,3.33829126028955,-0.125307870603461,-0.628817970428108,0.767389013233511,366.0,0.987267426087146,0.9920504894375115,180,40,13008.235606124235,13071.257248828651
31/08/2024 13:00:00,46.3,212.89,0.808087443673374,3.71563144457073,-0.375168425087821,-0.580144084476001,0.722967145909568,438.12,0.9214387876459812,0.9267343940157262,180,40,14533.227419164461,14616.751417422118
31/08/2024 14:00:00,39.53,231.0,0.689928653313359,4.0317105721069,-0.59940601826233,-0.48538942298983,0.636482154754161,252.79,0.793283000243227,0.7997835937013307,180,35,7219.224346733473,7278.382607463338
31/08/2024 15:00:00,30.93,245.86,0.539830337641846,4.29106649895326,-0.782780691944517,-0.350810763627391,0.513990463376539,233.26000000000002,0.6115068119929257,0.6222531264549261,180,35,5135.042842756915,5225.283513967539
31/08/2024 16:00:00,21.32,258.5,0.372104196525191,4.51167611640534,-0.912862942289415,-0.185724064667465,0.36357642992651,108.25,0.38841410463652415,0.40800253099856215,180,25,1513.6497657685345,1589.9858633013966
31/08/2024 17:00:00,11.29,269.92,0.19704767255016,4.71099271698309,-0.980647886752011,-0.0013692436439276,0.195774991714107,76.65,0.1394020256935029,0.195774991714107,0,0,384.66594969865196,540.2215121359069
31/08/2024 18:00:00,1.25,280.94,0.0218166156499291,4.90332800055287,-0.981592811776884,0.189735770636112,0.0218148850345611,0.0,-0.11873799691170718,0.0218148850345611,0,0,0.0,0.0
01/09/2024 05:00:00,0.88,78.9,0.0153588974175501,1.37706477982353,0.981176924892868,0.192499259417382,0.0153582935749529,2.58,-0.1252575781731161,0.9996977883112355,80,90,0.0,92.85193057834755
01/09/2024 06:00:00,10.9,89.95,0.190240888467382,1.5699236621689,0.981958338794306,0.0008569205239961,0.189095442989891,133.57999999999998,0.13310473571617065,0.9998762642599366,90,80,640.0847014907786,4808.284969674323
01/09/2024 07:00:00,20.91,101.37,0.364948346592014,1.76924026274665,0.915809221054007,-0.184160570986234,0.356901043325005,87.31,0.38258833651921753,0.9996229507761598,100,70,1202.5363558137437,3141.9748739615943
01/09/2024 08:00:00,30.5,114.0,0.53232542185827,1.98967534727354,0.787137405693764,-0.350456152294206,0.507538362960704,255.99,0.6066937399576116,0.9998482742953625,115,60,5591.071097702963,9214.241750527313
01/09/2024 09:00:00,39.09,128.8,0.682249204604583,2.2479840765687,0.604888202971824,-0.486342601652765,0.630540352176716,780.1700000000001,0.7897555104444878,0.9997434767055182,130,50,22181.16803700514,28078.915255968393
01/09/2024 10:00:00,45.87,146.8,0.800582527889799,2.56214334192768,0.3812620912032,-0.582629545422556,0.717761820252421,572.09,0.9195155528652117,0.999641774516932,145,45,18937.643494991724,20587.862260202102
01/09/2024 11:00:00,49.73,168.24,0.86795223701678,2.93634193355526,0.131742514938902,-0.632822570340261,0.763006883471911,759.05,0.9870004721705017,0.9997928866869001,170,40,26970.577502436696,27320.140463028896
01/09/2024 12:00:00,49.75,191.32,0.868301302867179,3.33916392491555,-0.126826662445995,-0.633554413418825,0.763232469782529,907.15,0.9876774769840996,0.9919109192927238,180,40,32254.978436860532,32393.231655710195
01/09/2024 13:00:00,45.93,212.8,0.801629725440996,3.71406064824393,-0.376777936156994,-0.584644914099225,0.71849057839556,881.4699999999999,0.9214559435479337,0.926198221862492,180,40,29240.487740131095,29390.974078504707
01/09/2024 14:00:00,39.18,230.84,0.683820000931378,4.02891804530371,-0.601051779292145,-0.489507539187856,0.631758757507956,735.11,0.792855001909536,0.7986046666188215,180,40,20982.083056333882,21134.241953213826
01/09/2024 15:00:00,30.59,245.67,0.533896218185065,4.28775037337447,-0.784378475559417,-0.354655006760118,0.508891180174175,538.6099999999999,0.6106193646490246,0.6202810054718377,180,35,11839.885055769997,12027.223884858711
01/09/2024 16:00:00,21.0,258.3,0.366519142918809,4.50818545790135,-0.914183249176057,-0.189318249687147,0.3583679495453,300.03000000000003,0.38727262543954966,0.4050148730519432,180,30,4182.962609182611,4374.598045023884
01/09/2024 17:00:00,10.97,269.72,0.191462618943778,4.70750205847911,-0.981715233459064,-0.0047976038716317,0.190294990452999,90.66000000000001,0.13795129640622245,0.190294990452999,0,0,450.2399231587726,621.0771780408801
01/09/2024 18:00:00,0.93,280.75,0.0162315620435473,4.90001187497408,-0.982320980604505,0.186499465400595,0.0162308493152907,0.0,-0.12039809305716762,0.0162308493152907,0,0,0.0,0.0
02/09/2024 05:00:00,0.66,79.21,0.0115191730631626,1.38247530050471,0.982254768018515,0.187197449837672,0.0115189183157523,6.890000000000001,-0.12422348094804397,0.9998386070060497,80,90,0.0,247.99996808178057
02/09/2024 06:00:00,10.68,90.26,0.186401164112994,1.57533418285008,0.982667428854841,-0.0044592339506907,0.185323607509647,130.97,0.13419673414945632,0.9999196092915315,90,80,632.7268657759546,4714.540964240828
02/09/2024 07:00:00,20.69,101.7,0.361108622237627,1.77499984927823,0.916068530288025,-0.189708672636384,0.353311572613295,393.92,0.3839732977376302,0.9995405650949774,100,70,5445.171412013063,14174.604698479687
02/09/2024 08:00:00,30.26,114.33,0.528136631653484,1.99543493380512,0.78703614443956,-0.355856665913221,0.503924737109459,618.59,0.6079572604154211,0.9999385608705679,115,60,13538.746141933512,22267.871797281285
02/09/2024 09:00:00,38.83,129.13,0.677711348549398,2.25374366310028,0.604290404095515,-0.49161908823303,0.627011785856536,807.98,0.7909914767133672,0.9997227176605086,130,50,23007.790560775193,29079.214610952156
02/09/2024 10:00:00,45.56,147.1,0.795172007208617,2.56737932968366,0.380310090756337,-0.587869895041833,0.713984048401931,942.75,0.9205497515235337,0.9996197313322137,145,45,31242.53801695721,33926.094061684
02/09/2024 11:00:00,49.38,168.44,0.8618435846348,2.93983259205925,0.130464351891455,-0.637833136593514,0.759044098026474,994.15,0.9877413650849055,0.9997863495484507,170,40,35350.67081156972,35781.75357852932
02/09/2024 12:00:00,49.38,191.37,0.8618435846348,3.34003658954155,-0.128348503651491,-0.638262264951956,0.759044098026474,960.88,0.9880448046571593,0.9917285890170218,180,40,34178.12970836296,34305.55799812833
02/09/2024 13:00:00,45.56,212.71,0.795172007208617,3.71248985191714,-0.378358552859351,-0.589127816442041,0.713984048401931,898.8599999999999,0.9214392362758204,0.9256275736845204,180,40,29816.815389079817,29952.345631754444
02/09/2024 14:00:00,38.83,230.68,0.677711348549398,4.02612551850052,-0.602656813856202,-0.493620284337758,0.627011785856536,733.26,0.7924065360495045,0.7976118969877632,180,40,20917.440598451747,21054.8483850689
02/09/2024 15:00:00,30.25,245.48,0.527962098728285,4.28443424779568,-0.785931761533292,-0.358501110549062,0.503773977045526,485.72999999999996,0.6097205616863574,0.6182952725730615,180,35,10661.744463404917,10811.684258888872
02/09/2024 16:00:00,20.67,258.1,0.360759556387228,4.50469479939736,-0.915521365205656,-0.192930611981868,0.352984997998887,295.37,0.38602062977298224,0.40215928141276935,180,30,4104.680882977647,4276.288330232029
02/09/2024 17:00:00,10.65,269.53,0.185877565337396,4.70418593290032,-0.982741381804356,-0.008061655043502,0.184809053369215,84.86,0.1363801858108854,0.184809053369215,0,0,416.6360124448225,564.584265680817
02/09/2024 18:00:00,0.6,280.57,0.010471975511966,4.89687028232049,-0.982977630865881,0.183426603726728,0.0104717841162458,0.0,-0.12229752578546811,0.0104717841162458,0,0,0.0,0.0
03/09/2024 05:00:00,0.45,79.51,0.0078539816339744,1.38771128826069,0.98325637180967,0.182058297082323,0.0078539008887113,7.75,-0.1231811098610107,0.9999325896743073,80,90,0.0,278.98119251913175
03/09/2024 06:00:00,10.47,90.57,0.182735972683806,1.58074470353126,0.983301530294103,-0.0097825767988015,0.181720669469519,111.39999999999999,0.13541324405556693,0.9999184336801977,90,80,543.0612739604455,4010.0728864310645
03/09/2024 07:00:00,20.47,102.02,0.357268897883239,1.78058490288462,0.916314842119951,-0.195103062394451,0.34971689286478,370.34,0.3852458848895538,0.9994192877288602,100,70,5136.190596359905,13324.497804630219
03/09/2024 08:00:00,30.02,114.67,0.523947841448698,2.0013690532619,0.786821884484649,-0.361398618291576,0.500302269426158,532.6,0.6093145410596775,0.9999875018048112,115,60,11682.753284461834,19173.36036460473
03/09/2024 09:00:00,38.56,129.47,0.672998959569014,2.25967778255706,0.603636690631812,-0.497069078709212,0.62333384050142,710.23,0.7922445018350416,0.9996585615868334,130,50,20256.329251378855,25559.550007049398
03/09/2024 10:00:00,45.25,147.39,0.789761486527434,2.57244078451444,0.379406075258477,-0.593032682326844,0.710185375623285,870.25,0.9215143261412995,0.9995574444118276,145,45,28870.12232368077,31315.135175978146
03/09/2024 11:00:00,49.03,168.64,0.85573493225282,2.94332325056324,0.129148017219383,-0.642818616928462,0.75505298845742,819.9800000000001,0.9884444913964827,0.9997379742541239,170,40,29178.16970599037,29511.54518864028
03/09/2024 12:00:00,49.01,191.42,0.855385866402421,3.34090925416755,-0.129873281840806,-0.642941327061857,0.75482407262874,728.8699999999999,0.9883693926291461,0.9915035051604646,180,40,25934.140771401802,26016.377753027078
03/09/2024 13:00:00,45.19,212.63,0.788714288976238,3.71109358851554,-0.380013865571974,-0.593526208945433,0.709447743859905,722.5,0.9213417177380949,0.9249797950015244,180,40,23964.09807836785,24058.72446798965
03/09/2024 14:00:00,38.47,230.52,0.671428163242219,4.02333299169733,-0.604304920130496,-0.497796351820762,0.622104778650683,539.08,0.7918896836148392,0.7965372358206646,180,40,15368.108063151152,15458.302551103341
03/09/2024 15:00:00,29.92,245.29,0.522202512196703,4.28111812221689,-0.787361429059147,-0.362312300728786,0.498790313428951,410.39,0.608891497768399,0.6163989032150377,180,35,8995.787343690237,9106.702052055094
03/09/2024 16:00:00,20.34,257.91,0.354999969855647,4.50137867381858,-0.916849319171038,-0.196388094292818,0.347590336971037,225.10999999999999,0.384650837565892,0.39921610907332034,180,30,3117.195001600486,3235.231379285825
03/09/2024 17:00:00,10.32,269.34,0.180117978805815,4.70086980732153,-0.983757292596436,-0.0113325717547421,0.179145644883582,57.940000000000005,0.13468843865327917,0.1794516403277767,180,5,280.93853288055584,374.30740946128975
03/09/2024 18:00:00,0.27,280.38,0.0047123889803846,4.8935541567417,-0.983623502385698,0.180173802504606,0.0047123715393734,0.0,-0.12406996767221132,0.0047123715393734,0,0,0.0,0.0
04/09/2024 05:00:00,0.23,79.82,0.0040142572795869,1.39312180894187,0.984249431963221,0.176739756436198,0.0040142464984637,3.45,-0.12213537936087622,0.9999870081216847,80,90,0.0,124.19838640871325
04/09/2024 06:00:00,10.25,90.89,0.178896248329419,1.58632975713765,0.983921981694019,-0.0152849129377171,0.177943545473842,87.44,0.1366331532610363,0.999873568330531,90,80,430.09930516122057,3147.442013333579
04/09/2024 07:00:00,20.25,102.35,0.353429173528852,1.7863444894162,0.916480930122728,-0.200663119484858,0.346117057077493,389.68999999999994,0.3866319706656162,0.9992490393500515,100,70,5423.998055352623,14018.304893195575
04/09/2024 08:00:00,29.78,115.0,0.519759051243911,2.00712863979348,0.786619763020605,-0.366806819552578,0.496671023470395,599.21,0.6105710382058774,0.9999926282674982,115,60,13170.969784920379,21571.400980230035
04/09/2024 09:00:00,38.28,129.8,0.668112037663429,2.26543736908864,0.603096931746219,-0.50248141979499,0.619505055410453,809.41,0.7933642450173609,0.9995457801855898,130,50,23117.650328142074,29125.524597840656
04/09/2024 10:00:00,44.93,147.69,0.784176432921052,2.57767677227042,0.378409949685237,-0.598354108567735,0.706242359774127,933.07,0.9224890094765517,0.9995924453751299,150,45,30986.8855226023,33576.83002822221
04/09/2024 11:00:00,48.67,168.84,0.84945174694564,2.94681390906723,0.12781908904083,-0.647907211882651,0.750918454472403,981.94,0.9891191143774497,0.9996435976549849,170,40,34965.20243418455,35337.241234128094
04/09/2024 12:00:00,48.63,191.46,0.848753615244842,3.34160738586834,-0.131313881647284,-0.647742705182751,0.750457228874008,974.4,0.9886766548261179,0.991244575133714,180,40,34681.19516865249,34771.27370437048
04/09/2024 13:00:00,44.82,212.55,0.782256570743858,3.70969732511395,-0.381641815701589,-0.59790559162026,0.704881853942361,892.42,0.9212098372020294,0.9242971333237517,180,40,29595.81898497006,29695.00491794817
04/09/2024 14:00:00,38.11,230.36,0.665144977935039,4.02054046489414,-0.605910576941842,-0.501965735254866,0.617173211813382,740.9200000000001,0.7913507385619307,0.7954394644605547,180,40,21107.793211751006,21216.852288292113
04/09/2024 15:00:00,29.57,245.1,0.516093859814723,4.2778019966381,-0.788904649540269,-0.366197346054972,0.493486532416073,525.49,0.6078883001436277,0.6142826706091336,180,35,11499.812022329097,11620.77842082217
04/09/2024 16:00:00,20.01,257.71,0.349240383324065,4.49788801531459,-0.918099101280869,-0.200010126874063,0.342184145417466,287.59,0.38338924665784546,0.3963452261408255,180,30,3969.3208840678717,4103.45724909024
04/09/2024 17:00:00,9.99,269.15,0.174358392274233,4.69755368174274,-0.984729672749338,-0.0146098305993646,0.173476293645098,78.17,0.13299697390035495,0.1740894946111585,180,5,374.26944419246684,489.9087285751533
04/09/2024 18:00:00,-0.06,280.2,-0.0010471975511966,4.89041256408811,-0.984195068323663,0.177084643222018,-0.0010471973597998,0.0,-0.12595823242064447,-0.0010471973597998,0,0,0.0,0.0
05/09/2024 05:00:00,0.0,80.13,0.0,1.39853232962306,0.985199212980402,0.171413274698304,0.0,6.029999999999999,-0.12120748892456312,0.999997425983907,80,90,0.0,217.0794412325865
05/09/2024 06:00:00,10.04,91.2,0.175231056900231,1.59174027781883,0.984470325758658,-0.0206217136073141,0.174335660805645,156.06,0.13785568148972818,0.9997870792188408,90,80,774.4952755183313,5616.963776984123
05/09/2024 07:00:00,20.03,102.68,0.349589449174464,1.79210407594778,0.916599829767488,-0.206228516142647,0.342512118325488,393.65000000000003,0.38801822374502687,0.9992762102494877,105,70,5498.761455980274,14161.14288592959
05/09/2024 08:00:00,29.54,115.34,0.515570261039125,2.01306275925026,0.78630264117874,-0.372355377879824,0.493031062955784,566.68,0.6119206206617496,0.9999545057406775,115,60,12483.474383397608,20399.551895272576
05/09/2024 09:00:00,38.01,130.14,0.663399648683045,2.27137148854542,0.602329633501756,-0.507927755185849,0.615798999769815,795.7300000000001,0.794594808629904,0.9993951011050195,130,50,22762.18537455865,28628.951896882703
05/09/2024 10:00:00,44.62,147.99,0.77876591223987,2.58291276002641,0.377291760047989,-0.603558600694006,0.702401554189755,913.76,0.9234532814777414,0.9996683334835503,150,45,30377.328137391636,32884.44971054144
05/09/2024 11:00:00,48.31,169.03,0.843168561638461,2.95013003464602,0.126565204159228,-0.652946629595262,0.746754275512582,989.91,0.9897380016347047,0.9995037576509533,170,40,35271.05562713558,35619.07553050519
05/09/2024 12:00:00,48.25,191.51,0.842121364087264,3.34248005049434,-0.132869335453113,-0.652490714732627,0.7460573750617,968.46,0.9889228381090611,0.9909260532795934,180,40,34478.35962462365,34548.200840129575
05/09/2024 13:00:00,44.44,212.47,0.77562431958628,3.70830106171235,-0.383308002552529,-0.602368821032099,0.700161965996147,900.07,0.9210283522119234,0.9235503979555288,180,40,29843.63960311389,29925.360240761984
05/09/2024 14:00:00,37.75,230.21,0.658861792627859,4.01792247101615,-0.607562098543564,-0.506022033552455,0.612217280034449,735.8000000000001,0.7907146016266899,0.7942503387477091,180,40,20945.080939569067,21038.73837302032
05/09/2024 15:00:00,29.23,244.92,0.510159740357943,4.27466040398451,-0.790388738503306,-0.369908756695676,0.488316653173953,529.46,0.6068570071054187,0.6121765311483541,180,35,11567.03439535326,11668.427502545073
05/09/2024 16:00:00,19.68,257.52,0.343480796792484,4.4945718897358,-0.919339839510308,-0.203476079210715,0.336766602676388,292.15000000000003,0.3820092638487773,0.39338647266929,180,30,4017.744231603131,4137.4028876519915
05/09/2024 17:00:00,9.66,268.95,0.168598805742652,4.69406302323875,-0.985655321893421,-0.0180650995668938,0.167801187721706,77.60000000000001,0.13142731213573583,0.16873713071242424,180,5,367.1553391823917,471.3840483582284
05/09/2024 18:00:00,-0.39,280.01,-0.0068067840827778,4.88709643850932,-0.984754617270184,0.173816029672354,-0.0068067315205617,0.0,-0.12771957927614913,-0.0068067315205617,0,0,0.0,0.0
06/09/2024 05:00:00,-0.22,80.44,-0.0038397243543875,1.40394285030424,0.98610495397306,0.166079126741226,-0.0038397149192426,3.45,-0.1201507651894805,0.999963141663545,80,90,0.0,124.19542219461229
06/09/2024 06:00:00,9.82,91.52,0.171391332545843,1.59732533142521,0.985001706220957,-0.0261372468072233,0.170553461035366,154.14999999999998,0.13908133331187705,0.9996536147202307,90,80,771.8179510809305,5547.477769528448
06/09/2024 07:00:00,19.8,103.01,0.345575191894877,1.79786366247936,0.916729101574352,-0.211812123625103,0.338737920245291,390.44,0.3892976694033069,0.9994606861701079,105,70,5471.905753505777,14048.25949109725
06/09/2024 08:00:00,29.3,115.68,0.511381470834339,2.01899687870704,0.785933544502633,-0.377906442847719,0.489382451748846,628.23,0.6132658586170161,0.9998721809962802,115,60,13869.792372922848,22613.38920962255
06/09/2024 09:00:00,37.73,130.47,0.658512726777461,2.277131075077,0.601676398438242,-0.513335592311221,0.611941240013185,801.95,0.795690878848705,0.9991948868254166,130,50,22971.754810537885,28846.95622162714
06/09/2024 10:00:00,44.3,148.29,0.773180858633488,2.58814874778239,0.376182513182879,-0.608853681808478,0.698415285431006,942.15,0.9243787515697738,0.9996999995417182,150,45,31352.523868492648,33907.224764456274
06/09/2024 11:00:00,47.96,169.23,0.83705990925648,2.95362069315,0.125135323802992,-0.657853537716023,0.742677503127188,997.65,0.990324996242488,0.9993273490305788,170,40,35567.91837004745,35891.24147137285
06/09/2024 12:00:00,47.87,191.56,0.835489112929686,3.34335271512034,-0.134427305831448,-0.657207803351711,0.741624704726398,976.11,0.989123952206217,0.9905625169191976,180,40,34757.77611556838,34808.32722203992
06/09/2024 13:00:00,44.06,212.39,0.768992068428702,3.70690479831076,-0.38494564147189,-0.606811341629223,0.695411280309673,893.01,0.9208104465875191,0.9227667587800092,180,40,29602.545728656336,29665.4379572929
06/09/2024 14:00:00,37.39,230.06,0.65257860732068,4.01530447713815,-0.609172580814179,-0.510070363054071,0.607237178965584,745.62,0.7900557396329715,0.7930375760413015,180,40,21206.928981064902,21286.968388124948
06/09/2024 15:00:00,28.88,244.73,0.504051087975962,4.27134427840572,-0.791840496540371,-0.373794165628423,0.482976759048351,535.58,0.6058285307624156,0.6102519206636712,180,40,11680.907202206445,11766.194052085764
06/09/2024 16:00:00,19.34,257.33,0.337546677335703,4.49125576415701,-0.920593598465091,-0.206958285141095,0.331173209478893,289.92,0.3805164290158456,0.3902835550320942,180,30,3971.495631609863,4073.4362978965714
06/09/2024 17:00:00,9.33,268.76,0.162839219211071,4.69074689765996,-0.986539882825069,-0.0213541118039321,0.162120515372252,75.07000000000001,0.12973615305195332,0.1633656430613773,180,10,350.614548345965,441.4989176862334
06/09/2024 18:00:00,-0.73,279.83,-0.0127409035395586,4.88395484585573,-0.985238669311964,0.170711577384022,-0.0127405588358882,0.0,-0.12972024954425682,-0.0127405588358882,0,0,0.0,0.0
07/09/2024 05:00:00,-0.44,80.75,-0.007679448708775,1.40935337098542,0.986967263174726,0.160737825816515,-0.0076793732277826,2.58,-0.11908894351266726,0.9998848432788928,80,90,0.0,92.86930424374356
07/09/2024 06:00:00,9.6,91.84,0.167551608191456,1.60291038503159,0.985487645629755,-0.0316588917977619,0.166768746716102,147.96,0.14030952876798622,0.9994749628729791,90,80,747.3671235544048,5323.763358240696
07/09/2024 07:00:00,19.57,103.34,0.34156093461529,1.80362324901094,0.916809664644767,-0.217400552941252,0.334958263660996,380.01,0.3905766648676262,0.9996002562691999,105,70,5343.229382988479,13674.891361854912
07/09/2024 08:00:00,29.05,116.02,0.507018147704353,2.02493099816382,0.785588610169315,-0.383496679168695,0.485572685227275,614.9300000000001,0.6145248408858732,0.9997425799114824,115,60,13604.031374614202,22131.781367938846
07/09/2024 09:00:00,37.46,130.81,0.653800337797076,2.28306519453378,0.600795594895053,-0.518775859867782,0.608207415585458,803.86,0.7968975163568128,0.9990134544596903,130,55,23061.385349949152,28910.4103980708
07/09/2024 10:00:00,43.98,148.58,0.767595805027106,2.59321020261318,0.375123650309558,-0.614069087528319,0.694407231183958,931.29,0.9252324779834613,0.9996852833490317,150,45,31019.75115916384,33515.888671084314
07/09/2024 11:00:00,47.59,169.42,0.830602191024101,2.95693681872879,0.123831130455897,-0.662965593681657,0.738337641410989,986.92,0.9908710200326567,0.9990932944801405,170,40,35204.77537526266,35496.90555078025
07/09/2024 12:00:00,47.49,191.61,0.828856861772107,3.34422537974634,-0.13598767129002,-0.661893762857303,0.737159412846176,963.9,0.9892799877805043,0.9901539815971365,180,40,34328.41128797861,34358.739223013275
07/09/2024 13:00:00,43.68,212.31,0.762359817271123,3.70550853490916,-0.38655472182015,-0.611232886925247,0.690630005849423,880.6500000000001,0.9205560796561043,0.9219462045806599,180,40,29184.75761576934,29228.829302302496
07/09/2024 14:00:00,37.03,229.9,0.6462954220135,4.01251195033496,-0.610652275355894,-0.514216963536403,0.60223310521265,729.12,0.7894494144686426,0.7918696165622721,180,40,20721.72085478556,20785.247093803817
07/09/2024 15:00:00,28.53,244.55,0.497942435593982,4.26820268575213,-0.79331155162014,-0.377540757343418,0.477618842394858,520.86,0.6046891519717086,0.6085557811175213,180,40,11338.502101055428,11411.005109503396
07/09/2024 16:00:00,19.0,257.13,0.331612557878923,4.48776510565302,-0.921765214501374,-0.210604525446621,0.325568154457157,279.32000000000005,0.37913133784692543,0.3874876124640504,180,35,3812.3627503465163,3896.389436884509
07/09/2024 17:00:00,9.0,268.57,0.15707963267949,4.68743077208117,-0.987380735023566,-0.0246483721957497,0.156434465040231,69.54,0.12804490216606174,0.15833801892418486,180,10,320.5527298786056,396.3897300955614
08/09/2024 05:00:00,-0.66,81.07,-0.0115191730631626,1.4149384245918,0.987813183421766,0.155217361074695,-0.0115189183157523,0.86,-0.11790035382679999,0.9997592934543162,80,90,0.0,30.95254772534563
08/09/2024 06:00:00,9.38,92.16,0.163711883837068,1.60849543863797,0.985928086037912,-0.0371862314970597,0.162981573647658,144.61,0.14154001239305747,0.9992510762998276,90,80,736.8516429177616,5202.061133173851
08/09/2024 07:00:00,19.35,103.67,0.337721210260903,1.80938283554252,0.916785290218906,-0.222979674650857,0.331337888462571,373.94,0.3919617078083071,0.9996967911334916,105,70,5276.5257966421805,13457.758250752484
08/09/2024 08:00:00,28.8,116.35,0.502654824574367,2.0306905846954,0.7852579222067,-0.388951659080039,0.481753674101715,606.69,0.6156816455081104,0.999570034699635,115,60,13447.00431047936,21831.44919666918
08/09/2024 09:00:00,37.18,131.14,0.648913415891492,2.28882478106536,0.600028988063526,-0.524176781398386,0.604321036640534,798.89,0.797968459689543,0.999147073479401,130,55,22949.604819409644,28735.509799150514
08/09/2024 10:00:00,43.66,148.88,0.762010751420724,2.59844619036916,0.373901885031873,-0.61933534141142,0.690377516470816,919.3699999999999,0.9261068432157421,0.9996287942100742,150,45,30651.65454410124,33085.03408318497
08/09/2024 11:00:00,47.23,169.62,0.824319005716922,2.96042747723278,0.122349645890817,-0.667943871605303,0.734085518543521,965.09,0.9913844891970731,0.9992321191951208,170,45,34443.909240451314,34716.56133290468
08/09/2024 12:00:00,47.1,191.66,0.822050077689329,3.34509804437233,-0.137576151491074,-0.66667361127998,0.732542898787379,935.9200000000001,0.9893954826168047,0.989689953998091,180,40,33335.82072326592,33345.742382852164
08/09/2024 13:00:00,43.3,212.23,0.755727566113545,3.70411227150757,-0.388135234901286,-0.615633191288534,0.685818352927376,796.96,0.9202652123007737,0.9210887257210791,180,40,26402.924289428087,26426.551350624166
08/09/2024 14:00:00,36.66,229.75,0.639837703781121,4.00989395645697,-0.612259492675713,-0.51831592030477,0.597065256389197,610.35,0.7886935936481348,0.7905455733115341,180,40,17329.64885579301,17370.341664145017
08/09/2024 15:00:00,28.18,244.37,0.491833783212002,4.26506109309854,-0.794737296781195,-0.381286087649545,0.472243103146908,514.03,0.6035362787528384,0.6068451778539345,180,40,11168.487121223574,11229.718563801285
08/09/2024 16:00:00,18.66,256.94,0.325678438422142,4.48444898007423,-0.922927516683245,-0.214092854198482,0.319951634985738,269.15,0.37762647975746766,0.3848876522315619,180,35,3658.974012962007,3729.3304175324956
08/09/2024 17:00:00,8.66,268.37,0.151145513222709,4.68394011357718,-0.988199217385382,-0.0281207347173191,0.150570684523508,66.53999999999999,0.12635391428503706,0.15316629183342356,180,10,302.67322043494914,366.90066210945605
09/09/2024 06:00:00,9.16,92.49,0.159872159482681,1.61425502516956,0.986315502543643,-0.0428909934737183,0.159191997666087,144.84,0.14289425339741743,0.998974554114986,90,80,745.0849318349499,5208.893079048525
09/09/2024 07:00:00,19.12,104.0,0.333706952981316,1.8151424220741,0.91676900740396,-0.228576185684554,0.327547728432757,374.04,0.39323899085235586,0.999746829968718,105,70,5295.136036982947,13462.030954133974
09/09/2024 08:00:00,28.56,116.69,0.49846603436958,2.03662470415218,0.784732100772802,-0.394507537491952,0.478078793588192,605.0,0.6170117118774597,0.9993533260131382,115,60,13438.515084691073,21765.91544056615
09/09/2024 09:00:00,36.9,131.48,0.644026493985908,2.29475890052214,0.599113328795172,-0.529677989234575,0.600420225325884,795.91,0.7991001109225105,0.999231687833598,130,55,22896.423694236073,28630.745735891
09/09/2024 10:00:00,43.33,149.17,0.756251164889143,2.60350764519994,0.372794028823992,-0.624623971318629,0.686199319824292,921.68,0.9268920381044277,0.9995212878873713,150,45,30754.722732483195,33164.596102321164
09/09/2024 11:00:00,46.87,169.81,0.818035820409742,2.96374360281157,0.120947607288835,-0.672872344350747,0.729804415236737,968.37,0.9918422485170826,0.9994647809542356,170,45,34576.93001507354,34842.66155757551
09/09/2024 12:00:00,46.72,191.71,0.815417826531751,3.34597070899833,-0.139140889569849,-0.67129589741179,0.728012109080481,844.85,0.9894601803593143,0.9894601803593143,180,45,30094.035601556403,30094.035601556403
09/09/2024 13:00:00,42.92,212.16,0.749095314955966,3.70289054103117,-0.389795380531164,-0.619943967273414,0.680976533191757,867.9799999999999,0.9198897076635195,0.9201505900092397,180,40,28744.051264480135,28752.20312818391
09/09/2024 14:00:00,36.29,229.6,0.633379985548742,4.00727596257898,-0.613823937259902,-0.522405118100875,0.591872508762455,711.35,0.7879132660795141,0.7891961835244429,180,40,20177.355665723844,20210.20938540405
09/09/2024 15:00:00,27.83,244.18,0.485725130830022,4.26174496751975,-0.796050489538677,-0.38516871185279,0.466849741902997,504.65999999999997,0.6024680263467939,0.6052093261742182,180,40,10945.494510342227,10995.297787694913
09/09/2024 16:00:00,18.32,256.74,0.319744318965361,4.48095832157024,-0.92400633521913,-0.217744828924814,0.314323848842904,268.69000000000005,0.37622937010651336,0.3823723263570118,180,35,3639.2065003410876,3698.6263332791586
09/09/2024 17:00:00,8.32,268.18,0.145211393765928,4.68062398799839,-0.988976183336387,-0.0314253912059597,0.144701601860329,60.75999999999999,0.12454059114716869,0.14796022130072298,180,10,272.41510745167085,323.6422696643494
10/09/2024 06:00:00,8.94,92.81,0.156032435128293,1.61984007877594,0.986663820290498,-0.0484285301320516,0.155400074642869,143.78,0.14412858863613914,0.9991183067043538,95,80,746.021105067747,5171.516284966271
10/09/2024 07:00:00,18.89,104.33,0.329692695701729,1.82090200860568,0.916703875908088,-0.23417612703308,0.323752290220279,379.76000000000005,0.3945149672565278,0.9997515592003179,105,70,5393.556142752204,13667.96347638886
10/09/2024 08:00:00,28.31,117.03,0.494102711239595,2.04255882360896,0.784227943858981,-0.400101458267646,0.474241874113639,613.14,0.6182540994120501,0.9990865254500504,115,60,13646.747466486158,22052.876839719982
10/09/2024 09:00:00,36.61,131.81,0.638965039155124,2.30051848705373,0.598310185625491,-0.535138979776052,0.596364983966227,806.25,0.8000941257016229,0.9992771533320879,130,55,23222.731998489602,29004.01937546385
10/09/2024 10:00:00,43.01,149.46,0.750666111282761,2.60856910003073,0.371569411495696,-0.629793854701418,0.68212599497532,933.83,0.9276674220796576,0.9993739387354709,150,45,31186.212075383282,33596.83314753642
10/09/2024 11:00:00,46.5,170.0,0.811578102177363,2.96705972839036,0.119531517657913,-0.677896922964638,0.725374371012288,973.59,0.9922626478155055,0.9996573249755576,170,45,34778.05168632113,35037.22950082631
10/09/2024 12:00:00,46.33,191.76,0.808611042448973,3.34684337362433,-0.140733385385699,-0.676010039080909,0.72332879197479,956.23,0.9894819766171414,0.9894819766171414,180,45,34062.204618021926,34062.204618021926
10/09/2024 13:00:00,42.53,212.08,0.742288530873188,3.70149427762957,-0.391382166700553,-0.624400705348357,0.675976152500408,871.63,0.9195052942829168,0.9195052942829168,180,45,28852.862387609475,28852.862387609475
10/09/2024 14:00:00,35.92,229.46,0.626922267316363,4.00483250162619,-0.615437486100865,-0.526376784372011,0.586655078880281,713.3000000000001,0.7870323781823936,0.7877523382247367,180,40,20210.04703287005,20228.534742805372
10/09/2024 15:00:00,27.48,244.0,0.479616478448042,4.25860337486616,-0.797384875518552,-0.388910589419931,0.461438959919191,509.59000000000003,0.6012879327166178,0.6034696592397175,180,40,11030.771434790207,11070.795731470836
10/09/2024 16:00:00,17.98,256.55,0.313810199508581,4.47764219599145,-0.925076998136434,-0.22123770445467,0.30868499420366,269.62,0.37471193372598044,0.3797566781508592,180,35,3637.0739365631584,3686.039840269247
10/09/2024 17:00:00,7.98,267.99,0.139277274309147,4.6773078624196,-0.989707267675612,-0.0347342875644531,0.138827423722637,57.69,0.12272666300544308,0.14308688911061884,180,15,254.88364279622442,297.16857478049764
11/09/2024 06:00:00,8.72,93.14,0.152192710773906,1.62559966530752,0.98695705325918,-0.0541427565684997,0.151605860484089,143.88,0.14548624233763968,0.9992375890333834,95,80,753.5721797114255,5175.730955164436
11/09/2024 07:00:00,18.66,104.66,0.325678438422142,1.82666159513726,0.916589857797419,-0.239779031303532,0.319951634985738,377.07,0.3957893497712074,0.9997108516400943,105,70,5372.65044425625,13570.594949805494
11/09/2024 08:00:00,28.05,117.37,0.48956485518441,2.04849294306575,0.783742977473328,-0.405733286471653,0.470241901057482,609.52,0.619407995253009,0.9987671345134098,115,60,13591.496205598107,21915.66757783009
11/09/2024 09:00:00,36.33,132.14,0.63407811724954,2.30627807358531,0.597372025232584,-0.540525058288257,0.592435080689858,802.6899999999999,0.8011237970854785,0.9992703413277084,130,55,23149.946184571538,28875.755170092176
11/09/2024 10:00:00,42.68,149.75,0.74490652475118,2.61363055486151,0.370350080405093,-0.635049771100643,0.677903094969304,923.35,0.9283978749763725,0.9991753771908127,150,45,30860.502402939605,33213.18904304893
11/09/2024 11:00:00,46.13,170.19,0.805120383944984,2.97037585396915,0.118078533942515,-0.68289117219258,0.720914077240437,968.68,0.9926402113393591,0.999802828893366,170,45,34615.82591712757,34865.604154527326
11/09/2024 12:00:00,45.94,191.81,0.801804258366195,3.34771603825032,-0.142327666317196,-0.680690593575847,0.718611961504999,937.8199999999999,0.9894563256293286,0.9894563256293286,180,45,33405.54952686109,33405.54952686109
11/09/2024 13:00:00,42.15,212.01,0.73565627971561,3.70027254715318,-0.39298683770313,-0.628666223256756,0.671073859666863,840.63,0.9190550264152566,0.9190550264152566,180,45,27813.068166796456,27813.068166796456
11/09/2024 14:00:00,35.55,229.31,0.620464549083984,4.0022145077482,-0.616917091318977,-0.530445106997518,0.58141318431983,697.1500000000001,0.7862025375089845,0.786351881401171,180,40,19731.639564877987,19735.38770827775
11/09/2024 15:00:00,27.12,243.82,0.473333293140862,4.25546178221257,-0.79874528500903,-0.392685142621196,0.4558556223635,432.81999999999994,0.600008929033899,0.6016188105609988,180,40,9349.051127920276,9374.13552913241
11/09/2024 16:00:00,17.63,256.36,0.3077015471266,4.47432607041266,-0.926153471215649,-0.224744641088674,0.302868938745998,257.18,0.37307914014720633,0.37700394065005816,180,35,3454.1457574701067,3490.4834444297503
11/09/2024 17:00:00,7.64,267.79,0.133343154852367,4.67381720391562,-0.990385770308073,-0.0382198947204357,0.132948356961804,54.73,0.12103423148835726,0.13831028820756652,180,15,238.47132561688053,272.50999464960415
12/09/2024 06:00:00,8.5,93.46,0.148352986419518,1.6311847189139,0.987213060619442,-0.0596887839037696,0.147809411129611,75.62,0.1467233807920723,0.9993055258530162,95,80,399.4279939978743,2720.429419140183
12/09/2024 07:00:00,18.43,104.99,0.321664181142555,1.83242118166885,0.916426919690248,-0.245384430742798,0.316145823973806,366.44,0.39706185095152,0.9996245841728776,105,70,5237.9764078563,13186.887574475133
12/09/2024 08:00:00,27.8,117.71,0.485201532054424,2.05442706252252,0.783130578721986,-0.411327118462952,0.466386640339891,496.68,0.6206373507902241,0.9986511211386189,120,60,11097.293738057586,17856.36139849665
12/09/2024 09:00:00,36.04,132.47,0.629016662418756,2.31203766011689,0.596453160099817,-0.545974369266331,0.588349909417155,748.46,0.8020883895216322,0.9992198736398252,130,55,21611.918736768992,26923.53983848069
12/09/2024 10:00:00,42.35,150.04,0.739146938219599,2.61869200969229,0.369074834047655,-0.6402882636719,0.673657707056573,902.16,0.9291001060148442,0.9991588550932514,150,50,30175.090259124663,32450.441497593394
12/09/2024 11:00:00,45.76,170.38,0.798662665712605,2.97369197954794,0.116588903227276,-0.687854694811439,0.716423719924266,919.23,0.9929747897335119,0.9999011779586948,170,45,32859.7997748025,33089.009753338956
12/09/2024 12:00:00,45.55,191.86,0.794997474283417,3.34858870287632,-0.14392360090255,-0.685337344600014,0.713861836211914,756.75,0.9893832289827765,0.9893832289827765,180,45,26953.767307177783,26953.767307177783
12/09/2024 13:00:00,41.76,211.94,0.728849495632832,3.69905081667678,-0.394625915469911,-0.633007566523715,0.666011867434252,852.2700000000001,0.918545450644789,0.918545450644789,180,45,28182.55432395724,28182.55432395724
12/09/2024 14:00:00,35.17,229.16,0.613832297926406,3.9995965138702,-0.618429990311288,-0.534568330554134,0.576004381104994,658.4999999999999,0.7852934954149017,0.7852934954149017,180,45,18616.167602305657,18616.167602305657
12/09/2024 15:00:00,26.76,243.64,0.467050107833683,4.25232018955898,-0.800058338425945,-0.396456467830924,0.450254288408387,484.24,0.5987149174404066,0.5997521009275424,180,40,10437.18161836833,10455.262464713513
12/09/2024 16:00:00,17.29,256.17,0.30176742766982,4.47100994483387,-0.927131951695636,-0.22824024790988,0.297208232354151,280.60999999999996,0.37154818355886204,0.37438471823236624,180,40,3753.3648883842816,3782.019448194634
12/09/2024 17:00:00,7.3,267.6,0.127409035395586,4.67050107833683,-0.99102438263988,-0.0415362282138169,0.12706460860135,50.059999999999995,0.11921879502573093,0.13360790179263557,180,20,214.85134364357125,240.7828162946161
13/09/2024 06:00:00,8.27,93.79,0.144338729139931,1.63694430544548,0.987437000109294,-0.0654123946221891,0.143838066745032,75.03,0.1479624201991758,0.9993268742310342,95,80,399.6583339515898,2699.2618334479616
13/09/2024 07:00:00,18.19,105.33,0.317475390937769,1.83835530112563,0.916223771624744,-0.251166171291565,0.312169112354931,75.36,0.3983381991480846,0.9994862557295412,105,70,1080.6756007607876,2711.566232344016
13/09/2024 08:00:00,27.55,118.05,0.480838208924438,2.06036118197931,0.782464463244554,-0.416920016888335,0.46252250029295,250.11,0.6218597675626536,0.9986412605656582,120,60,5599.200472743431,8991.725964482765
13/09/2024 09:00:00,35.75,132.8,0.623955207587973,2.31779724664847,0.595476067821248,-0.55141688481102,0.584249665637434,248.33999999999997,0.8030375189888362,0.9994243125710891,135,55,7179.348148764753,8935.093216220554
13/09/2024 10:00:00,42.02,150.32,0.733387351688017,2.62357893159788,0.367856518423955,-0.645444534524393,0.669389972068298,401.45,0.9297283957497602,0.9993697079686932,150,50,13436.620721054684,14443.090893505147
13/09/2024 11:00:00,45.39,170.57,0.792204947480226,2.97700810512673,0.115062876347985,-0.692787096192729,0.711903486320565,415.84,0.9932662363640318,0.9999522605765002,170,45,14869.433942266283,14969.525329372746
13/09/2024 12:00:00,45.16,191.91,0.788190690200639,3.34946136750232,-0.145521057228645,-0.689950077627102,0.70907863617896,353.24,0.9892626906069601,0.9892626906069601,180,45,12580.097501880093,12580.097501880093
13/09/2024 13:00:00,41.37,211.87,0.722042711550054,3.69782908620039,-0.396236720311019,-0.63732449650584,0.660919017452777,525.33,0.9179967923515904,0.9179967923515904,180,45,17361.045177338197,17361.045177338197
13/09/2024 14:00:00,34.8,229.02,0.607374579694027,3.99715305291741,-0.619917186741889,-0.538505993692669,0.570713567684432,280.86,0.784336673674516,0.784336673674516,180,45,7930.396734056085,7930.396734056085
13/09/2024 15:00:00,26.4,243.46,0.460766922526503,4.2491785969054,-0.801324018459201,-0.400224155782213,0.444635179184928,213.70000000000002,0.5974057649040221,0.5978694366638869,180,40,4595.962030559623,4599.529150142615
13/09/2024 16:00:00,16.94,255.98,0.29565877528784,4.46769381925508,-0.928114146132542,-0.231748988986223,0.291370104596417,82.71000000000001,0.3699010584404448,0.372167828194807,180,40,1101.402595569931,1108.1520385197296
13/09/2024 17:00:00,6.96,267.41,0.121474915938805,4.66718495275804,-0.99161699016951,-0.0448556387138197,0.121176385829651,23.669999999999998,0.11740237044881935,0.12921008755949415,180,20,100.04090790684793,110.10249981119614
14/09/2024 06:00:00,8.05,94.11,0.140499004785544,1.64252935905186,0.987599870351338,-0.0709652954676926,0.140037219771041,56.2,0.14920130937272644,0.9993032642511666,95,80,301.8640891229001,2021.7903642329602
14/09/2024 07:00:00,17.96,105.66,0.313461133658182,1.84411488765721,0.915961207496133,-0.256775233675771,0.308352956420042,110.07000000000001,0.39960597545642973,0.9993069130696625,105,70,1583.4466698656122,3959.773629176799
14/09/2024 08:00:00,27.29,118.38,0.476300352869252,2.06612076851089,0.78188878160287,-0.422413030533761,0.458494454534472,155.60999999999999,0.622895656289735,0.9988794587047721,120,65,3489.4365507088432,5595.682772485784
14/09/2024 09:00:00,35.46,133.13,0.618893752757189,2.32355683318005,0.594440822917895,-0.556851975731582,0.580134454391849,147.96,0.8039708148573628,0.99961243822637,135,55,4282.398783586635,5324.495628959054
14/09/2024 10:00:00,41.69,150.61,0.727627765156436,2.62864038642866,0.366470923203503,-0.650646609491429,0.665100031576965,298.18,0.9303733722228837,0.9995326027076041,150,50,9987.0743566591,10729.462733112721
14/09/2024 11:00:00,45.02,170.75,0.785747229247847,2.98014969778032,0.113622475662002,-0.697668164102673,0.707353564932025,644.7099999999999,0.9935003923148827,0.9999571178187892,170,45,23058.706965455807,23208.564723442254
14/09/2024 12:00:00,44.77,191.96,0.781383906117861,3.35033403212831,-0.147119902940155,-0.694528579911639,0.704262583021988,896.74,0.9890947167741845,0.9890947167741845,180,45,31930.58866752296,31930.58866752296
14/09/2024 13:00:00,40.98,211.8,0.715235927467276,3.69660735572399,-0.397819239972555,-0.641616750535186,0.655795545685031,852.46,0.917409032652125,0.917409032652125,180,45,28153.9621430867,28153.9621430867
14/09/2024 14:00:00,34.42,228.87,0.600742328536448,3.99453505903942,-0.621342656076123,-0.54260492288992,0.565254987944283,596.15,0.7833752555555887,0.7833752555555887,180,45,16812.32970958071,16812.32970958071
14/09/2024 15:00:00,26.04,243.28,0.454483737219323,4.24603700425181,-0.802542311772846,-0.403987797219579,0.438998516525931,339.75,0.5960813388969006,0.5960813388969006,180,45,7290.670856047992,7290.670856047992
14/09/2024 16:00:00,16.59,255.78,0.289550122905859,4.4642031607511,-0.92900756734533,-0.235420132666012,0.285521104212334,134.99,0.36836108119638594,0.37004699962352683,180,40,1790.102244625205,1798.295201250476
14/09/2024 17:00:00,6.61,267.21,0.115366263556825,4.66369429425405,-0.992175217577273,-0.0483518837341375,0.115110524995987,28.75,0.11558537768215807,0.1247599542293495,180,25,119.6308659010336,129.12655262737673
15/09/2024 06:00:00,7.82,94.44,0.136484747505957,1.64828894558345,0.987727264262913,-0.0766951546960428,0.136061400396481,90.38000000000001,0.15044160284781297,0.9992296548449162,95,80,489.48883435387216,3251.173543375807
15/09/2024 07:00:00,17.72,105.99,0.309272343453395,1.84987447418879,0.915700730366074,-0.262400007034779,0.30436558398608,330.48,0.40076379275405094,0.9990747263028726,105,70,4767.9990562569155,11886.27175974864
15/09/2024 08:00:00,27.03,118.72,0.471762496814067,2.07205488796767,0.781184975163309,-0.428040768327522,0.45445696741131,536.39,0.624020133322702,0.9991709666913952,120,65,12049.85373526671,19294.03133364951
15/09/2024 09:00:00,35.17,133.45,0.613832297926406,2.32914188678643,0.593445633877781,-0.562175446439323,0.576004381104994,761.0,0.8048146742663218,0.9997505872923833,135,55,22048.70281620015,27389.167089462135
15/09/2024 10:00:00,41.35,150.89,0.721693645699655,2.63352730833424,0.365200555161337,-0.655866494654611,0.660657018201824,856.6100000000001,0.9309227035323201,0.9996530541957783,150,50,28707.757094621553,30827.26089916725
15/09/2024 11:00:00,44.65,170.94,0.779289511015468,2.98346582335911,0.112025273663696,-0.702537428524771,0.702774145499375,931.3800000000001,0.9937053436724145,0.9999136439784098,170,45,33318.62218762609,33526.78451023001
15/09/2024 12:00:00,44.37,192.01,0.774402589109884,3.35120669675431,-0.148745403759668,-0.699192028634928,0.699289147601868,673.8599999999999,0.9888755230787778,0.9888755230787778,180,45,23989.091759347142,23989.091759347142
15/09/2024 13:00:00,40.59,211.73,0.708429143384498,3.69538562524759,-0.399373464109416,-0.645884067022655,0.650641689512376,335.47,0.9167821544289391,0.9167821544289391,180,45,11071.904736465944,11071.904736465944
15/09/2024 14:00:00,34.05,228.73,0.594284610304069,3.99209159808663,-0.622745590155842,-0.546517905680461,0.559916162217251,603.9,0.782367032346289,0.782367032346289,180,45,17008.97223002126,17008.97223002126
15/09/2024 15:00:00,25.68,243.11,0.448200551912144,4.24306994452342,-0.803784362037338,-0.407606702309024,0.433344522957187,482.43999999999994,0.5946423140328736,0.5946423140328736,180,45,10327.652567352701,10327.652567352701
15/09/2024 16:00:00,16.24,255.59,0.283441470523879,4.46088703517231,-0.929893726799339,-0.238929132892905,0.27966144946038,260.0,0.36669891744148847,0.3678137855304308,180,40,3432.301867252332,3442.7370325648326
15/09/2024 17:00:00,6.27,267.02,0.109432144100044,4.66037816867526,-0.992674107393303,-0.051676391518864,0.109213859333415,38.42,0.1137665874044511,0.12082075792293341,180,25,157.35284237084443,167.10960669836768
16/09/2024 06:00:00,7.6,94.77,0.132645023151569,1.65404853211503,0.987782501176028,-0.0824255882999052,0.132256390257122,107.4,0.151803082836219,0.9991149650868575,95,80,586.9314394779572,3862.978101011826
16/09/2024 07:00:00,17.49,106.33,0.305258086173808,1.85580859364557,0.915292647625048,-0.268170606827924,0.300539339915881,180.57,0.4021386598707849,0.9988076228624804,105,75,2614.1104012632345,6492.768928570011
16/09/2024 08:00:00,26.77,119.06,0.467224640758882,2.07798900742445,0.780425813330844,-0.433666083328353,0.45041012206381,259.75,0.6251362799184694,0.9994139741745077,120,65,5845.649353517608,9345.520072505822
16/09/2024 09:00:00,34.88,133.78,0.608770843095622,2.33490147331801,0.592295280192405,-0.567594004836206,0.571859551582202,145.21,0.8057153365905847,0.9998454742761167,135,55,4211.925264947477,5226.752207506857
16/09/2024 10:00:00,41.02,151.17,0.715934059168074,2.63841423023983,0.363819896455469,-0.660965920246941,0.656322432357181,707.88,0.9314635269044307,0.9997210432225836,150,50,23737.1184513039,25476.57115475049
16/09/2024 11:00:00,44.27,171.12,0.77265725985789,2.9866074160127,0.110534711266395,-0.70747551361422,0.698040453871801,791.1800000000001,0.9938498716753366,0.9998221015170126,170,45,28307.309092995343,28477.413010016284
16/09/2024 12:00:00,43.98,192.06,0.767595805027106,3.35207936138031,-0.150346555619276,-0.703700582984588,0.694407231183958,679.47,0.9886115162284803,0.9886115162284803,180,45,24182.34720954356,24182.34720954356
16/09/2024 13:00:00,40.19,211.66,0.701447826376521,3.6941638947712,-0.400958507531364,-0.650222063825349,0.645324370338611,458.8,0.9160896689393871,0.9160896689393871,180,45,15130.86984393807,15130.86984393807
16/09/2024 14:00:00,33.67,228.59,0.587652359146491,3.98964813713384,-0.624179762296346,-0.5504821268341,0.554408741251329,196.04999999999998,0.781275825294298,0.781275825294298,180,45,5514.0885197620955,5514.0885197620955
16/09/2024 15:00:00,25.32,242.93,0.441917366604964,4.23992835186982,-0.804908513036648,-0.41136082703902,0.427673421688682,115.47,0.5932868069231184,0.5932868069231184,180,45,2466.2457934348495,2466.2457934348495
16/09/2024 16:00:00,15.89,255.4,0.277332818141899,4.45757090959352,-0.930732141627637,-0.24243756367367,0.273791358996606,92.39,0.3650289718647779,0.36557221118536964,180,40,1214.1009615811258,1215.9077972909868
16/09/2024 17:00:00,5.92,266.83,0.103323491718064,4.65706204309647,-0.993144890993336,-0.0550038000525277,0.103139747302467,26.95,0.11182437473561258,0.11682354133010775,180,30,108.49200836849131,113.34219979847053
17/09/2024 06:00:00,7.37,95.1,0.128630765871982,1.65980811864661,0.987812235953287,-0.0881598934025088,0.128276341139847,66.30000000000001,0.15304352913938196,0.999143114425528,95,85,365.2842953498769,2384.75478551085
17/09/2024 07:00:00,17.25,106.66,0.301069295969022,1.86156818017715,0.914930954687624,-0.273796352176945,0.296541574975571,202.29000000000002,0.4032898158574233,0.9988418973905389,105,75,2936.933886592734,7274.006187232756
17/09/2024 08:00:00,26.51,119.39,0.462686784703697,2.08374859395603,0.779687975584629,-0.439152326401132,0.446354001825026,483.61,0.6261475294723171,0.999606777901044,120,65,10901.203442211861,17403.11401898606
17/09/2024 09:00:00,34.58,134.1,0.603534855339639,2.3404865269244,0.591258180177547,-0.572969037559358,0.56755638166744,658.5,0.8064732580508989,0.9998899293477994,135,55,19118.25505535461,23703.39066511893
17/09/2024 10:00:00,40.68,151.45,0.709999939711293,2.64330115214541,0.362440490781212,-0.666145393440991,0.651833725300879,806.05,0.9319519723246463,0.9997435496785944,150,50,27043.19594252212,29010.358375863514
17/09/2024 11:00:00,43.9,171.3,0.766199541625511,2.98974900866629,0.108991152182812,-0.712260369029208,0.693401828275813,894.22,0.993953271771963,0.9996845698786336,170,45,31997.264208621295,32181.765698767387
17/09/2024 12:00:00,43.58,192.1,0.760614488019129,3.35277749308111,-0.151850315572986,-0.708318438056916,0.689366718060131,810.02,0.9883126518541422,0.9883126518541422,180,45,28819.908513176124,28819.908513176124
17/09/2024 13:00:00,39.8,211.59,0.694641042293743,3.6929421642948,-0.402455523300057,-0.654438021809978,0.640109699484955,753.0100000000001,0.9153834722972398,0.9153834722972398,180,45,24814.54470508361,24814.54470508361
17/09/2024 14:00:00,33.29,228.45,0.581020107988912,3.98720467618105,-0.62557086687729,-0.554432324211127,0.548876933733094,634.05,0.7801574580382563,0.7801574580382563,180,45,17807.71810568963,17807.71810568963
17/09/2024 15:00:00,24.96,242.75,0.435634181297785,4.23678675921624,-0.805985260233925,-0.415109686201464,0.421985436605783,415.09999999999997,0.5919156378351901,0.5919156378351901,180,45,8845.350525553946,8845.350525553946
17/09/2024 16:00:00,15.54,255.21,0.271224165759919,4.45425478401473,-0.931522794897186,-0.245945015958309,0.267911051866479,207.01,0.363351110112762,0.363351110112762,180,45,2707.823278959943,2707.823278959943
17/09/2024 17:00:00,5.58,266.63,0.0973893722612836,4.65357138459248,-0.993540340286159,-0.0585051360628289,0.0972354939223993,29.369999999999997,0.11012525556881973,0.11346097591773957,180,30,116.43763521802447,119.9645590573444
18/09/2024 06:00:00,7.14,95.43,0.124616508592395,1.66556770517819,0.987792757424977,-0.0938957614784849,0.12429422494684,15.62,0.15428361898834808,0.999274731083381,95,85,86.75676462952788,561.9121667828068
18/09/2024 07:00:00,17.01,106.99,0.296880505764236,1.86732776670873,0.914518755815779,-0.279421918813718,0.292538606935254,25.73,0.4044371663281211,0.9988276579008245,105,75,374.622058426412,925.1940829603757
18/09/2024 08:00:00,26.25,119.72,0.458148928648511,2.08950818048761,0.778896768197337,-0.444635287619081,0.442288690219001,56.98,0.627149959126255,0.9997523209416306,120,65,1286.4601681565043,2050.771940901148
18/09/2024 09:00:00,34.29,134.42,0.598473400508856,2.34607158053078,0.590093107468056,-0.578265514676855,0.56338185900347,73.52,0.8072665996531703,0.9998885464839771,135,55,2136.6086546340384,2646.4250137500717
18/09/2024 10:00:00,40.34,151.72,0.704065820254513,2.6480135411258,0.361123617379691,-0.671240551077622,0.647322064786623,170.94,0.9323645670966805,0.9997193170694159,150,50,5737.622367582237,6152.112722154454
18/09/2024 11:00:00,43.52,171.47,0.759567290467932,2.99271606839468,0.107557130432086,-0.717112855831105,0.688607737173328,279.79,0.9939945637670093,0.999497653454291,170,45,10011.950603869376,10067.38014455914
18/09/2024 12:00:00,43.19,192.15,0.753807703936351,3.3536501577071,-0.153452453856783,-0.712756473683742,0.684419866476163,413.1,0.9879528646404712,0.9879528646404712,180,45,14692.439821787231,14692.439821787231
18/09/2024 13:00:00,39.41,211.52,0.687834258210965,3.69172043381841,-0.403924223039421,-0.65862825840226,0.634865370985067,343.28,0.9146381167613777,0.9146381167613777,180,45,11303.171017986446,11303.171017986446
18/09/2024 14:00:00,32.91,228.31,0.574387856831334,3.98476121522825,-0.626918920428502,-0.558368137212183,0.543320982987919,312.97999999999996,0.7790118476529335,0.7790118476529335,180,45,8777.344610822944,8777.344610822944
18/09/2024 15:00:00,24.59,242.57,0.429176463065406,4.23364516656264,-0.807079080273757,-0.418886334026224,0.416122094283079,292.01000000000005,0.5904401220054292,0.5904401220054292,180,45,6206.919120964994,6206.919120964994
18/09/2024 16:00:00,15.18,255.02,0.264940980452739,4.45093865843594,-0.932309836567663,-0.249462897521837,0.261852308370936,216.42999999999998,0.36155444941057546,0.36155444941057546,180,45,2817.0442614935105,2817.0442614935105
18/09/2024 17:00:00,5.23,266.44,0.0912807198793034,4.65025525901369,-0.993915161885305,-0.0618352419205412,0.0911540116019889,21.89,0.10817973861444885,0.11013623265060044,180,35,85.24996121773027,86.79175677797916
19/09/2024 06:00:00,6.91,95.75,0.120602251312808,1.67115275878457,0.987741424103247,-0.0994603314975442,0.120310105846879,56.97,0.155401166550575,0.9993596875582048,95,85,318.7153605019053,2049.6067704068737
19/09/2024 07:00:00,16.77,107.32,0.292691715559449,1.87308735324031,0.914056049471335,-0.285046812847456,0.288530506030758,297.42,0.40558041171358394,0.9987647976638703,105,75,4342.598137866749,10693.89454036278
19/09/2024 08:00:00,25.99,120.06,0.453611072593326,2.09544229994439,0.77797365052552,-0.450250210234072,0.438214270959047,481.51000000000005,0.6282392594950423,0.999850279263717,120,65,10890.125490220482,17331.764686857805
19/09/2024 09:00:00,33.99,134.74,0.593237412752873,2.35165663413716,0.588941533248533,-0.583620578645667,0.559048200601848,527.8900000000001,0.8079888424560719,0.9998376409564185,135,55,15355.052281588893,19000.95452224142
19/09/2024 10:00:00,40.0,151.99,0.698131700797732,2.65272593010618,0.359754126469634,-0.676314318435989,0.642787609686539,892.9100000000001,0.9327459184516893,0.9996460880989313,150,50,29982.893689609125,32133.383586879005
19/09/2024 11:00:00,43.15,171.65,0.753109572235553,2.99585766104827,0.105947294583991,-0.721831922885662,0.683910700218618,852.7499999999999,0.9940101414000015,0.9992648681080594,170,45,30515.117330838642,30676.43218604931
19/09/2024 12:00:00,42.79,192.19,0.746826386928374,3.3543482894079,-0.154955181345283,-0.717302183204927,0.679313233894126,571.26,0.9875562321404189,0.9875562321404189,180,45,20309.449434211285,20309.449434211285
19/09/2024 13:00:00,39.01,211.45,0.680852941202988,3.69049870334201,-0.405421930576223,-0.662886248405268,0.629456019022011,824.9799999999999,0.9138239809118276,0.9138239809118276,180,45,27139.914279815017,27139.914279815017
19/09/2024 14:00:00,32.53,228.17,0.567755605673755,3.98231775427546,-0.628223942877114,-0.562289205873829,0.537741133403156,681.42,0.7778389124136946,0.7778389124136946,180,45,19081.25970108983,19081.25970108983
19/09/2024 15:00:00,24.23,242.4,0.422893277758226,4.23067810683425,-0.808133790364794,-0.422482135817137,0.410400562604415,468.03,0.5889370039868296,0.5889370039868296,180,45,9923.04669513441,9923.04669513441
19/09/2024 16:00:00,14.83,254.83,0.258832328070759,4.44762253285715,-0.933003898474621,-0.252967042314859,0.255951950439201,226.1,0.3598600708510232,0.3598600708510232,180,45,2929.117032698988,2929.117032698988
19/09/2024 17:00:00,4.88,266.24,0.0851720674973233,4.6467646005097,-0.994230347387941,-0.0653395731879677,0.0850691278224281,23.87,0.10635501243391071,0.10716620071678146,180,40,91.39298928470816,92.09005959994465
20/09/2024 06:00:00,6.69,96.08,0.116762526958421,1.67691234531615,0.98760427480768,-0.105195786477078,0.11649739434453,75.67999999999999,0.15676075150177457,0.9993892560153977,95,85,427.0915322515547,2722.8160402288304
20/09/2024 07:00:00,16.53,107.65,0.288502925354663,1.8788469397719,0.9135428390161,-0.290670540387365,0.284517342587971,371.90999999999997,0.4067192525081945,0.99886470511526,110,75,5445.466459211614,13373.559809258988
20/09/2024 08:00:00,25.72,120.39,0.448898683612942,2.10120188647597,0.777140194557693,-0.455763138322463,0.433973593377857,601.62,0.6291388764560522,0.9999021287436307,120,65,13626.091110725643,21656.200273010752
20/09/2024 09:00:00,33.69,135.06,0.58800142499689,2.35724168774354,0.587732427700541,-0.588964662462291,0.554699215611405,794.93,0.8086924835840154,0.999738260693119,135,55,23142.74097511589,28609.989680620118
20/09/2024 10:00:00,39.66,152.26,0.692197581340951,2.65743831908657,0.358332240107479,-0.681366134654768,0.638230519675435,928.1,0.9330957427079671,0.9995236783734537,150,50,31176.221717061515,33395.68533234248
20/09/2024 11:00:00,42.77,171.82,0.746477321077975,2.99882472077666,0.104448203980461,-0.726616901276434,0.679057031084054,963.88,0.9939615697092614,0.998980823548253,170,45,34490.148401209066,34664.31490326084
20/09/2024 12:00:00,42.39,192.24,0.739845069920396,3.3552209540339,-0.156582730873967,-0.721783866779963,0.674173492543437,919.92,0.987090915024842,0.987090915024842,180,45,32689.608283787493,32689.608283787493
20/09/2024 13:00:00,38.62,211.38,0.67404615712021,3.68927697286561,-0.4068333955485,-0.667023551885707,0.624152360803237,838.1,0.9129992435670818,0.9129992435670818,180,45,27546.64797720857,27546.64797720857
20/09/2024 14:00:00,32.15,228.03,0.561123354516177,3.97987429332267,-0.629485957543631,-0.566195170898826,0.532137630417383,679.1800000000001,0.7766385718103084,0.7766385718103084,180,45,18989.185867276512,18989.185867276512
20/09/2024 15:00:00,23.86,242.22,0.416435559525847,4.22753651418066,-0.809130491972477,-0.42624522664562,0.404503218432437,465.3,0.5874278589748742,0.5874278589748742,180,45,9839.886580116321,9839.886580116321
20/09/2024 16:00:00,14.48,254.64,0.252723675688779,4.44430640727836,-0.933650171552467,-0.256468974007808,0.250042041527882,224.62,0.358157373830971,0.358157373830971,180,45,2896.1751351568573,2896.1751351568573
20/09/2024 17:00:00,4.54,266.05,0.0792379480405426,4.64344847493091,-0.994494313856845,-0.0686697662226648,0.0791550561450584,19.6,0.10452793432391382,0.10477636579269278,180,40,73.75491045895359,73.93020370332403
21/09/2024 06:00:00,6.46,96.41,0.112748269678834,1.68267193184773,0.987438786641685,-0.110933518574307,0.112509542227848,65.65,0.15799810350228194,0.9993756340660636,95,85,373.4127178172931,2361.924373551735
21/09/2024 07:00:00,16.29,107.98,0.284314135149876,1.88460652630348,0.912979132711654,-0.296292607591369,0.280499187021609,190.7,0.40785338930359516,0.9991704090841534,110,75,2799.9950882470416,6859.50469244453
21/09/2024 08:00:00,25.46,120.72,0.444360827557756,2.10696147300755,0.776187296132992,-0.461232826432757,0.429880868546863,430.26000000000005,0.63011253652829,0.9999031627327077,120,65,9760.039918799836,15487.860052705497
21/09/2024 09:00:00,33.39,135.37,0.582765437240907,2.36265220842472,0.586569627866478,-0.594194777691673,0.550335023261762,583.43,0.8093047835242634,0.9995909656184851,135,55,16998.216834656196,20994.88885454854
21/09/2024 10:00:00,39.32,152.53,0.68626346188417,2.66215070806695,0.356858186305874,-0.68639544127908,0.633650955225177,364.86,0.9334137584490263,0.9993789779541518,155,50,12260.352380677623,13126.802900268665
21/09/2024 11:00:00,42.39,171.99,0.739845069920396,3.00179178050505,0.102917146354856,-0.731367324220845,0.674173492543437,315.38,0.9938674427685025,0.9987889034366373,170,50,11284.052907611891,11339.92959717048
21/09/2024 12:00:00,42.0,192.28,0.733038285837618,3.3559190857347,-0.158058967636174,-0.72614158012306,0.669130606358858,304.59000000000003,0.9866064246623454,0.9866064246623454,180,45,10818.376231964538,10818.376231964538
21/09/2024 13:00:00,38.22,211.32,0.667064840112233,3.68822977531442,-0.408389806503639,-0.671155358675025,0.618682673481098,407.03999999999996,0.9120532191699066,0.9120532191699066,180,45,13364.717123913075,13364.717123913075
21/09/2024 14:00:00,31.77,227.89,0.554491103358599,3.97743083236988,-0.630704991137706,-0.570085673686363,0.526510720509613,364.95,0.775410746560691,0.775410746560691,180,45,10187.501470463669,10187.501470463669
21/09/2024 15:00:00,23.5,242.05,0.410152374218668,4.22456945445227,-0.810091388286679,-0.429826851947397,0.398749068925246,415.12,0.585891652376934,0.585891652376934,180,45,8755.752338449662,8755.752338449662
21/09/2024 16:00:00,14.12,254.45,0.246440490381599,4.44099028169957,-0.934289688497323,-0.25997970169751,0.243953546137066,13.780000000000001,0.35633461680918965,0.35633461680918965,180,45,176.77047670670282,176.77047670670282
21/09/2024 17:00:00,4.19,265.85,0.0731292956585624,4.63995781642693,-0.99471226230084,-0.0721744267220732,0.0730641317999802,10.110000000000001,0.1026991696207031,0.1026991696207031,180,45,37.378389775151106,37.378389775151106
22/09/2024 06:00:00,6.22,96.74,0.108559479474047,1.68843151837931,0.987242844397056,-0.116673174234028,0.108346373270942,90.61,0.15911284794029285,0.9993166765131726,95,85,519.0197454673176,3259.7310261189086
22/09/2024 07:00:00,16.05,108.31,0.28012534494509,1.89036611283506,0.912364943718623,-0.30191252071483,0.276476109833981,143.7,0.4089825228222651,0.9994283058164304,110,75,2115.7483870641418,5170.242511649558
22/09/2024 08:00:00,25.19,121.05,0.439648438577372,2.11272105953914,0.775244840408772,-0.466735356282673,0.425621362968619,599.4599999999999,0.6309914874199688,0.9998567908193604,120,65,13617.14965375588,21577.469465684655
22/09/2024 09:00:00,33.09,135.68,0.577529449484924,2.36806272910591,0.585351385871031,-0.599413114242917,0.545955743199457,237.89999999999998,0.8098980860573908,0.9993960803972852,135,55,6936.291168229917,8559.22779095451
22/09/2024 10:00:00,38.98,152.79,0.68032934242739,2.66668856412214,0.355452865953212,-0.691339654625315,0.629049077599036,498.53,0.9336558263581471,0.999398612587131,155,50,16756.395808115773,17936.286851990244
22/09/2024 11:00:00,42.01,172.16,0.733212818762818,3.00475884023344,0.10135438168806,-0.736082835657978,0.669260299406995,840.47,0.9937276606984047,0.9989802938475423,170,50,30067.138331538776,30226.06683252158
22/09/2024 12:00:00,41.6,192.32,0.726056968829641,3.35661721743549,-0.159558745328935,-0.730577162894042,0.663926212652242,775.1,0.9860627932363082,0.9864181191435809,180,50,27514.701757348652,27524.616629334825
22/09/2024 13:00:00,37.83,211.25,0.660258056029455,3.68700804483802,-0.409744750683558,-0.675238451086294,0.613320693815113,725.6800000000001,0.9111489093197239,0.9114976059836277,180,50,23803.291458544943,23812.400977567166
22/09/2024 14:00:00,31.39,227.75,0.54785885220102,3.97498737141709,-0.631881073753655,-0.573960356362244,0.520860651188447,348.65,0.774155358624582,0.7744819145190815,180,50,9716.733568240577,9720.8323018948
22/09/2024 15:00:00,23.13,241.88,0.403694655986288,4.22160239472389,-0.811066683324772,-0.433433177869619,0.392818680210599,68.93,0.5842482918165071,0.5845280578632133,180,50,1449.8004511768263,1450.4946850264068
22/09/2024 16:00:00,13.77,254.26,0.240331837999619,4.43767415612078,-0.934839350958675,-0.263475835228662,0.238024940184263,13.780000000000001,0.354614599064791,0.35483368181987185,180,50,175.9172103040615,176.02589287720204
22/09/2024 17:00:00,3.84,265.65,0.0670206432765822,4.63646715792294,-0.994880747021823,-0.0756786223186249,0.0669704810289849,11.32,0.10086814830727545,0.10102098351026131,180,50,41.105787798180884,41.168071200101686
23/09/2024 06:00:00,5.99,97.06,0.10454522219446,1.6940165719857,0.986999506897897,-0.122237602189239,0.104354884860902,139.43,0.16022508415907974,0.9992104326857526,95,85,804.2466054348176,5015.516782657482
23/09/2024 07:00:00,15.8,108.64,0.275762021815104,1.89612569936664,0.911745333114268,-0.307544979825515,0.272280247040574,368.05,0.4099983498200399,0.999640706059723,110,75,5432.396135445565,13245.039427150119
23/09/2024 08:00:00,24.92,121.37,0.434936049596987,2.11830611314552,0.774329944081612,-0.472096693300085,0.421352405800291,602.15,0.6317639166188876,0.9997640733826485,120,65,13694.999126114273,21672.285724345023
23/09/2024 09:00:00,32.78,135.99,0.572118928803741,2.37347324978709,0.584143492394556,-0.604687054111896,0.541414764189681,794.7,0.8104163676512776,0.9991466496182194,135,55,23185.36394540893,28584.786328257564
23/09/2024 10:00:00,38.63,153.05,0.67422069004541,2.67122642017732,0.354046967456079,-0.696357915149598,0.624288714333087,919.0,0.9338381872583644,0.9993675963291673,155,50,30895.10258725573,33063.07755695417
23/09/2024 11:00:00,41.63,172.32,0.726580567605239,3.00755136703663,0.0998894592087232,-0.740745659590315,0.664317667789362,884.0,0.9935298067867036,0.9991260289561861,170,50,31618.092571180056,31796.186745501665
23/09/2024 12:00:00,41.2,192.37,0.719075651821664,3.35748988206149,-0.161185266243425,-0.734947280472959,0.65868946011868,365.89,0.9854499897830653,0.9863997037871186,180,50,12980.386683422126,12992.896354272078
23/09/2024 13:00:00,37.43,211.18,0.653276739021478,3.68578631436162,-0.411126304920979,-0.679385308554153,0.607791710969145,777.6200000000001,0.9101715990924131,0.9111203214357299,180,50,25479.634999904723,25506.193836774684
23/09/2024 14:00:00,31.01,227.62,0.541226601043442,3.97271844338949,-0.63311507764,-0.577708371182096,0.515187670981193,659.49,0.7727942025456005,0.7737065390573368,180,50,18347.40175092473,18369.062115945228
23/09/2024 15:00:00,22.77,241.7,0.397411470679109,4.21846080207029,-0.811858167957318,-0.437140584380917,0.387032846936919,364.53000000000003,0.5827786221586271,0.5836490340795426,180,50,7647.850480877437,7659.272966148565
23/09/2024 16:00:00,13.42,254.07,0.234223185617639,4.43435803054199,-0.935341233509504,-0.266968521411664,0.232087452207547,107.22,0.3528858631377988,0.3536926909578231,180,50,1362.1112008428524,1365.2254916819204
23/09/2024 17:00:00,3.49,265.46,0.0609119908946021,4.63315103234415,-0.995013573241334,-0.0790082582016187,0.060874331219807,4.59,0.09891192754982366,0.09965310301190576,180,50,16.34420690833286,16.46667874168731
24/09/2024 06:00:00,5.76,97.39,0.100530964914873,1.69977615851728,0.986686582071984,-0.127973102452151,0.100361714851215,122.08000000000001,0.1614570976962016,0.9990498367616811,95,85,709.5845695230825,4390.704146587177
24/09/2024 07:00:00,15.56,108.97,0.271573231610318,1.90188528589822,0.91102948392944,-0.313159134557842,0.268247340814857,367.34999999999997,0.411116461361805,0.9998018822235821,110,75,5436.850754925326,13221.979971653982
24/09/2024 08:00:00,24.65,121.7,0.430223660616602,2.1240656996771,0.773278810997265,-0.47758672759809,0.417074091840771,600.36,0.632620732287132,0.9996187910044525,120,65,13672.806582092491,21604.72094522759
24/09/2024 09:00:00,32.48,136.3,0.566882941047758,2.37888377046827,0.582813857093658,-0.609879863930527,0.537005176466387,799.08,0.8109701893060655,0.998875347215854,135,60,23329.08211934487,28734.52724831681
24/09/2024 10:00:00,38.29,153.31,0.668286570588629,2.67576427623251,0.352541144537663,-0.701254923342324,0.619642053040484,931.48,0.9340152092490905,0.9992931342178832,155,50,31320.593536008342,33509.576471805856
24/09/2024 11:00:00,41.25,172.48,0.719948316447661,3.01034389383982,0.0983949776231678,-0.74537341278621,0.659345815100069,972.0799999999999,0.9932864917015192,0.9992225915122805,170,50,34759.941582715655,34967.67468326128
24/09/2024 12:00:00,40.8,192.41,0.712094334813686,3.35818801376229,-0.162682616952482,-0.73930770347853,0.653420603990105,924.25,0.9848076305615348,0.9863532261635155,180,50,32767.504291673948,32818.93089413865
24/09/2024 13:00:00,37.04,211.11,0.6464699549387,3.68456458388523,-0.412424022978779,-0.683413404749697,0.602372429215039,839.7,0.909187882350065,0.9107225749777355,180,50,27484.022333136585,27530.414863516962
24/09/2024 14:00:00,30.62,227.48,0.534419816960664,3.9702749824367,-0.634271563008574,-0.581610242342467,0.509341840379324,683.4899999999999,0.7714196156421658,0.7729379182982975,180,50,18981.273351429496,19018.632159997316
24/09/2024 15:00:00,22.4,241.53,0.39095375244673,4.2154937423419,-0.812737752738101,-0.440729751142898,0.381070376350274,451.98999999999995,0.5811004429303912,0.5825658931167697,180,50,9455.45721120387,9479.302489074553
24/09/2024 16:00:00,13.06,253.88,0.227940000310459,4.4310419049632,-0.9358332501756,-0.270468305947169,0.22597128875997,196.34000000000003,0.3510358038669191,0.35244228737044025,180,50,2481.205310324313,2491.1466732832414
24/09/2024 17:00:00,3.14,265.26,0.054803338512622,4.62966037384016,-0.995083747564874,-0.0825102116830119,0.0547759098534336,6.43,0.09707594750122106,0.09900657974647514,180,55,22.47114032758265,22.918043079714064
25/09/2024 06:00:00,5.53,97.72,0.0965167076352864,1.70553574504886,0.986324429794001,-0.133706897573148,0.0963669275887815,126.34,0.16268676194552856,0.999172242609804,100,85,739.9384381511308,4544.475160727615
25/09/2024 07:00:00,15.31,109.3,0.267209908480332,1.9076448724298,0.910306729217694,-0.318784882856324,0.264041392973268,377.05,0.4121204118928058,0.999915834079875,110,75,5594.040046950568,13572.65754863341
25/09/2024 08:00:00,24.38,122.02,0.425511271636217,2.12965075328348,0.772257257785254,-0.482934798835952,0.412786516096733,615.53,0.6333706158422328,0.9994284801284199,120,65,14034.910146097302,22146.415645444064
25/09/2024 09:00:00,32.18,136.6,0.561646953291775,2.38411975822425,0.581536525149538,-0.614957633160067,0.532580866474913,805.58,0.811432254764531,0.9989904752572989,135,60,23532.24944855559,28971.602894079897
25/09/2024 10:00:00,37.94,153.56,0.662177918206649,2.68012759936249,0.351156855334425,-0.706162613014999,0.61483593497084,937.9899999999999,0.9340870312183698,0.9991629369751256,155,50,31541.91459885067,33739.37435711873
25/09/2024 11:00:00,40.87,172.64,0.713316065290082,3.01313642064301,0.0968711878136762,-0.749965763385033,0.654344960033981,978.23,0.992997635422571,0.9993933869128226,175,50,34969.68276837918,35194.9173436703
25/09/2024 12:00:00,40.4,192.44,0.705113017805709,3.35871161253789,-0.164048389482444,-0.743659007713975,0.648119901063131,923.8399999999999,0.9841363043087049,0.9862792924293101,180,50,32730.64140141194,32801.91341464418
25/09/2024 13:00:00,36.64,211.05,0.639488637930722,3.68351738633403,-0.41386713918823,-0.68743102477991,0.596785201953093,850.96,0.9080780024327073,0.9102088500199619,180,50,27818.57005020492,27883.847628467523
25/09/2024 14:00:00,30.24,227.34,0.527787565803085,3.96783152148391,-0.635318793648064,-0.585434625907722,0.503623201635761,686.5999999999999,0.7700801749602864,0.7721916959481809,180,50,19034.533732598375,19086.725463768755
25/09/2024 15:00:00,22.04,241.35,0.38467056713955,4.21235214968831,-0.813434306864419,-0.444420088560165,0.375253798515321,460.77,0.5795969639126124,0.5816540314254159,180,50,9614.19215023252,9648.314210156
25/09/2024 16:00:00,12.71,253.69,0.221831347928479,4.42772577938441,-0.936238575901926,-0.273952705052504,0.220016463901112,210.92,0.3492889490641852,0.35128380430556355,180,50,2652.192904918246,2667.3400801486605
25/09/2024 17:00:00,2.8,265.06,0.0488692190558412,4.62616971533617,-0.995095993169065,-0.086009676024196,0.0488497697956133,1.84,0.09536002864624687,0.09891144930602963,180,60,6.316648297527394,6.551894402031404
26/09/2024 06:00:00,5.3,98.04,0.0925024503556995,1.71112079865524,0.985937387826378,-0.13926644197679,0.0923705874465616,116.8,0.16379211427915985,0.9994059582199984,100,85,688.7130821210113,4202.302173123449
26/09/2024 07:00:00,15.07,109.62,0.263021118275545,1.91322992603618,0.909545936097587,-0.324232531895571,0.259998952668951,367.62,0.4131140445182574,0.9999787403946553,110,75,5467.283461648864,13234.038643579794
26/09/2024 08:00:00,24.11,122.34,0.420798882655833,2.13523580688986,0.771182946308243,-0.488275504239231,0.408489773780522,602.05,0.634108809220407,0.9991895482342191,120,65,13743.547509281258,21656.234430518816
26/09/2024 09:00:00,31.87,136.91,0.556236432610593,2.38953027890544,0.580160829229211,-0.620190310211722,0.527993741769315,801.6700000000001,0.8118887292060387,0.9990588218343239,135,60,23431.206151533785,28832.95748519721
26/09/2024 10:00:00,37.6,153.81,0.656243798749868,2.68449092249248,0.349676435868677,-0.71094955458603,0.610145163901267,926.42,0.9341550340321008,0.9989919296921215,155,50,31155.116638608673,33317.4997261935
26/09/2024 11:00:00,40.49,172.8,0.706683814132504,3.0159289474462,0.0953183435691038,-0.754522382216631,0.649315322561683,958.5600000000001,0.9926631607341044,0.9995340122037149,175,50,34254.979176718196,34492.07961856775
26/09/2024 12:00:00,40.01,192.48,0.698306233722931,3.35940974423869,-0.165517045795426,-0.747834413303234,0.642921299873136,912.04,0.9834127957609442,0.9861362422460993,180,50,32288.82502484922,32378.24514161277
26/09/2024 13:00:00,36.25,210.98,0.632681853847945,3.68229565585764,-0.415108356661597,-0.691402886876997,0.591309648363582,839.0799999999999,0.9070147319816018,0.9097318549047579,180,50,27398.085167200403,27480.16097328543
26/09/2024 14:00:00,29.86,227.21,0.521155314645507,3.96556259345632,-0.636426056903555,-0.589130698304646,0.497882410222807,670.0699999999999,0.7686343402784306,0.7713329420791684,180,50,18541.397246053246,18606.49432196358
26/09/2024 15:00:00,21.67,241.18,0.378212848907171,4.20938508995992,-0.814218290947743,-0.447990478794699,0.36926021393515,442.53000000000003,0.5778835067586796,0.5805365071186047,180,50,9206.308376853067,9248.573537827062
26/09/2024 16:00:00,12.36,253.5,0.215722695546499,4.42440965380562,-0.936596166805867,-0.277432423937653,0.21405342901396,197.36,0.3475329794793398,0.3501164586795582,180,50,2469.2079178815306,2487.563434259914
26/09/2024 17:00:00,2.45,264.87,0.0427605666738611,4.62285358975738,-0.995083951705349,-0.0893340761071592,0.0427475368243223,0.0,0.09339580417390726,0.0427475368243223,0,0,0.0,0.0
27/09/2024 06:00:00,5.06,98.37,0.0883136601509131,1.71688038518682,0.985493078270432,-0.14499774278084,0.0881989074168674,120.21,0.16489493270478622,0.9995979206889481,100,85,713.5927149759245,4325.819977656664
27/09/2024 07:00:00,14.82,109.94,0.25865779514556,1.91881497964257,0.908778708495859,-0.329691066861374,0.25578322739462,363.88,0.4139928436788216,0.9999945531923282,110,75,5423.173774482586,13099.608648562478
27/09/2024 08:00:00,23.84,122.66,0.416086493675448,2.14082086049625,0.770055952211169,-0.493608302902064,0.404183960308042,603.6700000000001,0.6348349974126837,0.999103802833188,125,65,13796.310343972133,21712.643735627185
27/09/2024 09:00:00,31.56,137.2,0.55082591192941,2.39459173373622,0.578946865182959,-0.625205742248422,0.523391160753049,791.37,0.8121806589622074,0.9990854455387213,135,60,23138.474690985193,28463.264965295202
27/09/2024 10:00:00,37.25,154.06,0.650135146367888,2.68885424562246,0.348194910539757,-0.715806881996352,0.605293988042894,929.36,0.9341593838361988,0.9991412857840705,155,55,31254.133138632347,33428.23003282621
27/09/2024 11:00:00,40.11,172.95,0.700051562974926,3.01854694132419,0.0938691781173899,-0.759026571127889,0.644257123919795,944.98,0.9922714166967325,0.9996231900468384,175,50,33756.35916060281,34006.46119669661
27/09/2024 12:00:00,39.61,192.52,0.691324916714954,3.36010787593948,-0.167008043390788,-0.752082125544749,0.637558459969651,906.68,0.9826242814292765,0.9859430115619876,180,50,32073.32820550667,32181.653150028826
27/09/2024 13:00:00,35.85,210.91,0.625700536839967,3.68107392538124,-0.416373804726513,-0.69543445609293,0.585665238866281,832.29,0.9058742816816754,0.9091920596108107,180,50,27142.203812430296,27241.612534565338
27/09/2024 14:00:00,29.48,227.07,0.514523063487928,3.96311913250352,-0.637388396311186,-0.592920074508786,0.492119718658325,662.9100000000001,0.7672389956057131,0.7705315859271429,180,50,18309.9744927714,18388.551370570643
27/09/2024 15:00:00,21.31,241.01,0.371929663599992,4.20641803023153,-0.814898863428545,-0.451519906957984,0.363413835734853,375.97999999999996,0.576245175675838,0.5794822264817844,180,50,7799.639801421656,7843.454190454366
27/09/2024 16:00:00,12.01,253.31,0.209614043164519,4.42109352822684,-0.93690604586981,-0.280907054505673,0.208082406612249,175.4,0.34576776388523817,0.34945675320552433,180,55,2183.315968276948,2206.609722440963
27/09/2024 17:00:00,2.11,264.67,0.0368264472170804,4.61936293125339,-0.995001111205019,-0.092828952684757,0.0368181238553562,0.0,0.09167432698252531,0.0368181238553562,0,0,0.0,0.0
28/09/2024 06:00:00,4.83,98.69,0.0842994028713261,1.7224654387932,0.985009946343707,-0.150551764942172,0.0841995942790926,122.03,0.16599427799811545,0.9997361518667306,100,85,729.226142787961,4391.920894042697
28/09/2024 07:00:00,14.57,110.26,0.254294472015574,1.92440003324895,0.907961580516387,-0.335144760212762,0.251562632376344,324.08,0.4148647758720349,0.9999622128582116,110,75,4840.177556325926,11666.439141951212
28/09/2024 08:00:00,23.57,122.97,0.411374104695064,2.14623138117743,0.768963425167698,-0.498798452885435,0.399869171296637,552.43,0.635453971091947,0.9991672287998902,125,65,12637.578141011674,19870.91827941324
28/09/2024 09:00:00,31.25,137.5,0.545415391248228,2.3998277214922,0.577570088201029,-0.630307147217111,0.518773258160521,754.0899999999999,0.8125225467711106,0.9990573537547695,135,60,22057.744582606563,27121.649756145627
28/09/2024 10:00:00,36.9,154.3,0.644026493985908,2.69304303582725,0.346790516958215,-0.720577470066522,0.600420225325884,823.47,0.9340864283437715,0.9994013283435524,155,55,27690.917441336842,29627.172426638346
28/09/2024 11:00:00,39.73,173.1,0.693419311817347,3.02116493520218,0.0923930369429004,-0.763494916779597,0.639170586601248,909.21,0.9918342891770378,0.999664998055338,175,50,32464.283546255563,32720.59486374818
28/09/2024 12:00:00,39.21,192.55,0.684343599706977,3.36063147471508,-0.168364886456805,-0.756320865324957,0.632164546366288,884.12,0.9818074501854746,0.9857229337844821,180,50,31249.281702887343,31373.904967831306
28/09/2024 13:00:00,35.46,210.84,0.618893752757189,3.67985219490485,-0.417557866218449,-0.699349299839906,0.580134454391849,806.52,0.9047316390352959,0.9086358841768493,180,50,26268.629814530887,26381.988479027248
28/09/2024 14:00:00,29.1,226.93,0.50789081233035,3.96067567155073,-0.638308030046512,-0.596691508676368,0.486335380423491,633.5100000000001,0.7658156574898812,0.7697025711662207,180,50,17465.46757835093,17554.11393094245
28/09/2024 15:00:00,20.94,240.84,0.365471945367613,4.20345097050314,-0.815588007643653,-0.455069786953045,0.357390110090313,412.59000000000003,0.5744959026414826,0.5783296161172787,180,50,8533.125520950576,8590.06858729781
28/09/2024 16:00:00,11.66,253.11,0.203505390782539,4.41760286972285,-0.937118592755732,-0.284539751341311,0.202103619507773,166.76999999999998,0.344108827546867,0.3490031928436324,180,55,2065.933050119676,2095.3174489391727
28/09/2024 17:00:00,1.76,264.47,0.0307177948351002,4.6158722727494,-0.994876318443716,-0.0963214660702354,0.0307129642652526,0.0,0.08982690713439354,0.0307129642652526,0,0,0.0,0.0
29/09/2024 06:00:00,4.59,99.01,0.0801106126665397,1.72805049239959,0.984493456034644,-0.1561045868076,0.0800249523748087,95.27,0.16696879839433584,0.9998261679162597,100,85,572.6562272290215,3429.123804625754
29/09/2024 07:00:00,14.32,110.58,0.249931148885588,1.92998508685533,0.90709459905086,-0.340593121099493,0.247337247968167,330.51000000000005,0.4157295508332521,0.9998816205915247,110,75,4946.499858452335,11896.951479181376
29/09/2024 08:00:00,23.29,123.29,0.406487182789479,2.15181643478381,0.767789938216712,-0.504151918022367,0.395385197405702,560.31,0.6360687942481738,0.9991839464230159,125,65,12830.24541978699,20154.69925273008
29/09/2024 09:00:00,30.95,137.79,0.540179403492245,2.40488917632299,0.576189490181685,-0.635225638662258,0.514289859311162,759.1500000000001,0.8128302036960364,0.9993101121081507,140,60,22214.16176889046,27310.545777848496
29/09/2024 10:00:00,36.56,154.54,0.638092374529127,2.69723182603204,0.345294724513875,-0.725227995665097,0.595664257385378,865.2,0.9340118693487679,0.9996081591212804,155,55,29091.854496979944,31134.995253782345
29/09/2024 11:00:00,39.35,173.25,0.686787060659769,3.02378292908018,0.0908901633367336,-0.76792711264148,0.634055934345497,857.9399999999999,0.9913517196330695,0.9996593623672656,175,50,30618.730596311838,30875.319120577384
29/09/2024 12:00:00,38.82,192.58,0.677536815624199,3.36115507349068,-0.169694161379288,-0.760414759260208,0.626875813453526,707.6800000000001,0.9809625714420505,0.9854595064970346,180,50,24991.473332091973,25106.039408081575
29/09/2024 13:00:00,35.06,210.77,0.611912435749212,3.67863046442845,-0.418764971141362,-0.703321798644789,0.574433935710655,757.9,0.9035097444627314,0.9080147720345686,180,50,24651.721271818944,24774.63824609998
29/09/2024 14:00:00,28.72,226.8,0.501258561172771,3.95840674352314,-0.639289799315123,-0.600333080888421,0.480529649951641,502.36,0.7642853665088178,0.7687603257109956,180,50,13822.07028189731,13902.999740070327
29/09/2024 15:00:00,20.58,240.66,0.359188760060433,4.20030937784955,-0.816095763729979,-0.45872104068621,0.351514880558052,168.5,0.572923314272747,0.5773829307513337,180,55,3475.3528243784835,3502.4048579375904
29/09/2024 16:00:00,11.3,252.92,0.197222205475359,4.41428674414406,-0.937365233479894,-0.288013068487656,0.195946144242518,162.92,0.34221084113920885,0.34831658496496026,180,55,2007.1076485823967,2042.9185688096877
29/09/2024 17:00:00,1.42,264.27,0.0247836753783195,4.61238161424541,-0.9946978647457,-0.099810084933921,0.0247811383077486,0.0,0.08809929883051147,0.0247811383077486,0,0,0.0,0.0
30/09/2024 06:00:00,4.36,99.33,0.0760963553869528,1.73363554600597,0.983915318713982,-0.161651349824767,0.0760229353537033,51.76,0.16806109876336178,0.9998697016779655,100,85,313.1583289916978,1863.1172073186538
30/09/2024 07:00:00,14.07,110.9,0.245567825755602,1.93557014046171,0.906177815865221,-0.346035659157525,0.243107154615318,227.7,0.41658687870610067,0.9997526821999418,110,75,3414.845962129648,8195.172686529362
30/09/2024 08:00:00,23.02,123.6,0.401774793809095,2.15722695546499,0.766594395036702,-0.509324098337261,0.391052421487514,358.12,0.6366623427892424,0.9991539499205384,125,65,8208.054655188605,12881.412451639555
30/09/2024 09:00:00,30.64,138.08,0.534768882811063,2.40995063115377,0.574817579677903,-0.64019495083065,0.509642202946518,564.31,0.8130576486960746,0.9995192929633023,140,60,16517.39622248454,20305.394359636357
30/09/2024 10:00:00,36.21,154.78,0.631983722147147,2.70142061623682,0.343797915663892,-0.729946276240607,0.59074649976757,849.18,0.933870817779468,0.9997721408419322,155,55,28548.87915751087,30563.514236165473
30/09/2024 11:00:00,38.97,173.4,0.68015480950219,3.02640092295817,0.0893608031807635,-0.772322854806262,0.628913392128673,770.5,0.9908236522520801,0.9996062120902557,175,50,27483.4664661682,27727.07711095951
30/09/2024 12:00:00,38.42,192.61,0.670555498616221,3.36167867226628,-0.171043569143638,-0.764578093830851,0.621421303053402,846.9599999999999,0.9800495722573204,0.9851427141076148,180,50,29882.26028588616,30037.55303306107
30/09/2024 13:00:00,34.67,210.7,0.605105651666434,3.67740873395205,-0.419891939708574,-0.707178624003841,0.568848971801659,661.3000000000001,0.9022877659752361,0.9073793260677017,180,50,21480.58438701925,21601.798139828563
30/09/2024 14:00:00,28.35,226.66,0.494800842940392,3.95596328257035,-0.640064570606021,-0.604010558230562,0.474856389870595,382.62,0.7628741350003632,0.7679307355070131,180,50,10508.072455218202,10577.72368870896
30/09/2024 15:00:00,20.22,240.49,0.352905574753253,4.19734231812116,-0.816637132614079,-0.462219231649923,0.345625773820196,281.29999999999995,0.5712326815156047,0.5768706281745821,180,55,5784.759119172225,5841.853477398357
30/09/2024 16:00:00,10.96,252.73,0.191288086018578,4.41097061856527,-0.937498846166656,-0.291459968906035,0.19012364387809,96.1,0.34053103830797116,0.3478004714794547,180,55,1178.101180130257,1203.2505111303215
30/09/2024 17:00:00,1.08,264.07,0.0188495559215388,4.60889095574143,-0.994472161719839,-0.103294994479721,0.0188484397154082,0.0,0.08636845059678859,0.0188484397154082,0,0,0.0,0.0
01/10/2024 06:00:00,4.12,99.65,0.0719075651821664,1.73922059961235,0.98330245990666,-0.167195933886522,0.0718456124848582,92.79,0.16902789842452157,0.9998635157256792,100,85,564.6275530132089,3339.984082470688
01/10/2024 07:00:00,13.82,111.22,0.241204502625616,1.94115519406809,0.905211287594592,-0.351471884557476,0.238872432852676,340.12,0.4174364700756622,0.999575308110598,110,75,5111.225719276832,12239.119936604757
01/10/2024 08:00:00,22.74,123.91,0.39688787190351,2.16263747614617,0.765404355058702,-0.514524314042538,0.386550001314486,575.29,0.6371557587419774,0.9990709180838351,125,65,13195.776112080197,20691.19830472018
01/10/2024 09:00:00,30.33,138.37,0.52935836212988,2.41501208598455,0.57339334711432,-0.645147770132669,0.504979627487963,769.4399999999999,0.8132628820859856,0.9996809465319836,140,60,22527.251711720666,27691.002269984496
01/10/2024 10:00:00,35.86,155.01,0.625875069765167,2.70543487351641,0.342383108992877,-0.734577646741861,0.585806698138184,903.6099999999999,0.9336527240372368,0.99988734448155,155,55,30371.685766822346,32526.295320491037
01/10/2024 11:00:00,38.59,173.54,0.673522558344612,3.02884438391096,0.0879407601405089,-0.776666505285729,0.623743186153695,932.28,0.9902391892561773,0.9995028257711231,175,50,33234.48688895097,33545.3937987565
01/10/2024 12:00:00,38.02,192.64,0.663574181608244,3.36220227104188,-0.172389027070639,-0.768702962523696,0.615936505455662,890.01,0.9790879573067375,0.9847769869108984,180,50,31370.3306237725,31552.609180340474
01/10/2024 13:00:00,34.28,210.63,0.598298867583656,3.67618700347566,-0.420990691926334,-0.711006459031703,0.563237651907776,817.3900000000001,0.9010266517323289,0.9067047309181958,180,50,26513.646294941584,26680.72968018807
01/10/2024 14:00:00,27.97,226.53,0.488168591782814,3.95369435454276,-0.640964008829976,-0.607614615354718,0.469009188174331,640.0999999999999,0.7612879922622438,0.7669330946379594,180,50,17542.81597849424,17672.89945959928
01/10/2024 15:00:00,19.86,240.32,0.346622389446074,4.19437525839277,-0.817132725361672,-0.465706320781406,0.339723022368595,418.14,0.5695245503079924,0.576341405222979,180,55,8573.075836768221,8675.690226477713
01/10/2024 16:00:00,10.61,252.54,0.185179433636598,4.40765449298648,-0.937617584701187,-0.294910192556824,0.184122902391879,147.33,0.33872754985100706,0.34746116978510944,180,60,1796.5702771037593,1842.8923491998462
01/10/2024 17:00:00,0.73,263.87,0.0127409035395586,4.60540029723744,-0.994201467966201,-0.106776023780621,0.0127405588358882,0.0,0.0845109860323758,0.0127405588358882,0,0,0.0,0.0
02/10/2024 06:00:00,3.88,99.97,0.06771877497738,1.74480565321873,0.982641113006351,-0.172735683092989,0.0676670290173708,85.15,0.16999038794887283,0.9998088137947466,100,85,521.0885352184748,3064.8139378064166
02/10/2024 07:00:00,13.57,111.53,0.23684117949563,1.94656571474928,0.904257352995033,-0.356743490806394,0.23463316330324,329.94,0.4181664423563336,0.9993538033221029,110,75,4966.914095677754,11870.164579251406
02/10/2024 08:00:00,22.47,124.21,0.392175482923126,2.16787346390216,0.764197768057199,-0.5195432688521,0.382199637737753,565.81,0.6376285241365527,0.9989883831476392,125,70,12987.957428701302,20348.554214475564
02/10/2024 09:00:00,30.02,138.65,0.523947841448698,2.41989900789014,0.572030419694546,-0.649983721450866,0.500302269426158,770.3,0.8133750244530309,0.9997918037073568,140,60,22555.540128102108,27725.026550247967
02/10/2024 10:00:00,35.51,155.24,0.619766417383186,2.709449130796,0.340923968909516,-0.73918190630907,0.580845036828475,903.46,0.9334000028415073,0.9999545349385652,155,55,30358.424396418774,32523.081268881462
02/10/2024 11:00:00,38.21,173.67,0.666890307187033,3.03111331193855,0.0866325403456405,-0.780958522041057,0.618545543840313,933.35,0.9895988152828614,0.999349866398288,175,50,33251.11395279331,33578.755120902315
02/10/2024 12:00:00,37.63,192.67,0.656767397525466,3.36272586981748,-0.173707059220556,-0.772685213436218,0.610559922132114,877.2199999999999,0.9781020154036727,0.9843715669507174,180,50,30888.38339828675,31086.375334578297
02/10/2024 13:00:00,33.89,210.56,0.591492083500878,3.67496527299926,-0.422061249657772,-0.714805063171146,0.557600236013413,783.62,0.8997264154710995,0.9059909694232784,180,50,25381.570092892667,25558.295164540898
02/10/2024 14:00:00,27.59,226.39,0.481536340625235,3.95125089358996,-0.641715558509681,-0.611311071382221,0.463141356361239,639.53,0.7597525977197495,0.7664036825277094,180,55,17491.84483750961,17644.973295130054
02/10/2024 15:00:00,19.5,240.15,0.340339204138894,4.19140819866438,-0.817582593773148,-0.469181929626085,0.333806859233771,415.61999999999995,0.567798817819577,0.575795085545503,180,55,8495.587607838212,8615.230324359189
02/10/2024 16:00:00,10.26,252.35,0.179070781254618,4.40433836740769,-0.93768878691025,-0.298353284340694,0.17811529026421,156.57,0.336914160125416,0.34743916867366786,180,60,1899.0234018301094,1958.3478230125022
02/10/2024 17:00:00,0.39,263.67,0.0068067840827778,4.60190963873345,-0.993880337626634,-0.110252178596049,0.0068067315205617,0.0,0.08277314914176188,0.0068067315205617,0,0,0.0,0.0
03/10/2024 06:00:00,3.65,100.28,0.063704517697793,1.75021617389991,0.981951506946903,-0.178096769481426,0.0636614381316129,81.72999999999999,0.1709488680106851,0.999710558807408,100,85,502.9794353704785,2941.42838296786
03/10/2024 07:00:00,13.32,111.84,0.232477856365645,1.95197623543046,0.903255666366677,-0.362008167383172,0.230389426676591,333.43,0.4188883559182541,0.999085509795303,110,75,5028.118002497644,11992.502935117724
03/10/2024 08:00:00,22.19,124.51,0.387288561017542,2.17310945165814,0.76299698563847,-0.524589393951043,0.37767918616292,559.89,0.638000231450141,0.999237782511889,125,70,12859.5581851183,20140.676713820936
03/10/2024 09:00:00,29.7,138.93,0.518362787842316,2.42478592979572,0.570674045570032,-0.654867804665887,0.495458668432407,731.47,0.8134036497062083,0.9998551188139503,140,60,21419.293235421606,26329.104855318248
03/10/2024 10:00:00,35.16,155.46,0.613657765001206,2.71328885515039,0.339550551022219,-0.743699350973699,0.575861700985406,950.73,0.9330705680299374,0.9999745177219264,155,55,31935.534521151683,34225.407836415616
03/10/2024 11:00:00,37.83,173.81,0.660258056029455,3.03355677289134,0.085164514644639,-0.785229095222211,0.613320693815113,903.75,0.9889240396553072,0.9991523845543657,175,50,32174.64363018542,32507.422831476288
03/10/2024 12:00:00,37.24,192.69,0.649960613442688,3.36307493566787,-0.174885691364514,-0.776661032943544,0.605155050266478,90.97999999999999,0.9770915227904412,0.9839430367239743,180,50,3200.248322765076,3222.6889493212984
03/10/2024 13:00:00,33.5,210.49,0.5846852994181,3.67374354252286,-0.42310363661637,-0.718574197231323,0.551936985312058,77.2,0.8983870727497643,0.9052380262440678,180,50,2496.7973525861453,2515.8375225375135
03/10/2024 14:00:00,27.22,226.26,0.475078622392856,3.94898196556237,-0.642474353976808,-0.614820537185651,0.457408364087093,161.84,0.7581803270741584,0.7659901593367187,180,55,4417.3405488125445,4462.842505933963
03/10/2024 15:00:00,19.14,239.97,0.334056018831715,4.18826660601079,-0.817904288603891,-0.472788438828034,0.327877517975713,138.33,0.5661563275211448,0.5753484345023204,180,55,2819.3905722959985,2865.1661620094155
03/10/2024 16:00:00,9.91,252.16,0.172962128872638,4.4010222418289,-0.937712499565864,-0.301788838520065,0.172101031672242,36.76,0.3350907407485929,0.3474073165730969,180,60,443.4456826770579,459.74494646017354
03/10/2024 17:00:00,0.06,263.47,0.0010471975511966,4.59841898022946,-0.993511901664387,-0.113723368877742,0.0010471973597998,0.0,0.08115504566718554,0.0010471973597998,0,0,0.0,0.0
04/10/2024 06:00:00,3.41,100.6,0.0595157274930066,1.7558012275063,0.981195024570564,-0.183625657720419,0.0594805983890075,71.73,0.1719020822438491,0.9995604477836251,100,85,443.89930893664666,2581.1449531026997
04/10/2024 07:00:00,13.06,112.15,0.227940000310459,1.95738675611164,0.902242837486605,-0.36728032735266,0.22597128875997,201.13,0.4194922407031192,0.9987644366271764,110,75,3037.409077414261,7231.733680997664
04/10/2024 08:00:00,21.91,124.81,0.382401639111958,2.17834543941412,0.761746113469765,-0.529624535785943,0.373149714869557,298.57,0.6383577945191081,0.99943962048845,125,70,6861.401521544524,10742.496749612515
04/10/2024 09:00:00,29.39,139.2,0.512952267161134,2.42949831877611,0.569325030333678,-0.659569395867882,0.490751690644092,567.88,0.813399840814494,0.999869774251601,140,60,16628.886057662454,20441.01770647197
04/10/2024 10:00:00,34.81,155.68,0.607549112619226,2.71712857950477,0.338134882649148,-0.748189299318429,0.570856876564735,694.1800000000001,0.9327064956651687,0.9999471351519704,155,55,23308.78302579049,24989.158882072617
04/10/2024 11:00:00,37.45,173.94,0.653625804871876,3.03582570091894,0.083810257865631,-0.789447968518395,0.60806886590145,766.8000000000001,0.98819363044063,0.998974618912714,175,55,27278.887529587508,27576.49456016169
04/10/2024 12:00:00,36.84,192.72,0.642979296434711,3.36359853444347,-0.176218287103016,-0.780671492257214,0.599582468445646,547.3699999999999,0.9759869353725827,0.9834332402471708,180,50,19232.13487733606,19378.866697707377
04/10/2024 13:00:00,33.11,210.42,0.577878515335323,3.67252181204647,-0.424117878361538,-0.722313623403009,0.546248162194184,349.51000000000005,0.8970086409498903,0.904999755463012,180,55,11286.485643542264,11387.032723147586
04/10/2024 14:00:00,26.84,226.12,0.468446371235278,3.94653850460958,-0.643142666440263,-0.618477762726932,0.451500573218238,362.55,0.7565889370695276,0.7655974134820198,180,55,9874.847488844061,9992.424321284627
04/10/2024 15:00:00,18.78,239.8,0.327772833524535,4.1852995462824,-0.818262275915581,-0.476240016983207,0.321935232674661,305.74,0.564395131608344,0.574767446977395,180,55,6212.094031365663,6326.2583725992745
04/10/2024 16:00:00,9.57,251.97,0.167028009415857,4.39770611625011,-0.937661196001588,-0.30520747347925,0.166252457561638,80.08,0.33337251429675385,0.3474436542387147,180,60,961.0729540158258,1001.6383619317058
04/10/2024 17:00:00,-0.28,263.27,-0.0048869219055841,4.59492832172547,-0.993097566045625,-0.117189344646434,-0.0048869024540245,0.0,0.07940981841806292,-0.0048869024540245,0,0,0.0,0.0
05/10/2024 06:00:00,3.17,100.91,0.0553269372882203,1.76121174818748,0.980423206049318,-0.188977218624191,0.0552987150035269,44.91,0.1727291691488344,0.9993645247244373,100,85,279.26161151306945,1615.732588993481
05/10/2024 07:00:00,12.81,112.46,0.223576677180474,1.96279727679282,0.901145086100058,-0.372529671758831,0.22171868991354,204.10999999999999,0.4201970462475296,0.9984015887369477,110,75,3087.5910879449975,7336.214937975542
05/10/2024 08:00:00,21.63,125.11,0.377514717206373,2.18358142717011,0.760445264798794,-0.534648188198496,0.368611332030308,488.47999999999996,0.6387009319250949,0.9995937484350893,125,70,11231.734724163733,17578.135952480607
05/10/2024 09:00:00,29.08,139.47,0.507541746479951,2.43421070775649,0.567927762750609,-0.664253384130627,0.48603034675635,202.5,0.8133734263987431,0.9998387079510013,140,60,5929.492278446837,7288.824180962799
05/10/2024 10:00:00,34.46,155.9,0.601440460237246,2.72096830385916,0.336677208534088,-0.752651326472882,0.565830750324075,792.73,0.9323076173760506,0.9998722636505593,155,55,26606.455830810595,28534.63462429348
05/10/2024 11:00:00,37.07,174.07,0.646993553714298,3.03809462894653,0.0824336849621709,-0.793629984645152,0.602790291109349,740.98,0.9874182463723963,0.999261345227098,175,55,26339.658199092653,26655.576177109502
05/10/2024 12:00:00,36.45,192.74,0.636172512351933,3.36394760029387,-0.177386708454598,-0.784572570435518,0.594121062902038,888.07,0.9748836173117055,0.9834580669857702,180,55,31167.536184936227,31441.665799729908
05/10/2024 13:00:00,32.72,210.35,0.571071731252545,3.67130008157007,-0.425104002294081,-0.72602310527377,0.540534030235087,438.06,0.8955911392785219,0.9047608936747603,180,55,14123.615561004573,14268.224054993958
05/10/2024 14:00:00,26.47,225.98,0.461988653002899,3.94409504365679,-0.643712774222311,-0.622060588196063,0.445729165431413,273.72,0.7550413756715011,0.7652219487782933,180,55,7440.117312556919,7540.435865505401
05/10/2024 15:00:00,18.42,239.63,0.321489648217355,4.18233248655401,-0.818574718349162,-0.47967897569357,0.315980237921865,53.31,0.5626160254610298,0.5741688323664165,180,55,1079.75017142379,1101.9218563243319
05/10/2024 16:00:00,9.23,251.78,0.161093889959077,4.39438999067132,-0.937564537787857,-0.308618226529333,0.160398029091792,45.07,0.33164457483642057,0.34749023816638247,180,65,538.0999555635891,563.8098612297189
05/10/2024 17:00:00,-0.62,263.06,-0.0108210413623648,4.59126313029628,-0.992615110734641,-0.120822810658532,-0.0108208301820767,0.0,0.07778314633885165,-0.0108208301820767,0,0,0.0,0.0
06/10/2024 06:00:00,2.93,101.22,0.0511381470834339,1.76662226886866,0.979605010358126,-0.19432239294451,0.0511158613502366,42.78,0.17355105397440368,0.9991219135039034,100,85,267.2825072048996,1538.7276765490915
06/10/2024 07:00:00,12.56,112.76,0.219213354050488,1.96803326454881,0.900065718984244,-0.377613607627064,0.217461869862855,310.48,0.4207819054509445,0.9983729254062852,115,75,4703.197176158734,11159.093731685163
06/10/2024 08:00:00,21.35,125.4,0.372627795300789,2.18864288200089,0.75918873484048,-0.539527350990004,0.364064146030641,549.9,0.6389356749658022,0.9997011020856451,125,70,12648.626195893004,19790.482897328264
06/10/2024 09:00:00,28.77,139.74,0.502131225798769,2.43892309673688,0.566482420895692,-0.668919282419714,0.48129477498021,757.75,0.8133241598035791,0.999761765041254,140,60,22186.669755281833,27272.501188560367
06/10/2024 10:00:00,34.12,156.11,0.595506340780465,2.72463349528835,0.335270265980913,-0.756936997778379,0.560928007986178,861.58,0.9318712822645667,0.9997547976715359,155,55,28903.739737446194,31009.27458880231
06/10/2024 11:00:00,36.69,174.19,0.64036130255672,3.04018902404892,0.0811742539970717,-0.797760724983845,0.597485201625336,923.66,0.9865878561282598,0.9994993837138827,175,55,32805.78261089143,33235.11362740194
06/10/2024 12:00:00,36.06,192.76,0.629365728269155,3.36429666614427,-0.178549643242449,-0.78843657949371,0.588632130463717,866.4200000000001,0.9737346229707076,0.9834749555975955,180,55,30371.8734732341,30675.685357039274
06/10/2024 13:00:00,32.34,210.27,0.564439480094966,3.66990381816848,-0.425887617522193,-0.729696134076104,0.534942323204716,693.85,0.8942344288925618,0.9045623913353253,180,55,22336.724105535744,22594.70214820856
06/10/2024 14:00:00,26.1,225.85,0.45553093477052,3.94182611562919,-0.644351601998715,-0.625511422620065,0.439939169855915,492.3,0.7533873389589901,0.7647277018225349,180,55,13352.13313090239,13553.116113860422
06/10/2024 15:00:00,18.07,239.46,0.315380995835375,4.17936542682562,-0.818795068487907,-0.483077437898895,0.310178698193353,324.84999999999997,0.5609167930486673,0.5736250631465183,180,55,6559.697527986943,6708.315663473272
06/10/2024 16:00:00,8.89,251.58,0.155159770502296,4.39089933216733,-0.937368108645748,-0.31218432080448,0.154537952418617,80.06,0.33002248432685244,0.3482456417599706,180,65,951.177603427481,1003.6996588549167
07/10/2024 06:00:00,2.69,101.52,0.0469493568786475,1.77185825662464,0.978775331851836,-0.199489916367201,0.0469321108212263,69.26,0.1742466864586728,0.9988372274161003,100,85,434.45971814859644,2490.460789350208
07/10/2024 07:00:00,12.3,113.06,0.214675497995303,1.97326925230479,0.898974919890287,-0.382703733887961,0.213030386274977,331.89,0.42124763615141503,0.9986428856266234,115,80,5033.083606642553,11931.825143182321
07/10/2024 08:00:00,21.07,125.69,0.367740873395205,2.19370433683167,0.757884192211619,-0.544394487717483,0.359508265466264,566.23,0.6391557663094177,0.9997620423377903,125,70,13028.730104065737,20379.42940438537
07/10/2024 09:00:00,28.45,140.0,0.496546172192387,2.44346095279206,0.565160192555395,-0.673531689869128,0.47639166606143,435.20000000000005,0.8131186028232895,0.9996341006403819,140,60,12739.291774153042,15661.467381552993
07/10/2024 10:00:00,33.77,156.32,0.589397688398485,2.72829868671754,0.333863673584496,-0.761284586896326,0.555860436813733,877.57,0.9313621780714987,0.9995888790012545,155,55,29424.078237967384,31579.53165162471
07/10/2024 11:00:00,36.32,174.31,0.63390358432434,3.04228341915132,0.0798841349920337,-0.801751702201314,0.592294464767205,927.1999999999999,0.9857394979505538,0.9996867696484444,175,55,32903.19584999112,33368.744621449354
07/10/2024 12:00:00,35.67,192.77,0.622558944186377,3.36447119906947,-0.179568733011433,-0.792294697456406,0.583115925444616,898.5999999999999,0.9725621783693259,0.9834713755968083,180,55,31461.997445376343,31814.905612006507
07/10/2024 13:00:00,31.96,210.2,0.557807228937388,3.66868208769208,-0.42677109805541,-0.733266163145893,0.529327085883464,791.52,0.8927882482690136,0.904266020134025,180,55,25439.751153716028,25766.807049233408
07/10/2024 14:00:00,25.73,225.71,0.449073216538141,3.9393826546764,-0.644841481261331,-0.629054757768825,0.434130827946022,607.96,0.7517857373187596,0.7642987039994578,180,55,16454.003646971272,16727.869443006373
07/10/2024 15:00:00,17.72,239.29,0.309272343453395,4.17639836709723,-0.818971943403028,-0.486463305094516,0.30436558398608,371.15,0.5592004702271134,0.5734723722138306,180,60,7471.701162892553,7662.393754097876
07/10/2024 16:00:00,8.55,251.39,0.149225651045515,4.38758320658854,-0.937180320095526,-0.315578128242139,0.148672433896923,113.45,0.3282747206581973,0.3488426006265776,180,65,1340.7396141122094,1424.7429494790683
08/10/2024 06:00:00,2.45,101.83,0.0427605666738611,1.77726877730583,0.977865502153015,-0.204821160514448,0.0427475368243223,52.77,0.17505750469776452,0.9985763491944248,100,90,332.5602428244372,1897.0154620916328
08/10/2024 07:00:00,12.05,113.36,0.210312174865317,1.97850524006077,0.897803562116937,-0.387770360479834,0.208765206352684,294.19,0.42181434452623445,0.9989654810264711,115,80,4467.368232582225,10579.883575074391
08/10/2024 08:00:00,20.79,125.98,0.362853951489621,2.19876579166246,0.756531758801041,-0.549249121416771,0.354943799140524,499.98,0.6393609456269326,0.9997764431517371,125,70,11508.036681403933,17995.2561376922
08/10/2024 09:00:00,28.14,140.26,0.491135651511204,2.44799880884725,0.563737584265382,-0.678061454657852,0.471627607115942,719.8000000000001,0.8129529318362493,0.9994652563856576,140,60,21065.88673208636,25898.943295670273
08/10/2024 10:00:00,33.42,156.53,0.583289036016505,2.73196387814672,0.332417343161398,-0.765603538411103,0.550772123421217,847.9399999999999,0.9308181570705629,0.9993760455623533,155,55,28414.00613183087,30506.7932666691
08/10/2024 11:00:00,35.94,174.43,0.627271333166762,3.04437781425371,0.0785843359404676,-0.80580928499499,0.586937729542631,905.33,0.984820858456871,0.9998326042124706,175,55,32097.163240323323,32586.424256580336
08/10/2024 12:00:00,35.29,192.79,0.615926693028799,3.36482026491987,-0.180697475492923,-0.795985930516609,0.577715172701992,882.5600000000001,0.9713533654093143,0.9833973121922933,180,55,30861.994542323202,31244.656746543496
08/10/2024 13:00:00,31.57,210.12,0.55100044485461,3.66728582429048,-0.427545011615844,-0.736960831070916,0.523539870983741,769.3199999999999,0.8913085941132519,0.9039731048191959,180,55,24685.254994435447,25036.005203982135
08/10/2024 14:00:00,25.37,225.57,0.442790031230961,3.93693919372361,-0.645237661023772,-0.632525571630011,0.42846208937396,578.9799999999999,0.7502315698511617,0.7638903734004259,180,55,15637.286675247318,15921.980942089625
08/10/2024 15:00:00,17.37,239.11,0.303163691071415,4.17325677444364,-0.819019908819107,-0.489979176366441,0.298541112219414,338.31,0.5575680431622314,0.5736049701684207,180,60,6790.710408559722,6986.026708476423
08/10/2024 16:00:00,8.21,251.2,0.143291531588735,4.38426708100976,-0.936947357036889,-0.318962898014604,0.142801680073145,129.8,0.32651686447759226,0.3494291560525763,180,65,1525.748004330893,1632.8125604024785
09/10/2024 06:00:00,2.21,102.13,0.0385717764690747,1.78250476506181,0.976946154499443,-0.209974205449437,0.0385622127817992,53.4,0.17574178670312307,0.9985657853598702,100,90,337.84601075808376,1919.6428657758142
09/10/2024 07:00:00,11.79,113.66,0.205774318810131,1.98374122781675,0.896619393225708,-0.392842047959496,0.204325204139262,239.95000000000002,0.4222610134615684,0.9992483907626009,115,80,3647.5750864837205,8631.7074490855
09/10/2024 08:00:00,20.51,126.26,0.357967029584037,2.20365271356804,0.755228256818694,-0.553958972600956,0.350370856061817,417.59000000000003,0.6394577542767155,0.999747574084892,125,70,9613.121889902892,15029.445220635964
09/10/2024 09:00:00,27.83,140.52,0.485725130830022,2.45253666490243,0.562269056928382,-0.682572213107135,0.466849741902997,724.4699999999999,0.8127640588323631,0.9992513381522977,140,60,21197.634397282156,26061.394210243023
09/10/2024 10:00:00,33.07,156.73,0.577180383634525,2.73545453665071,0.331065887337316,-0.769835688610092,0.545663257681678,758.5600000000001,0.9301982255666684,0.9991198266540089,155,55,25402.001975490675,27284.124085439944
09/10/2024 11:00:00,35.57,174.54,0.620813614934383,3.0462976764309,0.0773961885625095,-0.809714921168688,0.581697151817663,411.83,0.9838769122334802,0.9999290414705697,175,55,14586.841035544108,14824.827977357689
09/10/2024 12:00:00,34.9,192.8,0.609119908946021,3.36499479784507,-0.181703415919622,-0.799770572190806,0.572145873445516,170.04,0.9700914219307888,0.9833030903361112,180,55,5938.356433864007,6019.2308693070845
09/10/2024 13:00:00,31.19,210.05,0.544368193697031,3.66606409381409,-0.428373676634758,-0.740471922704305,0.517877712257449,186.06,0.889787559985073,0.9036015418840919,180,55,5959.939442789616,6052.467703786349
09/10/2024 14:00:00,25.0,225.44,0.436332312998582,3.93467026569602,-0.64575886058137,-0.635916109894945,0.422618261740699,503.96999999999997,0.7484968323026049,0.763315857922851,180,55,13579.918148719575,13848.778545025649
09/10/2024 15:00:00,17.02,238.94,0.297055038689435,4.17028971471525,-0.819109462506019,-0.493338807073172,0.292705500236536,248.96,0.555817260011777,0.5735966897163449,180,60,4981.5455418911515,5140.8947473841245
09/10/2024 16:00:00,7.88,251.01,0.137531945057153,4.38095095543097,-0.93664667461652,-0.322330467345824,0.137098784642454,78.61,0.3248655395563744,0.35007106260703924,180,65,919.3564823229574,990.6871043354167
10/10/2024 06:00:00,1.97,102.43,0.0343829862642883,1.78774075281779,0.97598252673318,-0.215119463441068,0.0343762121290921,30.459999999999997,0.1764200840723791,0.9985102619385096,100,90,193.45520739040802,1094.926412831292
10/10/2024 07:00:00,11.53,113.95,0.201236462754946,1.98880268264754,0.895457717194169,-0.39774748871482,0.199880994440346,243.22,0.4225871530692483,0.9994814541185087,115,80,3700.139305302093,8751.379653745333
10/10/2024 08:00:00,20.23,126.54,0.353080107678453,2.20853963547362,0.753878784479396,-0.558655858803603,0.345789545440976,309.36,0.6395394785543501,0.9996734694781805,125,70,7122.525591080655,11133.323442639718
10/10/2024 09:00:00,27.51,140.77,0.48014007722364,2.45689998803242,0.56092569829674,-0.687028087267275,0.461903418796813,590.19,0.8124172590567896,0.9989864576825478,140,60,17261.299516418163,21225.30542854787
10/10/2024 10:00:00,32.73,156.92,0.571246264177744,2.7387706622295,0.329774768382031,-0.773894572481699,0.540680860417628,813.14,0.9295452029843554,0.9988284014269552,155,55,27210.613908769155,29238.743748107318
10/10/2024 11:00:00,35.19,174.65,0.614181363776805,3.0482175386081,0.0761995495449575,-0.813685334355632,0.576289688701533,811.3300000000002,0.9828607644836491,0.9999820112553125,175,55,28707.27926574669,29207.35458690382
10/10/2024 12:00:00,34.52,192.81,0.602487657788443,3.36516933077027,-0.182680331049494,-0.80342140047128,0.566693876720417,744.93,0.9688178035095352,0.9831665369328295,180,55,25981.25206926089,26366.048940865418
10/10/2024 13:00:00,30.82,209.97,0.537910475464652,3.66466783041249,-0.429001080963672,-0.743950982163191,0.512342667235928,474.89,0.888333758651712,0.9032766491535547,180,55,15186.989471260016,15442.453724995137
10/10/2024 14:00:00,24.64,225.3,0.430049127691403,3.93222680474322,-0.646077818755561,-0.639347287132669,0.416915457314973,580.4399999999999,0.7468905493136409,0.7628555195317356,180,55,15606.905415969946,15940.50687925202
10/10/2024 15:00:00,16.67,238.77,0.290946386307455,4.16732265498686,-0.819155765605709,-0.496684774698386,0.286858965796328,292.13000000000005,0.5540490922600847,0.5735711154599166,180,60,5826.757007589788,6032.063878534997
10/10/2024 16:00:00,7.54,250.81,0.131597825600372,4.37746029692698,-0.936267703018911,-0.325859695154715,0.131218319442705,69.88,0.3232029636531194,0.3510872593711785,180,70,813.0752316028794,883.2231966548864
11/10/2024 06:00:00,1.73,102.73,0.0301941960595019,1.79297674057378,0.974974693048975,-0.220256521955502,0.0301896083135079,40.010000000000005,0.17709215703514644,0.9987598186843875,105,90,255.07645930714355,1438.5736924402445
11/10/2024 07:00:00,11.28,114.24,0.19687313962496,1.99386413747832,0.894219818988598,-0.40262893060092,0.195603833222048,311.03000000000003,0.423014444027191,0.999665505605451,115,80,4736.526570927981,11193.334639504685
11/10/2024 08:00:00,19.95,126.82,0.348193185772869,2.21342655737921,0.752483470694545,-0.563339331344032,0.341199976688672,545.14,0.6396058785597124,0.9995540241495499,125,70,12552.290950969498,19616.28770609588
11/10/2024 09:00:00,27.2,141.01,0.474729556542458,2.4610887782372,0.559607213056395,-0.691304022969561,0.457097927058694,742.8700000000001,0.8120428063928338,0.9991376781369252,140,65,21716.720625061604,26720.2586504728
11/10/2024 10:00:00,32.38,157.11,0.565137611795764,2.74208678780829,0.328485195124287,-0.778012155872682,0.535532036295216,851.22,0.9288160056701261,0.9986415043859098,155,60,28462.56337247489,30602.29036908147
11/10/2024 11:00:00,34.82,174.76,0.607723645544426,3.05013740078529,0.0749755657231997,-0.817519096183569,0.571000168055743,898.52,0.9818313875517732,0.9999891655309858,175,55,31759.024980348695,32346.36954046445
11/10/2024 12:00:00,34.14,192.82,0.595855406630864,3.36534386369547,-0.183650484414915,-0.807036573626169,0.561216953061738,868.4,0.9675013471034278,0.9829864790588038,180,55,30246.4141136862,30730.516502927945
11/10/2024 13:00:00,30.44,209.89,0.531278224307074,3.6632715670109,-0.42964582672298,-0.747478856554215,0.506635788889741,767.89,0.886792970178784,0.9028931837284617,180,55,24514.540339341114,24959.615286716948
11/10/2024 14:00:00,24.28,225.16,0.423765942384223,3.92978334379043,-0.64635840906433,-0.642758506168496,0.411196193780866,590.0999999999999,0.7452585153976268,0.7623693917820051,180,55,15831.973797701023,16195.470411260203
11/10/2024 15:00:00,16.33,238.59,0.285012266850674,4.16418106233327,-0.819029747456811,-0.500134122660634,0.281169223300331,352.33,0.5524648940927375,0.5737134671737169,180,60,7007.398420884991,7276.912772015363
11/10/2024 16:00:00,7.21,250.62,0.125838239068791,4.37414417134819,-0.935879390813636,-0.329208007705297,0.125506388335445,74.71,0.32153163294355397,0.35228004847107386,180,70,864.778618699665,947.4783271658614
12/10/2024 06:00:00,1.49,103.03,0.0260054058547155,1.79821272832976,0.973922731521608,-0.225384969175259,0.0260024747929362,23.509999999999998,0.17775776633506413,0.9990710416891173,105,90,150.44706311534486,845.5737668440013
12/10/2024 07:00:00,11.02,114.53,0.192335283569775,1.99892559230911,0.892968805593201,-0.407514127592941,0.191151636272402,204.49,0.4233206212934084,0.9998090195056551,115,80,3116.3340185384072,7360.234070353611
12/10/2024 08:00:00,19.67,127.09,0.343306263867285,2.21813894635959,0.751141573577443,-0.567877852536798,0.336602259412792,311.58,0.6395640206079227,0.9993947827210742,125,70,7173.912871476596,11210.091350408362
12/10/2024 09:00:00,26.89,141.26,0.469319035861275,2.46545210136719,0.558125016873081,-0.6956580499789,0.452279054390071,609.7600000000001,0.8117141108749489,0.9992605405057953,140,65,17818.228664895923,21935.1278584373
12/10/2024 10:00:00,32.03,157.3,0.559028959413784,2.74540291338708,0.327159764182153,-0.78210059106022,0.530363228517526,554.47,0.9280520668854216,0.9987809489944882,155,60,18524.773062934553,19936.58662040306
12/10/2024 11:00:00,34.45,174.86,0.601265927312047,3.05188273003728,0.0738774255076183,-0.821304164156247,0.565686835572452,788.58,0.980750741352872,0.9999519104651735,175,55,27842.415106177723,28387.514791966554
12/10/2024 12:00:00,33.76,192.82,0.589223155473286,3.36534386369547,-0.184472338916908,-0.810648143960005,0.555715343380696,601.92,0.966164887464309,0.9827893106058123,180,55,20935.942886250607,21296.179506234617
12/10/2024 13:00:00,30.07,209.81,0.524820506074695,3.6618753036093,-0.430219233556048,-0.750901202682384,0.501057676209632,361.19,0.8852686130312521,0.9024971315629945,180,55,11511.006132267286,11735.025802172568
12/10/2024 14:00:00,23.92,225.02,0.417482757077044,3.92733988283764,-0.646600720376975,-0.64614946541569,0.405460696925109,360.96999999999997,0.743600676955865,0.7623122001542765,180,60,9663.031308987307,9906.18605602881
12/10/2024 15:00:00,15.99,238.42,0.279078147393893,4.16121400260488,-0.81894921846844,-0.503426944225823,0.27546957980398,169.86,0.5507630139841043,0.5737153125511244,180,60,3367.893799992239,3508.246187637624
12/10/2024 16:00:00,6.89,250.43,0.120253185462409,4.3708280457694,-0.935428436819213,-0.332539293773839,0.119963568162838,58.910000000000004,0.3199678421817443,0.35351467725754626,180,70,678.575000985356,749.7197869407139
13/10/2024 06:00:00,1.25,103.32,0.0218166156499291,1.80327418316054,0.972866939887932,-0.230334600231966,0.0218148850345611,18.42,0.17829661090465884,0.9993322840666764,105,90,118.2320486230974,662.6772242102945
13/10/2024 07:00:00,10.76,114.81,0.18779742751459,2.00381251421469,0.891744844305238,-0.412232848974956,0.186695503108719,273.65000000000003,0.42350629920325067,0.9999067081758608,115,80,4172.129955970904,9850.480944923676
13/10/2024 08:00:00,19.38,127.35,0.338244809036501,2.22267680241478,0.749901650943553,-0.572306847235307,0.331831864834765,441.9,0.6393226144380193,0.9991959439536215,125,70,10170.599879525786,15895.608754791792
13/10/2024 09:00:00,26.57,141.49,0.463733982254893,2.46946635864678,0.556892126521186,-0.699858597389202,0.44729084841871,707.07,0.8111571521651645,0.9993505193904666,140,65,20647.615952931224,25437.98778283502
13/10/2024 10:00:00,31.69,157.48,0.553094839957003,2.74854450604067,0.325900799275095,-0.786017976043222,0.525323148517911,819.86,0.9272582016259702,0.9988748291012204,155,60,27367.988730662444,29481.750625929355
13/10/2024 11:00:00,34.08,174.96,0.594808209079667,3.05362805928928,0.0727632792532878,-0.825053622733577,0.560349912828145,860.3,0.9796282346755119,0.9998709233393014,175,55,30339.870130488343,30966.802392556834
13/10/2024 12:00:00,33.38,192.83,0.582590904315707,3.36551839662067,-0.185428185192575,-0.814191705720345,0.550189289674366,814.5799999999999,0.9647630539656518,0.9825224122738981,180,55,28291.56078597626,28812.351837242586
13/10/2024 13:00:00,29.7,209.73,0.518362787842316,3.66047904020771,-0.4307660206084,-0.754295262721694,0.495458668432407,730.74,0.8837094795336105,0.9020659238546722,180,55,23247.427142678058,23730.323515112275
13/10/2024 14:00:00,23.56,224.89,0.411199571769864,3.92507095481005,-0.64691819706647,-0.649406965773713,0.399709193175298,566.51,0.7418371502452294,0.7622575263422559,180,60,15129.293903475298,15545.75440493345
13/10/2024 15:00:00,15.65,238.25,0.273144027937113,4.15824694287649,-0.818827561920127,-0.506705870211056,0.269760236012642,327.82,0.5490444490722909,0.573700273855796,180,60,6479.559046615623,6770.535255914654
13/10/2024 16:00:00,6.56,250.23,0.114493598930828,4.36733738726541,-0.934896674636089,-0.336030658735211,0.114243617521341,80.23,0.3183919941348727,0.35483914880999745,180,70,919.6052288198701,1024.8748167249396
14/10/2024 06:00:00,1.01,103.61,0.0176278254451427,1.80833563799132,0.971768942330699,-0.235275189250193,0.0176269125135718,16.85,0.17882879113348848,0.9995504184008842,105,90,108.47754470157412,606.3272838019764
14/10/2024 07:00:00,10.51,115.09,0.183434104384604,2.00869943612027,0.890448930687946,-0.416927259412893,0.182407133070904,152.60999999999999,0.4237934131236127,0.999959190191742,115,80,2328.304059964603,5493.735792545822
14/10/2024 08:00:00,19.1,127.62,0.333357887130917,2.22738919139516,0.748471934980927,-0.576817310015579,0.327217898979104,34.0,0.6392494267115381,0.999110664966428,130,70,782.4412982949226,1222.911453918908
14/10/2024 09:00:00,26.26,141.73,0.458323461573711,2.47365514885156,0.555446491155272,-0.704074871833484,0.442445217304876,557.43,0.8107121297963393,0.9993877343915031,140,65,16268.949450445443,20055.1933721468
14/10/2024 10:00:00,31.34,157.66,0.546986187575023,2.75168609869426,0.324643558264409,-0.789991402681171,0.520115510023743,225.14000000000001,0.926385482053017,0.9991097425591978,160,60,7508.391387458985,8097.824427832002
14/10/2024 11:00:00,33.71,175.06,0.588350490847289,3.05537338854127,0.07163329467883,-0.828767271398043,0.554989622383065,56.98,0.9784638831062547,0.9997461801534552,175,55,2007.1033941381977,2050.7593444251793
14/10/2024 12:00:00,33.0,192.83,0.575958653158129,3.36551839662067,-0.18623439313243,-0.817731662804184,0.544639035015027,256.11,0.9633415589178129,0.9822386800674755,180,55,8881.970639559879,9056.201340674923
14/10/2024 13:00:00,29.33,209.65,0.511905069609937,3.65908277680611,-0.431286245425684,-0.757660827493733,0.489838999047777,289.91999999999996,0.8821155868765433,0.9015995231787679,180,55,9206.746234100907,9410.10241535958
14/10/2024 14:00:00,23.21,224.75,0.405090919387884,3.92262749385726,-0.647036397628682,-0.652707636828131,0.394102322969473,79.04,0.7402064211865029,0.7623125562220053,180,60,2106.212959100923,2169.114639976343
14/10/2024 15:00:00,15.32,238.07,0.267384441405531,4.1551053502229,-0.818536721687891,-0.510089065665367,0.264209727938003,89.26,0.5475119276215059,0.573957548250913,180,65,1759.3529277418422,1844.332227247554
14/10/2024 16:00:00,6.24,250.04,0.108908545324446,4.36402126168662,-0.934362379187317,-0.339341559520624,0.108693377634185,23.419999999999998,0.316808542270654,0.3560520840045074,180,70,267.10761815923377,300.1946330658802
15/10/2024 06:00:00,0.77,103.89,0.0134390352403563,1.81322255989691,0.970670732610465,-0.240036938944934,0.0134386307118732,15.33,0.17923429416945152,0.9997220607784386,105,90,98.9158222662369,551.7266109024047
15/10/2024 07:00:00,10.25,115.36,0.178896248329419,2.01341182510066,0.889213149299525,-0.421468942790593,0.177943545473842,232.76999999999998,0.42384863517968385,0.9999713516958793,115,80,3551.7328851879,8379.479935232992
15/10/2024 08:00:00,18.82,127.88,0.328470965225333,2.23192704745035,0.747099970523571,-0.581182740934368,0.322596118519264,314.39,0.6390681602127068,0.9991791390898456,130,70,7232.999000013824,11308.749463384434
15/10/2024 09:00:00,25.95,141.95,0.452912940892528,2.47749487320595,0.554206304601494,-0.708077191773842,0.437586634199018,458.93,0.8101066603055339,0.999390619975244,140,65,13384.160986104673,16511.412140108594
15/10/2024 10:00:00,31.0,157.83,0.541052068118242,2.75465315842265,0.32345718135892,-0.793795460569212,0.515038074910054,788.55,0.9254850683817527,0.999315355867245,160,60,26272.48502420752,28368.364459288176
15/10/2024 11:00:00,33.35,175.15,0.582067305540109,3.05694418486807,0.0706248175489727,-0.832337002918683,0.549751988371591,45.95,0.9772844979446279,0.9995830232710337,175,55,1616.6240165000036,1653.510237094944
15/10/2024 12:00:00,32.63,192.82,0.56950093492575,3.36534386369547,-0.186868194583576,-0.821176529737426,0.539211818176747,520.6200000000001,0.961939825857276,0.9819476261647394,180,55,18028.984036961345,18403.976632819922
15/10/2024 13:00:00,28.96,209.57,0.505447351377558,3.65768651340452,-0.431779967191787,-0.760997689115833,0.484198902407081,109.36,0.880486953776228,0.9011427821991045,180,60,3466.4419175388584,3547.7630878065866
15/10/2024 14:00:00,22.86,224.61,0.398982267005904,3.92018403290446,-0.647118235405122,-0.655988337474758,0.388480746631366,370.86,0.7385511721111426,0.7623429381551428,180,60,9860.367156808981,10178.010073591786
15/10/2024 15:00:00,14.98,237.9,0.261450321948751,4.15213829049451,-0.818333425162877,-0.513339589883608,0.258481857621234,60.66,0.5457601793958906,0.574482821065107,180,65,1191.80924935757,1254.5326053291378
15/10/2024 16:00:00,5.92,249.84,0.103323491718064,4.36053060318263,-0.933727472792782,-0.342804899437548,0.103139747302467,37.660000000000004,0.3153304837437039,0.3578186366540942,180,75,427.5124566403641,485.1161948301548
16/10/2024 06:00:00,0.53,104.17,0.0092502450355699,1.81810948180249,0.969532178171708,-0.244789278558007,0.0092501131167969,21.39,0.17963297654175928,0.9998522976420656,105,90,138.32457725621632,769.9262632762961
16/10/2024 07:00:00,9.99,115.63,0.174358392274233,2.01812421408104,0.887936051454453,-0.425999464871301,0.173476293645098,232.84,0.423893374003895,0.9999413550600416,115,80,3553.175995310409,8381.748424038482
16/10/2024 08:00:00,18.54,128.13,0.323584043319749,2.23629037058033,0.74578817810635,-0.585403461867195,0.317966633832411,578.11,0.6387791205903319,0.9992008847064343,130,70,13294.245506561165,20795.328844474923
16/10/2024 09:00:00,25.64,142.18,0.447502420211346,2.48150913048554,0.552803119888222,-0.712156043689065,0.432715241329661,745.78,0.8095462492224977,0.9993462691650159,140,65,21734.762462825554,26830.52858224388
16/10/2024 10:00:00,30.66,158.0,0.535117948661461,2.75762021815104,0.322239771400579,-0.797571421841444,0.509942503415355,825.2499999999999,0.9245519630449232,0.9994798440916802,160,60,27467.51427010162,29693.546688119724
16/10/2024 11:00:00,32.98,175.24,0.57560958730773,3.05851498119486,0.0696104501669973,-0.835967430407411,0.544346250584661,862.4200000000001,0.976029163994059,0.9993725555263111,175,55,30302.89457802323,31027.639656132047
16/10/2024 12:00:00,32.26,192.82,0.563043216693371,3.36534386369547,-0.187636927195962,-0.824554660405098,0.533762115138093,839.0400000000001,0.9604750029860358,0.9815890075589555,180,55,29011.57007419453,29649.32787248158
16/10/2024 13:00:00,28.6,209.48,0.499164166070378,3.65611571707772,-0.432072734854417,-0.764308351999894,0.478691857940607,740.76,0.8789338774652304,0.9012563781268306,180,60,23438.846126561188,24034.128287804317
16/10/2024 14:00:00,22.51,224.47,0.392873614623924,3.91774057195167,-0.647163806109502,-0.659248787411088,0.38284467393301,574.23,0.7368713531465729,0.7623485342785941,180,60,15232.810936224836,15759.482358196694
16/10/2024 15:00:00,14.65,237.72,0.255690735417169,4.14899669784092,-0.817961792298422,-0.516694438286318,0.25291374771637,278.33,0.5441951671791784,0.5751701613676357,180,65,5452.770271715305,5763.135996484345
16/10/2024 16:00:00,5.61,249.65,0.0979129710368819,4.35721447760384,-0.933095114322746,-0.346088363183754,0.0977565982213525,75.31,0.31384578200503216,0.3595969575814199,180,75,850.886130340763,974.9248875164424
17/10/2024 06:00:00,0.29,104.45,0.0050614548307835,1.82299640370808,0.968353365551677,-0.249531844297481,0.0050614332198121,8.27,0.1800246329769866,0.9999411184240488,105,90,53.59693372990844,297.70246977720774
17/10/2024 07:00:00,9.73,115.9,0.169820536219048,2.02283660306143,0.886617742082626,-0.430518444062637,0.169005469574778,197.59000000000003,0.42392742481651424,0.9998691510942744,115,80,3015.4975153018227,7112.309240329838
17/10/2024 08:00:00,18.26,128.38,0.318697121414165,2.24065369371032,0.744436003622777,-0.589609723607946,0.313329555479706,389.33,0.6384744872425713,0.999182230573569,130,70,8948.78179625341,14004.418241851474
17/10/2024 09:00:00,25.33,142.4,0.442091899530164,2.48534885483993,0.551484991278785,-0.71611785671174,0.427831181300314,531.84,0.808894122110151,0.9992648587249007,140,65,15487.280996510259,19132.164808713045
17/10/2024 10:00:00,30.32,158.17,0.529183829204681,2.76058727787943,0.320991528111302,-0.801319003211615,0.504828974973422,687.09,0.9235860926077384,0.9996031255689553,160,60,22845.123661314636,24725.423215698247
17/10/2024 11:00:00,32.62,175.32,0.56932640200055,3.05991124459646,0.0687208576422349,-0.839456109482363,0.53906482353948,765.4900000000001,0.9747614997473517,0.9991266259896612,175,55,26862.126495897613,27533.57187343773
17/10/2024 12:00:00,31.89,192.81,0.556585498460992,3.36516933077027,-0.188253336577781,-0.827931274526399,0.52829015316247,760.4200000000001,0.9589933683093002,0.981216379469368,180,55,26252.55853667129,26860.91613393949
17/10/2024 13:00:00,28.24,209.4,0.492880980763199,3.65471945367613,-0.432473116816644,-0.767516136379436,0.473165915539233,653.9000000000001,0.877294692208131,0.9012714296886899,180,60,20651.86797245629,21216.289963443636
17/10/2024 14:00:00,22.17,224.33,0.386939495167143,3.91529711099888,-0.64712719478625,-0.662441605357954,0.377355950342452,518.42,0.7352479026969538,0.7623692339349598,180,60,13722.019837781572,14228.188497236226
17/10/2024 15:00:00,14.33,237.55,0.250105681810787,4.14602963811253,-0.817604374730761,-0.519868917137984,0.24750635429197,353.05999999999995,0.5426162581429879,0.5757619530611158,180,65,6896.739459598678,7318.026545319271
17/10/2024 16:00:00,5.3,249.45,0.0925024503556995,4.35372381909986,-0.932362970839351,-0.349523912175399,0.0923705874465616,49.47,0.31246659725172454,0.3615214409142879,180,75,556.4780123775413,643.8407645530737
18/10/2024 06:00:00,0.05,104.73,0.0008726646259971,1.82788332561366,0.967134384584302,-0.254264273171414,0.0008726645152351,3.68,0.18040905876939925,0.9999885159480735,105,90,23.900592105770016,132.4784785928008
18/10/2024 07:00:00,9.48,116.17,0.165457213089062,2.02754899204181,0.885232543755187,-0.435012828297373,0.164703317190157,28.490000000000002,0.42406335326129063,0.9997562992967581,115,80,434.9363376389102,1025.3900508107272
18/10/2024 08:00:00,17.97,128.63,0.313635666583381,2.24501701684031,0.743085657463333,-0.593834778911898,0.308518980010863,91.9,0.6380604619634553,0.9991169047847239,130,70,2110.959232359896,3305.478367789781
18/10/2024 09:00:00,25.02,142.61,0.436681378848981,2.48901404626911,0.550254169745637,-0.719962967982265,0.422934597085303,76.28,0.8081506184608708,0.9992855443050653,145,65,2219.246250343028,2744.118047505254
18/10/2024 10:00:00,29.98,158.33,0.5232497097479,2.76337980468262,0.319853154456062,-0.804982110689739,0.499697669650358,41.35,0.9225479199554578,0.9996813171286276,160,60,1373.3048336456945,1488.1256086776752
18/10/2024 11:00:00,32.26,175.4,0.563043216693371,3.06130750799805,0.0678189913519585,-0.842910783449418,0.533762115138093,61.58,0.9734547420669692,0.9992043222548486,175,60,2158.0323485934227,2215.1160779203287
18/10/2024 12:00:00,31.52,192.8,0.550127780228613,3.36499479784507,-0.188860728480773,-0.831273601087698,0.522796160441526,41.35,0.9574719105769656,0.981302136258081,180,60,1425.292686084871,1460.7663600337796
18/10/2024 13:00:00,27.88,209.31,0.486597795456019,3.65314865734933,-0.432713831015348,-0.770771734332863,0.467621293357704,35.84,0.8756761076541398,0.9013185491301018,180,60,1129.8323411396775,1162.9172448296226
18/10/2024 14:00:00,21.83,224.18,0.381005375710362,3.91267911712089,-0.646939922698727,-0.665727710643591,0.371853938663837,26.65,0.7336810202600045,0.7624640787525243,180,60,703.8935708374482,731.5080371551718
18/10/2024 15:00:00,14.0,237.37,0.244346095279206,4.14288804545894,-0.817154128212298,-0.523194922734408,0.241921895599668,23.89,0.5410192906439009,0.5764162436075789,180,65,465.2982307253805,495.7410261522622
18/10/2024 16:00:00,4.99,249.25,0.0870919296745171,4.35023316059587,-0.931590948552261,-0.352948237573771,0.0869818726463569,4.59,0.3110775641847976,0.3634343832352742,180,75,51.40245670589596,60.05389748579672
19/10/2024 06:00:00,-0.19,105.0,-0.0033161255787892,1.83259571459405,0.965920515301051,-0.258817622027571,-0.003316119501059,0.92,0.1806668450398485,0.9999945016606114,105,90,5.983685907719783,33.11981789499946
19/10/2024 07:00:00,9.22,116.43,0.160919357033877,2.032086848097,0.883909595081786,-0.439353542874507,0.160225753504146,54.99,0.4239665863284044,0.9996045909220385,115,80,839.3012129591625,1978.8572323729043
19/10/2024 08:00:00,17.69,128.87,0.308748744677797,2.24920580704509,0.741756707424071,-0.597881228724347,0.303866785500598,23.89,0.6376321357799619,0.9990132686078517,130,70,548.3891420561985,859.1913715334967
19/10/2024 09:00:00,24.71,142.82,0.431270858167799,2.4926792376983,0.548986521199764,-0.723787517515045,0.418025632025584,75.36,0.8073838208881482,0.9993913160717518,145,65,2190.4000107167108,2711.30866485002
19/10/2024 10:00:00,29.64,158.48,0.517315590291119,2.76599779856061,0.31882675813308,-0.808561076376596,0.494548768138259,82.71000000000001,0.9214378076874015,0.9997154036758671,160,60,2743.6363586576995,2976.7125973691154
19/10/2024 11:00:00,31.91,175.48,0.556934564311391,3.06270377139965,0.0668977109437302,-0.846239332631488,0.528586500185072,56.98,0.9721486693350323,0.9994186163290997,175,60,1994.1491224335648,2050.087419303555
19/10/2024 12:00:00,31.16,192.79,0.543844594921433,3.36482026491987,-0.189439100125568,-0.834493442580413,0.517429726275855,86.39,0.955954040341473,0.981407383704096,180,60,2973.0553036235947,3052.2162196150866
19/10/2024 13:00:00,27.52,209.22,0.48031461014884,3.65157786102254,-0.432928345987387,-0.773999520378329,0.462058210288208,90.97999999999999,0.8740248032923634,0.9013323523087082,180,60,2862.675957727412,2952.115826869666
19/10/2024 14:00:00,21.49,224.04,0.375071256253581,3.9102356561681,-0.646833901269814,-0.668880978848776,0.366338832643192,25.73,0.7320109487246299,0.7624373361128376,180,60,678.0471015846501,706.2304556945992
19/10/2024 15:00:00,13.68,237.2,0.238761041672824,4.13992098573055,-0.816721185584713,-0.526340887091125,0.236498997023725,48.71,0.5394092550171705,0.5769756396320502,180,65,945.8864932279095,1011.761402633178
19/10/2024 16:00:00,4.68,249.06,0.0816814089933346,4.34691703501708,-0.930841322736727,-0.356198545743346,0.0815906115681576,2.7600000000000002,0.30956368186490835,0.3651785787955071,180,75,30.7582474300973,36.28414358912159
20/10/2024 06:00:00,-0.44,105.27,-0.007679448708775,1.83730810357443,0.964667004035558,-0.26336020684965,-0.0076793732277826,0.92,0.1807936512734519,0.9999594102216751,105,90,5.987885730176727,33.11865566654188
20/10/2024 07:00:00,8.96,116.68,0.156381500978692,2.03645017122698,0.882624730045209,-0.443528031827328,0.155744890433036,22.97,0.4237499471117821,0.9994171180144816,115,80,350.40730626567483,826.4380032285351
20/10/2024 08:00:00,17.41,129.11,0.303861822772213,2.25339459724988,0.740389221081243,-0.6019125954435,0.299207334056469,45.029999999999994,0.6371880128117717,0.9990043141338849,130,75,1032.9327438089067,1619.4659135561578
20/10/2024 09:00:00,24.4,143.03,0.425860337486616,2.49634442912749,0.547682217656185,-0.727591175401779,0.413104429824542,44.11,0.8065935977252245,0.9994573515436609,145,65,1280.8383694437475,1587.0982959572718
20/10/2024 10:00:00,29.31,158.63,0.511556003759538,2.76861579243861,0.317741526205112,-0.812032111347725,0.489534649095446,96.5,0.9203466824763729,0.9997116206952092,160,60,3197.284374922919,3472.998170295157
20/10/2024 11:00:00,31.55,175.55,0.550651379004211,3.06392550187605,0.0661201725294786,-0.849614899493037,0.523242434578952,75.36,0.9707567305239889,0.9996000981499656,175,60,2633.624179642361,2711.8750822769307
20/10/2024 12:00:00,30.8,192.78,0.537561409614253,3.36464573199467,-0.190008880583339,-0.837680565510866,0.512042864870571,47.79,0.9543985903490831,0.9814740824242101,180,60,1641.9855107801766,1688.5672703659081
20/10/2024 13:00:00,27.17,209.13,0.474205957766859,3.65000706469574,-0.433077951983517,-0.777129687682316,0.456632167097926,40.43,0.8724013738844016,0.9013301351169155,180,60,1269.762751661269,1311.8679850599683
20/10/2024 14:00:00,21.15,223.9,0.369137136796801,3.9077921952153,-0.64669360376879,-0.672014084922214,0.360810826487642,220.39000000000001,0.7303174986363044,0.7623866824874113,180,60,5794.3682468803845,6048.806434322421
20/10/2024 15:00:00,13.37,237.02,0.233350520991642,4.13677939307696,-0.816125065664972,-0.529592881935795,0.231238527491168,198.3,0.537989048945524,0.5776997773933885,180,65,3840.596222612307,4124.083170855922
20/10/2024 16:00:00,4.38,248.86,0.0764454212373516,4.34342637651309,-0.929977999562437,-0.359594761873974,0.0763709863930475,44.019999999999996,0.3082743369646781,0.36739339204984683,180,80,488.5285072746646,582.2156562492332
21/10/2024 06:00:00,-0.68,105.54,-0.0118682389135614,1.84202049255482,0.963375798633892,-0.267892183769634,-0.0118679602985372,1.84,0.18103646456443265,0.999885163516019,105,90,11.99185541274802,66.2323932313011
21/10/2024 07:00:00,8.7,116.93,0.151843644923507,2.04081349435697,0.881302116929771,-0.447690454391471,0.151260820247219,320.56,0.4235225078973439,0.999190374563478,115,80,4887.517504736612,11530.816792922467
21/10/2024 08:00:00,17.13,129.34,0.298974900866629,2.25740885452947,0.739089078139968,-0.605799545103859,0.294540736955299,177.27000000000004,0.6366367188194395,0.999247828749444,130,75,4062.8372812243942,6376.919853686903
21/10/2024 09:00:00,24.09,143.23,0.420449816805434,2.49983508763148,0.546469074577275,-0.731278247629376,0.408171134543791,112.12,0.8057123849534684,0.9994791111773509,145,65,3252.1130136353836,4034.2175260273652
21/10/2024 10:00:00,28.97,158.78,0.505621884302757,2.7712337863166,0.31666043070022,-0.815554838946242,0.484351604002836,310.14,0.9191726607173769,0.9996666672307553,160,60,10262.599523815941,11161.318326298071
21/10/2024 11:00:00,31.2,175.62,0.544542726622231,3.06514723235244,0.065325012273817,-0.852866144439651,0.51802700937313,879.04,0.9693678453432302,0.9997373138552873,175,60,30676.07198773847,31637.12718136866
21/10/2024 12:00:00,30.44,192.76,0.531278224307074,3.36429666614427,-0.190423302554647,-0.840868089096174,0.506635788889741,684.79,0.9528291297990106,0.9815310208338339,180,60,23489.56295262232,24197.13459924484
21/10/2024 13:00:00,26.83,209.04,0.468271838310079,3.64843626836895,-0.433164442008941,-0.78016434516199,0.451344835704416,726.61,0.8708084928841261,0.9013145598893425,180,60,22778.573724523256,23576.550205003026
21/10/2024 14:00:00,20.82,223.76,0.363377550265219,3.90534873426251,-0.646476237609831,-0.675081976051043,0.355433256486863,555.12,0.7286843090435853,0.7623547691406327,180,60,14562.260410905901,15235.141660032528
21/10/2024 15:00:00,13.05,236.84,0.22776546738526,4.13363780042337,-0.815525725132611,-0.532852305547454,0.225801266869104,318.35999999999996,0.5364490856271475,0.5783559327611583,180,65,6148.221512409313,6628.514211138324
21/10/2024 16:00:00,4.08,248.66,0.0712094334813686,4.3399357180091,-0.929076842434021,-0.362979341824693,0.0711492674687669,29.919999999999998,0.3069752835384907,0.3698198106505144,180,80,330.649217404979,398.340314447882
22/10/2024 07:00:00,8.45,117.18,0.147480321793521,2.04517681748696,0.879919063035646,-0.451828766830172,0.146946275799002,269.06,0.423397893048353,0.9989290886198814,115,80,4101.099735729235,9675.786981026351
22/10/2024 08:00:00,16.85,129.57,0.294087978961044,2.26142311180905,0.737752048903707,-0.609671202701607,0.289867105644567,522.26,0.6360696377686552,0.9994527344399626,130,75,11958.974244758083,18791.070663190138
22/10/2024 09:00:00,23.78,143.42,0.415039296124252,2.50315121321027,0.545349189393326,-0.734849061221911,0.403225890598952,709.75,0.8047405159310854,0.9994579891108726,145,65,20561.924922555165,25537.151079771906
22/10/2024 10:00:00,28.64,158.92,0.499862297771176,2.77367724726939,0.315664848179412,-0.818915574855804,0.479304688984425,808.5300000000001,0.9179803520352148,0.9995832791287409,160,60,26719.727545117163,29094.950472262593
22/10/2024 11:00:00,30.85,175.68,0.538434074240251,3.06619442990364,0.0646690213222254,-0.85607360793613,0.512792253721175,640.6199999999999,0.9679343333126468,0.9998375971428121,175,60,22322.811333842918,23058.574613338613
22/10/2024 12:00:00,30.09,192.74,0.525169571925094,3.36394760029387,-0.190808722225097,-0.843937468381277,0.501359732113606,844.1099999999999,0.9512687731812102,0.9815511528805153,180,60,28907.11742867968,29827.33717168698
22/10/2024 13:00:00,26.48,208.95,0.462163185928099,3.64686547204215,-0.433264929480574,-0.783241798865275,0.445885394908244,725.8,0.8691241736580468,0.9012499925772719,180,60,22709.171708676375,23548.58080605302
22/10/2024 14:00:00,20.5,223.61,0.357792496658838,3.90273074038452,-0.64606582565565,-0.678198893416429,0.350207381259467,515.07,0.7271930506381212,0.7626609729795869,180,65,13483.991685318377,14141.65634469345
22/10/2024 15:00:00,12.74,236.67,0.222354946704078,4.13067074069498,-0.814949971161073,-0.535933109207397,0.220527202312682,294.23,0.534898215974336,0.5790371332992315,180,70,5665.79167510064,6133.323446302784
22/10/2024 16:00:00,3.79,248.47,0.0661479786505851,4.33661959243031,-0.928191156271515,-0.366185745824664,0.0660997501824458,22.900000000000002,0.30567200563521746,0.37210066269410785,180,80,251.9960014456733,306.75978632502256
23/10/2024 07:00:00,8.19,117.43,0.142942465738336,2.04954014061694,0.878522030075266,-0.455966313009476,0.142456182993153,32.160000000000004,0.4231486049380386,0.9986245232475481,115,80,489.90452885306365,1156.1675280350817
23/10/2024 08:00:00,16.57,129.79,0.28920105705546,2.26526283616344,0.73648533732689,-0.613398710961553,0.28518655173974,103.05999999999999,0.6353957327303795,0.9996183792450481,130,75,2357.4198317469445,3708.7441259398074
23/10/2024 09:00:00,23.48,143.61,0.409803308368269,2.50646733878906,0.544154476056539,-0.738342937733215,0.398428930283833,36.76,0.8038190965369536,0.9994035176000512,145,65,1063.7420395931429,1322.5706390512037
23/10/2024 10:00:00,28.31,159.05,0.494102711239595,2.77594617529698,0.314787826371139,-0.822194179744491,0.474241874113639,47.79,0.9167187250578119,0.9994602205278517,160,60,1577.159563338462,1719.5113418049373
23/10/2024 11:00:00,30.5,175.74,0.53232542185827,3.06724162745483,0.0640040043486726,-0.859248682018485,0.507538362960704,81.79,0.9664643879427073,0.9998996882836637,175,60,2845.696402434025,2944.1446381699507
23/10/2024 12:00:00,29.74,192.72,0.519060919543114,3.36359853444347,-0.191184913051299,-0.846975724384219,0.49606496683942,47.79,0.9496731801737032,0.9815349771251707,180,60,1633.855726098046,1688.6720360452287
23/10/2024 13:00:00,26.14,208.85,0.456229066471318,3.64512014279016,-0.433166356501476,-0.786300517369068,0.440566004113313,118.55,0.8675256369509428,0.9012392251071166,180,60,3702.425913379234,3846.3087649121526
23/10/2024 14:00:00,20.17,223.47,0.352032910127256,3.90028727943173,-0.645783729205763,-0.681228063724659,0.344806757890633,147.97,0.7255161800977026,0.7631239315577432,180,65,3864.7666500860537,4065.100133493573
23/10/2024 15:00:00,12.44,236.49,0.217118958948095,4.12752914804139,-0.814213874544221,-0.539120794095265,0.215417120660777,70.91000000000001,0.5335388761863544,0.5802848264067614,180,70,1361.9967015734783,1481.3278934581242
23/10/2024 16:00:00,3.5,248.27,0.0610865238198015,4.33312893392632,-0.927206187029918,-0.36954263969683,0.0610485395348569,6.43,0.3044739427538378,0.37452942428149044,180,80,70.47962826865837,86.6960711326794
24/10/2024 07:00:00,7.93,117.66,0.13840460968315,2.05355439789653,0.877248130693937,-0.459784606727129,0.137963156715018,22.97,0.42267149696903444,0.998534098841976,120,80,349.5155142736339,825.7078170144067
24/10/2024 08:00:00,16.29,130.01,0.284314135149876,2.26910256051783,0.73518332938129,-0.617110750416858,0.280499187021609,35.84,0.6347060736231728,0.9997465396611489,130,75,818.9231644315626,1289.912975332401
24/10/2024 09:00:00,23.17,143.8,0.404392787687086,2.50978346436785,0.542968289011551,-0.741872088276191,0.393460597473994,66.17,0.8028014409966913,0.9993072408014196,145,65,1912.369368627038,2380.469764457878
24/10/2024 10:00:00,27.98,159.18,0.488343124708013,2.77821510332457,0.31388716627096,-0.825445709378619,0.469163327337948,41.35,0.9154268288476686,0.9993002605772044,160,60,1362.7043774226395,1487.5583678952266
24/10/2024 11:00:00,30.16,175.8,0.52639130240149,3.06828882500603,0.0633236322536731,-0.862303793292024,0.502416446458898,84.55,0.9650029359504079,0.9999231120593632,175,60,2937.275936445851,3043.5659684862894
24/10/2024 12:00:00,29.39,192.69,0.512952267161134,3.36307493566787,-0.191403529920858,-0.850016156825151,0.490751690644092,310.24,0.9480660369423923,0.981511430759844,180,60,10588.60826283628,10962.147826041624
24/10/2024 13:00:00,25.8,208.76,0.450294947014537,3.64354934646336,-0.43318097558984,-0.789257963232674,0.435231099372328,383.61,0.8658445196567559,0.9011329959848242,180,60,11957.278182679014,12444.610629230583
24/10/2024 14:00:00,19.85,223.32,0.346447856520875,3.89766928555374,-0.64530922996818,-0.684306784447825,0.339558864523594,169.26,0.7239823434116556,0.7636963445506809,180,65,4411.485052050845,4653.476758031336
24/10/2024 15:00:00,12.14,236.31,0.211882971192112,4.1243875553878,-0.8134435074397,-0.542294286861203,0.210301133239691,124.73000000000002,0.5321653250432805,0.5815171633900185,180,70,2389.571315735342,2611.1748884269323
24/10/2024 16:00:00,3.21,248.07,0.056025068989018,4.32963827542233,-0.926185368141923,-0.372887567706133,0.05599576492928,0.92,0.3032663128443862,0.3769461302158996,180,80,10.044180281406073,12.484455832750598
25/10/2024 07:00:00,7.68,117.9,0.134041286553164,2.05774318810131,0.875838172265925,-0.463732441404838,0.133640258869072,70.61,0.42240628725940077,0.9985248554332836,120,80,1073.7398859619063,2538.21024151719
25/10/2024 08:00:00,16.02,130.23,0.279601746169492,2.27294228487222,0.733809395116826,-0.620775917445917,0.275972882648746,184.7,0.6340971575678359,0.9998340618562074,130,75,4216.238820100054,6648.096644094294
25/10/2024 09:00:00,22.87,143.98,0.399156799931103,2.51292505702144,0.541839047443009,-0.745230286830422,0.388641565271523,107.52,0.8017684756178354,0.9991767481005324,145,65,3103.4212739434674,3867.5334224076923
25/10/2024 10:00:00,27.65,159.31,0.482583538176432,2.78048403135217,0.312963016432871,-0.828669965704478,0.464069217126689,108.44,0.9141046424854743,0.9991033663372341,160,60,3568.518267520494,3900.339685641948
25/10/2024 11:00:00,29.81,175.85,0.52028265001951,3.06916148963203,0.0627920406550902,-0.865403656824737,0.497125407100403,56.059999999999995,0.9634535406652254,0.9999118133355791,175,60,1944.403397628931,2017.9820252013321
25/10/2024 12:00:00,29.05,192.66,0.507018147704353,3.36255133689227,-0.191593318399211,-0.852942652061645,0.485572685227275,38.59,0.9464732717191942,0.9814563472702935,180,60,1314.8785280031734,1363.478415881783
25/10/2024 13:00:00,25.47,208.66,0.444535360482956,3.64180401721137,-0.432997898298835,-0.792199315615379,0.430038445266601,61.58,0.86425260894191,0.9010839548168651,180,60,1915.9443237111416,1997.594997754412
25/10/2024 14:00:00,19.54,223.18,0.341037335839692,3.89522582460094,-0.644882977112024,-0.687211175269995,0.334464865741028,271.79,0.7224340567747195,0.764175799658614,180,65,7068.612682468837,7477.03226121173
25/10/2024 15:00:00,11.84,236.14,0.206646983436129,4.12142049565941,-0.812734160572041,-0.545311476255704,0.205179380306804,11.95,0.5306771738938498,0.58260065132736,180,70,228.2973202091342,250.6348002010303
25/10/2024 16:00:00,2.93,247.87,0.0511381470834339,4.32614761691834,-0.925120547803713,-0.376216879937331,0.0511158613502366,2.7600000000000002,0.3021698791874755,0.37937747634969055,180,80,30.023599196067572,37.69494605010526
26/10/2024 07:00:00,7.42,118.13,0.129503430497979,2.0617574453809,0.874495386542435,-0.467525644248795,0.12914174726147,72.33000000000001,0.4219075586497971,0.9985820599928732,120,85,1098.596653817034,2600.187854374243
26/10/2024 08:00:00,15.74,130.43,0.274714824263907,2.2764329433762,0.732655868463497,-0.624200791261275,0.271272465603861,47.79,0.6331952123005409,0.9998904147602123,130,75,1089.3743710503427,1720.2514651700599
26/10/2024 09:00:00,22.57,144.15,0.39392081217512,2.51589211674983,0.540809903751891,-0.748473840629826,0.38381187826422,197.13,0.8006469100706648,0.9990086743335015,145,65,5681.934913760286,7089.644878969074
26/10/2024 10:00:00,27.33,159.43,0.47699848457005,2.78257842645456,0.31213256108307,-0.831737273321366,0.45911477048736,507.60999999999996,0.9127702336856645,0.9991334029394562,160,65,16679.926739562485,18258.123839979504
26/10/2024 11:00:00,29.47,175.9,0.514348530562729,3.07003415425803,0.062246633744895,-0.868385320297941,0.491967775447205,469.35,0.9619148988095054,0.999864200969961,175,60,16253.09127922469,16894.305458109044
26/10/2024 12:00:00,28.71,192.63,0.501084028247572,3.36202773811668,-0.191773363582742,-0.855839539536175,0.480376581013969,163.68,0.9448474799717881,0.9813670733084885,180,60,5567.494878784162,5782.685852128803
26/10/2024 13:00:00,25.14,208.56,0.438775773951375,3.64005868795937,-0.432791551819343,-0.795116122038716,0.424831525605055,68.93,0.8626332543414874,0.9010065234466236,180,60,2140.6071679833144,2235.829667802328
26/10/2024 14:00:00,19.22,223.03,0.33545228223331,3.89260783072295,-0.644346309127772,-0.690251871149319,0.329196276236961,99.48,0.7208586980849014,0.7647050038740215,180,65,2581.596838277496,2738.622736273956
26/10/2024 15:00:00,11.55,235.96,0.201585528605345,4.11827890300582,-0.811867169080668,-0.548436366800936,0.200223004020845,23.89,0.5293821179069353,0.5838419073857785,180,70,455.28979668468065,502.1273940280649
26/10/2024 16:00:00,2.65,247.68,0.0462512251778497,4.32283149133956,-0.92408793180501,-0.379372960797985,0.04623473702433,0.0,0.3009500892553538,0.04623473702433,0,0,0.0,0.0
27/10/2024 07:00:00,7.17,118.35,0.125140107367993,2.06559716973529,0.873181370195617,-0.471143102954607,0.12481374636477,96.66,0.421405129448301,0.9988730552396867,120,85,1466.3887132490197,3475.838502700852
27/10/2024 08:00:00,15.46,130.64,0.269827902358323,2.28009813480539,0.731360365663984,-0.627737853251182,0.266565570041296,239.53000000000003,0.6323680150484546,0.9999096927429614,130,75,5452.959983204029,8622.301273297977
27/10/2024 09:00:00,22.27,144.32,0.388684824419137,2.51885917647822,0.539751506444496,-0.75169726984476,0.378971668860393,361.19,0.7995036738354104,0.9991540280745435,145,70,10395.818350294028,12991.839962408796
27/10/2024 10:00:00,27.01,159.54,0.471413430963668,2.78449828863175,0.311426635995643,-0.834724420712617,0.454146002799125,537.93,0.91136901653593,0.9993586977657257,160,65,17649.09846234622,19353.060874408206
27/10/2024 11:00:00,29.14,175.94,0.508588944031148,3.07073228595882,0.0618399648636844,-0.871240565414464,0.486945269945138,179.67999999999998,0.9603824142942903,0.999785558601513,175,60,6212.21443921433,6467.092890102715
27/10/2024 12:00:00,28.37,192.6,0.495149908790791,3.36150413934108,-0.191943690244269,-0.8587067078427,0.475163560978073,367.6,0.9431887123062916,0.9812436038809168,180,60,12481.78214317654,12985.3853563185
27/10/2024 13:00:00,24.81,208.46,0.433016187419793,3.63831335870738,-0.432562028344386,-0.798008213565204,0.419610513115511,688.16,0.8609864585356629,0.9009006419338599,180,60,21329.871887012465,22318.696287115377
27/10/2024 14:00:00,18.92,222.88,0.330216294477327,3.88998983684496,-0.643701110514625,-0.693189977803759,0.324247644547595,438.4,0.71943704219896,0.7652764506915299,180,65,11354.443174800866,12077.899055394002
27/10/2024 15:00:00,11.26,235.78,0.196524073774561,4.11513731035223,-0.810967801931835,-0.551547070960397,0.195261498367845,303.96,0.5280734036202237,0.5850680782553219,180,70,5778.474903518515,6402.142550393555
27/10/2024 16:00:00,2.38,247.48,0.041538836197465,4.31934083283557,-0.92294905891351,-0.382675517809748,0.0415268915247301,0.0,0.299956400236081,0.0415268915247301,0,0,0.0,0.0
28/10/2024 07:00:00,6.91,118.57,0.120602251312808,2.06943689408968,0.871854324673079,-0.474758375365788,0.120310105846879,241.92,0.42077695833585654,0.9991364128376296,120,85,3664.5970233819744,8701.598915772454
28/10/2024 08:00:00,15.19,130.84,0.265115513377939,2.28358879330938,0.73010693044598,-0.631101416569491,0.262020747496704,432.4100000000001,0.6315327386392109,0.9998943231352918,130,75,9830.918574539324,15565.114953609536
28/10/2024 09:00:00,21.97,144.48,0.383448836663154,2.52165170328141,0.53879574209357,-0.754806315200029,0.374121069756828,369.95,0.7982722093701896,0.9993730734841859,145,70,10631.54893883406,13309.850467277083
28/10/2024 10:00:00,26.69,159.65,0.465828377357287,2.78641815080895,0.31070072404182,-0.837685858469719,0.449163069051474,78.11999999999999,0.9099396030128716,0.9995499146883617,160,65,2559.041344345159,2811.054216076373
28/10/2024 11:00:00,28.81,175.98,0.502829357499566,3.07143041765962,0.0614273083256188,-0.874066761717592,0.481906611131651,149.21,0.9588179670500945,0.9996733263541497,175,60,5150.348239087606,5369.805252910897
28/10/2024 12:00:00,28.04,192.56,0.48939032225921,3.36080600764028,-0.191936113972738,-0.861497492812445,0.470087862033168,120.39,0.9415730341400281,0.9811226450887632,180,60,4080.8151928842476,4252.224788720503
28/10/2024 13:00:00,24.49,208.36,0.427431133813411,3.63656802945538,-0.432275061010242,-0.800811768024909,0.414534418138482,76.28,0.859379529725342,0.90097175653694,180,65,2359.924938988167,2474.14052119096
28/10/2024 14:00:00,18.61,222.73,0.324805773796145,3.88737184296697,-0.643065141953272,-0.696151302162885,0.319124721232213,329.26,0.7179085609187856,0.7657952810715696,180,65,8509.628619652298,9077.247152842501
28/10/2024 15:00:00,10.97,235.6,0.191462618943778,4.11199571769864,-0.810036163217389,-0.554643336648467,0.190294990452999,78.05,0.526750942659209,0.5862789705255302,180,70,1480.0647986838453,1647.3266513826347
28/10/2024 16:00:00,2.11,247.28,0.0368264472170804,4.31585017433158,-0.92177792152008,-0.385966176178551,0.0368181238553562,0.0,0.2989536455331836,0.0368181238553562,0,0,0.0,0.0
29/10/2024 07:00:00,6.66,118.79,0.116238928182822,2.07327661844406,0.870476740269119,-0.47835081283668,0.115977344808961,82.71000000000001,0.42025347052134027,0.9993596881354394,120,85,1251.329923685522,2975.6534330045592
29/10/2024 08:00:00,14.91,131.03,0.260228591472355,2.28690491888817,0.728967358064214,-0.634352073229286,0.25730145368145,99.63999999999999,0.6304942553474833,0.9998479468794932,130,75,2261.6081137016363,3586.494579374617
29/10/2024 09:00:00,21.67,144.64,0.378212848907171,2.5244442300846,0.537812100225232,-0.757895137374487,0.36926021393515,225.65,0.7970191923617496,0.999558018494414,145,70,6474.505707231437,8119.809607437523
29/10/2024 10:00:00,26.37,159.76,0.460243323750905,2.78833801298614,0.309954944210528,-0.840621428616918,0.444166124675779,63.410000000000004,0.9084819913173389,0.9997070217389871,160,65,2073.846350499569,2282.0912009448903
29/10/2024 11:00:00,28.48,176.02,0.497069770967985,3.07212854936042,0.0610087182486294,-0.8768638085095,0.476851966152888,57.900000000000006,0.9572216040629749,0.9995275050106899,175,60,1995.232711508865,2083.415131444282
29/10/2024 12:00:00,27.71,192.53,0.483630735727629,3.36028240886468,-0.192069226118058,-0.864226592516182,0.464996568983342,785.31,0.9399027112065348,0.9809404682367471,180,60,26572.139932953734,27732.32492799599
29/10/2024 13:00:00,24.18,208.26,0.422020613132229,3.63482270020339,-0.431932339697095,-0.803528786110183,0.409604618890082,119.0,0.8578148571596136,0.9013507879960536,180,65,3674.8788480717844,3861.3867757750936
29/10/2024 14:00:00,18.31,222.58,0.319569786040162,3.88475384908898,-0.642362210384352,-0.699053247572084,0.314158157190057,132.64,0.7164486550828576,0.7663263761311621,180,65,3421.0709859668477,3659.2390990813433
29/10/2024 15:00:00,10.69,235.42,0.186575697038194,4.10885412504505,-0.809045715981586,-0.557706546521322,0.185495114272864,34.919999999999995,0.5255229341366731,0.5875157918998953,180,70,660.6453909618943,738.5778523131963
29/10/2024 16:00:00,1.85,247.08,0.0322885911618951,4.31235951582759,-0.920569439750534,-0.38924248963015,0.0322829810257745,0.0,0.2980635187436552,0.0322829810257745,0,0,0.0,0.0
30/10/2024 07:00:00,6.41,119.0,0.111875605052837,2.07694180987325,0.869151977457294,-0.481778808192651,0.111642375729576,138.82999999999998,0.41961214325115614,0.9995464335759691,120,85,2097.171138512088,4995.613129440663
30/10/2024 08:00:00,14.64,131.22,0.25551620249197,2.29022104446696,0.727763716414856,-0.637557837431601,0.252744885209529,340.03000000000003,0.629539092488389,0.9997684064321816,130,75,7706.238394277771,12238.245044608851
30/10/2024 09:00:00,21.38,144.8,0.373151394076388,2.52723675688779,0.536764045615239,-0.760911540141721,0.364551762324522,221.07999999999998,0.7958227331504868,0.9997046263574623,145,70,6333.857634416746,7956.529156623878
30/10/2024 10:00:00,26.06,159.86,0.454832803069722,2.79008334223813,0.309310240397947,-0.84340502451164,0.43931212117751,65.25,0.9070179920610506,0.9998264403216142,160,65,2130.585263351408,2348.5923083154717
30/10/2024 11:00:00,28.15,176.05,0.491310184436404,3.07265214813602,0.0607377728382549,-0.879621018777205,0.471781502685301,180.35000000000002,0.9555858870387368,0.9993505503463337,175,60,6204.236930187703,6488.383383178607
30/10/2024 12:00:00,27.39,192.48,0.478045682121247,3.35940974423869,-0.191873201621681,-0.866916047672283,0.46004482475919,195.74,0.9383030312655118,0.9807937326121936,180,60,6611.883672236807,6911.300347974388
30/10/2024 13:00:00,23.86,208.15,0.416435559525847,3.6329028380262,-0.431461439424604,-0.806361068360476,0.404503218432437,47.79,0.8562103482878812,0.9017617624607268,180,65,1473.0585316084025,1551.427006607933
30/10/2024 14:00:00,18.02,222.44,0.314508331209378,3.88231038813619,-0.641717000293365,-0.701785233816884,0.309348956893452,58.82,0.7149798429408503,0.7667699406691871,180,65,1513.9841170241093,1623.6506847658172
30/10/2024 15:00:00,10.42,235.24,0.181863308057809,4.10571253239146,-0.807998808639313,-0.560737633680888,0.18086246545762,24.81,0.5243904590294548,0.5887796229249311,180,70,468.3645823867478,525.8744080116314
30/10/2024 16:00:00,1.59,246.88,0.0277507351067098,4.3088688573236,-0.919330386492292,-0.392506986993908,0.0277471734217468,0.0,0.2971645666517686,0.0277471734217468,0,0,0.0,0.0
31/10/2024 07:00:00,6.16,119.2,0.107512281922851,2.08043246837724,0.867881929484984,-0.485042815752202,0.107305281140287,113.59,0.41885335613562513,0.9996985160083119,120,85,1712.7918980440438,4088.0071596018297
31/10/2024 08:00:00,14.37,131.4,0.250803813511585,2.29336263712055,0.726642526175684,-0.640621561078239,0.248182704140924,308.28,0.6284795230839968,0.999660231736375,130,75,6974.916025548042,11094.309224628827
31/10/2024 09:00:00,21.09,144.94,0.368089939245604,2.52968021784058,0.535956255110897,-0.763721418805097,0.359833971528305,360.08,0.794473635543447,0.9998185667481827,145,70,10298.666400713437,12960.528102528682
31/10/2024 10:00:00,25.74,159.96,0.44924774946334,2.79182867149013,0.308673728852799,-0.846235439673951,0.434288049289805,314.41,0.905466842514929,0.9999163979633436,160,65,10248.761878384279,11317.813728611576
31/10/2024 11:00:00,27.83,176.08,0.485725130830022,3.07317574691162,0.060456387813147,-0.88226772787952,0.466849741902997,242.25,0.9539701115004549,0.9991468263909294,175,60,8319.573342395466,8713.559472955296
31/10/2024 12:00:00,27.06,192.44,0.472286095589666,3.35871161253789,-0.19183554158696,-0.869622853055185,0.454923310491118,139.17,0.9365955742382166,0.9805771377028512,180,60,4692.456218402373,4912.809129147809
31/10/2024 13:00:00,23.56,208.05,0.411199571769864,3.6311575087742,-0.431043477881659,-0.808971001375721,0.399709193175298,154.09000000000003,0.854665961852901,0.9021011224551743,180,65,4741.0372102288875,5004.171430528242
31/10/2024 14:00:00,17.73,222.28,0.309446876378595,3.879517861333,-0.640799916360187,-0.704723939374868,0.304531831611648,67.09,0.7136515996162226,0.7673975072870128,180,65,1723.6398894570857,1853.4491554998851
31/10/2024 15:00:00,10.15,235.06,0.177150919077424,4.10257093973787,-0.806922930728077,-0.56375513405304,0.176225800307592,51.77,0.5232455366351604,0.5901562370429254,180,75,975.1831715376811,1099.885982101641
31/10/2024 16:00:00,1.33,246.68,0.0232128790515246,4.30537819881961,-0.918060855494525,-0.395759427720792,0.0232107944450872,0.0,0.29625668520872744,0.0232107944450872,0,0,0.0,0.0
01/11/2024 07:00:00,5.91,119.4,0.103148958792865,2.08392312688123,0.86658318886361,-0.488294532068933,0.102966143613121,99.46,0.41808443322372046,0.9998195441447146,120,85,1496.9763982235245,3579.9138669827994
01/11/2024 08:00:00,14.1,131.58,0.2460914245312,2.29650422977414,0.725493168555468,-0.643670248195335,0.243615011786022,422.09,0.6274054241796864,0.9995204524253557,130,75,9533.575997712138,15187.953159511862
01/11/2024 09:00:00,20.8,145.09,0.363028484414821,2.53229821171857,0.534990459218703,-0.766605670337904,0.355106962408137,416.24,0.793170609157341,0.9999014402667717,145,70,11885.376036803456,14983.163117879078
01/11/2024 10:00:00,25.43,160.05,0.443837228782158,2.79339946781693,0.308141308548378,-0.848915574196181,0.429408059837332,223.79999999999998,0.9039113101761276,0.9999715265915105,160,65,7282.632643827024,8056.57059544248
01/11/2024 11:00:00,27.51,176.1,0.48014007722364,3.07352481276201,0.0603248173478461,-0.884876346229102,0.461903418796813,688.76,0.9523171046146497,0.9989142671079316,175,60,23613.0454430779,24768.438862077324
01/11/2024 12:00:00,26.75,192.39,0.466875574908483,3.35783894791189,-0.191601904143775,-0.872181233290507,0.450098441037435,496.18,0.9349929243424273,0.980684464201855,180,65,16701.29241120812,17517.45662811635
01/11/2024 13:00:00,23.25,207.94,0.405789051088682,3.62923764659701,-0.43049657570517,-0.811695747280346,0.394743856384267,228.34,0.8530816248432587,0.9024721388826494,180,65,7012.535695801548,7418.53757492871
01/11/2024 14:00:00,17.45,222.13,0.30455995447301,3.876899867455,-0.63994344836366,-0.70749439632644,0.299873410063503,56.98,0.7123166070473458,0.7679396599787398,180,65,1461.1608097040794,1575.2592657211892
01/11/2024 15:00:00,9.88,234.88,0.17243853009704,4.09942934708428,-0.805818181577436,-0.566758828694773,0.171585221787203,11.95,0.5220880849445477,0.5918565131702912,180,75,224.60229414314443,254.61667196585927
01/11/2024 16:00:00,1.09,246.48,0.0190240888467382,4.30188754031562,-0.916754909699394,-0.398996946410061,0.0190229413472849,0.0,0.2955846973040587,0.0190229413472849,0,0,0.0,0.0
02/11/2024 07:00:00,5.66,119.6,0.0987856356628791,2.08741378538522,0.865255851079904,-0.491533734875873,0.0986250457590037,11.95,0.41730527576370546,0.9999094968538649,120,85,179.5247296335461,430.16106554653265
02/11/2024 08:00:00,13.83,131.75,0.241379035550816,2.29947128950253,0.724428612937836,-0.646577257736814,0.239041909577599,30.32,0.626227318756805,0.999354056010866,130,75,683.5396429694279,1090.8149392169805
02/11/2024 09:00:00,20.51,145.22,0.357967029584037,2.53456713974616,0.534268136963064,-0.769283966457463,0.350370856061817,57.900000000000006,0.7917155175916033,0.9999538967090368,145,70,1650.251824867938,2084.303902300316
02/11/2024 10:00:00,25.13,160.13,0.438601241026175,2.79479573121852,0.30771568158537,-0.851447861774574,0.424673519289768,58.82,0.9023540821677385,0.9999953139454232,160,65,1910.7528160718296,2117.5100771857124
02/11/2024 11:00:00,27.19,176.12,0.474555023617258,3.07387387861241,0.0601895610067758,-0.887457377536185,0.456942687656132,97.41,0.9506344027251239,0.9991155848104389,175,65,3333.646698100355,3503.6585681898546
02/11/2024 12:00:00,26.44,192.34,0.461465054227301,3.35696628328589,-0.191358360569799,-0.874714329362036,0.44526039555384,45.95,0.9333630789828635,0.9809355825242942,180,65,1543.9692052534529,1622.6636406116877
02/11/2024 13:00:00,22.95,207.83,0.400553063332699,3.62731778441982,-0.429896474736379,-0.81433741121564,0.389927687788188,30.32,0.8515440178518957,0.9028308986776152,180,65,929.4773263657012,985.4579825245905
02/11/2024 14:00:00,17.17,221.98,0.299673032567426,3.87428187357701,-0.63906162067003,-0.710248255114642,0.295207826951119,27.57,0.7109648138139575,0.7684637430179241,180,65,705.6467970066291,762.71563422015
02/11/2024 15:00:00,9.62,234.71,0.167900674041854,4.09646228735589,-0.804760295133111,-0.569591205444949,0.16711291409415,57.71000000000001,0.5209284786541617,0.5934348606165462,180,75,1082.2601701127403,1232.896529022512
02/11/2024 16:00:00,0.84,246.28,0.0146607657167524,4.29839688181163,-0.91542384279468,-0.402224148194305,0.0146602405296607,0.0,0.29478177823752477,0.0146602405296607,0,0,0.0,0.0
03/11/2024 07:00:00,5.41,119.79,0.0944223125328932,2.09072991096401,0.863986352152728,-0.494609416133263,0.0942820702261801,119.39,0.41640916338778744,0.9999677355740061,120,85,1789.743240607246,4297.901326206501
03/11/2024 08:00:00,13.57,131.92,0.23684117949563,2.30243834923092,0.723306681871404,-0.649441854701785,0.23463316330324,338.39,0.6251354403089723,0.9991614101924884,130,75,7615.424939261512,12171.8242654213
03/11/2024 09:00:00,20.22,145.35,0.352905574753253,2.53683606777376,0.533522767625849,-0.771943185018201,0.345625773820196,380.63,0.7902405892382202,0.9999761761980026,145,70,10828.413917342776,13702.353550064847
03/11/2024 10:00:00,24.83,160.21,0.433365253270192,2.79619199462012,0.307275178819506,-0.853957257053743,0.419927336103151,631.5000000000001,0.9007724342703061,0.9999900735291771,160,65,20478.16052070114,22733.774331612316
03/11/2024 11:00:00,26.88,176.14,0.469144502936076,3.07422294446281,0.0600453310439635,-0.889932021185321,0.452123385691151,659.37,0.9489764789304245,0.9993017213975851,175,65,22526.158352844745,23720.744737365323
03/11/2024 12:00:00,26.13,192.29,0.456054533546118,3.3560936186599,-0.191104962016256,-0.877222051800981,0.440409315667643,210.11999999999998,0.9317060750411676,0.9811581959493669,180,65,7047.722897555404,7421.794564783714
03/11/2024 13:00:00,22.66,207.72,0.395491608501915,3.62539792224262,-0.429244800153889,-0.816897896686352,0.385261895248235,331.8,0.8500553409467555,0.9031796374654382,180,65,10153.741036540807,10788.300133597168
03/11/2024 14:00:00,16.89,221.83,0.294786110661842,3.87166387969902,-0.638154535672841,-0.712985336331112,0.290535193697757,419.90999999999997,0.7095961718433317,0.7693559478685627,180,70,10726.795026674401,11630.169218501573
03/11/2024 15:00:00,9.37,234.53,0.163537350911869,4.0933206947023,-0.803553105969788,-0.572534290944664,0.162809371900999,281.25,0.5199664905007225,0.5951638242287081,180,75,5264.660716319816,6026.033720315669
03/11/2024 16:00:00,0.6,246.09,0.010471975511966,4.29508075623285,-0.914133105516897,-0.405278925106471,0.0104717841162458,0.0,0.2939801457744995,0.0104717841162458,0,0,0.0,0.0
04/11/2024 07:00:00,5.16,119.97,0.0900589894029074,2.0938715036176,0.862776394875382,-0.49752203425452,0.0899372996986439,98.91000000000001,0.4153964787096148,0.9999959648967515,120,85,1479.1271655300482,3560.745631965757
04/11/2024 08:00:00,13.3,132.08,0.232128790515246,2.30523087603411,0.722302914828725,-0.652192929775854,0.230049737188105,112.91000000000001,0.6238397724623203,0.9989405043851813,130,75,2535.758953513941,4060.4534046047097
04/11/2024 09:00:00,19.94,145.48,0.348018652847669,2.53910499580135,0.532720730760306,-0.774534137165665,0.341035912160647,71.67999999999999,0.7888271467672464,0.9999684531252244,145,70,2035.5526756899437,2580.3985939205786
04/11/2024 10:00:00,24.53,160.29,0.428129265514209,2.79758825802171,0.306819875543105,-0.856443654693502,0.415169640396489,91.9,0.899166384005103,0.9999557939591696,160,65,2974.8020648424827,3308.2537487345166
04/11/2024 11:00:00,26.58,176.15,0.463908515180093,3.07439747738801,0.0600481383092423,-0.892292247701624,0.447446941856995,122.22,0.947338665958269,0.9994565443602278,175,65,4168.214343123107,4397.528838661454
04/11/2024 12:00:00,25.83,192.24,0.450818545790135,3.3552209540339,-0.190825641019119,-0.879630009559656,0.435702445496605,56.98,0.9300804984850319,0.9813513375269861,180,65,1907.855524932376,2013.0263716423558
04/11/2024 13:00:00,22.37,207.61,0.390430153671131,3.62347806006543,-0.428573918886768,-0.819437926463999,0.380586232964907,56.059999999999995,0.848545220719866,0.9035056659655579,180,65,1712.5000226480047,1823.4189948250503
04/11/2024 14:00:00,16.62,221.68,0.290073721681458,3.86904588582103,-0.637189111280065,-0.715668188221107,0.286022867677462,69.85,0.7083025382797912,0.7703336976000591,180,70,1781.0975627583628,1937.0811159851085
04/11/2024 15:00:00,9.12,234.35,0.159174027781883,4.09017910204871,-0.802320097585619,-0.575464460741265,0.158502730052093,28.490000000000002,0.5189931777784239,0.5968795099797247,180,75,532.3001628566627,612.1835006156049
04/11/2024 16:00:00,0.37,245.89,0.006457718232379,4.29159009772886,-0.912743864210495,-0.408481256364366,0.006457673349044,0.0,0.2934061309786404,0.006457673349044,0,0,0.0,0.0
05/11/2024 07:00:00,4.91,120.15,0.0856956662729216,2.09701309627119,0.861540264688599,-0.500422405956827,0.0855908168945634,36.33,0.4143739237432016,0.999995364923997,120,85,541.9513673852584,1307.873937876797
05/11/2024 08:00:00,13.04,132.23,0.227590934460061,2.3078488699121,0.721358565268115,-0.654776576175276,0.225631238099938,51.470000000000006,0.6225423356836304,0.998702296352382,130,75,1153.5211446349126,1850.5154589572558
05/11/2024 09:00:00,19.66,145.6,0.343131730942085,2.54119939090374,0.532032620459084,-0.777014045075089,0.336437905895705,309.59,0.7873294250568397,0.9999338727768105,145,70,8774.975401320491,11144.502996227018
05/11/2024 10:00:00,24.23,160.36,0.422893277758226,2.79880998849811,0.306499750594194,-0.858853468933832,0.410400562604415,733.65,0.8974981327490585,0.9998933837754932,160,65,23704.18218328848,26408.584116248057
05/11/2024 11:00:00,26.27,176.16,0.45849799449891,3.07457201031321,0.060053655832691,-0.894705128080675,0.442601730913099,829.3100000000001,0.9456187485217797,0.9995877963579256,175,65,28231.599036117503,29842.85359431329
05/11/2024 12:00:00,25.53,192.18,0.445582558034152,3.3541737564827,-0.190383108583912,-0.882047267644764,0.43098363032293,73.52,0.9284530518604183,0.9815478598866227,180,65,2457.355261420006,2597.8823517191217
05/11/2024 13:00:00,22.09,207.5,0.385543231765547,3.62155819788823,-0.427853623951193,-0.821899164570085,0.376062547657736,623.3499999999999,0.8470868503181397,0.9038245132056764,180,65,19009.137173249244,20282.3643710433
05/11/2024 14:00:00,16.36,221.53,0.285535865626272,3.86642789194304,-0.636167314408345,-0.718298144015223,0.281671660595737,332.21,0.7070854298221968,0.7713168471830516,180,70,8456.430623084352,9224.610112896537
05/11/2024 15:00:00,8.87,234.17,0.154810704651897,4.08703750939512,-0.801061363031233,-0.57838152603285,0.154193070539683,241.41,0.5180084649614374,0.5985817567221191,180,75,4501.887246948261,5202.130388050324
05/11/2024 16:00:00,0.14,245.69,0.002443460952792,4.28809943922487,-0.911328719398097,-0.411672193268721,0.0024434585213449,0.0,0.29282398557624256,0.0024434585213449,0,0,0.0,0.0
06/11/2024 07:00:00,4.67,120.33,0.0815068760681352,2.10015468892478,0.860265798576892,-0.50330317243808,0.0814166593064782,34.63,0.41345935812083423,0.9999669452255259,120,85,515.4515125820816,1246.6387912737587
06/11/2024 08:00:00,12.78,132.38,0.223053078404875,2.31046686379009,0.720390814178817,-0.657346221203775,0.221208092790247,110.80999999999999,0.6212317130658682,0.9984368767690823,130,75,2478.1927004938384,3982.924451332152
06/11/2024 09:00:00,19.38,145.72,0.338244809036501,2.54329378600614,0.531323787934774,-0.779475878943618,0.331831864834765,327.01,0.7858132416108169,0.9998714628741927,145,70,9250.876373009516,11770.846814681632
06/11/2024 10:00:00,23.94,160.43,0.417831822927442,2.8000317189745,0.306142102442894,-0.861173502483794,0.4057797576662,147.84999999999997,0.8958712416984648,0.9998055433420776,160,65,4768.364271064247,5321.564984992541
06/11/2024 11:00:00,25.98,176.16,0.453436539668127,3.07457201031321,0.0602029138088917,-0.896928837442946,0.438057381780247,315.60999999999996,0.9439778084033107,0.99968675734193,175,65,10725.438099966079,11358.400949448715
06/11/2024 12:00:00,25.23,192.12,0.440346570278169,3.35312655893151,-0.189930528071731,-0.884440373858286,0.426252999515321,218.29999999999998,0.9268001723687489,0.9817174997142947,180,65,7283.537194611523,7715.121486754699
06/11/2024 13:00:00,21.81,207.38,0.380656309859963,3.61946380278584,-0.426971393635838,-0.824415536220703,0.371529881240528,28.490000000000002,0.8456611146158128,0.9041895328254189,180,65,867.3438655945623,927.3729524470627
06/11/2024 14:00:00,16.1,221.37,0.280998009571087,3.86363536513985,-0.634997214554948,-0.721023661589022,0.277314653302378,504.22,0.7059317923780597,0.7723878116760272,180,70,12814.01742070315,14020.321766518313
06/11/2024 15:00:00,8.63,233.99,0.150621914447111,4.08389591674153,-0.799755824141424,-0.581269910259805,0.150053034552554,279.57,0.5171234135141343,0.6003002014823022,180,75,5204.598937781275,6041.7333838226605
06/11/2024 16:00:00,-0.08,245.49,-0.0013962634015954,4.28460878072088,-0.909887992455242,-0.414851650154064,-0.0013962629479142,0.0,0.2923571080115782,-0.0013962629479142,0,0,0.0,0.0
07/11/2024 07:00:00,4.43,120.49,0.0773180858633488,2.10294721572797,0.859143300849076,-0.50587212338605,0.0772410731867591,130.76,0.4123232954959976,0.9999141942028171,120,85,1940.9541882860392,4706.956081222573
07/11/2024 08:00:00,12.52,132.53,0.21851522234969,2.31308485766808,0.719399748579835,-0.659901707256315,0.216780392340893,126.22999999999999,0.6199078575700461,0.9981873082171402,135,75,2817.0348789984087,4536.042620984986
07/11/2024 09:00:00,19.1,145.83,0.333357887130917,2.54521364818333,0.530730785613054,-0.781826886075332,0.327217898979104,58.82,0.7842130881515688,0.9997834643309401,145,70,1660.58689842271,2117.0614813900524
07/11/2024 10:00:00,23.65,160.49,0.412770368096659,2.8010789165257,0.305922125579753,-0.863418489502513,0.401148557352466,180.39999999999998,0.8941839340962021,0.9996920709283184,160,65,5807.188141594374,6492.400185436871
07/11/2024 11:00:00,25.68,176.16,0.448200551912144,3.07457201031321,0.060355695580655,-0.899205045823244,0.433344522957187,38.59,0.9422548363518525,0.999762180609493,175,65,1309.0181088534478,1388.9096117899323
07/11/2024 12:00:00,24.95,192.06,0.435459648372585,3.35207936138031,-0.189437208743991,-0.886665302593926,0.421827198173976,793.42,0.9252439204247271,0.9818635454833179,180,65,26427.85312836193,28045.086273265464
07/11/2024 13:00:00,21.53,207.27,0.375769387954379,3.61754394060865,-0.42621465710838,-0.826837724665365,0.366988341962233,135.26,0.8441625072696377,0.9044654436390661,180,65,4110.531146398483,4404.167852638323
07/11/2024 14:00:00,15.85,221.22,0.276634686441101,3.86101737126186,-0.633898716675582,-0.723586879171448,0.273119836862822,40.43,0.704778077762007,0.77336173660382,180,70,1025.7903966210458,1125.612540392128
07/11/2024 15:00:00,8.4,233.81,0.146607657167524,4.08075432408794,-0.79840547276911,-0.584130507522393,0.146083028562412,122.82,0.5163389430797733,0.6020358130974279,180,75,2283.002963606079,2661.9133883265395
07/11/2024 16:00:00,-0.3,245.29,-0.0052359877559829,4.28111812221689,-0.908422779521595,-0.418019901833651,-0.0052359638314195,0.0,0.2918823217262652,-0.0052359638314195,0,0,0.0,0.0
08/11/2024 07:00:00,4.19,120.66,0.0731292956585624,2.10591427545636,0.857909361264352,-0.508579551790383,0.0730641317999802,22.05,0.4112841929010685,0.999834156090907,120,85,326.4773923248682,793.6683531049621
08/11/2024 08:00:00,12.26,132.67,0.213977366294505,2.31552831862088,0.718501063784924,-0.662317485376891,0.212348227927536,430.49,0.618482057148929,0.9984265428172766,135,80,9585.012268153529,15473.255127026738
08/11/2024 09:00:00,18.83,145.93,0.328645498150532,2.54695897743533,0.53022337606202,-0.784020602243295,0.322761315425896,655.38,0.782612999278536,0.9996743520741658,145,70,18464.72066881801,23585.996767045202
08/11/2024 10:00:00,23.36,160.54,0.407708913265875,2.8019515811517,0.305841046118126,-0.865588464442625,0.396507080306554,293.98999999999995,0.8924363181974743,0.9995534260817945,160,65,9445.224714727514,10578.913622416321
08/11/2024 11:00:00,25.39,176.16,0.44313909708136,3.07457201031321,0.0605018118035202,-0.901381947996485,0.428777465119791,881.11,0.940564741073637,0.9998090360209303,175,65,29834.67596426612,31713.902630222467
08/11/2024 12:00:00,24.66,191.99,0.430398193541802,3.35085763090391,-0.188794926357733,-0.888973193314634,0.417232713661765,869.67,0.9236270544489364,0.98201349175698,180,65,28917.026655933834,30744.99624154654
08/11/2024 13:00:00,21.27,207.15,0.371231531899194,3.61544954550625,-0.425237556325225,-0.829201889656206,0.362763348315577,710.5300000000001,0.8428467027084845,0.9048225453092894,180,65,21559.243236316543,23144.52827226994
08/11/2024 14:00:00,15.6,221.06,0.272271363311115,3.85822484445867,-0.632652368015693,-0.72624590279353,0.268919820615266,510.7,0.7036884314267757,0.7744239113210265,180,70,12937.452549467558,14237.938494419337
08/11/2024 15:00:00,8.17,233.63,0.142593399887937,4.07761273143435,-0.797032200233665,-0.586978900535144,0.142110668555306,263.41999999999996,0.5155441783962349,0.6037590270480229,180,75,4888.967309032902,5725.519304579646
08/11/2024 16:00:00,-0.51,245.1,-0.008901179185171,4.2778019966381,-0.9070080815307,-0.421019133935273,-0.0089010616440955,0.0,0.29141148356661933,-0.0089010616440955,0,0,0.0,0.0
09/11/2024 07:00:00,3.95,120.81,0.068940505453776,2.10853226933435,0.856830306746484,-0.510976082669122,0.0688859084344947,5.51,0.4100243460617009,0.999732772994533,120,85,81.33242928479899,198.30699285119556
09/11/2024 08:00:00,12.01,132.8,0.209614043164519,2.31779724664847,0.717669470444035,-0.664569216298072,0.208082406612249,58.82,0.617057880173334,0.9986747237468742,135,80,1306.632402424638,2114.713701028481
09/11/2024 09:00:00,18.56,146.03,0.323933109170148,2.54870430668732,0.529698179048374,-0.786197494003376,0.31829756445133,255.04999999999998,0.7809959456203548,0.9995402506226859,145,70,7170.948573496973,9177.578673167376
09/11/2024 10:00:00,23.08,160.6,0.402821991360291,2.80299877870289,0.305574421028222,-0.867725600429229,0.39201601443436,52.39,0.8907718384129358,0.9993928658225458,160,65,1680.0313181203335,1884.8949206559544
09/11/2024 11:00:00,25.11,176.15,0.438252175175776,3.07439747738801,0.0607991017923585,-0.90345127632697,0.424357467855122,186.82999999999998,0.938902567129951,0.9998328591075064,175,65,6314.945998207994,6724.755830413995
09/11/2024 12:00:00,24.38,191.92,0.425511271636217,3.34963590042752,-0.188127600371351,-0.891187577397283,0.412786516096733,183.26,0.9220489240011998,0.9821413610082854,180,65,6083.088689248555,6479.540129461621
09/11/2024 13:00:00,21.0,207.03,0.366519142918809,3.61335515040386,-0.424272129460475,-0.831604216500716,0.3583679495453,77.2,0.8414373880343822,0.9051422170475244,180,65,2338.522788825155,2515.57124961848
09/11/2024 14:00:00,15.36,220.91,0.268082573106329,3.85560685058067,-0.631481039634942,-0.728744605222103,0.264882987262781,98.39,0.7026008086201249,0.7753912452328977,180,70,2488.640168164827,2746.466806264733
09/11/2024 15:00:00,7.95,233.45,0.138753675533549,4.07447113878076,-0.795616712291081,-0.589800561120229,0.138308876162719,55.4,0.5148511205486936,0.605500565603451,180,75,1026.8190748223146,1207.6103280395225
09/11/2024 16:00:00,-0.71,244.9,-0.0123918376891597,4.27431133813411,-0.905499271396442,-0.424166853630761,-0.0123915205480335,0.0,0.29116913034814584,-0.0123915205480335,0,0,0.0,0.0
10/11/2024 07:00:00,3.71,120.97,0.0647517152489896,2.11132479613754,0.855639960425822,-0.513510788624977,0.0647064764011497,144.72,0.40886134909911337,0.9996040944277914,120,85,2130.1349198984526,5207.857363641239
10/11/2024 08:00:00,11.76,132.93,0.205250720034533,2.32006617467606,0.716817719833468,-0.666807896586458,0.203812623707885,141.32,0.6156216737402902,0.9988990919579697,135,80,3131.987577587201,5081.919108318009
10/11/2024 09:00:00,18.29,146.12,0.319220720189763,2.55027510301411,0.529292849817389,-0.788265090652832,0.313826745179996,697.32,0.7792966106077239,0.9993842086384097,145,70,19563.08805032321,25088.06146923849
10/11/2024 10:00:00,22.8,160.64,0.397935069454707,2.80369691040369,0.305599992281195,-0.869735773079627,0.387515586452103,228.75,0.8890109619808924,0.9992107942585264,160,65,7321.005271912649,8228.500890718966
10/11/2024 11:00:00,24.83,176.14,0.433365253270192,3.07422294446281,0.0610956601844347,-0.90549895234613,0.419927336103151,483.78000000000003,0.9372179165254035,0.9998327924014828,175,65,16322.662211639752,17413.167899087617
10/11/2024 12:00:00,24.11,191.85,0.420798882655833,3.34841416995112,-0.187436040380431,-0.893310604147988,0.408489773780522,94.66,0.9205118749844597,0.9822495949157115,180,65,3136.8835470970425,3347.270879569965
10/11/2024 13:00:00,20.75,206.91,0.362155819788823,3.61126075530147,-0.423233172271371,-0.833877414422295,0.354291037997716,71.67999999999999,0.8401619698981155,0.9054794567538165,180,65,2168.0211600826888,2336.571628564088
10/11/2024 14:00:00,15.12,220.75,0.263893782901543,3.85281432377748,-0.630162279596865,-0.731339326147378,0.260841506289897,150.37,0.7015777947797108,0.7764472174377836,180,70,3797.865108036904,4203.157251100302
10/11/2024 15:00:00,7.73,233.27,0.134913951179162,4.07132954612717,-0.794179654707909,-0.592610385515072,0.134505044618056,274.65999999999997,0.514148251352508,0.6072301435056463,180,75,5083.774513793273,6004.145923749388
11/11/2024 07:00:00,3.47,121.11,0.0605629250442032,2.11376825709033,0.854607227443965,-0.515735495323319,0.0605259090319994,71.34,0.4074783467557287,0.9994568848441355,120,85,1046.5021892719328,2566.8451499321027
11/11/2024 08:00:00,11.51,133.05,0.200887396904547,2.32216056977846,0.716062640736197,-0.668908437517802,0.199538960504954,253.44,0.6140850442457035,0.9990939096387823,135,80,5602.81369009072,9115.572976518708
11/11/2024 09:00:00,18.03,146.21,0.314682864134578,2.55184589934091,0.528840568202018,-0.790270944190974,0.30951492402027,161.8,0.7776660452653053,0.9992097137247961,145,70,4529.74918046135,5820.196740504192
11/11/2024 10:00:00,22.53,160.68,0.393222680474323,2.80439504210449,0.30559350098766,-0.871662531437987,0.383167122077593,409.57,0.8872985572348324,0.9990119668422488,160,65,13082.791323120131,14729.951925344874
11/11/2024 11:00:00,24.55,176.12,0.428478331364608,3.07387387861241,0.0615498643842575,-0.907514198816167,0.415487175664099,113.94999999999999,0.9355032434141191,0.9998116605095241,175,65,3837.621405133399,4101.427393742169
11/11/2024 12:00:00,23.84,191.78,0.416086493675448,3.34719243947472,-0.186735434996385,-0.895413426047665,0.404183960308042,518.95,0.9189541247044339,0.9823356833730209,180,65,17168.084748553178,18352.191703911452
11/11/2024 13:00:00,20.5,206.79,0.357792496658838,3.60916636019907,-0.422178526636862,-0.836134009449511,0.350207381259467,49.63,0.8388700421725978,0.905798798486906,180,65,1498.792326948937,1618.3725972805853
11/11/2024 14:00:00,14.89,220.6,0.259879525621956,3.85019632989949,-0.628921832561539,-0.733775692630696,0.256964124795229,178.76,0.7005588432933936,0.777410510469153,180,70,4508.348357776573,5002.916502652768
11/11/2024 15:00:00,7.52,233.09,0.131248759749974,4.06818795347358,-0.792702857780635,-0.595394516126141,0.130872263804572,60.470000000000006,0.513548165039525,0.6090748656987853,180,80,1117.953271437843,1325.9072566369998
12/11/2024 07:00:00,3.24,121.25,0.0565486677646163,2.11621171804312,0.853545336886434,-0.517944025102548,0.0565185344820245,11.95,0.40620637142003235,0.9992915572159453,120,85,174.74998098489792,429.89522791429965
12/11/2024 08:00:00,11.26,133.16,0.196524073774561,2.32408043195565,0.715405398309311,-0.670871122738966,0.195261498367845,26.65,0.6124482497915047,0.9992601998133527,135,80,587.5828508499696,958.6902357009305
12/11/2024 09:00:00,17.77,146.29,0.310145008079392,2.5532421627425,0.528510692274223,-0.792168798033525,0.305196729297583,75.36,0.7759546058161781,0.9990158809325937,145,70,2105.1338073950587,2710.2901243348897
12/11/2024 10:00:00,22.26,160.72,0.388510291493938,2.80509317380529,0.305577695417104,-0.873570342429331,0.378810148876021,46.86000000000001,0.8855667380277543,0.9991535040775668,160,70,1493.9156643833007,1685.5319952386924
12/11/2024 11:00:00,24.28,176.11,0.423765942384223,3.07369934568721,0.0618403976296218,-0.909446785381717,0.411196193780866,54.23,0.9338356060922668,0.9997660156028303,175,65,1823.1085770618106,1951.8231969410936
12/11/2024 12:00:00,23.58,191.71,0.411548637620263,3.34597070899833,-0.186011680827243,-0.897427626027321,0.400029137237265,32.160000000000004,0.9174404756007378,0.9824052643952201,180,65,1062.1758850315105,1137.3895189062102
12/11/2024 13:00:00,20.25,206.67,0.353429173528852,3.60707196509668,-0.421108277762375,-0.838373902981254,0.346117057077493,47.79,0.837561590111704,0.9061927755600683,180,70,1440.97446209178,1559.050298784564
12/11/2024 14:00:00,14.66,220.44,0.255865268342369,3.8474038030963,-0.627534339099559,-0.736308257153946,0.253082602519018,34.0,0.6996049861187407,0.7784627838580837,180,70,856.3165030093386,952.8384474422944
12/11/2024 15:00:00,7.32,232.91,0.127758101245985,4.06504636081999,-0.791188051912517,-0.598153780429156,0.127410837330209,6.43,0.5130516614066722,0.6111911401776032,180,80,118.76119858241648,141.4785251283116
13/11/2024 07:00:00,3.01,121.38,0.0525344104850293,2.11848064607072,0.852554789791388,-0.519993273163163,0.052510249178828,15.62,0.404821122901206,0.9991083625479614,120,85,227.63901382980612,561.8186144279696
13/11/2024 08:00:00,11.01,133.27,0.192160750644576,2.32600029413284,0.714729660973395,-0.672820949124947,0.19098031873327,54.23,0.6107997341000826,0.9994040108249926,135,80,1192.4521048889092,1951.1164622534166
13/11/2024 09:00:00,17.51,146.37,0.305607152024207,2.5546384261441,0.52816568567392,-0.794050941500019,0.300872249932643,29.41,0.7742276135404516,0.9987996503726404,145,70,819.7212281120885,1057.4891178285368
13/11/2024 10:00:00,22.0,160.75,0.383972435438752,2.80561677258089,0.305683843289362,-0.875344096981964,0.374606593415912,148.94,0.8838486093291449,0.9993161833907312,160,70,4739.054827445382,5358.173484751758
13/11/2024 11:00:00,24.01,176.08,0.419053553403838,3.07317574691162,0.0624483511065489,-0.911337359600173,0.406896080641062,62.5,0.9321318047814486,0.9997036534354997,175,65,2097.2965607582596,2249.3332202298743
13/11/2024 12:00:00,23.32,191.63,0.407010781565078,3.34457444559673,-0.185122493690258,-0.899455230474417,0.395866076725594,79.95,0.9159304801365509,0.9824835126976897,180,65,2636.231107929021,2827.784046246491
13/11/2024 13:00:00,20.01,206.55,0.349240383324065,3.60497756999429,-0.419995823254843,-0.840543585469192,0.342184145417466,52.39,0.8363147988073338,0.9068864751737823,180,70,1577.3231631425838,1710.4241676367603
13/11/2024 14:00:00,14.44,220.29,0.252025543987981,3.84478580921831,-0.62622832681469,-0.738684417199282,0.249366025115354,40.43,0.6986571679150467,0.7794244995822102,180,70,1016.8815347569922,1134.4367706519154
13/11/2024 15:00:00,7.12,232.73,0.124267442741996,4.0619047681664,-0.789654111779886,-0.600902081997069,0.123947858395002,17.459999999999997,0.512546308193898,0.6132963488879017,180,80,322.1661074783565,385.49355305697947
14/11/2024 07:00:00,2.78,121.51,0.0485201532054424,2.12074957409831,0.85154561740366,-0.522032281627506,0.0485011177128807,82.2,0.403428035567,0.9989039252190913,120,85,1193.8242428498666,2955.956495508335
14/11/2024 08:00:00,10.77,133.38,0.187971960439789,2.32792015631004,0.714011794900751,-0.67473542541731,0.186866964521633,66.69,0.6092448926123626,0.9995230109286569,135,80,1462.6995079794647,2399.694825557957
14/11/2024 09:00:00,17.26,146.44,0.301243828894221,2.5558601566205,0.527915885127091,-0.795782024741572,0.296708252882668,123.35,0.772507283688474,0.9989308561100212,145,75,3430.395843947037,4435.852359642159
14/11/2024 10:00:00,21.74,160.78,0.379434579383567,2.80614037135648,0.305781932077496,-0.877100173275642,0.370395324018531,67.09,0.882112525636394,0.9994580239467583,160,70,2130.5134564180444,2413.930997757169
14/11/2024 11:00:00,23.75,176.06,0.414515697348653,3.07282668106122,0.0628926892739726,-0.91314818810734,0.402746689858737,101.08999999999999,0.9304781915384575,0.9996200661931915,175,65,3386.233453774416,3637.8573296929103
14/11/2024 12:00:00,23.07,191.55,0.402647458435092,3.34317818219514,-0.184210529367159,-0.901396577957309,0.391855445435078,43.19,0.9144672755239804,0.982548005014298,180,65,1421.8502986757057,1527.7049401164309
14/11/2024 13:00:00,19.78,206.42,0.345226126044478,3.6027086419667,-0.418695427771892,-0.842717728065027,0.338409470269128,53.31,0.8351830513859493,0.9076384859923824,180,70,1602.8499048978586,1741.9034767771407
14/11/2024 14:00:00,14.23,220.13,0.248360352558793,3.84199328241512,-0.624747976400398,-0.741124129311879,0.245814952627618,25.73,0.6978713174574439,0.7805025407300442,180,70,646.4242439344811,722.9638934274253
14/11/2024 15:00:00,6.93,232.56,0.120951317163207,4.05893770843801,-0.788189744854797,-0.603488942744683,0.120656628871498,37.34,0.5120482442560101,0.615272393399075,180,80,688.3157318586992,827.0737621027728
15/11/2024 07:00:00,2.55,121.64,0.0445058959258554,2.1230185021259,0.850517877498173,-0.524060943747374,0.0444912046882888,24.23,0.40202707961703776,0.9986782475331113,120,85,350.6801810083497,871.1270617581823
15/11/2024 08:00:00,10.53,133.48,0.183783170235003,2.32966548556203,0.713394789500489,-0.676513259759557,0.182750331553874,303.37,0.6075911122444333,0.9996165248800088,135,80,6635.696965977374,10917.131945502539
15/11/2024 09:00:00,17.01,146.51,0.296880505764236,2.55708188709689,0.527652609784552,-0.797498518393565,0.292538606935254,374.99,0.7707726430650984,0.9990639679207254,145,75,10405.153203227324,13487.00390390134
15/11/2024 10:00:00,21.48,160.8,0.374896723328382,2.80648943720688,0.306025359923724,-0.878785129083384,0.366176427402768,192.92999999999998,0.8803207589079171,0.9995811659438447,160,70,6114.25022457976,6942.570996439654
15/11/2024 11:00:00,23.5,176.03,0.410152374218668,3.07230308228562,0.0634918663951499,-0.91485953180415,0.398749068925246,647.61,0.9288615494007277,0.9995230296208267,175,65,21655.44100826659,23302.839931658767
15/11/2024 12:00:00,22.83,191.47,0.398458668230305,3.34178191879354,-0.183276557526564,-0.90325361053768,0.387998219727691,588.0300000000001,0.9130529254001847,0.9826009140790716,180,65,19328.490422030543,20800.757358212995
15/11/2024 13:00:00,19.55,206.3,0.341211868764892,3.6006142468643,-0.417528061687768,-0.844803835950411,0.334629341909413,624.78,0.833985198021081,0.9083059061350619,180,70,18758.061792705994,20429.689105262303
15/11/2024 14:00:00,14.02,219.97,0.244695161129605,3.83920075561193,-0.623250514186491,-0.743551349224965,0.242260577956896,213.9,0.6970742986848729,0.7815677136370823,180,70,5367.750929592996,6018.384022090989
15/11/2024 15:00:00,6.74,232.38,0.117635191584418,4.05579611578442,-0.786602537897969,-0.606203036822344,0.117364072525805,178.32,0.5116392096636242,0.6173735078798648,180,80,3284.4781392198283,3963.2415813049492
16/11/2024 07:00:00,2.33,121.75,0.0406661715714679,2.1249383643031,0.849649192203837,-0.5257788737597,0.0406549639693417,30.71,0.4005292077517259,0.9987072216333,120,90,442.80907092199806,1104.130755948911
16/11/2024 08:00:00,10.3,133.57,0.179768912955416,2.33123628188883,0.712857026770953,-0.678133192855772,0.17880221511635,61.26,0.6059448380159481,0.9996845264007053,135,80,1336.3265079668515,2204.6642671430595
16/11/2024 09:00:00,16.76,146.57,0.29251718263425,2.55812908464809,0.527515378735246,-0.799108302832078,0.288363391474449,44.11,0.7689586093925695,0.9991810382337486,145,75,1221.0755133710247,1586.6595214736635
16/11/2024 10:00:00,21.23,160.82,0.370533400198396,2.80683850305728,0.306240594187071,-0.880392584301568,0.362112684089851,174.88,0.8785839009395835,0.9996798775101701,160,70,5531.2830934673175,6293.664611243228
16/11/2024 11:00:00,23.25,175.99,0.405789051088682,3.07160495058482,0.0642516026404178,-0.916541880878891,0.394743856384267,192.42999999999998,0.9272190368919806,0.9994092891943646,175,65,6423.291333688458,6923.387862708176
16/11/2024 12:00:00,22.59,191.38,0.394269878025519,3.34021112246675,-0.182176593273108,-0.905125745868819,0.384134186227703,94.66,0.9116444406975586,0.9826646337869965,180,65,3106.665459231512,3348.685232433975
16/11/2024 13:00:00,19.33,206.17,0.337372144410504,3.59834531883671,-0.416173804624526,-0.846895934434832,0.331008520407103,48.71,0.8329042276085756,0.909033441753653,180,70,1460.547537365294,1594.0446821215357
16/11/2024 14:00:00,13.82,219.82,0.241204502625616,3.83658276173393,-0.621839516250099,-0.745825433230114,0.238872432852676,71.26,0.6962865385270636,0.7825458397216145,180,70,1786.225634475788,2007.5117953882411
16/11/2024 15:00:00,6.56,232.2,0.114493598930828,4.05265452313083,-0.784981681652034,-0.608894207006753,0.114243617521341,7.3500000000000005,0.5113356594563029,0.6194819318171293,180,80,135.29941549213774,163.91491915881244
17/11/2024 07:00:00,2.11,121.86,0.0368264472170804,2.12685822648029,0.848764533053855,-0.527487623727461,0.0368181238553562,38.919999999999995,0.3990244207783543,0.9987954593196058,120,90,559.0810964409677,1399.432293961886
17/11/2024 08:00:00,10.07,133.66,0.175754655675829,2.33280707821562,0.712304463837087,-0.679742158884925,0.174851217417042,127.57,0.6042887715402279,0.9997340841891754,135,80,2775.208269073927,4591.298776320471
17/11/2024 09:00:00,16.52,146.62,0.288328392429463,2.55900174927409,0.527477770916901,-0.800569964524846,0.284350018620053,234.53,0.7671542771265528,0.9992779903243149,145,75,6477.144934121656,8436.984014547415
17/11/2024 10:00:00,20.98,160.83,0.36617007706841,2.80701303598248,0.306602849429132,-0.881930034376797,0.358042046673404,198.33,0.8767926669925923,0.9997616666891059,160,70,6260.19442720707,7138.178328760214
17/11/2024 11:00:00,23.0,175.95,0.401425727958696,3.07090681888402,0.0650124833343563,-0.918206165433558,0.390731128489274,159.12999999999997,0.9255584366808036,0.9992761533272196,175,65,5302.2281050445845,5724.5333140425755
17/11/2024 12:00:00,22.35,191.29,0.390081087820733,3.33864032613995,-0.181068027455864,-0.906980764057176,0.380263412733205,149.35,0.9102190864513734,0.9827099916503623,180,65,4893.883940214454,5283.638541107338
17/11/2024 13:00:00,19.11,206.04,0.333532420056116,3.59607639080912,-0.414806092976136,-0.848973730603596,0.327382818692256,150.13,0.8318096931003042,0.9097458684607698,180,70,4495.665212105352,4916.885300352554
17/11/2024 14:00:00,13.63,219.66,0.237888377046827,3.83379023493074,-0.620256510453115,-0.7481647333151,0.235650998436397,15.62,0.695662775359489,0.7836626046204922,180,75,391.1850918401478,440.6691558301951
17/11/2024 15:00:00,6.39,232.03,0.111526539202438,4.04968746340244,-0.783435375236699,-0.611426469644833,0.111295485287537,80.42,0.5110415952450771,0.6214637859058524,180,80,1479.5267432259275,1799.2122358517513
18/11/2024 07:00:00,1.89,121.97,0.0329867228626928,2.12877808865748,0.847863945233196,-0.529187113507426,0.0329807409146501,22.42,0.3975127020269419,0.9988652722785586,120,90,320.8404520599854,806.2041385614704
18/11/2024 08:00:00,9.84,133.74,0.171740398396242,2.33420334161722,0.711856048239036,-0.681215857517291,0.170897402123277,58.629999999999995,0.6025350642308189,0.9997614818098852,135,80,1271.7587093707048,2110.1765644264883
18/11/2024 09:00:00,16.28,146.67,0.284139602224677,2.55987441390008,0.527428770410807,-0.802018113550569,0.280331656577938,167.38,0.7653368620735682,0.9993566474369304,145,75,4611.675023059459,6021.803363327763
18/11/2024 10:00:00,20.74,160.84,0.361981286863624,2.80718756890768,0.30693846214723,-0.883392476223146,0.35412782071878,84.55,0.8750589938236257,0.9998221550635844,160,70,2663.5045654003516,3043.2586755825378
18/11/2024 11:00:00,22.76,175.91,0.397236937753909,3.07020868718323,0.0657696542304124,-0.91978501710816,0.386871910179266,67.09,0.9239459739693163,0.9991304665316606,175,65,2231.5512741696516,2413.139867985928
18/11/2024 12:00:00,22.13,191.21,0.386241363466345,3.33724406273836,-0.180083994028129,-0.908658256798174,0.376709340801872,91.9,0.9088921445804541,0.9827283006825049,180,65,3006.9787711299746,3251.2583099779995
18/11/2024 13:00:00,18.9,205.91,0.329867228626928,3.59380746278152,-0.413400308109195,-0.850986305085498,0.323917418198149,187.59,0.8307823899751897,0.9104518330765197,180,70,5610.47286727605,6148.499737205675
18/11/2024 14:00:00,13.44,219.5,0.234572251468038,3.83099770812755,-0.618658487110296,-0.750492757270166,0.232426972641784,80.88000000000001,0.6950292063827896,0.7850768638053623,180,75,2023.702639640641,2285.8926028047977
18/11/2024 15:00:00,6.22,231.85,0.108559479474047,4.04654587074885,-0.781766903073831,-0.614085965201441,0.108346373270942,43.23,0.5108368054822771,0.623570769821684,180,80,795.0051036359581,970.4507176580904
19/11/2024 07:00:00,1.67,122.07,0.0291469985083053,2.13052341790948,0.847040117071614,-0.530729434928017,0.0291428717235446,30.08,0.3958895046318735,0.9989229768725711,120,90,428.7008267757631,1081.7137131957697
19/11/2024 08:00:00,9.61,133.81,0.167726141116655,2.33542507209361,0.71151258837854,-0.682554462935795,0.16694083294778,66.92999999999999,0.6006838843053486,0.9997674145632572,135,80,1447.3358055560511,2408.9195900418767
19/11/2024 09:00:00,16.05,146.72,0.28012534494509,2.56074707852608,0.527341931125694,-0.803412377529555,0.276476109833981,111.03,0.7635964723400396,0.999413844333441,145,75,3052.1561876609253,3994.7370889083104
19/11/2024 10:00:00,20.5,160.84,0.357792496658838,2.80718756890768,0.307422619839954,-0.88478591926077,0.350207381259467,47.79,0.8732721375178153,0.9998673322475186,160,70,1502.4123162711503,1720.2117530919209
19/11/2024 11:00:00,22.53,175.87,0.393222680474323,3.06951055548243,0.0665230806681847,-0.921280433037188,0.383167122077593,63.410000000000004,0.9223837119238744,0.9989744182729787,175,65,2105.5806422313435,2280.418843056825
19/11/2024 12:00:00,21.91,191.11,0.382401639111958,3.33549873348636,-0.178775219248527,-0.910383826347662,0.373149714869557,132.11,0.9075952708750785,0.9831056826633561,180,70,4316.486804471039,4675.6113025196155
19/11/2024 13:00:00,18.7,205.78,0.32637657012294,3.59153853475393,-0.411957665127005,-0.852935045833395,0.320612990585676,52.39,0.8298237746000825,0.911152869571516,180,70,1565.0808318467396,1718.4707581266618
19/11/2024 14:00:00,13.26,219.35,0.231430658814448,3.82837971424956,-0.617151521646801,-0.752670762459147,0.229370274159938,368.65999999999997,0.6944078763968216,0.7863895234849531,180,75,9216.01467764828,10436.773022206658
19/11/2024 15:00:00,6.06,231.68,0.105766952670856,4.04357881102046,-0.780175770099756,-0.616588007508546,0.105569866656608,113.49000000000001,0.5106427299094418,0.6255526651702265,180,80,2086.302363027212,2555.782990926084
20/11/2024 07:00:00,1.46,122.16,0.0254818070791172,2.13209421423627,0.846290145737346,-0.532112588897854,0.0254790495169005,38.74999999999999,0.39427682865599034,0.9989650596299033,120,90,550.0161759751064,1393.556258183715
20/11/2024 08:00:00,9.39,133.88,0.163886416762268,2.33664680257001,0.711134953193772,-0.683862504850714,0.163153770429614,84.82000000000001,0.5989309520260915,0.9997577000340971,135,80,1828.847640630711,3052.780132208117
20/11/2024 09:00:00,15.82,146.75,0.276111087665503,2.56127067730168,0.52752546719659,-0.804610054112672,0.272616107887673,142.52,0.7617139240220022,0.9994641369834925,145,75,3908.1408642581673,5127.970636903945
20/11/2024 10:00:00,20.27,160.84,0.353778239379251,2.80718756890768,0.307881542830968,-0.886106734888081,0.346444526540696,576.9499999999999,0.8715453551163213,0.9998941646930016,160,70,18102.171334837014,20768.00177950658
20/11/2024 11:00:00,22.3,175.82,0.389208423194735,3.06863789085643,0.0674385958147812,-0.922748643342286,0.379456159529005,228.92,0.9207978466039812,0.9991053580088043,175,70,7588.4055496050005,8233.747147993516
20/11/2024 12:00:00,21.69,191.02,0.37856191475757,3.33392793715957,-0.177617544242894,-0.912063178031311,0.36958458741748,149.68,0.9062618260414258,0.9834644116460518,180,70,4883.373724387702,5299.378312866517
20/11/2024 13:00:00,18.5,205.65,0.322885911618951,3.58926960672634,-0.410503308745983,-0.854871211664217,0.317304656405092,99.36999999999999,0.8288535050550362,0.9118407533847446,180,70,2965.074220703482,3261.9461638983144
20/11/2024 14:00:00,13.09,219.19,0.228463599086058,3.82558718744637,-0.615474595708661,-0.754915383899936,0.226481313110978,170.63000000000002,0.6939522594904968,0.787809943164823,180,75,4262.726665327085,4839.264381679696
20/11/2024 15:00:00,5.91,231.5,0.103148958792865,4.04043721836687,-0.778448485939207,-0.619205884991736,0.102966143613121,49.19,0.5106527386097397,0.6276786394504571,180,80,904.2842956396714,1111.5184418844474
21/11/2024 07:00:00,1.25,122.24,0.0218166156499291,2.13349047763787,0.845619659645249,-0.533339949762233,0.0218148850345611,38.32,0.39255374829331063,0.9989980820734528,120,90,541.5357468455878,1378.1378341819695
21/11/2024 08:00:00,9.17,133.95,0.16004669240788,2.3378685330464,0.710744710932861,-0.685160546866606,0.159364302459544,387.83,0.597169247839068,0.9997318251135073,135,80,8337.605378019327,13958.135774415776
21/11/2024 09:00:00,15.59,146.79,0.272096830385916,2.56196880900248,0.527558753764515,-0.805887261419513,0.26875171294001,593.4200000000001,0.759884506096975,0.9994929774634458,145,75,16233.503889890411,21352.288416708892
21/11/2024 10:00:00,20.04,160.83,0.349763982099664,2.80701303598248,0.308490382682094,-0.887359443365563,0.342676089131723,610.6,0.8697664661292368,0.999907129969317,160,70,19118.858551866433,21979.55856813354
21/11/2024 11:00:00,22.08,175.77,0.385368698840348,3.06776522623043,0.0683507861880969,-0.924135673485803,0.375900820720587,210.75000000000003,0.9192646208433242,0.9992624907829593,175,70,6974.4606783383015,7581.404517570313
21/11/2024 12:00:00,21.48,190.93,0.374896723328382,3.33235714083277,-0.176440321035268,-0.913664947958231,0.366176427402768,133.17999999999998,0.90498451536088,0.9838039236498668,180,70,4338.930159207432,4716.828235860813
21/11/2024 13:00:00,18.31,205.52,0.319569786040162,3.58700067869875,-0.409013690041402,-0.856745267643577,0.314158157190057,138.76999999999998,0.8279537518144154,0.9125256238469887,180,70,4136.225117014311,4558.722509564877
21/11/2024 14:00:00,12.92,219.04,0.225496539357667,3.82296919356838,-0.613916681310827,-0.757042706923994,0.223590358248053,47.79,0.693412290238904,0.7891165452375634,180,75,1192.9742406186201,1357.6276690885136
21/11/2024 15:00:00,5.76,231.33,0.100530964914873,4.03747015863848,-0.77681564438193,-0.621679162298054,0.100361714851215,48.919999999999995,0.5105600005261309,0.6296620878086998,180,80,899.1574281265797,1108.9104960816574
22/11/2024 07:00:00,1.04,122.33,0.018151424220741,2.13506127396466,0.844842735080543,-0.534706756047848,0.0181504274994948,18.74,0.3909290635140219,0.9990086488064007,120,90,263.73638340909974,673.9711948307502
22/11/2024 08:00:00,8.95,134.0,0.156206968053492,2.3387411976724,0.710581463722184,-0.686200543102493,0.155572484907457,45.95,0.5952234163257693,0.9996839195744337,135,80,984.6185752860875,1653.6771397600282
22/11/2024 09:00:00,15.37,146.82,0.268257106031528,2.56249240777808,0.527697579422661,-0.807021116586291,0.2650512819348,132.31,0.7580696629171902,0.999509301034773,145,75,3610.807095620644,4760.822722316789
22/11/2024 10:00:00,19.82,160.82,0.345924257745276,2.80683850305728,0.309075258060208,-0.888541788229029,0.339066328947267,500.36,0.8680500242950087,0.9999045313847764,160,70,15636.150365625019,18011.240327652722
22/11/2024 11:00:00,21.86,175.71,0.38152897448596,3.06671802867924,0.0694259596400526,-0.925496086071831,0.372339939831573,154.26,0.9177086547844966,0.9994061591612997,175,70,5096.366535134031,5550.062188039995
22/11/2024 12:00:00,21.28,190.83,0.371406064824393,3.33061181158078,-0.175084508827932,-0.915221362788224,0.362925986758386,76.28,0.9037866582200204,0.9841547590054298,180,70,2481.870466404833,2702.5677006096307
22/11/2024 13:00:00,18.13,205.39,0.316428193386572,3.58473175067115,-0.407489920955919,-0.85855847722249,0.311174075894406,138.07,0.8271258204836105,0.9132088675957974,180,70,4111.245433230195,4539.122940562263
22/11/2024 14:00:00,12.76,218.88,0.222704012554476,3.82017666676519,-0.612189761535954,-0.759237230509431,0.220867661007492,88.68,0.6930388150657218,0.7905316063452322,180,75,2212.512556321016,2523.756342625027
22/11/2024 15:00:00,5.62,231.16,0.0980875039620813,4.03450309891009,-0.775156364569206,-0.624133213378813,0.0979302937057193,9.19,0.5105760023068134,0.6316566444882631,180,80,168.91896460318614,208.97728426249694
23/11/2024 07:00:00,0.83,122.4,0.0144862327915529,2.13628300444106,0.84423933554663,-0.535770574083741,0.0144857261386065,30.79,0.3890899612778427,0.9990179984993468,120,90,431.28287667881193,1107.351510256616
23/11/2024 08:00:00,8.74,134.06,0.152541776624304,2.3397883952236,0.710267472430811,-0.68733619647937,0.151950882248244,416.80999999999995,0.5934655847305437,0.9996272109663994,135,80,8905.046053375363,14999.566240904576
23/11/2024 09:00:00,15.16,146.84,0.26459191460234,2.56284147362847,0.527943670183642,-0.808013102267309,0.261515406195097,599.0300000000001,0.7562708610061011,0.9995153901454303,145,75,16309.041619265452,21554.62934971742
23/11/2024 10:00:00,19.6,160.81,0.342084533390889,2.80666397013208,0.309655996411995,-0.889710856536091,0.335451569750255,780.06,0.866320659682039,0.9998871699282825,160,70,24328.155376496565,28078.991487873216
23/11/2024 11:00:00,21.65,175.66,0.377863783056772,3.06584536405324,0.0703363821080915,-0.926789713031251,0.368935795459582,799.0500000000001,0.9162162936102555,0.9995274223970927,175,70,26355.69465873389,28752.20592719029
23/11/2024 12:00:00,21.08,190.73,0.367915406320405,3.32886648232879,-0.173721686567274,-0.916764668927911,0.359671123975389,785.04,0.902576404911151,0.9844917637609611,180,70,25508.108912812197,27823.154912024576
23/11/2024 13:00:00,17.96,205.26,0.313461133658182,3.58246282264356,-0.405933065436861,-0.860312036793658,0.308352956420042,653.88,0.8263709416367377,0.9138917948979717,180,70,19452.507527427482,21512.720406523888
23/11/2024 14:00:00,12.6,218.72,0.219911485751285,3.817384139962,-0.610450612226618,-0.76142207497889,0.218143241396543,444.50000000000006,0.6926572778242145,0.7919368723625431,180,75,11083.901759743081,12672.573831545416
23/11/2024 15:00:00,5.48,230.99,0.0956440430092893,4.0315360391817,-0.773484742138863,-0.626579149583468,0.0954982878675562,94.14999999999999,0.5105858525634243,0.6336431080441083,180,80,1730.57968867847,2147.6699504047006
24/11/2024 07:00:00,0.63,122.47,0.0109955742875643,2.13750473491746,0.843621658988872,-0.536825482539116,0.0109953527232182,1.84,0.38736782748927506,0.9990105291366937,120,90,25.659244892889582,66.1744574500146
24/11/2024 08:00:00,8.54,134.1,0.149051118120316,2.3404865269244,0.710164023544945,-0.688196816080652,0.148499838380072,267.49,0.5916338781652755,0.9995552100976759,135,80,5697.221258535463,9625.356833364984
24/11/2024 09:00:00,14.95,146.85,0.260926723173152,2.56301600655367,0.528323232371693,-0.80890230349785,0.257976017358588,103.06,0.7543968953785045,0.9995131903001063,145,75,2798.9331853575122,3708.353858123842
24/11/2024 10:00:00,19.39,160.79,0.3384193419617,2.80631490428168,0.310369004611753,-0.890757768810339,0.33199650341583,183.35,0.8646178376159457,0.9998590708657717,160,70,5706.996498967811,6599.6697831566125
24/11/2024 11:00:00,21.45,175.59,0.374373124552784,3.06462363357684,0.071567206042764,-0.92798145693377,0.365689144775054,333.83,0.9147632550899906,0.9996334179591875,175,70,10993.515028080896,12013.47446102336
24/11/2024 12:00:00,20.89,190.63,0.364599280741616,3.32712115307679,-0.172340435088658,-0.918233675828651,0.356574944447385,208.67999999999998,0.9014258201122515,0.9848132229395403,180,70,6771.943445076887,7398.389641068838
24/11/2024 13:00:00,17.79,205.13,0.310494073929791,3.58019389461597,-0.4043667918631,-0.862055365400701,0.30552912237986,31.24,0.8256069089178564,0.9145641798024641,180,70,928.510554045378,1028.5554591730431
24/11/2024 14:00:00,12.45,218.57,0.217293491873294,3.81476614608401,-0.608809101084941,-0.763461515455677,0.215587552642233,27.57,0.692292235166402,0.7932453596672812,180,75,687.1138892473573,787.3118843769698
24/11/2024 15:00:00,5.36,230.82,0.0935496479068961,4.02856897945331,-0.771775591626021,-0.628996343052309,0.0934132570737506,11.95,0.5108207270433989,0.6356615171150296,180,80,219.75507677407018,273.46158466288574
25/11/2024 07:00:00,0.43,122.53,0.0075049157835756,2.13855193246865,0.843086257346794,-0.537725989672719,0.0075048453329269,1.84,0.3855364207444959,0.9990427881073989,125,90,25.53793251011541,66.17659428423411
25/11/2024 08:00:00,8.33,134.14,0.145385926691128,2.34118465862519,0.710069228321069,-0.689066854116856,0.144874295680843,61.31,0.5896854421324593,0.9994654925869714,135,80,1301.5301204570787,2205.98025661826
25/11/2024 09:00:00,14.74,146.87,0.257261531743964,2.56336507240407,0.528554063380384,-0.80987305651202,0.254433162972054,579.1500000000001,0.7525781450562067,0.999492218670736,145,75,15690.802777534876,20838.813063953647
25/11/2024 10:00:00,19.19,160.76,0.334928683457712,2.80579130550608,0.311215350281952,-0.891683868462364,0.328701816960108,594.76,0.8629429938252227,0.9998219985592471,160,70,18476.78310026962,21407.548747071523
25/11/2024 11:00:00,21.25,175.53,0.370882466048795,3.06357643602565,0.0726379907899666,-0.929172960594021,0.362438038283702,427.67,0.9133068959615682,0.9997245575039995,175,70,14061.38256705182,15391.879254278478
25/11/2024 12:00:00,20.71,190.53,0.361457688088026,3.3253758238248,-0.170941429764624,-0.919629881454265,0.35363810417776,165.70999999999998,0.9003364269081404,0.9851207685330878,180,70,5371.010974906126,5876.797051930247
25/11/2024 13:00:00,17.62,204.99,0.307527014201401,3.57775043366318,-0.402640386845145,-0.863858701213245,0.302702598633306,61.58,0.8248834057912895,0.9152920331014008,180,70,1828.667524630594,2029.0926023418335
25/11/2024 14:00:00,12.31,218.42,0.214850030920502,3.81214815220601,-0.607133819809288,-0.765463191125151,0.213200909651632,67.95,0.692020022163098,0.7945611212324526,180,75,1692.8193782153705,1943.6554147588258
25/11/2024 15:00:00,5.24,230.65,0.0914552528045029,4.02560191972492,-0.770055528009542,-0.631406140064348,0.0913278165236978,24.04,0.5110500816971909,0.6376725709445219,180,80,442.2831827040169,551.867349798227
26/11/2024 07:00:00,0.24,122.59,0.0041887902047863,2.13959913001985,0.842539025783021,-0.538619015791161,0.0041887779554038,4.59,0.3838230718391048,0.9991067409918191,125,90,63.42292439069368,165.09239788148818
26/11/2024 08:00:00,8.13,134.18,0.141895268187139,2.34188279032599,0.709946341653312,-0.689910640711377,0.141419587774455,263.71000000000004,0.5878392419676938,0.9993675977845035,135,80,5580.68711397482,9487.556251623051
26/11/2024 09:00:00,14.54,146.87,0.253770873239975,2.56336507240407,0.529036246363758,-0.81061187782397,0.251055837542252,226.01,0.750712440902285,0.9994698325320319,145,75,6108.066675659715,8132.046366620323
26/11/2024 10:00:00,18.99,160.73,0.331438024953723,2.80526770673049,0.312058952997489,-0.892598462831598,0.325403125376478,221.89000000000001,0.8612571825179154,0.9997725154292962,160,70,6879.7568242404095,7986.222844149836
26/11/2024 11:00:00,21.06,175.46,0.367566340470006,3.06235470554925,0.0738678650909649,-0.930276531401428,0.359345396005891,472.37000000000006,0.9119004100365808,0.9998006089525772,175,70,15507.158280803273,17001.929291433444
26/11/2024 12:00:00,20.53,190.42,0.358316095434436,3.3234559616476,-0.169375653835583,-0.921044493740526,0.350697773642816,588.17,0.8992575811883166,0.9854444169887739,180,70,19040.987934991157,20865.918338650335
26/11/2024 13:00:00,17.47,204.86,0.304909020323409,3.57548150563558,-0.401011103260335,-0.865486115715415,0.300206393279311,395.72999999999996,0.8242690778885313,0.9159675499871063,180,70,11742.768078941825,13049.13018803031
26/11/2024 14:00:00,12.18,218.26,0.212581102892909,3.80935562540282,-0.605291866582288,-0.767533501761172,0.210983601077342,147.57999999999998,0.6919160789241274,0.7959870060563309,180,75,3676.0670973944175,4228.983444736558
26/11/2024 15:00:00,5.12,230.49,0.0893608577021097,4.02280939292173,-0.768435196490161,-0.633674379021317,0.0892419753651604,15.62,0.5111790564173354,0.6395441477389464,180,80,287.44620700459603,359.6284651565643
27/11/2024 07:00:00,0.05,122.64,0.0008726646259971,2.14047179464585,0.842075738133917,-0.53935859101609,0.0008726645152351,3.68,0.3820011841951225,0.99915144088889,125,90,50.60751688216984,132.36758288896016
27/11/2024 08:00:00,7.94,134.21,0.13857914260835,2.34240638910159,0.709917254825562,-0.690605481937466,0.1381360185428,27.57,0.5860087348403105,0.9992610195270223,135,80,581.6253895037049,991.7865471009601
27/11/2024 09:00:00,14.34,146.87,0.250280214735987,2.56336507240407,0.529511983207424,-0.811340822086003,0.247675453076298,133.73999999999998,0.7488375895541817,0.9994352681688328,145,75,3605.3834121711448,4811.9210195363885
27/11/2024 10:00:00,18.79,160.7,0.327947366449734,2.80474410795489,0.312899790658112,-0.893501543908723,0.322100468858457,83.63,0.8595604264516891,0.9997106210476217,160,70,2587.861384709571,3009.808772575653
27/11/2024 11:00:00,20.87,175.39,0.364250214891217,3.06113297507285,0.0750997194045472,-0.931368253233845,0.35624880212219,138.08999999999997,0.9104827514137064,0.9998643790099673,175,70,4526.228273137873,4970.5657955095085
27/11/2024 12:00:00,20.36,190.31,0.355349035706045,3.32153609947041,-0.167792556012232,-0.922387657393565,0.347917616160627,54.23,0.8982414731072014,0.9857557081015162,180,70,1753.618863117727,1924.4711538124282
27/11/2024 13:00:00,17.32,204.73,0.302291026445418,3.57321257760799,-0.399373770787761,-0.867104642089788,0.297708130344311,48.71,0.8236470102008542,0.916634011030558,180,70,1444.3144512078097,1607.3727363827452
27/11/2024 14:00:00,12.05,218.11,0.210312174865317,3.80673763152483,-0.603574288354054,-0.769490199453131,0.208765206352684,28.490000000000002,0.6917310311776896,0.7973028680869378,180,75,709.4670148170857,817.745713624687
27/11/2024 15:00:00,5.02,230.32,0.0876155284501153,4.01984233319334,-0.766670373300929,-0.636050061370173,0.0875034749802172,11.95,0.5116296121048679,0.6415818507110754,180,80,220.10305912751417,276.0085121759046
28/11/2024 07:00:00,-0.14,122.68,-0.002443460952792,2.14116992634664,0.841696797438379,-0.539944933018572,-0.0024434585213449,0.92,0.38007093751475746,0.9991773427997424,125,90,12.587949450488768,33.09275359352747
28/11/2024 08:00:00,7.75,134.23,0.135263017029561,2.34275545495199,0.710000474708398,-0.691168975372998,0.134850930273723,34.919999999999995,0.5840842766778687,0.9991409179642723,135,80,734.2640258972822,1256.040030791246
28/11/2024 09:00:00,14.15,146.87,0.246964089157198,2.56336507240407,0.529957957191398,-0.81202416242628,0.244461291916367,31.24,0.7470480289906363,0.9993911523252588,145,75,840.160095324029,1123.9552655510788
28/11/2024 10:00:00,18.6,160.66,0.324631240870945,2.80404597625409,0.313875506185582,-0.894285818756421,0.31895930929807,25.73,0.8578938572888718,0.9996424022487149,160,70,794.6499221295361,925.9487643549396
28/11/2024 11:00:00,20.7,175.32,0.361283155162826,3.05991124459646,0.0763234505631916,-0.932325193110943,0.353474843779257,34.919999999999995,0.9091979253349733,0.9999116599844361,175,70,1142.9708958971016,1257.0089459996343
28/11/2024 12:00:00,20.2,190.21,0.352556508902855,3.31979077021841,-0.166353999900839,-0.923631690927374,0.345298198998535,223.71,0.8972689300169094,0.9860288238000383,180,70,7226.209164026982,7941.042294203037
28/11/2024 13:00:00,17.18,204.59,0.299847565492626,3.5707691166552,-0.397555361231804,-0.868736780635482,0.295374576981412,45.029999999999994,0.8231510350271838,0.9173695973224101,180,70,1334.3936798618668,1487.1295068274123
28/11/2024 14:00:00,11.93,217.96,0.208217779762923,3.80411963764684,-0.601825331313027,-0.771410758214496,0.206716503213707,17.459999999999997,0.6916404194193093,0.7986277420053174,180,75,434.73750203020103,501.98545351486223
28/11/2024 15:00:00,4.92,230.16,0.085870199198121,4.01704980639015,-0.765007300191688,-0.638285395029107,0.0857647080445139,5.51,0.5119807378021759,0.6434812909191905,180,80,101.5564991504396,127.64094886673061
29/11/2024 07:00:00,-0.32,122.72,-0.0055850536063818,2.14186805804744,0.841309029661783,-0.540525599865623,-0.0055850245708283,0.0,0.3782601083227823,-0.0055850245708283,0,0,0.0,0.0
29/11/2024 08:00:00,7.56,134.25,0.131946891450771,2.34310452080239,0.710075582666778,-0.691725007728557,0.131564359092283,366.92,0.582153494157795,0.9990097144130942,135,80,7689.735362749614,13196.039198848292
29/11/2024 09:00:00,13.96,146.86,0.243647963578408,2.56319053947887,0.53053993797809,-0.812605988887541,0.241244442494135,586.59,0.7451847863863514,0.999341371015676,145,75,15736.245978469316,21103.331573667074
29/11/2024 10:00:00,18.42,160.62,0.321489648217355,2.80334784455329,0.314830715260979,-0.895007323976236,0.315980237921865,765.37,0.8562975169507111,0.9995676032508783,160,70,23593.839499748367,27541.406034004493
29/11/2024 11:00:00,20.52,175.24,0.358141562509236,3.05851498119486,0.0777169135778522,-0.933319758556511,0.350534320191259,793.49,0.9078219251365559,0.9999510951894466,175,70,25932.514297557806,28564.24300278746
29/11/2024 12:00:00,20.05,190.1,0.349938515024863,3.31787090804122,-0.164738414188572,-0.924836177574088,0.342840049499448,776.88,0.8963824565126749,0.986319934369797,180,70,25069.73770136041,27585.080302075487
29/11/2024 13:00:00,17.04,204.46,0.297404104539834,3.56850018862761,-0.395880897738604,-0.870290932306248,0.293039260085057,616.14,0.8225986677989426,0.9180312967594089,180,70,18246.09395439506,20362.88891467232
29/11/2024 14:00:00,11.82,217.81,0.20629791758573,3.80150164376885,-0.600045914438446,-0.773295807260507,0.204837728553725,428.82,0.6916448560802182,0.7999622968992216,180,75,10677.281298635491,12349.433957627672
29/11/2024 15:00:00,4.82,230.0,0.0841248699461267,4.01425727958696,-0.763335395478322,-0.640514448810423,0.0840256798546362,136.76,0.5123272382208369,0.6454004184937078,180,85,2522.3714315669395,3177.5386043951808
30/11/2024 07:00:00,-0.5,122.75,-0.0087266462599716,2.14239165682304,0.841006988775866,-0.540953872717763,-0.0087265354983739,0.0,0.3763415592806894,-0.0087265354983739,0,0,0.0,0.0
30/11/2024 08:00:00,7.38,134.26,0.128805298797181,2.34327905372759,0.710247351833178,-0.692133977706033,0.128449430200303,26.65,0.580240092259737,0.9990549891500495,135,85,556.6823445139917,958.4933565905575
30/11/2024 09:00:00,13.78,146.85,0.240506370924819,2.56301600655367,0.531093576986081,-0.81314390788462,0.238194453239908,39.51,0.743408484472705,0.9992843326877751,145,75,1057.3944919745966,1421.3420634417837
30/11/2024 10:00:00,18.24,160.58,0.318348055563766,2.80264971285249,0.315783971147282,-0.895719099688636,0.312998047948278,116.35,0.8546920916305231,0.9994825185157915,160,70,3579.9632950036084,4186.432477055244
30/11/2024 11:00:00,20.36,175.16,0.355349035706045,3.05711871779327,0.0791022806455602,-0.934182081588904,0.347917616160627,76.28,0.9065813904359162,0.9999768258054681,175,70,2489.545024648261,2746.0163618078795
30/11/2024 12:00:00,19.9,189.99,0.347320521146872,3.31595104586403,-0.163117699232258,-0.926031521058509,0.34037955021305,58.82,0.8954878562658395,0.9866016495028255,180,70,1896.2134454000404,2089.148724855223
30/11/2024 13:00:00,16.91,204.32,0.295135176512241,3.56605672767481,-0.394026003608907,-0.871859292492112,0.290869184643453,60.66,0.8221731908612655,0.9187628637392348,180,70,1795.4289272751969,2006.3575913191912
30/11/2024 14:00:00,11.71,217.66,0.204378055408536,3.79888364989086,-0.598258546443425,-0.775173968287961,0.202958198888578,38.59,0.6916438883072245,0.8012900030683939,180,75,960.8593553919287,1113.1841238627358
30/11/2024 15:00:00,4.74,229.84,0.0827286065445312,4.01146475278377,-0.761632688260861,-0.642718620500477,0.0826342727595425,7.3500000000000005,0.5129019495774417,0.6474749335261862,180,85,135.7138558581911,171.3218674110289
01/12/2024 07:00:00,-0.68,122.78,-0.0118682389135614,2.14291525559864,0.840696432455692,-0.541376634123254,-0.0118679602985372,0.0,0.37441917395855295,-0.0118679602985372,0,0,0.0,0.0
01/12/2024 08:00:00,7.2,134.27,0.125663706143592,2.34345358665279,0.710411991201085,-0.692536196398444,0.125333233564304,62.12,0.5783210200518352,0.9991826986200748,135,85,1293.3108635623198,2234.4922525780453
01/12/2024 09:00:00,13.6,146.83,0.237364778271229,2.56266694070327,0.531784181573419,-0.813580832415524,0.23514211310259,176.11,0.7415591063617886,0.9992226583875211,145,75,4701.455071969486,6335.031685270549
01/12/2024 10:00:00,18.07,160.53,0.315380995835375,2.8017770482265,0.316873661940855,-0.896314820559869,0.310178698193353,53.31,0.8531197485680223,0.9993944987459215,160,70,1637.2732966618057,1917.9979462132228
01/12/2024 11:00:00,20.2,175.08,0.352556508902855,3.05572245439167,0.0804895800987863,-0.935035069536907,0.345298198998535,63.410000000000004,0.905332336360148,0.9999930480081066,175,70,2066.6564441494916,2282.744130270986
01/12/2024 12:00:00,19.76,189.87,0.344877060194079,3.31385665076163,-0.161319950843053,-0.92718775070567,0.338080979058797,38.59,0.8946800988397439,0.9869019923345748,180,70,1242.925380512126,1371.0437238308848
01/12/2024 13:00:00,16.79,204.19,0.293040781409848,3.56378779964722,-0.392295571131297,-0.873304852212271,0.288864708770859,36.76,0.8217779774597641,0.9194356744159362,180,70,1087.5081042511533,1216.7443940950732
01/12/2024 14:00:00,11.61,217.51,0.202632726156542,3.79626565601287,-0.596441879570203,-0.777017355077398,0.20124888621627,59.01,0.6917386930246279,0.8026281753025227,180,75,1469.5020099137985,1705.0711904856673
01/12/2024 15:00:00,4.66,229.68,0.0813323431429358,4.00867222598058,-0.759922141254643,-0.644917019612579,0.0812427045647057,23.3,0.5134724651903109,0.6495436839063469,180,85,430.7007038016328,544.8372420606438
02/12/2024 08:00:00,7.03,134.27,0.122696646415201,2.34345358665279,0.710675145238163,-0.692792728802404,0.12238902262554,355.16,0.5764205443342257,0.9992921691866724,135,85,7369.97473892677,12776.70984510019
02/12/2024 09:00:00,13.43,146.81,0.234397718542838,2.56231787485288,0.53244772227285,-0.813975434936441,0.232257215962145,24.81,0.7397982021491679,0.9991558403838872,145,75,660.7581622315508,892.4060303972726
02/12/2024 10:00:00,17.91,160.47,0.312588469032184,2.8007298506753,0.31810043223244,-0.896795353149046,0.307522697672567,52.39,0.8515814604413277,0.9993046903932373,160,70,1606.1166976507616,1884.7286182692612
02/12/2024 11:00:00,20.05,174.99,0.349938515024863,3.05415165806488,0.082036893860507,-0.935804813251639,0.342840049499448,44.11,0.9041384531806359,0.9999996057833284,175,70,1435.7356981127227,1587.9593739996942
02/12/2024 12:00:00,19.62,189.76,0.342433599241288,3.31193678858444,-0.159679145168017,-0.928307115505304,0.335780389392581,37.68,0.8938448467264775,0.9871670031693854,180,70,1212.482657687532,1339.072296459208
02/12/2024 13:00:00,16.68,204.05,0.291120919232654,3.56134433869443,-0.390385806887018,-0.874765629012283,0.287026159225804,33.08,0.8215108517899967,0.9201795346166115,180,70,978.3208431796712,1095.8234041842302
02/12/2024 14:00:00,11.52,217.36,0.201061929829747,3.79364766213487,-0.594596706740311,-0.778826476191271,0.199709980514407,17.459999999999997,0.6919297641748414,0.8039773540050386,180,75,434.9193725697383,505.348005633407
02/12/2024 15:00:00,4.59,229.52,0.0801106126665397,4.00587969917739,-0.758193164582221,-0.647100558011046,0.0800249523748087,6.43,0.5141553791675672,0.6516127791853864,180,85,119.01668716970843,150.83532612583323
03/12/2024 08:00:00,6.86,134.26,0.119729586686811,2.34327905372759,0.711052990913059,-0.692919070645155,0.119443734242728,231.70000000000002,0.5744272481199463,0.9993906281578052,135,85,4791.412562018097,8336.117107589886
03/12/2024 09:00:00,13.27,146.78,0.231605191739647,2.56179427607728,0.533227098057908,-0.814235949369895,0.229540150410443,319.44000000000005,0.7380611581951233,0.9990905408961392,145,75,8487.585229458608,11489.38136581906
03/12/2024 10:00:00,17.75,160.42,0.309795942228993,2.7998571860493,0.319169460639702,-0.897323026882249,0.304864299028011,491.52000000000004,0.8500748104076669,0.9992049912472564,160,70,15041.835749216752,17680.65254272265
03/12/2024 11:00:00,19.9,174.91,0.347320521146872,3.05275539466328,0.0834227890985094,-0.936580162108822,0.34037955021305,516.7399999999999,0.9029468718848186,0.9999973868381414,175,70,16797.195596799396,18602.59138829068
03/12/2024 12:00:00,19.5,189.65,0.340339204138894,3.31001692640725,-0.158014170196528,-0.929303235088304,0.333806859233771,503.32,0.8931537130803189,0.9874280623231773,180,70,16183.5165672331,17891.722523826058
03/12/2024 13:00:00,16.57,203.92,0.28920105705546,3.55907541066684,-0.388622736931663,-0.876151242107514,0.28518655173974,546.49,0.8211898292776181,0.920852402201418,180,70,16155.793072869317,18116.518654045904
03/12/2024 14:00:00,11.44,217.21,0.199665666428151,3.79102966825688,-0.592723760667351,-0.780601776325295,0.198341650538023,326.85999999999996,0.6922175355330492,0.805338012396034,180,75,8145.296051915968,9476.380178343636
03/12/2024 15:00:00,4.52,229.37,0.0788888821901437,4.00326170529939,-0.756570098145008,-0.649146463148697,0.0788070807376535,10.110000000000001,0.5147408872708173,0.6535447545292054,180,85,187.3450933310867,237.8641488584496
04/12/2024 08:00:00,6.7,134.25,0.11693705988362,2.34310452080239,0.711410066416744,-0.69302500424272,0.116670737099333,14.700000000000001,0.5725413494008345,0.9994750965634264,135,85,302.9888821029216,528.9222211013653
04/12/2024 09:00:00,13.11,146.74,0.228812664936457,2.56109614437648,0.534144878098652,-0.814396309790063,0.226821294858538,54.23,0.7362520289378395,0.9990222126764036,145,75,1437.3701110547652,1950.371085363889
04/12/2024 10:00:00,17.6,160.35,0.307177948351002,2.79863545557291,0.320532802184122,-0.897680996730776,0.302369890750445,43.19,0.8485641203069059,0.9991061182278103,160,70,1319.3814368179894,1553.4501568653284
04/12/2024 11:00:00,19.76,174.82,0.344877060194079,3.05118459833649,0.0849686991120406,-0.937273477577304,0.338080979058797,54.23,0.9018117847038716,0.9999868628894896,175,70,1760.5891110416744,1952.2543526818927
04/12/2024 12:00:00,19.38,189.53,0.338244809036501,3.30792253130485,-0.156182904208559,-0.930319576228117,0.331831864834765,45.95,0.8924758428599369,0.9877076227250452,180,70,1476.3335392589076,1633.8659495117697
04/12/2024 13:00:00,16.48,203.79,0.287630260728665,3.55680648263924,-0.386814041784134,-0.877439566998404,0.283680636181384,71.67999999999999,0.8210359694411299,0.9215479781394568,180,70,2118.6668984234466,2378.036126629305
04/12/2024 14:00:00,11.36,217.07,0.198269403026556,3.78858620730409,-0.590980982259119,-0.78226794765285,0.196972933884443,55.4,0.6924278677501124,0.8065931603750462,180,75,1380.9781394408242,1608.669399051992
04/12/2024 15:00:00,4.46,229.22,0.0778416846389471,4.0006437114214,-0.754930123016336,-0.651178477912565,0.0777630970706214,12.86,0.5154395307594132,0.6554780476914982,180,85,238.6278851603779,303.46011695925597
05/12/2024 08:00:00,6.54,134.24,0.114144533080429,2.34292998787719,0.711761651889191,-0.693125430918081,0.113896830134094,88.58,0.5706509133584932,0.9995517392426027,135,85,1819.7372845906318,3187.4505502359507
05/12/2024 09:00:00,12.95,146.7,0.226020138133266,2.56039801267568,0.535058971961092,-0.814549437420179,0.224100670508613,508.13,0.7344365345965883,0.9989456615226002,145,75,13434.812507684319,18273.39332362124
05/12/2024 10:00:00,17.45,160.29,0.30455995447301,2.79758825802171,0.321738549155435,-0.898086991289954,0.299873410063503,737.98,0.8470859233899876,0.9990741029924033,160,75,22504.768910760347,26542.681434948016
05/12/2024 11:00:00,19.63,174.72,0.342608132166487,3.04943926908449,0.0866747858415223,-0.937885165511999,0.335944783873564,751.78,0.9007337952890481,0.9999685802970684,175,70,24377.53149440642,27063.22965464628
05/12/2024 12:00:00,19.26,189.41,0.336150413934108,3.30582813620246,-0.154347397058868,-0.931328237684999,0.329855414858853,162.35,0.8917915130353762,0.9879794687489108,180,70,5212.164677086559,5774.344803049884
05/12/2024 13:00:00,16.38,203.65,0.285884931476671,3.55436302168645,-0.384866928990213,-0.878834306407486,0.28200657590013,53.31,0.8208384597582902,0.9222860421327601,180,70,1575.3203384297203,1770.014480619508
05/12/2024 14:00:00,11.29,216.93,0.19704767255016,3.7861427463513,-0.589211929657175,-0.783901431666642,0.195774991714107,70.97999999999999,0.6927358423411107,0.8078609345221838,180,75,1770.1340432173934,2064.3108887658454
05/12/2024 15:00:00,4.41,229.07,0.0769690200129499,3.99802571754341,-0.753273739558978,-0.653196856120705,0.0768930454908619,7.3500000000000005,0.5162515203053581,0.6574129153695285,180,85,136.60015227279777,173.95145740677725
06/12/2024 08:00:00,6.39,134.22,0.111526539202438,2.34258092202679,0.712214811389619,-0.693082518457839,0.111295485287537,228.73,0.5687811410856535,0.9996140016902495,135,85,4683.503174418774,8231.101581837986
06/12/2024 09:00:00,12.81,146.66,0.223576677180474,2.55969988097488,0.535926859063987,-0.814630728782577,0.22171868991354,58.82,0.7328097016387609,0.9988743180483572,145,75,1551.739199414109,2115.1363459537574
06/12/2024 10:00:00,17.31,160.22,0.302116493520218,2.79636652754531,0.323082527443409,-0.898380060011332,0.297541506742865,48.71,0.845644249619133,0.9991805775274453,160,75,1482.8879303621268,1752.1230935290268
06/12/2024 11:00:00,19.51,174.63,0.340513737064094,3.0478684727577,0.0882135594348228,-0.938446315918283,0.333971376125621,147.81,0.8997351785459806,0.9999449623772483,175,70,4787.63484267173,5320.867136003319
06/12/2024 12:00:00,19.16,189.3,0.334405084682114,3.30390827402527,-0.152651895777672,-0.932189566682212,0.328207267567788,408.41,0.8912351484842319,0.988225153678949,180,70,13103.616491728026,14529.637260504705
06/12/2024 13:00:00,16.3,203.52,0.284488668075076,3.55209409365886,-0.383028690653375,-0.880065463837739,0.280666708920788,287.25,0.8207615904989496,0.9229846901886827,180,70,8487.495607349638,9544.584681241167
06/12/2024 14:00:00,11.23,216.78,0.196000474998963,3.78352475247331,-0.587280093255792,-0.78560507092056,0.194747951489536,37.68,0.6932142701029061,0.8092407061060176,180,75,940.3312931091901,1097.7188330186907
06/12/2024 15:00:00,4.37,228.92,0.0762708883121522,3.99540772366542,-0.751601376269162,-0.655201796523104,0.0761969620339215,6.43,0.517177021927095,0.6593495586976842,180,85,119.71613703568396,152.62623584733993
07/12/2024 08:00:00,6.24,134.19,0.108908545324446,2.34205732325119,0.712784091038662,-0.692910231718842,0.108693377634185,32.160000000000004,0.5668193479971376,0.999666861233217,135,85,656.2407683371662,1157.3743052613695
07/12/2024 09:00:00,12.67,146.61,0.221133216227682,2.55882721634889,0.536934102065921,-0.814612643337586,0.219335385547371,244.79,0.7311116626190173,0.9988012087087315,145,75,6442.877660130333,8801.875723673174
07/12/2024 10:00:00,17.18,160.15,0.299847565492626,2.79514479706892,0.324408265986727,-0.89861734694615,0.295374576981412,218.23999999999998,0.8442797860911515,0.9992730929261683,160,75,6633.202338595184,7850.9289528074505
07/12/2024 11:00:00,19.39,174.53,0.3384193419617,3.0461231435057,0.0899178014128359,-0.938985149354741,0.33199650341583,243.05,0.8987197454377567,0.9999135039163359,175,70,7863.618028631285,8749.043176567156
07/12/2024 12:00:00,19.06,189.18,0.332659755430119,3.30181387892287,-0.150790346876015,-0.933071307684581,0.326558120500466,404.92,0.89069251045178,0.988489677675989,180,70,12983.731607956852,14409.332650244214
07/12/2024 13:00:00,16.22,203.39,0.28309240467348,3.54982516563127,-0.381186103167211,-0.881291084604711,0.279326294767335,411.33000000000004,0.8206804193169335,0.9236779483384083,180,70,12152.537167594834,13677.71221764135
07/12/2024 14:00:00,11.17,216.64,0.194953277447767,3.78108129152052,-0.585480133814514,-0.78720092999893,0.193720697699959,146.23999999999998,0.6936163347584303,0.8105163147600368,180,75,3651.6403006226224,4267.07661133828
07/12/2024 15:00:00,4.33,228.78,0.0755727566113545,3.99296426271263,-0.750038004230445,-0.65707124054545,0.0755008414395074,76.09,0.5180066868795107,0.6611512180136766,180,85,1418.944636967831,1811.0518624317835
08/12/2024 08:00:00,6.1,134.16,0.106465084371654,2.34153372447559,0.713335203244056,-0.692719882027223,0.106264071336233,92.87999999999998,0.5649669714825359,0.9997092601348858,135,85,1889.0687632067254,3342.7078589278144
08/12/2024 09:00:00,12.53,146.56,0.21868975527489,2.55795455172289,0.53793851140125,-0.814588559112132,0.216950771639621,62.5,0.7294084558351974,0.9987214440162522,145,75,1641.1690256291943,2247.1232490365674
08/12/2024 10:00:00,17.06,160.07,0.297753170390233,2.79374853366732,0.325872815363851,-0.898743122550715,0.293372984227634,50.55,0.8429533830646769,0.9993530432186326,160,75,1534.006566501099,1818.6226680492675
08/12/2024 11:00:00,19.28,174.43,0.336499479784507,3.04437781425371,0.0916181990782619,-0.939459430537291,0.330184923902054,135.42,0.8977741327192772,0.9998771517202426,175,70,4376.756629902403,4874.521099894389
08/12/2024 12:00:00,18.97,189.06,0.331088959103324,3.29971948382048,-0.148916388508459,-0.933890480482108,0.325073037483111,68.00999999999999,0.8902216408196781,0.9887515200025273,180,70,2179.583056517267,2420.819671513387
08/12/2024 13:00:00,16.15,203.25,0.281870674197084,3.54738170467847,-0.37916599497138,-0.88253275569142,0.278152985583603,127.02999999999999,0.8207287584821034,0.9244524713895667,180,75,3753.258270839337,4227.595107862199
08/12/2024 14:00:00,11.13,216.5,0.194255145746969,3.77863783056772,-0.583635196331186,-0.788737699896873,0.193035743749306,81.48,0.694218659591082,0.8118234413660764,180,75,2036.337709805329,2381.3054640902847
08/12/2024 15:00:00,4.3,228.64,0.0750491578357562,3.99052080175984,-0.748459808009683,-0.658927997824961,0.0749787268263277,9.19,0.5189504217593345,0.6629554044842577,180,85,171.6895575348582,219.33216601957182
09/12/2024 08:00:00,5.96,134.12,0.104021623418862,2.34083559277479,0.714002907888554,-0.692400405005338,0.103834130588807,47.71,0.5630228395335414,0.9997427739624157,135,85,967.0255082692292,1717.1181988468868
09/12/2024 09:00:00,12.4,146.51,0.216420827247297,2.55708188709689,0.538919399329174,-0.814527237293595,0.214735327167063,45.029999999999994,0.7277985389515873,0.998788824446051,145,80,1179.8196555236389,1619.1165875330041
09/12/2024 10:00:00,16.94,159.99,0.29565877528784,2.79235227026573,0.327336913072674,-0.898862618806415,0.291370104596417,342.34000000000003,0.8416216299082748,0.9994268116290638,160,75,10372.346956180758,12317.175888951375
09/12/2024 11:00:00,19.18,174.33,0.334754150532512,3.04263248500172,0.0933145185289338,-0.939870126807156,0.328536977168802,389.46,0.8968992645265901,0.999836908321591,175,70,12575.029952250927,14018.273363337365
09/12/2024 12:00:00,18.88,188.94,0.329518162776529,3.29762508871809,-0.147039297277638,-0.934703589310791,0.32358715238035,32.160000000000004,0.8897459161540562,0.9890073897329249,180,70,1030.1122318865202,1145.0331955371914
09/12/2024 13:00:00,16.09,203.12,0.280823476645888,3.54511277665088,-0.377276784495914,-0.883658185963912,0.27714696148324,36.76,0.8208131913961312,0.9252791753584482,180,75,1086.2313449659841,1224.477449502356
09/12/2024 14:00:00,11.08,216.37,0.193382481120972,3.77636890254013,-0.581943778590831,-0.790195235024077,0.192179419045508,410.94,0.6946437795583923,0.8130096790460315,180,75,10276.448931782126,12027.535110258343
09/12/2024 15:00:00,4.28,228.5,0.0747000919853573,3.98807734080704,-0.7468670669918,-0.660772163432442,0.0746306389887923,3.68,0.5200083084956455,0.6647622146308115,180,85,68.89070070950312,88.06769819428992
10/12/2024 08:00:00,5.83,134.08,0.101752695391269,2.340137461074,0.714653523431298,-0.692063879679284,0.101577201627575,171.43,0.5611889904203041,0.9997673198248437,135,85,3463.3666305990987,6170.044018952627
10/12/2024 09:00:00,12.28,146.44,0.214326432144904,2.5558601566205,0.540161566360782,-0.814241202199627,0.212689320059031,129.45999999999998,0.7261495360965399,0.9989044460479852,145,80,3384.2634819500895,4655.454105073398
10/12/2024 10:00:00,16.83,159.91,0.293738913110646,2.79095600686413,0.32878318513183,-0.898928392084097,0.289533008618479,66.17,0.8403691156152542,0.9994888360995879,160,75,2001.8600776894093,2380.90234624955
10/12/2024 11:00:00,19.08,174.23,0.333008821280518,3.04088715574972,0.0950122612425633,-0.940274899315027,0.326888029654943,393.79,0.8960194999428731,0.9997908938673303,175,70,12702.366679770144,14173.475619456576
10/12/2024 12:00:00,18.81,188.82,0.328296432300133,3.29553069361569,-0.14514184652748,-0.93539946093184,0.322430911785791,217.51,0.8894203861310394,0.9892658375863689,180,70,6964.481814745045,7746.307644002799
10/12/2024 13:00:00,16.04,202.99,0.279950812019891,3.54284384862329,-0.375365177316861,-0.884734234157799,0.276308375854034,98.17999999999999,0.8209811027858951,0.9261015161674675,180,75,2901.74128817469,3273.28728686359
10/12/2024 14:00:00,11.05,216.23,0.192858882345373,3.77392544158734,-0.580070624703169,-0.791695892241708,0.191665553932055,171.22,0.695341546946878,0.814326204530973,180,75,4286.0296680568,5019.441578632555
10/12/2024 15:00:00,4.26,228.36,0.0743510261349584,3.98563387985425,-0.745269691444463,-0.662612398736784,0.0742825420577398,21.68,0.5210634096578671,0.6665651086376642,180,85,406.67956996977216,520.2407359895242
11/12/2024 08:00:00,5.71,134.03,0.0996583002888762,2.339264796448,0.715408579014094,-0.691586310455915,0.0994934181893923,14.700000000000001,0.5593778405843107,0.9997811719702522,135,85,296.0227532372173,529.0841962066575
11/12/2024 09:00:00,12.16,146.38,0.212232037042511,2.5548129590693,0.541259395456494,-0.814044258367782,0.210642379991584,30.32,0.7245628705751552,0.9990102451229095,145,80,790.8748644901934,1090.4396627565582
11/12/2024 10:00:00,16.72,159.83,0.291819050933452,2.78955974346254,0.33022906217414,-0.898988566329716,0.287694845459613,83.63,0.8391118875978227,0.9995453717708844,160,75,2526.297377753013,3009.3112598831663
11/12/2024 11:00:00,18.99,174.12,0.331438024953723,3.03896729357253,0.0968697668403392,-0.940600369055593,0.325403125376478,58.82,0.8951996559187829,0.9997398333682973,175,70,1895.6031754011412,2116.9690919540367
11/12/2024 12:00:00,18.74,188.7,0.327074701823737,3.2934362985133,-0.143241911922393,-0.936090086240799,0.321274189922737,186.44,0.8890908060969511,0.9895191909155361,180,70,5967.43523599376,6641.494486354532
11/12/2024 13:00:00,15.99,202.86,0.279078147393893,3.5405749205957,-0.373450344610201,-0.885805481306783,0.27546957980398,60.66,0.8211454705342429,0.926919165062299,180,75,1793.184632733858,2024.1689958964457
11/12/2024 14:00:00,11.02,216.1,0.192335283569775,3.77165651355975,-0.578331882163838,-0.793090969576136,0.191151636272402,42.27,0.6959646209282194,0.8155407340800348,180,75,1059.06328295889,1241.0246458642705
11/12/2024 15:00:00,4.25,228.23,0.074176493209759,3.98336495182666,-0.743774012659876,-0.664310281248744,0.0741084901953993,4.59,0.522140920643593,0.6682413605747225,180,85,86.27856572714731,110.42020242136715
12/12/2024 08:00:00,5.59,133.98,0.097563905186483,2.338392131822,0.716160204427732,-0.691104919441199,0.0974091983244013,53.53,0.5575636797333839,0.9997898776813555,135,85,1074.4698159406096,1926.6750774821865
12/12/2024 09:00:00,12.05,146.31,0.210312174865317,2.5535912285929,0.542476857233463,-0.813717363697388,0.208765206352684,91.72999999999999,0.723004358927455,0.9991082675587302,145,80,2387.5628343989556,3299.335249793843
12/12/2024 10:00:00,16.62,159.74,0.290073721681458,2.78798894713574,0.331814152207451,-0.898938422563199,0.286022867677462,45.95,0.8378941637727321,0.9995907779121654,160,75,1386.0445257128533,1653.5230648223041
12/12/2024 11:00:00,18.91,174.02,0.330041761552128,3.03722196432053,0.0985585143788432,-0.940880826089577,0.324082536308931,123.28000000000002,0.8944641715045213,0.9996890136111531,175,70,3969.7035502707868,4436.6998175273875
12/12/2024 12:00:00,18.68,188.58,0.326027504272541,3.29134190341091,-0.14133117240631,-0.936720196923148,0.320282332298423,155.76,0.8888350123812141,0.9897720659871913,180,70,4984.017895025924,5550.008291933937
12/12/2024 13:00:00,15.95,202.74,0.278380015693096,3.5384805254933,-0.371668548670366,-0.886762839627278,0.274798391890181,91.19,0.8213478235693925,0.927670185974144,180,75,2696.3534891265444,3045.392793323359
12/12/2024 14:00:00,11.01,215.97,0.192160750644576,3.76938758553215,-0.576550515667823,-0.794428109233117,0.19098031873327,41.35,0.6967889816534079,0.8167879715661807,180,75,1037.240078089263,1215.8705744734166
12/12/2024 15:00:00,4.25,228.1,0.074176493209759,3.98109602379907,-0.742264827250703,-0.665996139558964,0.0741084901953993,5.51,0.5233330024868692,0.6699208036850975,180,85,103.80833437329537,132.88549061897595
13/12/2024 08:00:00,5.48,133.92,0.0956440430092893,2.33734493427081,0.717016920344644,-0.690483028722537,0.0954982878675562,326.89000000000004,0.5557727188467856,0.9997887454942154,135,85,6540.355586297727,11765.553948525747
13/12/2024 09:00:00,11.94,146.24,0.208392312688123,2.55236949811651,0.543692324658555,-0.813385711959317,0.206887263232446,53.31,0.7214419394194698,0.9992011922797429,145,80,1384.5625124562696,1917.6269601755914
13/12/2024 10:00:00,16.53,159.64,0.288502925354663,2.78624361788375,0.33353849189876,-0.898778034994503,0.284517342587971,212.99999999999997,0.8367161856352635,0.9996252031818227,160,75,6415.939711451199,7665.126057998215
13/12/2024 11:00:00,18.84,173.91,0.328820031075732,3.03530210214334,0.100406623872454,-0.941082878319029,0.322926502500658,293.29,0.8937896046610098,0.9996341306938296,175,70,9437.023913436993,10554.576990882959
13/12/2024 12:00:00,18.63,188.46,0.325154839646544,3.28924750830851,-0.139410068198833,-0.937290246522018,0.319455515932175,63.410000000000004,0.8886534508588179,0.9900249495366432,180,70,2028.5825514824753,2259.989353804268
13/12/2024 13:00:00,15.92,202.61,0.277856416917497,3.53621159746571,-0.369710859151584,-0.88773654949205,0.274294913043147,152.10000000000002,0.8216803271107593,0.928480407565421,180,75,4499.192799127674,5083.98731966522
13/12/2024 14:00:00,10.99,215.84,0.191811684794177,3.76711865750456,-0.574785531715007,-0.795788208478911,0.190637666207445,184.26,0.6975084251285939,0.8180130415544733,180,75,4626.824486911009,5426.174989325781
13/12/2024 15:00:00,4.26,227.97,0.0743510261349584,3.97882709577147,-0.740742201777706,-0.667669899314741,0.0742825420577398,2.7600000000000002,0.5246396026123954,0.6716033638990209,180,85,52.128190915567615,66.73051023700673
14/12/2024 08:00:00,5.37,133.86,0.0937241808320955,2.33629773671961,0.717870473493515,-0.689857559181526,0.0935870254164704,213.87,0.553978978453121,0.9997828337444417,135,85,4265.261428383684,7697.647967505254
14/12/2024 09:00:00,11.85,146.16,0.206821516361328,2.55097323471491,0.545007794970887,-0.812894704184221,0.205350196810764,201.0,0.7200078744021786,0.9992812438254739,145,80,5209.976979174165,7230.799080321129
14/12/2024 10:00:00,16.45,159.55,0.287106661953067,2.78467282155695,0.335088349535004,-0.898624354373458,0.283178508599776,61.58,0.8356608184340499,0.9996512160467008,160,75,1852.5597551700766,2216.1067878296103
14/12/2024 11:00:00,18.77,173.8,0.327598300599336,3.03338223996615,0.102255719743764,-0.941279896443647,0.321769986684158,148.85000000000002,0.8931111373365471,0.9995744511937885,175,70,4785.825340531622,5356.319654167036
14/12/2024 12:00:00,18.58,188.33,0.324282175020546,3.28697858028092,-0.137323402488852,-0.937879624457887,0.318628456286655,181.82,0.8884853845101596,0.9902959125753337,180,70,5815.598854018939,6482.0017016800975
14/12/2024 13:00:00,15.9,202.48,0.277507351067098,3.53394266943812,-0.367732286403298,-0.88866152838414,0.273959218692433,207.05,0.8220970142060147,0.929286984474765,180,75,6127.746724488792,6926.719324878003
14/12/2024 14:00:00,10.99,215.72,0.191811684794177,3.76502426240217,-0.573117577361841,-0.796990290243158,0.190637666207445,32.160000000000004,0.6983584252956336,0.8191741633758707,180,75,808.531450470273,948.4070793900482
14/12/2024 15:00:00,4.27,227.85,0.0745255590601579,3.97673270066908,-0.739332590401238,-0.669211130159513,0.0744565916573048,5.51,0.5258524890462227,0.6731538993172432,180,85,104.30809972720873,133.52680746856836
15/12/2024 08:00:00,5.27,133.79,0.0919788515801012,2.33507600624321,0.718829574981344,-0.68909198508906,0.0918492145756212,299.71,0.5522088179908536,0.9997676973486942,135,85,5958.090174241394,10787.053556605577
15/12/2024 09:00:00,11.75,146.08,0.205076187109334,2.54957697131332,0.546341448284487,-0.812429110186834,0.203641751140177,549.8100000000001,0.7184705962103854,0.9993623080524812,145,80,14220.803466087555,19780.538061252053
15/12/2024 10:00:00,16.37,159.45,0.285710398551472,2.78292749230496,0.336794697796279,-0.898407502496425,0.281839122540588,677.73,0.8345603920362084,0.9996714463540495,160,75,20361.83812180918,24390.263856151076
15/12/2024 11:00:00,18.71,173.68,0.326551103048139,3.03128784486375,0.104263941503702,-0.94139806112543,0.320778305082176,715.1,0.8924934675987932,0.9995103646302732,175,70,22975.994832476295,25730.995022895902
15/12/2024 12:00:00,18.54,188.21,0.323584043319749,3.28488418517853,-0.135390544726627,-0.938385112929608,0.317966633832411,621.9599999999999,0.8883748396909876,0.9905445597514456,180,70,19891.210150591436,22178.847397788326
15/12/2024 13:00:00,15.88,202.36,0.2771582852167,3.53184827433572,-0.365906630546758,-0.889518140858545,0.273623490960619,314.32,0.8224653353397173,0.9300275158559516,180,75,9306.622951343279,10523.744956218337
15/12/2024 14:00:00,10.99,215.59,0.191811684794177,3.76275533437457,-0.571307790092265,-0.798288600195989,0.190637666207445,64.5,0.6992764690673623,0.8204282344898383,180,75,1623.7199611744152,1905.0343604854045
15/12/2024 15:00:00,4.29,227.73,0.0748746249105567,3.97463830556669,-0.737910100062703,-0.670740593277382,0.0748046840469005,11.03,0.5271801212776053,0.6747078806169512,180,85,209.3326825569115,267.913005235379
16/12/2024 08:00:00,5.17,133.72,0.0902335223281068,2.33385427576682,0.71978568491397,-0.688323000584821,0.0901111239461356,213.44,0.5504360481628529,0.9997480269196217,135,85,4229.462524315655,7681.903879166066
16/12/2024 09:00:00,11.67,145.99,0.203679923707738,2.54800617498652,0.547775441210159,-0.811804824667019,0.202274547717617,510.37000000000006,0.7170624008745742,0.9994312888532094,145,80,13174.816951236833,18362.870888112455
16/12/2024 10:00:00,16.3,159.35,0.284488668075076,2.78118216305296,0.338483379742679,-0.89813985555789,0.280666708920788,577.1099999999999,0.8335421154500904,0.9996829506326436,160,75,17317.637648906457,20769.372995025773
16/12/2024 11:00:00,18.66,173.57,0.325678438422142,3.02936798268656,0.106102411742124,-0.94147396644435,0.319951634985738,707.53,0.8919625967335343,0.9994492530425956,175,70,22719.25065840759,25457.05188018819
16/12/2024 12:00:00,18.51,188.09,0.32306044454415,3.28278979007613,-0.133448311190575,-0.938831317331242,0.317470165273005,675.1700000000001,0.8883392975641765,0.9907940524871784,180,70,21592.081567310583,24082.35913503966
16/12/2024 13:00:00,15.87,202.23,0.2769837522915,3.52957934630813,-0.363905499675764,-0.890390259467817,0.273455614589583,604.27,0.8229633098019721,0.930826468142188,180,75,17902.513411705357,20248.938356554077
16/12/2024 14:00:00,11.0,215.47,0.191986217719376,3.76066093927218,-0.56961529060424,-0.79945628272798,0.190808995376545,428.98,0.700223293321292,0.8216004724563396,180,75,10813.744381282842,12688.20614427554
16/12/2024 15:00:00,4.31,227.61,0.0752236907609556,3.97254391046429,-0.736484356547,-0.672266951534456,0.0751527673217723,41.71,0.5285055515957818,0.6762587680763964,180,85,793.5827960541621,1015.4431157927937
17/12/2024 08:00:00,5.08,133.64,0.0886627260013119,2.33245801236522,0.720847609579308,-0.687414156137058,0.0885466075362222,187.25,0.5486871179280685,0.9997195024884601,135,85,3698.6998619531096,6739.109166274709
17/12/2024 09:00:00,11.59,145.9,0.202283660306143,2.54643537865973,0.549207750136985,-0.811176457160258,0.200906949950475,542.53,0.7156510402943845,0.9994959569802824,145,80,13977.437720072847,19521.23549545845
17/12/2024 10:00:00,16.24,159.25,0.283441470523879,2.77943683380097,0.340154357612626,-0.897822079636529,0.27966144946038,664.15,0.8326065881598917,0.9996863680218134,160,75,19907.123958950113,23901.901247580743
17/12/2024 11:00:00,18.62,173.45,0.324980306721344,3.02727358758416,0.108099449398714,-0.941471362341949,0.31929012344526,775.65,0.8914929960589624,0.9993841216285589,175,70,24893.515526152827,27906.2025818829
17/12/2024 12:00:00,18.49,187.97,0.322711378693751,3.28069539497374,-0.131497093641837,-0.939218441894032,0.317139137871527,754.08,0.8883789642473454,0.991044612542859,180,70,24116.717136946976,26903.76917134749
17/12/2024 13:00:00,15.87,202.11,0.2769837522915,3.52748495120574,-0.362039873906679,-0.891150467963222,0.273455614589583,649.25,0.8235008583841885,0.9315607731612638,180,75,19247.685563013638,21773.36995109822
17/12/2024 14:00:00,11.02,215.35,0.192335283569775,3.75856654416979,-0.567901095025427,-0.800593153992278,0.191151636272402,410.52000000000004,0.7012694664025855,0.8227872877611698,180,75,10363.86508851322,12159.742945381757
17/12/2024 15:00:00,4.35,227.5,0.0759218224617533,3.9706240482871,-0.735153478612234,-0.673644050139741,0.075848906357694,60.599999999999994,0.5299715519908903,0.6776912989204623,180,85,1156.1859378233262,1478.4513377248804
18/12/2024 08:00:00,5.0,133.56,0.0872664625997165,2.33106174896363,0.721895606247923,-0.686491522297288,0.0871557427476582,233.95000000000002,0.5470512273597077,0.9996865882205048,135,85,4607.374847068931,8419.560383310736
18/12/2024 09:00:00,11.52,145.81,0.201061929829747,2.54486458233293,0.550618784449203,-0.810515192883278,0.199709980514407,567.88,0.7143370706348589,0.9995516991094948,145,80,14603.67848419645,20434.515080050798
18/12/2024 10:00:00,16.18,159.14,0.282394272972682,2.77751697162378,0.341981520391598,-0.897440548673575,0.278655883316903,689.43,0.8316257623897703,0.9996834354796725,160,75,20640.518977117656,24811.62303321902
18/12/2024 11:00:00,18.58,173.34,0.324282175020546,3.02535372540697,0.109932569652488,-0.941483264309028,0.318628456286655,786.11,0.8910335426858554,0.99931909159434,175,70,25216.213616668,28280.690319356156
18/12/2024 12:00:00,18.48,187.85,0.322536845768552,3.27860099987135,-0.129537270072961,-0.939546606842979,0.316973609677352,760.56,0.8884939657995149,0.9912963727470888,180,70,24327.106942625243,27141.853293234926
18/12/2024 13:00:00,15.88,201.99,0.2771582852167,3.52539055610335,-0.360154783439578,-0.891862499021074,0.273623490960619,650.45,0.8241230468939716,0.9322919919512099,180,75,19297.83009067862,21830.73574192792
18/12/2024 14:00:00,11.04,215.24,0.192684349420174,3.7566466819926,-0.566324486127007,-0.80162742414732,0.191494253877013,468.71000000000004,0.702243073074369,0.8238749919765456,180,75,11849.34062810475,13901.70410961576
18/12/2024 15:00:00,4.39,227.39,0.0766199541625511,3.96870418610991,-0.733819670056363,-0.675018187550134,0.0765450084257802,60.25999999999999,0.531435432364803,0.6791208766159175,180,85,1152.8747695549087,1473.2576648955064
19/12/2024 08:00:00,4.92,133.48,0.085870199198121,2.32966548556203,0.722941022353916,-0.685565965499976,0.0857647080445139,224.75,0.5454131498004959,0.9996497823757129,135,85,4412.937795035813,8088.166389201893
19/12/2024 09:00:00,11.46,145.71,0.20001473227855,2.54311925308094,0.552150081576172,-0.809725291192927,0.198683769387324,551.64,0.7130528849462515,0.999601252326287,145,80,14160.545764263008,19851.12125399783
19/12/2024 10:00:00,16.13,159.03,0.281521608346685,2.77559710944658,0.343790746941983,-0.897009063542568,0.277817678054436,661.5400000000001,0.8307279557025373,0.9996725515311208,160,75,19784.151785356436,23807.641670636316
19/12/2024 11:00:00,18.55,173.22,0.323758576244948,3.02325933030458,0.111923845616604,-0.94141649507272,0.318132103987299,748.5799999999999,0.8906353556293553,0.9992499100270145,175,70,24001.625322612817,26928.665915328806
19/12/2024 12:00:00,18.47,187.73,0.322362312843353,3.27650660476895,-0.127576644782421,-0.939870653510861,0.316808071827608,179.07000000000002,0.8886060484596982,0.9915442597305926,180,70,5728.416663516414,6392.00990123846
19/12/2024 13:00:00,15.89,201.87,0.277332818141899,3.52329616100095,-0.358268287674347,-0.892570515861734,0.273791358996606,170.48000000000002,0.8247423910297875,0.9330193311478283,180,75,5061.674981619295,5726.200880666945
19/12/2024 14:00:00,11.08,215.13,0.193382481120972,3.7547268198154,-0.56470736289171,-0.80260367878002,0.192179419045508,70.62,0.7034178742821915,0.8249953153339522,180,75,1788.3133301451012,2097.4020900798137
19/12/2024 15:00:00,4.43,227.29,0.0773180858633488,3.96695885685791,-0.732600979052627,-0.676261504230494,0.0772410731867591,2.7600000000000002,0.5328067821332811,0.6804201281421848,180,85,52.93968187276282,67.60654393220749
20/12/2024 08:00:00,4.85,133.39,0.084648468721725,2.32809468923524,0.724092618201534,-0.684500996938993,0.0845474154281089,165.85,0.5437993474455262,0.9996047099826184,135,85,3246.8083838582584,5968.239881422221
20/12/2024 09:00:00,11.4,145.61,0.198967534727354,2.54137392382894,0.55367969130068,-0.808931625809892,0.197657340379126,552.19,0.7117658838598109,0.999646778359708,145,80,14149.080122707766,19871.818363528102
20/12/2024 10:00:00,16.09,158.92,0.280823476645888,2.77367724726939,0.345581921280423,-0.896528135322444,0.27714696148324,643.08,0.8299136198610768,0.9996541748316604,160,75,19213.230623769407,23142.87384302679
20/12/2024 11:00:00,18.53,173.1,0.323409510394549,3.02116493520218,0.113908630938417,-0.941290205154221,0.317801153991705,631.47,0.890312038185471,0.9991810494873229,175,70,20239.39233910726,22714.302863511355
20/12/2024 12:00:00,18.47,187.61,0.322362312843353,3.27441220966656,-0.12560790592114,-0.940135787849276,0.316808071827608,430.23,0.8887935267483169,0.9917934045119181,180,70,13765.883004465422,15361.173951233852
20/12/2024 13:00:00,15.91,201.76,0.277681883992298,3.52137629882376,-0.356518564249961,-0.893167880532432,0.274127070042983,598.7700000000001,0.8254021751966918,0.9336832295234219,180,75,17792.13817593084,20126.21426430262
20/12/2024 14:00:00,11.11,215.02,0.19390607989657,3.75280695763821,-0.563107612633006,-0.803603842163338,0.192693231471884,409.2,0.7044884168437786,0.8260943834179643,180,75,10377.959766209071,12169.361581006715
20/12/2024 15:00:00,4.49,227.19,0.0783652834145454,3.96521352760592,-0.731359824449722,-0.677483763905796,0.0782850996352895,10.110000000000001,0.5344092884195519,0.6817287296509819,180,85,194.50360461318013,248.1219884437714
21/12/2024 08:00:00,4.78,133.29,0.083426738245329,2.32634935998324,0.725360840077559,-0.683306492978276,0.0833299966141034,15.62,0.5420938604958215,0.9995505330226246,135,85,304.83021963401035,562.0672557292822
21/12/2024 09:00:00,11.35,145.51,0.198094870101356,2.53962859457695,0.55518816172538,-0.808105902594528,0.196801817247394,26.65,0.7105770631669343,0.9996841798020861,145,80,681.7276344023567,959.0970021021215
21/12/2024 10:00:00,16.06,158.81,0.280299877870289,2.7717573850922,0.347354899291182,-0.895998193233684,0.276643835391984,40.43,0.8291831303455593,0.9996286737071864,160,75,1206.8594625553546,1454.9395420073358
21/12/2024 11:00:00,18.52,172.98,0.32323497746935,3.01907054009979,0.115886590413326,-0.941104607798163,0.317635664470223,129.42,0.8900637822735769,0.9991127020394546,175,70,4146.913969266468,4654.985972326063
21/12/2024 12:00:00,18.48,187.49,0.322536845768552,3.27231781456417,-0.123631406525005,-0.940341962314114,0.316973609677352,34.919999999999995,0.8890563670466084,0.9920437624142162,180,70,1117.6505401416323,1247.1180546061594
21/12/2024 13:00:00,15.94,201.64,0.278205482767896,3.51928190372137,-0.354594157610117,-0.893779072941775,0.274630573971857,27.57,0.8261903845364088,0.9344039124625146,180,75,820.0104804600765,927.414571197295
21/12/2024 14:00:00,11.16,214.91,0.194778744522567,3.75088709546101,-0.561467319217893,-0.804545246003916,0.19354946805086,26.65,0.7057595405745802,0.8272253200342986,180,75,677.1057032272522,793.6399720409061
21/12/2024 15:00:00,4.55,227.09,0.079412480965742,3.96346819835392,-0.730115834441649,-0.678703006972144,0.0793290402346095,3.68,0.5360096009366164,0.683034318547681,180,85,71.01055193208295,90.4883865211968
22/12/2024 08:00:00,4.73,133.19,0.0825540736193318,2.32460403073125,0.726605071496866,-0.682088970110176,0.0824603354896968,32.32,0.5406179985411361,0.9994935509929005,135,85,629.0198536625827,1162.9307364512595
22/12/2024 09:00:00,11.3,145.4,0.197222205475359,2.53770873239975,0.556835900163077,-0.807179588967701,0.195946144242518,52.39,0.7093170083356732,0.9997190754826076,145,80,1337.8002504014132,1885.5101651232173
22/12/2024 10:00:00,16.03,158.69,0.279776279094691,2.7696629899898,0.349283303068292,-0.895403554131617,0.276140633457252,84.95,0.8284068395037739,0.9995957765994465,160,75,2533.4337965704417,3056.9638039964275
22/12/2024 11:00:00,18.51,172.86,0.32306044454415,3.0169761449974,0.117864268499531,-0.940914825248599,0.317470165273005,130.37,0.8898125601411955,0.9990404104066852,175,70,4176.175084761875,4688.816338969904
22/12/2024 12:00:00,18.49,187.37,0.322711378693751,3.27022341946178,-0.121654590811248,-0.940543953127472,0.317139137871527,108.19,0.8893162422290499,0.9922901856676913,180,70,3463.744472883393,3864.811506745951
22/12/2024 13:00:00,15.97,201.53,0.278729081543495,3.51736204154417,-0.35282475262326,-0.894324311726219,0.275134002609202,19.3,0.8269319043815653,0.9350608696050985,180,75,574.5522871643116,649.6802922016225
22/12/2024 14:00:00,11.21,214.81,0.195651409148564,3.74914176620902,-0.559965635290378,-0.805384980373099,0.194405557233497,11.95,0.7069586689077679,0.8282580133334878,180,75,304.1336193641217,356.3165973360664
22/12/2024 15:00:00,4.61,226.99,0.0804596785169386,3.96172286910193,-0.728869017146245,-0.679919225923245,0.0803728938399102,2.7600000000000002,0.5376077135672217,0.6843368872547764,180,85,53.41670242003916,67.9957131176346
23/12/2024 08:00:00,4.68,133.09,0.0816814089933346,2.32285870147925,0.727846708128909,-0.680868666902689,0.0815906115681576,12.86,0.5391401261853378,0.9994327771646886,135,85,249.60031281876397,462.6973985161642
23/12/2024 09:00:00,11.27,145.29,0.196698606699761,2.53578887022256,0.558442891201009,-0.80619328280747,0.195432668771556,221.89,0.7082565025739578,0.9997419800486316,145,80,5657.581272820877,7985.97892630767
23/12/2024 10:00:00,16.01,158.58,0.279427213244292,2.76774312781261,0.351036890597662,-0.894821007423992,0.275805123433625,501.85,0.8277576753635917,0.9995595039362837,160,75,14954.766817723867,18058.641733815264
23/12/2024 11:00:00,18.51,172.74,0.32306044454415,3.01488174989501,0.119834655955424,-0.940665907425998,0.317470165273005,586.34,0.889636548660876,0.9989687682103449,175,70,18778.66178190545,21086.472511888333
23/12/2024 12:00:00,18.52,187.25,0.32323497746935,3.26812902435938,-0.11966348257771,-0.940631827865682,0.317635664470223,287.28,0.8897294763773106,0.9925425830091918,180,70,9201.653423052254,10264.954796887701
23/12/2024 13:00:00,16.02,201.42,0.279601746169492,3.51544217936698,-0.35101930550656,-0.894776181625458,0.275972882648746,297.95000000000005,0.8278446024160948,0.9357144605416864,180,75,8879.626774435517,10036.660446662238
23/12/2024 14:00:00,11.27,214.71,0.196698606699761,3.74739643695702,-0.558442891201009,-0.80619328280747,0.195432668771556,113.34000000000002,0.7082565025739578,0.8293046095577933,180,75,2889.856512062366,3383.761840102091
23/12/2024 15:00:00,4.68,226.91,0.0816814089933346,3.96032660570033,-0.727846708128909,-0.680868666902689,0.0815906115681576,4.59,0.5391401261853377,0.6853888464177119,180,85,89.0875144508652,113.25365298206272
24/12/2024 08:00:00,4.63,132.98,0.0808087443673375,2.32093883930206,0.729204352543756,-0.679518329818947,0.0807208255118183,11.03,0.5375702620579171,0.9993621177160574,135,85,213.45839965795773,396.8267097026921
24/12/2024 09:00:00,11.24,145.17,0.196175007924163,2.53369447512017,0.560188519784679,-0.805105801290509,0.194919139721621,14.700000000000001,0.7071244171453542,0.9997615675671729,145,80,374.2102415533215,529.073821556548
24/12/2024 10:00:00,16.0,158.46,0.279252680319093,2.76564873271021,0.352927896238369,-0.89412859709047,0.275637355816999,34.919999999999995,0.8271494377020149,0.9995123241991106,160,75,1039.826101123957,1256.506932997186
24/12/2024 11:00:00,18.52,172.62,0.32323497746935,3.01278735479261,0.121797398648692,-0.940357899067675,0.317635664470223,46.86000000000001,0.8895357794666775,0.9988977883264887,175,70,1500.6112785291066,1685.1006129952536
24/12/2024 12:00:00,18.55,187.13,0.323758576244948,3.26603462925699,-0.117672507717896,-0.940715230736696,0.318132103987299,48.71,0.8901394868619485,0.9927907483864189,180,70,1560.9129985816385,1740.9181447404887
24/12/2024 13:00:00,16.07,201.31,0.280474410795489,3.51352231718979,-0.349213158117039,-0.895223734374691,0.276811552522934,19.3,0.8287540991552313,0.9363638270367909,180,75,575.8183480930549,650.5855870251623
24/12/2024 14:00:00,11.34,214.61,0.197920337176157,3.74565110770503,-0.556898936843979,-0.806969605423341,0.19663069461542,11.95,0.7096525777582615,0.8303645515269122,180,75,305.2925389516041,357.22283006687763
24/12/2024 15:00:00,4.76,226.82,0.0830776723949301,3.95875580937354,-0.726692523436466,-0.681932504625873,0.0829821397423839,2.7600000000000002,0.5408763320616907,0.6865699155887567,180,85,53.7414723536496,68.21758681289887
25/12/2024 08:00:00,4.59,132.87,0.0801106126665397,2.31901897712487,0.730548713014949,-0.678155280824098,0.0800249523748087,6.43,0.5361143842565449,0.99928830388037,135,85,124.099757667705,231.31525658222805
25/12/2024 09:00:00,11.21,145.06,0.195651409148564,2.53177461294298,0.561791552916907,-0.804112386664914,0.194405557233497,65.28,0.706058809267015,0.9997764834264782,145,80,1659.2946864822266,2349.5547181708976
25/12/2024 10:00:00,16.0,158.33,0.279252680319093,2.76337980468262,0.354955699489848,-0.893325528280641,0.275637355816999,133.85999999999999,0.8265815823008255,0.999453317455762,160,75,3983.263581844385,4816.325558686618
25/12/2024 11:00:00,18.54,172.5,0.323584043319749,3.01069295969022,0.123752131324459,-0.939990760466261,0.317966633832411,411.78,0.8895102039523506,0.9988273937405362,175,70,13186.17042420596,14806.697191001205
25/12/2024 12:00:00,18.59,187.02,0.324456707945746,3.26411476707979,-0.115839076242119,-0.940718749474958,0.318793887647871,371.01,0.8906099266997036,0.9930203982612376,180,70,11895.306800574854,13263.137926520463
25/12/2024 13:00:00,16.13,201.2,0.281521608346685,3.51160245501259,-0.347388792471118,-0.895621775430846,0.277817678054436,365.33,0.8297469948712792,0.937008709622171,180,75,10912.732906907679,12323.426107905638
25/12/2024 14:00:00,11.41,214.52,0.199142067652553,3.74408031137824,-0.555494114079629,-0.80764484936641,0.19782842696336,467.16999999999996,0.7109769719946357,0.8313267830331502,180,75,11957.296032242422,13981.353596265484
25/12/2024 15:00:00,4.85,226.74,0.084648468721725,3.95735954597194,-0.725643836539797,-0.68285632239603,0.0845474154281089,151.1,0.5426363869233519,0.6876266407183843,180,85,2951.724890308265,3740.413874851723
26/12/2024 08:00:00,4.56,132.76,0.0795870138909414,2.31709911494767,0.731879994072353,-0.676779834055509,0.0795030219076598,6.43,0.5347727359466856,0.9992117036080669,135,85,123.78919291693879,231.29752515119532
26/12/2024 09:00:00,11.2,144.94,0.195476876223365,2.52968021784058,0.563493930642894,-0.802961771776701,0.194234351219972,105.03,0.705124140743882,0.9997801537774799,145,80,2666.130786083877,3780.2487438449534
26/12/2024 10:00:00,16.0,158.21,0.279252680319093,2.76128540958023,0.356825896228607,-0.892580152064152,0.275637355816999,108.05999999999999,0.8260545217236108,0.999394608895808,160,75,3213.4842582283213,3887.804931742116
26/12/2024 11:00:00,18.57,172.38,0.324107642095347,3.00859856458783,0.125698476714209,-0.939564367613553,0.318463015219461,301.67,0.8895596933195891,0.9989201718412898,170,70,9660.725016613937,10848.392936617029
26/12/2024 12:00:00,18.63,186.9,0.325154839646544,3.2620203719774,-0.113841821461405,-0.940738121384935,0.319455515932175,381.36,0.8910914665550691,0.9932648921027195,180,70,12233.759100675883,13636.493973082554
26/12/2024 13:00:00,16.19,201.1,0.282568805897882,3.5098571257606,-0.345720185808858,-0.89595480330853,0.278823498924791,57.900000000000006,0.8306937039000006,0.9375907154473095,180,75,1731.4979564091614,1954.3140872783722
26/12/2024 14:00:00,11.49,214.43,0.200538331054149,3.74250951505144,-0.554068068697203,-0.808287801084259,0.199196902256346,206.10999999999999,0.7123992656738589,0.8323020141710544,180,75,5285.974055329406,6175.647653068656
26/12/2024 15:00:00,4.94,226.66,0.0862192650485199,3.95596328257035,-0.724592198669398,-0.68377685394058,0.0861124825014908,24.470000000000002,0.5443939705613995,0.6886800739457217,180,85,479.5675365469481,606.6720507402653
27/12/2024 08:00:00,4.54,132.64,0.0792379480405426,2.31500471984528,0.733316202431419,-0.675264262595197,0.0791550561450584,96.82000000000001,0.5334550161393701,0.9991254717531539,135,85,1859.3681278540973,3482.4718143050536
27/12/2024 09:00:00,11.19,144.81,0.195302343298166,2.52741128981299,0.565333868883299,-0.80170887151288,0.19406313928973,517.6100000000001,0.7041171413542895,0.9997790115225211,145,80,13120.49064731018,18629.842109550205
27/12/2024 10:00:00,16.01,158.08,0.279427213244292,2.75901648155264,0.358832211474482,-0.891723599494875,0.275805123433625,632.48,0.8255674772128121,0.9993233789141678,160,75,18797.57704755214,22753.87382504278
27/12/2024 11:00:00,18.6,172.25,0.324631240870945,3.00632963656023,0.12780745177384,-0.939111396099087,0.31895930929807,813.03,0.889590326998473,0.999014860991141,170,70,26037.490448144465,29240.245887538582
27/12/2024 12:00:00,18.69,186.79,0.32620203719774,3.26010050980021,-0.111995911744994,-0.94062224559103,0.320447666322747,345.16999999999996,0.8917110862645539,0.9934953398930434,180,70,11080.508963253696,12345.292312951744
27/12/2024 13:00:00,16.26,201.0,0.283790536374278,3.5081117965086,-0.344033590070272,-0.896238143379415,0.279996570077525,342.66999999999996,0.8317235421524178,0.938168014094988,180,75,10260.241422817284,11573.353202037462
27/12/2024 14:00:00,11.58,214.34,0.202109127380943,3.74093871872465,-0.552620541789456,-0.80889777233134,0.20073597263501,207.67000000000002,0.7139188675804753,0.8332895418776551,180,75,5337.343124295743,6229.772609822376
27/12/2024 15:00:00,5.04,226.59,0.0879645943005142,3.95474155209395,-0.723645982545476,-0.684557272410713,0.0878511965507432,32.08,0.5461752662485645,0.6896090616023495,180,85,630.7668914851421,796.4157130633213
28/12/2024 08:00:00,4.52,132.52,0.0788888821901437,2.31291032474289,0.734749183154121,-0.673745561677375,0.0788070807376535,83.53,0.5321350766515217,0.9990347610188347,135,85,1600.1727462972578,3004.1774491645174
28/12/2024 09:00:00,11.19,144.69,0.195302343298166,2.5253168947106,0.567011722874318,-0.800523081548629,0.19406313928973,73.63999999999999,0.7032786612295047,0.9997701829569482,145,80,1864.4198620658658,2650.4307458261874
28/12/2024 10:00:00,16.03,157.96,0.279776279094691,2.75692208645024,0.360662895426972,-0.89088081493321,0.276140633457252,101.09,0.8252087799470421,0.9992500380924164,160,75,3003.132800334474,3636.5107086274456
28/12/2024 11:00:00,18.64,172.13,0.325329372571743,3.00423524145784,0.129743518651697,-0.938620850231767,0.319620898687918,202.75000000000003,0.8897112730331306,0.9991030980878706,170,70,6494.002581868821,7292.453512943368
28/12/2024 12:00:00,18.75,186.67,0.327249234748937,3.25800611469782,-0.109986595681851,-0.94052092954699,0.321439465303162,178.52,0.8923407527873954,0.9937393491835234,180,70,5734.82416275381,6386.484550184733
28/12/2024 13:00:00,16.34,200.9,0.285186799775874,3.50636646725661,-0.342329036087069,-0.896471129547403,0.281336710970506,100.03,0.8328359109648971,0.93873991543804,180,75,2999.1087422574715,3380.4775346856172
28/12/2024 14:00:00,11.67,214.26,0.203679923707738,3.73954245532305,-0.551312382311631,-0.809406983201595,0.202274547717617,89.15,0.7153668709141626,0.8341796143419604,180,75,2295.8984355119137,2677.2160542690876
28/12/2024 15:00:00,5.14,226.52,0.0897099235525085,3.95351982161755,-0.722696739407271,-0.685334311645798,0.0895896429900153,41.38,0.54795398322688,0.6905346595591922,180,85,816.2760897334188,1028.6756716521375
29/12/2024 08:00:00,4.51,132.39,0.0787143492649443,2.31064139671529,0.736286118211572,-0.672085998496893,0.0786330894303997,57.150000000000006,0.5308385578395687,0.9990995478201021,130,85,1092.1472488991287,2055.547409685078
29/12/2024 09:00:00,11.19,144.56,0.195302343298166,2.523047966683,0.568826591075059,-0.799234513303162,0.19406313928973,118.45,0.7023675058851133,0.9997558365952497,145,80,2995.0355185953,4263.158838409464
29/12/2024 10:00:00,16.06,157.83,0.280299877870289,2.75465315842265,0.362628699351307,-0.889926184998729,0.276643835391984,402.24,0.8248895721472022,0.9991632191210913,160,75,11944.92893401766,14468.522877333638
29/12/2024 11:00:00,18.69,172.01,0.32620203719774,3.00214084635545,0.131670255209593,-0.938070486179661,0.320447666322747,151.11,0.8899067198808183,0.9991909502482711,170,70,4841.056959882857,5435.558801712586
29/12/2024 12:00:00,18.82,186.56,0.328470965225333,3.25608625252062,-0.108135777923796,-0.940339512011019,0.322596118519264,134.45000000000002,0.8930303485500712,0.9939644711624397,180,70,4322.445493052055,4810.986833320441
29/12/2024 13:00:00,16.43,200.8,0.286757596102668,3.50462113800461,-0.340606528044953,-0.896653013518119,0.282843713739653,344.05,0.8340301342313102,0.9393164677204243,180,70,10330.130436562164,11634.185905891633
29/12/2024 14:00:00,11.78,214.18,0.205599785884932,3.73814619192146,-0.549962519199969,-0.809853214332377,0.204154350212632,39.51,0.7170116250642316,0.835097169202418,180,75,1019.8486550263603,1187.8088095867513
29/12/2024 15:00:00,5.25,226.46,0.0916297857297023,3.95247262406636,-0.721852650843858,-0.685970993739293,0.0915016186634024,5.51,0.5497561564167661,0.6914386423104186,180,80,109.04963118682971,137.15376908869462
30/12/2024 08:00:00,4.5,132.26,0.0785398163397448,2.3083724686877,0.73781928240191,-0.670422908926522,0.0784590957278449,183.32,0.5295395437996785,0.9991894405069078,130,85,3494.706810096854,6594.170696414148
30/12/2024 09:00:00,11.21,144.43,0.195651409148564,2.52077903865541,0.570599091534713,-0.797886681212623,0.194405557233497,508.3500000000001,0.70165657072403,0.9997292099609238,145,80,12840.736238192185,18295.644379810885
30/12/2024 10:00:00,16.09,157.7,0.280823476645888,2.75238423039506,0.364591928321433,-0.888966977757592,0.27714696148324,673.17,0.82456707407335,0.9990713751431137,160,75,19982.657421142452,24211.615593783234
30/12/2024 11:00:00,18.74,171.88,0.327074701823737,2.99987191832785,0.133758779209161,-0.937492124699703,0.321274189922737,585.5,0.8900821969987265,0.9992792094731642,170,70,18761.152548339156,21062.807177275354
30/12/2024 12:00:00,18.89,186.45,0.329692695701729,3.25416639034343,-0.106285903609343,-0.94015305204582,0.323752290220279,597.54,0.8937160382942628,0.9941846901199605,180,70,19225.118934804737,21386.34431043412
30/12/2024 13:00:00,16.52,200.71,0.288328392429463,3.50305034167782,-0.339040112927983,-0.8967702430035,0.284350018620053,631.95,0.8351781463908433,0.9399418140138618,180,70,19000.469866020965,21383.86425717816
30/12/2024 14:00:00,11.88,214.11,0.207345115136926,3.73692446144506,-0.548772034166486,-0.810228264643511,0.205862608769881,449.71000000000004,0.7184847468923714,0.8359015698326756,180,75,11631.951918898862,13532.878618900293
30/12/2024 15:00:00,5.37,226.4,0.0937241808320955,3.95142542651516,-0.720993545820721,-0.686592874677971,0.0935870254164704,42.36,0.5516704979022226,0.6924132025626438,180,80,841.2754424809733,1055.9024373799293
31/12/2024 08:00:00,4.51,132.13,0.0787143492649443,2.30610354066011,0.73932835642287,-0.668737929712147,0.0786330894303997,83.34,0.5284711156979958,0.9992772615278055,130,85,1585.540180161755,2998.0716111261836
31/12/2024 09:00:00,11.23,144.29,0.196000474998963,2.51833557770262,0.572507347360453,-0.796434914232749,0.194747951489536,159.14,0.7008721257481428,0.9996954172993567,145,80,4015.3244432961396,5727.295033524706
31/12/2024 10:00:00,16.13,157.57,0.281521608346685,2.75011530236746,0.366534075796233,-0.887958393755385,0.277817678054436,68.93,0.8243281657217401,0.998971124190771,160,75,2045.5538566751839,2478.926865256915
31/12/2024 11:00:00,18.8,171.76,0.328121899374934,2.99777752322546,0.135673670720442,-0.936876446897261,0.322265695230511,92.82000000000001,0.8903479471763032,0.9993610299824438,170,70,2975.115472448561,3339.384868906936
31/12/2024 12:00:00,18.98,186.34,0.331263492028524,3.25224652816623,-0.104424457539409,-0.93984877498097,0.325238086383454,115.74000000000001,0.8945514984607899,0.9944069354241283,180,70,3727.2740555466657,4143.33571341559
31/12/2024 13:00:00,16.63,200.62,0.290248254606657,3.50147954535102,-0.337438176476843,-0.896789106201015,0.286190104747121,38.59,0.8364926220641382,0.9405888861422825,180,70,1162.0890102763835,1306.7037041843048
31/12/2024 14:00:00,12.0,214.04,0.20943951023932,3.73570273096866,-0.54753919327274,-0.810539055599135,0.207911690817759,32.160000000000004,0.7201534290958866,0.8367321123022584,180,75,833.7648340700539,968.7349703390629
31/12/2024 15:00:00,5.49,226.35,0.0958185759344887,3.95055276188917,-0.72025070053624,-0.687084996670903,0.0956720216510583,6.43,0.5534927956768213,0.6932599039132896,180,80,128.12251234327059,160.47580255784828
